variable,label,type,value_labels,n_value_labels,n_2017_A,n_2017_B,n_2017_C,n_2018_A,n_2018_B,n_2018_C,n_2019_A,n_2019_B,n_2019_C,n_2020_A,n_2020_B,n_2020_C,n_2021_A,n_2021_B,n_2021_C,n_2022_A,n_2022_B,n_2022_C,n_2023_A,n_2023_B,n_2023_C,n_2024_A,n_2024_B,n_2024_C,n_2025_A,n_2025_B,n_2025_C,source,versions,label_variants,value_label_conflicts
survey,Source survey,string,,0,28484,27120,1907,18255,19576,1462,32906,30493,1667,41313,35773,4283,41634,35869,3416,41589,36005,5818,39038,36546,3566,39330,35584,1949,34369,32920,1884,,,,
year,Agricultural year of the season (as in the NISR release),int16,,0,28484,27120,1907,18255,19576,1462,32906,30493,1667,41313,35773,4283,41634,35869,3416,41589,36005,5818,39038,36546,3566,39330,35584,1949,34369,32920,1884,,,,
season,"Season (A, B, C)",string,,0,28484,27120,1907,18255,19576,1462,32906,30493,1667,41313,35773,4283,41634,35869,3416,41589,36005,5818,39038,36546,3566,39330,35584,1949,34369,32920,1884,,,,
wave,Wave id: <year>_<season>,string,,0,632756,632756,632756,632756,632756,632756,632756,632756,632756,632756,632756,632756,632756,632756,632756,632756,632756,632756,632756,632756,632756,632756,632756,632756,632756,632756,632756,,,,
farm_type,"1 small-scale farmer (area frame), 2 large-scale farmer (list frame)",int8,,0,28484,27120,1907,18255,19576,1462,32906,30493,1667,41155,35641,4283,41571,35769,3416,41589,36005,5818,39037,36546,3566,39330,35584,1949,34369,32920,1884,,,,
prov,"Province (1-5, NISR codes)",int8,"1=City of Kigali, 2=Southern Province, 3=Western Province, 4=Northern Province, 5=Eastern Province",5,28484,27120,1907,18255,19576,1462,32906,30493,1667,41313,35773,4283,41634,35869,0,41589,36005,5818,39038,36546,3566,39330,35584,1949,34369,32920,1884,,,,
dist,"District (11-57, NISR codes)",int8,"11=Nyarugenge, 12=Gasabo, 13=Kicukiro, 21=Nyanza, 22=Gisagara …",30,28484,27120,1907,18255,19576,1462,32906,30493,1667,41313,35773,4283,41634,35869,3416,41589,36005,5818,39038,36546,3566,39330,35584,1949,34369,32920,1884,,,,
stratum,Sampling stratum (as shipped),int8,"0=LSF, 10=Agricultural land on hillside, 11=, 20=Agricultural land in marshland, 30=Rangeland …",8,27740,25529,1907,16909,18133,1462,32906,30493,1667,41313,35773,4283,41634,35869,3416,41589,36005,5818,39038,36546,3566,39330,35584,1949,34369,32920,1884,,,,"{""40"": [""40 Mixed"", ""Household/ Village stratum"", ""Mixed""], ""0"": [""LSF"", ""Large scale farm"", ""NA"", ""Site"", ""site""], ""11"": ["""", ""Intensive cropland on hillsides""], ""10"": [""10 Intensive cropland on hillsides"", ""Agricultural land on hillside"", ""Intensive cropland on hillside"", ""Intensive cropland on hillsides""], ""50"": [""50 Site"", ""Large scale farmer""], ""20"": [""20 Intensive cropland in marshlands"", ""Agricultural land in marshland"", ""Intensive cropland in marshlands""], ""30"": [""30 Rangelands"", ""Rangeland"", ""Rangelands""], ""90"": [""LSF"", ""Large Scale Farmer/LSF""]}"
segment,"Segment id (area frame) or LSF id (list frame), as shipped",double,,0,28484,27120,1907,18255,19576,1462,32906,30493,1667,41313,35773,4283,41634,35869,3416,41589,36005,5818,39038,36546,3566,39330,35584,1949,34369,32920,1884,,,,
holder,Holder / questionnaire id (as shipped),double,,0,0,0,0,0,0,0,0,0,0,41313,35773,4283,41571,35869,3416,41589,36005,5818,39038,36546,3566,39330,35584,1949,34369,32920,1884,,,,
plot,Plot number within segment/holder,int8,,0,28484,27120,1907,18255,19576,1462,32906,30493,1667,41313,35773,4283,41634,35869,3416,41589,36005,5818,39038,36546,3566,39330,35584,1949,34369,32920,1884,,,,
crop,Crop code (native list of the wave; see codebook),double,"97=Pasture, 98=Fallow, 99=Non-agricultural, 101=Maize, 102=Paddy rice …",151,28484,27120,1907,18255,19576,1462,32906,30493,1667,14553,13800,0,14083,13054,0,11270,12499,0,13981,12572,0,9229,12241,1949,8766,11884,1884,,,,"{""201"": [""Izindi mboga zerera igihembwe zitamara umwaka mu murima (zivuge)"", ""Other seasonal vegetable"", ""Pyrethrum""], ""105"": [""Other cereal"", ""Other cereal(specify)""], ""165"": [""Other tuber (specify)"", ""Other tuber(specify)""], ""168"": [""Water melon"", ""Watermelon""], ""365"": [""Other perennial tuber"", ""Other tuber (specify)""], ""513"": [""Soya for fodder"", ""Soybean for fodder""], ""519"": [""Other fodder crop (specify)"", ""Other fodder crop (specify).""], ""109"": [""Other pulse"", ""Other pulse(specify)""], ""111"": [""Irish potato"", ""Sweet potato""], ""112"": [""Sweet potato"", ""Taro""], ""114"": [""Other tubers(specify)"", ""Tomato""], ""115"": [""Cabbage"", ""Tomato""], ""116"": [""Cabbage"", ""Cauliflower""], ""117"": [""Cauliflower"", ""Onion""], ""118"": [""Carrot"", ""Onion""], ""119"": [""Carrot"", ""Eggplant""], ""120"": [""Eggplant"", ""Other seasonal vegetable""], ""128"": [""Celery"", ""Soybean""], ""129"": [""Groundnut"", ""Spinach""], ""130"": [""Small red bean"", ""Sun flower""], ""134"": [""Leek"", ""Other seasonal crop""], ""135"": [""Black eggplant"", ""French beans""], ""136"": [""Letus"", ""Sweet pepper""], ""138"": [""Amaranth"", ""Millet""], ""139"": [""Celery"", ""Cucumber""], ""140"": [""Chia seeds"", ""Spinach""], ""141"": [""Other seasonal crops(specify)."", ""Small red bean""], ""142"": [""Levendine"", ""Sugar beet""], ""143"": [""Garlic"", ""Rosemary""], ""144"": [""African cabbage"", ""Lemongrass""], ""145"": [""Geranium"", ""Leek""], ""146"": [""French bean"", ""Vetiver""], ""147"": [""Letus"", ""Patchouli""], ""148"": [""Artemesia"", ""Brocolli""], ""310"": [""Cassava"", ""Tea""]}"
wt,"Weight (plot weight where shipped, else segment/stratum weight; missing where no",double,,0,27740,25529,1907,16909,18133,1461,32906,30493,1667,41313,35695,4283,41541,35799,1726,41589,36005,5818,39038,36546,3566,39330,35584,1949,34369,32920,1884,,,,
plot_area_ha,"Plot area (ha) -- CORE map, see codebook [from plot_area_ha, ha]",double,,0,28484,27120,1907,18255,19576,1462,32906,30493,1667,41313,35773,4283,41634,35869,3416,41589,36005,5818,39038,36546,3566,39330,35584,1949,34369,32920,1884,,,"2017_A_lsf: Plot area (ha) -- CORE map, see codebook [from s2q; 2017_A_ssf: Plot area (ha) -- CORE map, see codebook [from s2q; 2017_B_lsf: Plot area (ha) -- CORE map, see codebook [from s2q; 2017_B_ssf: Plot area (ha) -- CORE map, see codebook [from s2q; 2017_C_ssf: Plot area (ha) -- CORE map, see codebook [from s2q; 2018_A_lsf: Plot area (ha) -- CORE map, see codebook [from s2q; 2018_A_ssf: Plot area (ha) -- CORE map, see codebook [from s2q; 2018_B_lsf: Plot area (ha) -- CORE map, see codebook [from s2q; 2018_B_ssf: Plot area (ha) -- CORE map, see codebook [from s2q; 2018_C_ssf: Plot area (ha) -- CORE map, see codebook [from s2q; 2019_A: Plot area (ha) -- CORE map, see codebook [from s2q; 2019_B: Plot area (ha) -- CORE map, see codebook [from s2q; 2019_C: Plot area (ha) -- CORE map, see codebook [from s2q; 2020_A: Plot area (ha) -- CORE map, see codebook [from s2q; 2020_B: Plot area (ha) -- CORE map, see codebook [from s2q; 2020_C: Plot area (ha) -- CORE map, see codebook [from s2q; 2021_A: Plot area (ha) -- CORE map, see codebook [from s2q; 2021_B: Plot area (ha) -- CORE map, see codebook [from s2q; 2021_C: Plot area (ha) -- CORE map, see codebook [from s2q; 2022_A: Plot area (ha) -- CORE map, see codebook [from s2q; 2022_B: Plot area (ha) -- CORE map, see codebook [from s2q; 2022_C: Plot area (ha) -- CORE map, see codebook [from s2q; 2023_A: Plot area (ha) -- CORE map, see codebook [from s2q; 2023_B: Plot area (ha) -- CORE map, see codebook [from s2q; 2023_C: Plot area (ha) -- CORE map, see codebook [from s2q; 2024_A: Plot area (ha) -- CORE map, see codebook [from s2q; 2024_B: Plot area (ha) -- CORE map, see codebook [from s2q; 2024_C: Plot area (ha) -- CORE map, see codebook [from s2q",
crop_area_ha,"Crop area on the plot (ha) -- CORE map [from crop_area_ha, ha]",double,,0,28484,27120,1907,18255,19576,1462,32906,30493,1667,41313,35773,4283,41634,35869,3416,0,0,0,0,0,0,0,0,0,34369,32920,1884,,,"2017_A_lsf: Crop area on the plot (ha) -- CORE map [from s2q7,; 2017_A_ssf: Crop area on the plot (ha) -- CORE map [from s2q7,; 2017_B_lsf: Crop area on the plot (ha) -- CORE map [from s2q7,; 2017_B_ssf: Crop area on the plot (ha) -- CORE map [from s2q7,; 2017_C_ssf: Crop area on the plot (ha) -- CORE map [from s2q7,; 2018_A_lsf: Crop area on the plot (ha) -- CORE map [from s2q7,; 2018_A_ssf: Crop area on the plot (ha) -- CORE map [from s2q7,; 2018_B_lsf: Crop area on the plot (ha) -- CORE map [from s2q7,; 2018_B_ssf: Crop area on the plot (ha) -- CORE map [from s2q7,; 2018_C_ssf: Crop area on the plot (ha) -- CORE map [from s2q7,; 2019_A: Crop area on the plot (ha) -- CORE map [from s2q7,; 2019_B: Crop area on the plot (ha) -- CORE map [from s2q7,; 2019_C: Crop area on the plot (ha) -- CORE map [from s2q7,; 2020_A: Crop area on the plot (ha) -- CORE map [from crop_; 2020_B: Crop area on the plot (ha) -- CORE map [from crop_; 2020_C: Crop area on the plot (ha) -- CORE map [from crop_; 2021_A: Crop area on the plot (ha) -- CORE map [from crop_; 2021_B: Crop area on the plot (ha) -- CORE map [from crop_; 2021_C: Crop area on the plot (ha) -- CORE map [from crop_; 2022_A: Crop area on the plot (ha) -- CORE map [not shippe; 2022_B: Crop area on the plot (ha) -- CORE map [not shippe; 2022_C: Crop area on the plot (ha) -- CORE map [not shippe; 2023_A: Crop area on the plot (ha) -- CORE map [not shippe; 2023_B: Crop area on the plot (ha) -- CORE map [not shippe; 2023_C: Crop area on the plot (ha) -- CORE map [not shippe; 2024_A: Crop area on the plot (ha) -- CORE map [not shippe; 2024_B: Crop area on the plot (ha) -- CORE map [not shippe; 2024_C: Crop area on the plot (ha) -- CORE map [not shippe",
harvested_area_ha,Harvested crop area (ha) -- CORE map [not shipped this year],double,,0,0,0,0,18255,19576,1462,32906,30493,1667,0,0,0,0,0,0,37243,34985,0,34234,35323,0,0,0,0,29938,31996,0,,,2018_A_lsf: Harvested crop area (ha) -- CORE map [from harvest; 2018_A_ssf: Harvested crop area (ha) -- CORE map [from harvest; 2018_B_lsf: Harvested crop area (ha) -- CORE map [from harvest; 2018_B_ssf: Harvested crop area (ha) -- CORE map [from harvest; 2018_C_ssf: Harvested crop area (ha) -- CORE map [from harvest; 2019_A: Harvested crop area (ha) -- CORE map [from harvest; 2019_B: Harvested crop area (ha) -- CORE map [from harvest; 2019_C: Harvested crop area (ha) -- CORE map [from harvest; 2022_A: Harvested crop area (ha) -- CORE map [from harv_ar; 2022_B: Harvested crop area (ha) -- CORE map [from harv_ar; 2023_A: Harvested crop area (ha) -- CORE map [from harv_ar; 2023_B: Harvested crop area (ha) -- CORE map [from harv_ar; 2025_A: Harvested crop area (ha) -- CORE map [from harvest; 2025_B: Harvested crop area (ha) -- CORE map [from harvest,
production_kg,"Total quantity harvested (kg) -- CORE map [from s2q21, kg]",double,,0,28484,27120,1907,18255,19576,1462,32906,30493,1667,41313,34348,4283,37425,34621,3416,37208,34973,5818,34227,35323,3566,34349,34679,1949,29941,31970,1884,,,2017_A_lsf: Total quantity harvested (kg) -- CORE map [from s2; 2017_A_ssf: Total quantity harvested (kg) -- CORE map [from s2; 2017_B_lsf: Total quantity harvested (kg) -- CORE map [from s2; 2017_B_ssf: Total quantity harvested (kg) -- CORE map [from s2; 2017_C_ssf: Total quantity harvested (kg) -- CORE map [from s2,
yield_kg_ha,"Yield (kg/ha) as shipped by NISR -- CORE map [from yield, kg/ha]",double,,0,0,0,0,0,0,0,0,0,0,0,0,0,0,0,0,37208,34985,5818,34198,35323,3566,0,0,0,29938,31970,1884,,,2017_A_lsf: Yield (kg/ha) as shipped by NISR -- CORE map [not ; 2017_A_ssf: Yield (kg/ha) as shipped by NISR -- CORE map [not ; 2017_B_lsf: Yield (kg/ha) as shipped by NISR -- CORE map [not ; 2017_B_ssf: Yield (kg/ha) as shipped by NISR -- CORE map [not ; 2017_C_ssf: Yield (kg/ha) as shipped by NISR -- CORE map [not ; 2018_A_lsf: Yield (kg/ha) as shipped by NISR -- CORE map [not ; 2018_A_ssf: Yield (kg/ha) as shipped by NISR -- CORE map [not ; 2018_B_lsf: Yield (kg/ha) as shipped by NISR -- CORE map [not ; 2018_B_ssf: Yield (kg/ha) as shipped by NISR -- CORE map [not ; 2018_C_ssf: Yield (kg/ha) as shipped by NISR -- CORE map [not ; 2019_A: Yield (kg/ha) as shipped by NISR -- CORE map [not ; 2019_B: Yield (kg/ha) as shipped by NISR -- CORE map [not ; 2019_C: Yield (kg/ha) as shipped by NISR -- CORE map [not ; 2020_A: Yield (kg/ha) as shipped by NISR -- CORE map [not ; 2020_B: Yield (kg/ha) as shipped by NISR -- CORE map [not ; 2020_C: Yield (kg/ha) as shipped by NISR -- CORE map [not ; 2021_A: Yield (kg/ha) as shipped by NISR -- CORE map [not ; 2021_B: Yield (kg/ha) as shipped by NISR -- CORE map [not ; 2021_C: Yield (kg/ha) as shipped by NISR -- CORE map [not ; 2024_A: Yield (kg/ha) as shipped by NISR -- CORE map [not ; 2024_B: Yield (kg/ha) as shipped by NISR -- CORE map [not ; 2024_C: Yield (kg/ha) as shipped by NISR -- CORE map [not ,
wt_source,Where the plot weight came from (own file / screening file / none),string,,0,28484,27120,1907,18255,19576,1462,32906,30493,1667,41313,35773,4283,41634,35869,3416,41589,36005,5818,39038,36546,3566,39330,35584,1949,34369,32920,1884,,,,
s2q2,2.2 Plot area(sqm),double,,0,28484,27120,1907,18255,19576,1462,0,0,1667,41313,35773,4283,41634,35869,3416,0,36005,5818,39038,36546,3566,39330,35584,1949,34369,32920,1884,,"s2q2_v2 (2019_A, 2022_A), s2q2_v3 (2019_B)",2017_A_lsf: 2.2 Plot area in square meters; 2017_A_ssf: 2.2 Plot area in square meters; 2017_B_lsf: 2.2 Plot area in square meters; 2017_B_ssf: 2.2 Plot size in square meters; 2017_C_ssf: 2.2 Plot area (m2); 2018_A_lsf: 2.2 Plot area in square meters; 2018_A_ssf: 2.2 Plot area in square meters; 2018_B_lsf: 2.2 Plot area in square meters; 2018_B_ssf: 2.2 Plot area in square meters; 2018_C_ssf: 2.2 Plot area in square meters; 2019_C: 2.2 Plot area in ha; 2020_A: 2.2 Plot area sqm; 2020_B: 2.2 Plot area sqm; 2020_C: 2.2 Plot area sqm; 2021_A: 2.2 Plot area in sqm; 2021_B: 2.2 Plot area in sqm; 2021_C: 2.2 Plot area in sqm; 2023_A: 2.2 Plot area (m2) Crops planted in the plot,
s2q4_v2,2.4 Cropping system,int8,"1=Pure, 2=Mixed",2,28484,27120,1907,18255,19576,1462,32906,30493,1667,0,0,0,0,0,0,0,0,0,0,0,0,0,0,0,0,0,0,,"s2q4 (2020_A, 2020_B, 2020_C, 2021_A, 2021_B, 2021_C, 2022_A, 2022_B, 2022_C, 2023_A, 2023_B, 2023_C, 2024_A, 2024_B, 2025_A, 2025_B)",2017_A_lsf: 2.4 Cropping system  in the plot; 2017_A_ssf: 2.4 Cropping system  in the plot; 2017_B_lsf: 2.4 Cropping system  in the plot; 2017_B_ssf: 2.4 Cropping system  in the plot; 2017_C_ssf: 2.4 Cropping system  in the plot; 2018_A_lsf: 2.4 Cropping system  in the plot; 2018_A_ssf: 2.4 Cropping system  in the plot; 2018_B_lsf: 2.4 Cropping system  in the plot; 2018_B_ssf: 2.4 Cropping system  in the plot; 2018_C_ssf: 2.4 Cropping system  in the plot; 2019_A: 2.4 Cropping system; 2019_B: 2.4 Cropping system; 2019_C: 2.4 Cropping system,
s2q5,2.5 Number of plants in this plot for perennial crops,double,,0,28484,27120,1907,18255,19576,1462,32906,30493,1667,14539,13788,0,14083,13054,0,11402,12530,1,13981,12571,0,12558,12770,0,11879,12544,0,,,2017_A_lsf: 2.5 Number of main crops in the plot; 2017_A_ssf: 2.5 Number of main crops in the plot; 2017_B_lsf: 2.5 Number of main crops in the plot; 2017_B_ssf: 2.5 Number of main crops in the plot; 2017_C_ssf: 2.5 Number of main crops in the plot; 2018_A_lsf: 2.5 Number of main crops in the plot; 2018_A_ssf: 2.5 Number of main crops in the plot; 2018_B_lsf: 2.5 Number of main crops in the plot; 2018_B_ssf: 2.5 Number of main crops in the plot; 2018_C_ssf: 2.5 Number of main crops in the plot; 2019_A: 2.5 Number of main crops in the plot; 2019_B: 2.5 Number of main crops in the plot; 2019_C: 2.5 Number of crops; 2024_A: Q.2.5 Number of plants in this plot (for perennial; 2024_B: Q.2.5 Number of plants in this plot (for perennial,
s2q7_v2,2.7.Developped crop area in ha,double,,0,28484,27120,1907,18255,19576,1462,32906,30493,1667,0,0,0,0,0,0,0,0,0,0,0,0,0,0,0,0,0,0,,"s2q7 (2020_A, 2020_B, 2020_C, 2021_A, 2021_B, 2021_C, 2022_A, 2022_B, 2022_C, 2023_A, 2023_B, 2023_C, 2024_A, 2024_B, 2024_C, 2025_A, 2025_B, 2025_C)",2017_A_lsf: 2.7.crop area in square meters; 2017_A_ssf: 2.7.crop area in square meters; 2017_B_lsf: 2.7.crop area in square meters; 2017_B_ssf: 2.7.crop area in square meters; 2017_C_ssf: 2.7.crop area in square meters; 2018_A_lsf: 2.7.crop area in square meters; 2018_A_ssf: 2.7.crop area in square meters; 2018_B_lsf: 2.7.crop area in square meters; 2018_B_ssf: 2.7.crop area in square meters; 2018_C_ssf: 2.7.crop area in square meters; 2019_A: 2.7.Developped crop area in ha; 2019_B: 2.7.Developped crop area in ha; 2019_C: 2.7.Developped crop area in ha,
s2q8_v3,2.8 Number of trees in case of plantation,int32,,0,6838,8862,0,0,0,0,0,0,0,0,0,0,0,0,0,0,0,0,0,0,0,0,0,0,0,0,0,,"s2q8 (2020_A, 2020_B, 2020_C, 2021_A, 2021_B, 2021_C, 2022_A, 2022_B, 2022_C, 2023_A, 2023_B, 2023_C, 2024_A, 2024_B, 2024_C, 2025_A, 2025_B, 2025_C), s2q8_v2 (2018_A_lsf, 2018_A_ssf, 2018_B_lsf, 2018_B_ssf, 2018_C_ssf, 2019_A, 2019_B, 2019_C)",2017_A_lsf: 2.8.Number of trees in case of plantation; 2017_A_ssf: 2.8 Number of trees in case of plantation; 2017_B_lsf: 2.8 Number of trees in case of plantation; 2017_B_ssf: 2.8 Number of trees in case of plantation; 2017_C_ssf: 2.8 Number of trees in case of plantation,
s2q9_v3,2.9 Number of trees susceptible to produce in these six months,int32,,0,6839,8861,0,0,0,0,0,0,0,0,0,0,0,0,0,0,0,0,0,0,0,0,0,0,0,0,0,,"s2q9 (2020_A, 2020_B, 2020_C, 2021_A, 2021_B, 2021_C, 2022_A, 2022_B, 2022_C, 2023_A, 2023_B, 2023_C, 2024_A, 2024_B, 2024_C, 2025_A, 2025_B, 2025_C), s2q9_v2 (2018_A_lsf, 2018_A_ssf, 2018_B_lsf, 2018_B_ssf, 2018_C_ssf, 2019_A, 2019_B, 2019_C)",2017_A_lsf: 2.9.Number of trees susceptible to produce in six ; 2017_A_ssf: 2.9 Number of trees susceptible to produce in six ; 2017_B_lsf: 2.9 Number of trees susceptible to produce in six ; 2017_B_ssf: 2.9 Number of trees susceptible to produce in six ; 2017_C_ssf: 2.9 Number of trees susceptible to produce in thes,
s2q10_v2,2.10 Sowing Date,int8,"1=Before 31/12, 2=Between 01-31/01, 3=Between 01-28/02, 4=Between 01- 15/03, 5=Between 16 -31/03 …",20,28484,24208,1907,0,0,0,0,0,0,0,0,0,0,0,0,0,0,0,0,0,0,0,0,0,0,0,0,,"s2q10 (2018_A_lsf, 2018_A_ssf, 2018_B_lsf, 2018_B_ssf, 2018_C_ssf, 2019_A, 2019_B, 2019_C, 2020_A, 2020_B, 2020_C, 2021_A, 2021_B, 2021_C, 2022_A, 2022_B, 2022_C, 2023_A, 2023_B, 2023_C, 2024_A, 2024_B, 2024_C, 2025_A, 2025_B, 2025_C)",2017_A_lsf: 2.10.Sowing date; 2017_A_ssf: 2.10 Sowing date; 2017_B_lsf: 2.10 Sowing date; 2017_B_ssf: 2.10 Sowing date; 2017_C_ssf: 2.10 Sowing Date,"{""2"": [""Between 01-15 /09"", ""Between 01-15/09"", ""Between 01-31/01""], ""3"": [""Between 01-28/02"", ""Between 16- 30/09"", ""Between 16-30/09""], ""5"": [""Between 16 -31/03"", ""Between 16-31/10"", ""Between16- 31/10""], ""1"": [""Before 01/09"", ""Before 31/12""], ""4"": [""Between 01- 15/03"", ""Between 01-15/10""], ""6"": [""After 31/03"", ""After 31/10""]}"
s2q11_v2,2.11 Expected period of harvesting,int8,"1=Between 01-15/05, 2=Between 15-30/05, 3=Between 01-15/06, 4=Between 16-30/06, 5=Between 01-31/07 …",20,28473,24209,1907,0,0,0,0,0,0,0,0,0,0,0,0,0,0,0,0,0,0,0,0,0,0,0,0,,"s2q11 (2020_A, 2020_B, 2020_C, 2021_A, 2021_B, 2021_C, 2022_A, 2022_B, 2022_C, 2023_A, 2023_B, 2023_C, 2024_A, 2024_B, 2024_C, 2025_A, 2025_B, 2025_C)",2017_A_lsf: 2.11.Harvesting date; 2017_A_ssf: 2.11 Harvesting date; 2017_B_lsf: 2.11 Expected period of harvesting; 2017_B_ssf: 2.11 Expected period of harvesting; 2017_C_ssf: 2.11 Expected period of harvesting,"{""1"": [""Before 01/12"", ""Between 01-15/05""], ""2"": [""Between 15-30/05"", ""between 01-15 /12""], ""3"": [""Between 01-15/06"", ""between 16- 31/12""], ""4"": [""Between 16-30/06"", ""between 01-15/01""], ""5"": [""Between 01-31/07"", ""between 16- 31/01""], ""6"": [""After July"", ""Between 01-28/02""], ""7"": [""After February"", ""Not applicable""], ""8"": [""Not applicable"", ""Other season (Perenial crops)""], ""9"": ["" Before 5"", ""Before 31/10""], ""15"": [""After  31/01"", ""Before 30/07""]}"
s2q12_v2,2.12 Quantity of traditional seeds purchased,double,"1=Traditional seed, 2=Improved seeds, 3=Both",3,28484,24209,1907,10515,10387,690,18610,17623,754,0,0,0,0,0,0,0,0,0,0,0,0,0,0,0,0,0,0,,"s2q12 (2020_A, 2020_B, 2020_C, 2021_A, 2021_B, 2021_C, 2022_A, 2022_B, 2022_C, 2023_A, 2023_B, 2023_C, 2024_A, 2024_B, 2024_C, 2025_A, 2025_B, 2025_C)",2017_A_lsf: 2.12.Type of seeds sown; 2017_A_ssf: 2.12.Type of seeds sown; 2017_B_lsf: 2.12 Type of seeds sown; 2017_B_ssf: 2.12.Type of seeds sown; 2017_C_ssf: 2.12.Type of seeds sown; 2018_A_lsf: 2.12. Quantity of traditional seeds purchased; 2018_A_ssf: 2.12. Quantity of traditional seeds purchased; 2018_B_lsf: 2.12. Quantity of traditional seeds purchased; 2018_B_ssf: 2.12. Quantity of traditional seeds purchased; 2018_C_ssf: 2.12. Quantity of traditional seeds purchased; 2019_A: 2.12. Quantity of traditional seeds purchased; 2019_B: 2.12. Quantity of traditional seeds purchased; 2019_C: 2.12 Quantity of traditional seeds purchased,"{""3"": [""Both"", ""Both Improved & Traditional"", ""Both(Trad and Improved"", ""Improved+traditional""], ""1"": [""Tradional seeds"", ""Traditional seed"", ""Traditional seeds""]}"
s2q13_1,Q.2.13.1 Unit of traditional seeds,int8,"1=Kg, 2=g, 3=Cuttings, 4=Not applicable (NA)",4,26069,22823,1743,0,0,0,0,0,0,24667,19481,3117,24969,20581,2709,24258,19540,4301,22755,20518,2870,23564,18858,1610,19813,17177,1547,,,2017_A_lsf: 2.13.1.Quantity of traditional seeds sown : Unity; 2017_A_ssf: 2.13.1.Quantity of traditional seeds sown : Unity; 2017_B_lsf: 2.13.1 Quantity of traditional seeds sown (unit); 2017_B_ssf: 2.13.1.Quantity of traditional seeds sown : Unity; 2017_C_ssf: 2.13.1.Quantity of traditional seeds sown : Unity; 2020_A: 2.13.1 Unit of traditional seeds; 2020_B: 2.13.1 Unit of traditional seeds; 2020_C: 2.13.1 Unit of traditional seeds; 2021_A: 2.13.1 Unit of traditional seeds; 2021_B: 2.13.1 Unit of traditional seeds; 2021_C: 2.13.1 Unit of traditional seeds; 2022_A: 2.13.1 Unit of traditional seeds; 2022_B: 2.13.1 Unit of traditional seeds; 2022_C: 2.13.1 Unit of traditional seeds; 2023_A: 2.13.1 Unit of traditional seeds; 2023_B: 2.13.1 Unit of traditional seeds; 2023_C: 2.13.1 Unit of traditional seeds; 2025_A: 2.13.1 Unit of traditional seeds; 2025_B: 2.13.1 Unit of traditional seeds,"{""3"": [""Cuttings"", ""NA""]}"
s2q13_2,Q.2.13.2 Quantity Sown,double,,0,15097,13612,949,0,0,0,0,0,0,21007,16445,1870,21417,17763,1754,21436,17422,3120,19166,17191,1894,19879,15883,818,17327,15328,895,,,2017_A_lsf: 2.13.2.Quantity of traditional seeds sown : Quanti; 2017_A_ssf: 2.13.2.Quantity of traditional seeds sown : Quanti; 2017_B_lsf: 2.13.2 Quantity of traditional seeds sown (quantit; 2017_B_ssf: 2.13.2.Quantity of traditional seeds sown : Quanti; 2017_C_ssf: 2.13.2.Quantity of traditional seeds sown : Quanti; 2020_A: 2.13.2 Quantity Sown; 2020_B: 2.13.2 Quantity Sown; 2020_C: 2.13.2 Quantity Sown; 2021_A: 2.13.2 Quantity Sown; 2021_B: 2.13.2 Quantity Sown; 2021_C: 2.13.2 Quantity Sown; 2022_A: 2.13.2 Quantity Sown; 2022_B: 2.13.2 Quantity Sown; 2022_C: 2.13.2 Quantity Sown; 2023_A: 2.13.2 Quantity Sown; 2023_B: 2.13.2 Quantity Sown; 2023_C: 2.13.2 Quantity Sown; 2025_A: 2.13.2 Quantity Sown; 2025_B: 2.13.2 Quantity Sown,
s2q14,Q.2.14 Quantity of traditional seeds purchased and sown in the plot,double,,0,15090,13567,949,0,0,0,0,0,0,20993,16453,1870,21416,17762,1754,21433,17409,3116,19164,17184,1894,19871,15878,817,17321,15327,895,,,2017_A_lsf: 2.14.Quantity of traditional seeds purchased; 2017_A_ssf: 2.14.Quantity of traditional seeds purchased; 2017_B_lsf: 2.14 Quantity of traditional seeds purchased; 2017_B_ssf: 2.14.Quantity of traditional seeds purchased; 2017_C_ssf: 2.14.Quantity of traditional seeds purchased; 2020_A: 2.14 Quantity of traditional seeds purchased and s; 2020_B: 2.14 Quantity of traditional seeds purchased and s; 2020_C: 2.14 Quantity of traditional seeds purchased and s; 2021_A: 2.14 Quantity of traditional seeds purchased and s; 2021_B: 2.14 Quantity of traditional seeds purchased and s; 2021_C: 2.14 Quantity of traditional seeds purchased and s; 2022_A: 2.14 Quantity of traditional seeds purchased and s; 2022_B: 2.14 Quantity of traditional seeds purchased and s; 2022_C: 2.14 Quantity of traditional seeds purchased and s; 2023_A: 2.14 Quantity of traditional seeds purchased and s; 2023_B: 2.14 Quantity of traditional seeds purchased and s; 2023_C: 2.14 Quantity of traditional seeds purchased and s; 2025_A: 2.14 Quantity of traditional seeds purchased and s; 2025_B: 2.14 Quantity of traditional seeds purchased and s,
s2q15,Q.2.15 Amount spent for the purchase of traditional seeds for this plot (Rwf),double,,0,17990,14343,1743,2654,1263,178,3356,1471,178,12743,9861,2426,11924,9246,1986,9241,8280,3258,9996,10870,2206,11617,9026,1265,0,0,0,,,2017_A_lsf: 2.15.Amount for the purchased of traditional seeds; 2017_A_ssf: 2.15.Amount spent for the purchase of traditional ; 2017_B_lsf: 2.15 Amount spent for the purchase of traditional ; 2017_B_ssf: 2.15.Amount spent for the purchase of traditional ; 2017_C_ssf: 2.15.Amount spent for the purchase of traditional ; 2018_A_lsf: 2.15. Quantity of improved seeds purchased; 2018_A_ssf: 2.15. Quantity of improved seeds purchased; 2018_B_lsf: 2.15. Quantity of improved seeds purchased; 2018_B_ssf: 2.15. Quantity of improved seeds purchased; 2018_C_ssf: 2.15. Quantity of improved seeds purchased; 2019_A: 2.15. Quantity of improved seeds purchased; 2019_B: 2.15. Quantity of improved seeds purchased; 2019_C: 2.15 Quantity of improved seeds purchased; 2020_A: 2.15 Amount spent for the purchase of traditional ; 2020_B: 2.15 Amount spent for the purchase of traditional ; 2020_C: 2.15 Amount spent for the purchase of traditional ; 2021_A: 2.15 Amount spent for the purchase of traditional ; 2021_B: 2.15 Amount spent for the purchase of traditional ; 2021_C: 2.15 Amount spent for the purchase of traditional ; 2022_A: 2.15 Amount spent for the purchase of traditional ; 2022_B: 2.15 Amount spent for the purchase of traditional ; 2022_C: 2.15 Amount spent for the purchase of traditional ; 2023_A: 2.15 Amount spent for the purchase of traditional ; 2023_B: 2.15 Amount spent for the purchase of traditional ; 2023_C: 2.15 Amount spent for the purchase of traditional ,
s2q16_1,Q.2.16.1 Unit of improved seeds,int8,"1=Kg, 2=g, 3=Cuttings, 4=Not applicable (NA)",4,2572,1618,167,0,0,0,0,0,0,5247,2204,1166,6085,2575,735,5385,2400,1344,5577,3100,627,6211,2722,332,0,0,0,,"s2q16_1_v2 (2025_A, 2025_B, 2025_C)",2017_A_lsf: 2.16.1.Quantity of improved seeds sown : Unity; 2017_A_ssf: 2.16.1.Quantity of improved seeds sown : Unity; 2017_B_lsf: 2.16.2 Quantity of improved seeds sown (unity); 2017_B_ssf: 2.16.1.Quantity of improved seeds sown : Unity; 2017_C_ssf: 2.16.1.Quantity of improved seeds sown : Unity; 2020_A: 2.16.1 Unit of improved seeds; 2020_B: 2.16.1 Unit of improved seeds; 2020_C: 2.16.1 Unit of improved seeds; 2021_A: 2.16.1 Unit of improved seeds; 2021_B: 2.16.1 Unit of improved seeds; 2021_C: 2.16.1 Unit of improved seeds; 2022_A: 2.16.1 Unit of improved seeds; 2022_B: 2.16.1 Unit of improved seeds; 2022_C: 2.16.1 Unit of improved seeds; 2023_A: 2.16.1 Unit of improved seeds; 2023_B: 2.16.1 Unit of improved seeds; 2023_C: 2.16.1 Unit of improved seeds,"{""3"": [""Cuttings"", ""NA""]}"
s2q16_2,"2.16.1 Qty of improved seed, Qty used",double,,0,2314,1504,162,0,0,0,0,0,0,5131,2118,1041,5959,2485,678,5239,2335,1235,5461,3031,553,6094,2657,305,5582,2555,315,,,2017_A_lsf: 2.16.2.Quantity of improved seeds sown : Quantity; 2017_A_ssf: 2.16.2.Quantity of improved seeds sown : Quantity; 2017_B_lsf: 2.16.2 Quantity of improved seeds sown (quantity); 2017_B_ssf: 2.16.2.Quantity of improved seeds sown : Quantity; 2017_C_ssf: 2.16.2.Quantity of improved seeds sown : Quantity; 2020_A: 2.16.2 Quantity Sown; 2020_B: 2.16.2 Quantity Sown; 2020_C: 2.16.2 Quantity Sown; 2021_A: 2.16.2 Quantity Sown; 2021_B: 2.16.2 Quantity Sown; 2021_C: 2.16.2 Quantity Sown; 2022_A: 2.16.2 Quantity Sown; 2022_B: 2.16.2 Quantity Sown; 2022_C: 2.16.2 Quantity Sown; 2023_A: 2.16.2 Quantity Sown; 2023_B: 2.16.2 Quantity Sown; 2023_C: 2.16.2 Quantity Sown; 2024_A: Q.2.16.2 Quantity Sown; 2024_B: Q.2.16.2 Quantity Sown; 2024_C: Q.2.16.2 Quantity Sown,
s2q17,Q.2.17 Quantity of improved seeds purchased and sown in this plot,double,"1=Government(MINAGRI/RAB/DISTRICT), 2=Recognized seed multipliers, 3=Agro dealers, 4=NGOs, 5=Market …",7,2315,1434,162,2890,1687,197,3748,1914,214,5131,2118,1041,5959,2485,678,5239,2335,1235,0,0,0,6094,2657,305,5576,2555,315,,"s2q17_v2 (2023_A, 2023_B, 2023_C)",2017_A_lsf: 2.17.Quantity of improved seeds purchased; 2017_A_ssf: 2.17.Quantity of improved seeds purchased; 2017_B_lsf: 2.17 Quantity of improved seeds purchased; 2017_B_ssf: 2.17.Quantity of improved seeds purchased; 2017_C_ssf: 2.17.Quantity of improved seeds purchased; 2018_A_lsf: 2.17. Where did improved seeds sown come from?; 2018_A_ssf: 2.17. Where did improved seeds sown come from?; 2018_B_lsf: 2.17. Where did improved seeds sown come from?; 2018_B_ssf: 2.17. Where did improved seeds sown come from?; 2018_C_ssf: 2.17. Where did improved seeds sown come from?; 2019_A: 2.17. Where did improved seeds sown come from?; 2019_B: 2.17. Where did improved seeds sown come from?; 2019_C: 2.17 Where did improved seeds sown come from?; 2020_A: 2.17 Quantity of improved seeds purchased and sown; 2020_B: 2.17 Quantity of improved seeds purchased and sown; 2020_C: 2.17 Quantity of improved seeds purchased and sown; 2021_A: 2.17 Quantity of improved seeds purchased and sown; 2021_B: 2.17 Quantity of improved seeds purchased and sown; 2021_C: 2.17 Quantity of improved seeds purchased and sown; 2022_A: 2.17 Quantity of improved seeds purchased and sown; 2022_B: 2.17 Quantity of improved seeds purchased and sown; 2022_C: 2.17 Quantity of improved seeds purchased and sown; 2025_A: 2.17 Quantity of improved seeds purchased and sown; 2025_B: 2.17 Quantity of improved seeds purchased and sown,"{""6"": [""Agricultural Cooperative"", ""Agriculture Cooperatives"", ""Agriculture cooperatives""]}"
s2q18,Q.2.18 Amount spent for the purchase of improved seeds sown in this plot(Rwf),int32,,0,2520,1594,167,0,0,0,0,0,0,4726,2071,1106,5639,2480,649,5190,2300,1301,5413,3004,606,6025,2590,326,0,0,0,,,2017_A_lsf: 2.18.Amount spent for the purhase of improved seed; 2017_A_ssf: 2.18.Amount spent for the purhase of improved seed; 2017_B_lsf: 2.18 Amount spent for the purchase of improved see; 2017_B_ssf: 2.18.Amount spent for the purhase of improved seed; 2017_C_ssf: 2.18.Amount spent for the purhase of improved seed; 2020_A: 2.18 Amount spent for the purchase of improved see; 2020_B: 2.18 Amount spent for the purchase of improved see; 2020_C: 2.18 Amount spent for the purchase of improved see; 2021_A: 2.18 Amount spent for the purchase of improved see; 2021_B: 2.18 Amount spent for the purchase of improved see; 2021_C: 2.18 Amount spent for the purchase of improved see; 2022_A: 2.18 Amount spent for the purchase of improved see; 2022_B: 2.18 Amount spent for the purchase of improved see; 2022_C: 2.18 Amount spent for the purchase of improved see; 2023_A: 2.18 Amount spent for the purchase of improved see; 2023_B: 2.18 Amount spent for the purchase of improved see; 2023_C: 2.18 Amount spent for the purchase of improved see,
s2q19_v2,2.19.Where did improved seeds sown come from ?,int8,"1=RAB/NAEB/SECTOR, 2=Recognized seed multipliers/NGO, 3=Shops of Improved seeds, 4=Other place(specify)",4,2537,1597,167,0,0,0,0,0,0,0,0,0,0,0,0,0,0,0,0,0,0,0,0,0,0,0,0,,"s2q19 (2018_A_lsf, 2018_A_ssf, 2018_B_lsf, 2018_B_ssf, 2018_C_ssf, 2019_A, 2019_B, 2019_C, 2020_A, 2020_B, 2020_C, 2021_A, 2021_B, 2021_C)",2017_A_lsf: 2.19.Where did improved seeds sown come from ?; 2017_A_ssf: 2.19.Where did improved seeds sown come from ?; 2017_B_lsf: 2.19 Where did improved seeds sown come from ?; 2017_B_ssf: 2.19.Where did improved seeds sown come from ?; 2017_C_ssf: 2.19.Where did improved seeds sown come from ?,"{""1"": [""RAB/NAEB/SECTOR"", ""RAB/SECTOR""], ""4"": [""Other (Specify)"", ""Other (specify)"", ""Other place(specify)"", ""Other sources""], ""2"": [""Recognized seed multiplier/NGO"", ""Recognized seed multipliers/NGO""]}"
s2q20,2.20 Remaining quantity to be harvested(in Kg),double,,0,28484,24210,1907,18255,19576,1462,32906,30493,1667,41313,34348,4283,37425,34621,3416,0,0,0,0,0,0,0,0,0,0,0,0,,,2017_A_lsf: 2.20.Quantity already haversted (in Kg); 2017_A_ssf: 2.20 Quantity already harvested in(kg); 2017_B_lsf: 2.20 Quantity already harvested (in Kg); 2017_B_ssf: 2.20 Quantity already harvested (in Kg); 2017_C_ssf: 2.20 Quantity already harvested (in Kg); 2018_A_lsf: 2.20. Remaining quantity to be harvested(in Kg); 2018_A_ssf: 2.20. Remaining quantity to be harvested(in Kg); 2018_B_lsf: 2.20. Remaining quantity to be harvested(in Kg); 2018_B_ssf: 2.20. Remaining quantity to be harvested(in Kg); 2018_C_ssf: 2.20. Remaining quantity to be harvested(in Kg); 2019_A: 2.20. Remaining quantity to be harvested in  this ; 2019_B: 2.20. Remaining quantity to be harvested in  this ; 2019_C: 2.20. Remaining quantity to be harvested in  this ,
s2q21_v2,2.21. Total quantity of harvest,double,,0,28484,24210,1907,18255,19576,1462,0,0,0,0,0,0,0,0,0,0,0,0,0,0,0,0,0,0,0,0,0,,"s2q21 (2019_A, 2019_B, 2019_C, 2020_A, 2020_B, 2020_C, 2021_A, 2021_B, 2021_C, 2022_A, 2022_B, 2022_C, 2023_A, 2023_B, 2023_C, 2024_A, 2024_B, 2024_C, 2025_A, 2025_B, 2025_C)",2017_A_lsf: 2.21.Remaining quantity to be haversted; 2017_A_ssf: 2.21 Remaining quantity to be harvested (in kg); 2017_B_lsf: 2.21 Remaining quantity to be harvested (in kg); 2017_B_ssf: 2.21 Remaining quantity to be harvested (in kg); 2017_C_ssf: 2.21 Remaining quantity to be harvested (in kg); 2018_A_lsf: 2.21. Total quantity of harvest; 2018_A_ssf: 2.21. Total quantity of harvest; 2018_B_lsf: 2.21. Total quantity of harvest; 2018_B_ssf: 2.21. Total quantity of harvest; 2018_C_ssf: 2.21. Total quantity of harvest,
s2q22_v2,Q.2.22 Total quantity of harvest for this crop during the current season (Kg),double,,0,28484,27120,1907,0,0,0,0,0,0,0,0,0,0,0,0,0,0,0,0,0,3566,34349,34679,1949,0,0,1884,,"s2q22 (2018_A_lsf, 2018_A_ssf, 2018_B_lsf, 2018_B_ssf, 2018_C_ssf, 2019_A, 2019_B, 2019_C, 2021_A, 2021_B, 2021_C), s2q22_v3 (2023_A, 2023_B, 2025_A, 2025_B)",2017_A_lsf: 2.22.Total quantity of the havest; 2017_A_ssf: 2.22 Total quantity of harvest (in kg); 2017_B_lsf: 2.22 Total quantity of harvest (in kg); 2017_B_ssf: 2.22 Total quantity of harvest (in kg); 2017_C_ssf: 2.22 Total quantity of harvest (in kg); 2023_C: 2.22. What was the total quantity  produced/to be ; 2024_A: Q.2.22 Total quantity of harvest for this crop dur; 2024_B: Q.2.22 Total quantity of harvest for this crop dur; 2024_C: Q.2.22 Total quantity of harvest for this crop dur; 2025_C: Q.2.22 Total quantity of harvest for this crop dur,
s2q23_v3,2.23 Explanation on production status,int8,"1=Drought, 2=Heavy rainfall, 3=Insufficient rainfall, 4=Inadequate fertilizer, 5=Late sowing …",13,28484,24207,1907,0,0,0,0,0,0,0,0,0,0,0,0,0,0,0,0,0,0,0,0,0,0,0,0,,"s2q23 (2018_A_lsf, 2018_A_ssf, 2018_B_lsf, 2018_B_ssf, 2018_C_ssf, 2019_A, 2019_B, 2019_C, 2020_A, 2020_B, 2020_C, 2021_A, 2021_B, 2021_C, 2022_A, 2022_B, 2022_C), s2q23_v2 (2023_A, 2023_B, 2023_C, 2025_A, 2025_B), s2q23_v4 (2024_A, 2024_B, 2024_C, 2025_C)",2017_A_lsf: 2.23 Explanation on production status; 2017_A_ssf: 2.23 Explanation on production status; 2017_B_lsf: q.2.23 Explanation on production status; 2017_B_ssf: 2.23 Explanation on production status; 2017_C_ssf: 2.23 Explanation on production status,"{""8"": [""Crop destroyed by animals (grazes)"", ""Crops destroyed by animals (grazed)"", ""Crops destroyed by animals(grazed)""], ""9"": [""Diseases and pasts"", ""Diseases and pests""], ""11"": [""Inappropriate seeds"", ""Inappropriete seeds""], ""13"": [""Other reason"", ""Other reason (Specify)"", ""Other reason(Specify)""], ""12"": [""Good harvest as expected"", ""Good harvest as it was expected""]}"
s2q24_v2,2.24 Have you sold any quantity of your produce of this crop during this season?,int8,"1=Yes, 2=No",2,28478,24207,1907,0,0,0,0,0,0,0,0,0,0,0,0,0,0,0,0,0,0,0,0,0,0,0,0,,"s2q24 (2018_A_lsf, 2018_A_ssf, 2018_B_lsf, 2018_B_ssf, 2018_C_ssf, 2019_A, 2019_B, 2019_C, 2020_A, 2020_B, 2020_C, 2021_A, 2021_B, 2021_C, 2022_C), s2q24_v3 (2022_A, 2022_B)",2017_A_lsf: 2.24 Have you sold any quantity of your produce of; 2017_A_ssf: 2.24 Have you sold any quantity of your produce of; 2017_B_lsf: 2.24 Have you sold any quantity of your produce of; 2017_B_ssf: 2.24 Have you sold any quantity of your produce of; 2017_C_ssf: 2.24 Have you sold any quantity of your produce of,
s2q25_v2,2.24 On the total production of this crop what was the quantity transformed/to b,int32,,0,3485,2914,690,0,0,0,0,0,0,0,0,0,0,0,0,0,0,0,34236,35323,0,0,0,0,29941,31970,0,,"s2q25 (2018_A_lsf, 2018_A_ssf, 2018_B_lsf, 2018_B_ssf, 2018_C_ssf, 2019_A, 2019_B, 2019_C, 2020_A, 2020_B, 2020_C, 2021_A, 2021_B, 2021_C, 2022_C, 2023_C), s2q25_v3 (2022_A, 2022_B, 2024_A, 2024_B, 2024_C, 2025_C)",2017_A_lsf: 2.25 What was the farm gate price of this crop?; 2017_A_ssf: 2.25 What was the farm gate price of this crop?; 2017_B_lsf: 2.25 What was the farm gate price of this crop? (f; 2017_B_ssf: 2.25 What was the farm gate price of this crop? (f; 2017_C_ssf: 2.25 What was the farm gate price of this crop? (f; 2023_A: 2.24 On the total production of this crop what was; 2023_B: 2.24 On the total production of this crop what was; 2025_A: 2.24 On the total production of this crop what was; 2025_B: 2.24 On the total production of this crop what was,
crop_group,Crop category,int16,"6=Fruits, 7=vegetables, 8=Other crops, 9=Other celeals, 10=Taro&Yarms …",35,28484,1591,1907,0,18133,1462,0,0,0,0,0,0,0,0,0,0,0,0,0,0,0,0,0,0,0,0,0,,crop_group_v2 (2017_B_ssf),2017_A_lsf: Crop category based on major crop grown in rwanda; 2017_A_ssf: Crop category based on major crop grown in rwanda; 2017_B_lsf: Crop category for major crops grown in Rwanda; 2017_C_ssf: Crop category for major crops grown in Rwanda; 2018_B_ssf: crop category,
s1q4,1.4 Segment/LSF ID,int16,,0,27740,25529,1907,16909,18133,1462,32906,30493,1667,41313,35773,4283,41634,35869,3416,40019,34827,5818,37808,36546,3566,39330,35584,1949,34369,32920,1884,,,2017_A_ssf: 1.4 Segment number; 2017_B_ssf: 1.4 Segment; 2017_C_ssf: 1.4 Segment; 2018_A_ssf: 1.4 Segment number; 2018_B_ssf: 1.4 Segment number; 2018_C_ssf: 1.4 Segment number; 2019_A: 1.4 Segment; 2019_B: 1.4 Segment; 2019_C: 1.4 Segment; 2020_A: 1.4 Segment; 2020_B: 1.4 Segment; 2020_C: 1.4 Segment; 2021_A: 1.4 Segment; 2021_B: 1.4 Segment; 2021_C: 1.4 Segment; 2022_A: 1.4 Segment; 2022_B: 1.4 Segment; 2022_C: 1.4 Segment; 2023_A: 1.4 Segment; 2023_B: 1.4 Segment; 2023_C: 1.4 Segment; 2024_A: Q1.4.Segment/LSF Number; 2024_B: Q1.4.Segment/LSF Number; 2024_C: Q1.4.Segment/LSF Number,
crop_group_v2,2.6 Crop name,int16,"6=Fruits, 7=vegetables, 8=Other crops, 9=Other celeals, 10=Taro&Yarms …",23,0,25529,0,0,0,0,0,0,0,0,0,0,0,0,0,0,0,0,0,0,0,0,0,0,0,0,0,,"crop_group (2017_A_lsf, 2017_A_ssf, 2017_B_lsf, 2017_C_ssf, 2018_B_ssf, 2018_C_ssf)",,
s1q5,1.5. Date of interview,string,,0,28484,27120,1907,18255,19576,1462,32906,30493,1667,41313,35773,4283,41634,35869,3416,41589,36005,5818,39038,36546,3566,39330,35584,1949,34369,32920,1884,,s1q5_v2 (2019_C),2018_A_lsf: Date of interview,
s2q8_v2,2.8 Sowing Date,int8,"1=Before 30/06, 2=Between 01-15 /07, 3=Between 16- 31/07, 4=Between  01-15/08, 5=Between 16- 31/08 …",23,0,0,0,18255,19576,1462,32906,30493,1667,0,0,0,0,0,0,0,0,0,0,0,0,0,0,0,0,0,0,,"s2q8 (2020_A, 2020_B, 2020_C, 2021_A, 2021_B, 2021_C, 2022_A, 2022_B, 2022_C, 2023_A, 2023_B, 2023_C, 2024_A, 2024_B, 2024_C, 2025_A, 2025_B, 2025_C), s2q8_v3 (2017_A_lsf, 2017_A_ssf, 2017_B_lsf, 2017_B_ssf, 2017_C_ssf)",2018_A_lsf: 2.8. Sowing Date; 2018_A_ssf: 2.8. Sowing Date; 2018_B_lsf: 2.8. Sowing Date; 2018_B_ssf: 2.8. Sowing Date; 2018_C_ssf: 2.8. Sowing Date; 2019_A: 2.8. Sowing Date; 2019_B: 2.8. Sowing Date; 2019_C: 2.8 Sowing Date,"{""13"": [""       Between 16- 31/01"", ""Between 16- 31/01"", ""Between 16-31/01""], ""14"": [""       Between 01- 15/02"", ""Between 01- 15/02"", ""Between 01-15/02""], ""15"": [""       Between 16- 28/02"", ""Between  16- 28/02"", ""Between 16- 28/02"", ""Between 16-28/02""], ""18"": [""       After 31/03"", ""After 31/03"", ""Aftre 31/03""], ""2"": [""       Between 01-15 /07"", ""Between 01-15 /07"", ""Between 01-15/07""], ""3"": [""       Between 16- 31/07"", ""Between 16- 31/07"", ""Between 16-31/07""], ""4"": [""       Between  01-15/08"", ""Between  01-15/08"", ""Between 01-15/08""], ""5"": [""       Between 16- 31/08"", ""Between  16- 31/08"", ""Between 16- 31/08"", ""Between 16-31/08""], ""6"": [""       Between  01-15/09"", ""Between  01-15/09"", ""Between 01-15/09""], ""7"": [""       Between  16-30/09"", ""Between  16-30/09"", ""Between 16-30/09""], ""8"": [""       Between 01- 15/10"", ""Between 01- 15/10"", ""Between 01-15/10""], ""9"": [""       Between 16 -30/10"", ""Between 16 -30/10"", ""Between 16-30/10""], ""11"": [""       Before  31/12"", ""Before 31/12""], ""12"": [""       Between  01-15/01"", ""Between  01-15/01"", ""Between 01-15/01""], ""16"": [""       Between  01-15/03"", ""Between 01-15/03""], ""17"": [""       Between  16-31/03"", ""Between  16-31/03"", ""Between 16-31/03""], ""20"": [""       Between  01-31/05"", ""Between  01-31/05"", ""Between 01-31/05""], ""23"": [""       After  31/07"", ""After  31/07"", ""After 31/07""]}"
s2q9_v2,2.9 Expected period for harvesting,int8,"1=Before 01/12, 2=Between 01-15 /12, 3=Between 16- 31/12, 4=Between  01-15/01, 5=Between 16- 31/01 …",21,0,0,0,18255,19576,1462,32906,30493,1667,0,0,0,0,0,0,0,0,0,0,0,0,0,0,0,0,0,0,,"s2q9 (2020_A, 2020_B, 2020_C, 2021_A, 2021_B, 2021_C, 2022_A, 2022_B, 2022_C, 2023_A, 2023_B, 2023_C, 2024_A, 2024_B, 2024_C, 2025_A, 2025_B, 2025_C), s2q9_v3 (2017_A_lsf, 2017_A_ssf, 2017_B_lsf, 2017_B_ssf, 2017_C_ssf)",2018_A_lsf: 2.9. Expected period for harvesting; 2018_A_ssf: 2.9. Expected period for harvesting; 2018_B_lsf: 2.9. Expected period for harvesting; 2018_B_ssf: 2.9. Expected period for harvesting; 2018_C_ssf: 2.9. Expected period for harvesting; 2019_A: 2.9. Expected period of harvesting; 2019_B: 2.9. Expected period of harvesting; 2019_C: 2.9 Expected period for harvesting,"{""8"": [""       Before May"", ""Before 01/05"", ""Before May"", ""Before the month of  May""], ""14"": [""       Between  01-31/08"", ""Between  01-31/08"", ""Between 01-31/08"", ""Between 01-31/8""], ""15"": [""After 31/08"", ""After August""], ""2"": [""       Between 01-15 /12"", ""Between 01-15 /12"", ""Between 01-15/12""], ""3"": [""       Between 16- 31/12"", ""Between 16- 31/12"", ""Between 16-31/12""], ""4"": [""       Between  01-15/01"", ""Between  01-15/01"", ""Between 01-15/01""], ""5"": [""       Between 16- 31/01"", ""Between  16- 31/01"", ""Between 16- 31/01"", ""Between 16-31/01""], ""6"": [""       Between  01-28/02"", ""Between  01-28/02"", ""Between 01-28/02""], ""9"": [""       Between  01-15/05"", ""Between  01-15/05"", ""Between 01-15/05""], ""10"": [""       Between  16-31/05"", ""Between  16-31/05"", ""Between 16-31/05""], ""11"": [""       Between 01- 15/06"", ""Between 01-15/06""], ""12"": [""       Between 16 -30/06"", ""Between 16-30/06""], ""13"": [""       Between  01-31/07"", ""Between  01-31/07"", ""Between 01-31/07""], ""16"": [""       Before 30/07"", ""Before 30/07"", ""Before the month of  30/7""], ""17"": [""       Between  01-15/08"", ""Between  01-15/08"", ""Between 01-15/08""], ""18"": [""       Between  15-30/08"", ""Between  15-30/08"", ""Between 15-30/08""], ""19"": [""       Between 01-15/09"", ""Between 01- 15/09"", ""Between 01-15/09""]}"
s2q10,Q.2.10 Where did improved seeds sown come from?,int8,"1=Government (MINAGRI/RAB/NAEB), 2=Recognized seed multipliers, 3=Agro dealers, 4=NGOs, 5=Market …",7,0,0,0,18255,19576,1462,32906,30493,1667,6477,2722,1207,6959,3006,754,6063,2837,1395,6152,3572,659,6842,3092,339,6301,3089,346,,"s2q10_v2 (2017_A_lsf, 2017_A_ssf, 2017_B_lsf, 2017_B_ssf, 2017_C_ssf)",2018_A_lsf: 2.10. Types of Seeds sown; 2018_A_ssf: 2.10. Types of Seeds sown; 2018_B_lsf: 2.10. Types of Seeds sown; 2018_B_ssf: 2.10. Types of Seeds sown; 2018_C_ssf: 2.10. Types of Seeds sown; 2019_A: 2.10. Type of seeds sown; 2019_B: 2.10. Type of seeds sown; 2019_C: 2.10 Types of Seeds sown; 2020_A: 2.10 Where did improved seeds sown come from?; 2020_B: 2.10 Where did improved seeds sown come from?; 2020_C: 2.10 Where did improved seeds sown come from?; 2021_A: 2.10 Where did improved seeds sown come from?; 2021_B: 2.10 Where did improved seeds sown come from?; 2021_C: 2.10 Where did improved seeds sown come from?; 2022_A: 2.10 Where did improved seeds sown come from?; 2022_B: 2.10 Where did improved seeds sown come from?; 2022_C: 2.10 Where did improved seeds sown come from?; 2023_A: 2.10 Where did improved seeds sown come from?; 2023_B: 2.10 Where did improved seeds sown come from?; 2023_C: 2.10 Where did improved seeds sown come from?; 2025_A: 2.10 Where did improved seeds sown come from?; 2025_B: 2.10 Where did improved seeds sown come from?,"{""1"": [""Government (MINAGRI/RAB/NAEB)"", ""Traditional seed"", ""Traditional seeds""], ""3"": [""Agro dealers"", ""Both"", ""Both traditional & Improved"", ""Both traditional&Improved"", ""Traditional and Improved seeds""], ""2"": [""Improved seeds"", ""Recognized seed multipliers""]}"
s2q11_1,2.11.1 Traditional seed sown(Unit),int8,"1=Kg, 2=g, 3=NA",3,0,0,0,15452,17961,1268,29317,28672,1458,0,0,0,0,0,0,0,0,0,0,0,0,0,0,0,0,0,0,,,2018_A_lsf: 2.11.1. Traditional seed sown(Unit); 2018_A_ssf: 2.11.1. Traditional seed sown(Unit); 2018_B_lsf: 2.11.1. Traditional seed sown(Unit); 2018_B_ssf: 2.11.1. Traditional seed sown(Unit); 2018_C_ssf: 2.11.1. Traditional seed sown(Unit); 2019_A: 2.11.1. Traditional seed sown(Unit); 2019_B: 2.11.1. Traditional seed sown(Unit),
s2q11_2,2.11.2 Quantity of traditional seed sown,double,,0,0,0,0,10538,10418,693,18636,17625,754,0,0,0,0,0,0,0,0,0,0,0,0,0,0,0,0,0,0,,,2018_A_lsf: 2.11.2. Quantity of traditional seed sown; 2018_A_ssf: 2.11.2. Quantity of traditional seed sown; 2018_B_lsf: 2.11.2. Quantity of traditional seed sown; 2018_B_ssf: 2.11.2. Quantity of traditional seed sown; 2018_C_ssf: 2.11.2. Quantity of traditional seed sown; 2019_A: 2.11.2. Quantity of traditional seed sown; 2019_B: 2.11.2. Quantity of traditional seed sown,
s2q13,2.13 Amount spent on traditional seeds(Rfw),int32,999=999,1,0,0,0,15452,17961,1268,29317,7290,1458,0,0,0,0,0,0,0,0,0,0,0,0,0,0,0,0,0,0,,,2018_A_lsf: 2.13. Amount spent on traditional seeds(Rfw); 2018_A_ssf: 2.13. Amount spent on traditional seeds(Rfw); 2018_B_lsf: 2.13. Amount spent on traditional seeds(Rfw); 2018_B_ssf: 2.13. Amount spent on traditional seeds(Rfw); 2018_C_ssf: 2.13. Amount spent on traditional seeds(Rfw); 2019_A: 2.13. Amount spent on traditional seeds(Rfw); 2019_B: 2.13. Amount spent on traditional seeds(Rfw),
s2q14_1,2.14.1 Improved seeds sown(Unit),int8,"1=Kg, 2=g, 3=NA",3,0,0,0,2890,1687,197,3748,1914,214,0,0,0,0,0,0,0,0,0,0,0,0,0,0,0,0,0,0,,,2018_A_lsf: 2.14.1. Improved seeds sown(Unit); 2018_A_ssf: 2.14.1. Improved seeds sown(Unit); 2018_B_lsf: 2.14.1. Improved seeds sown(Unit); 2018_B_ssf: 2.14.1. Improved seeds sown(Unit); 2018_C_ssf: 2.14.1. Improved seeds sown(Unit); 2019_A: 2.14.1. Improved seeds sown(Unit); 2019_B: 2.14.1. Improved seeds sown(Unit),
s2q14_2,2.14.2  Improved seeds sown(Qty),double,,0,0,0,0,2654,1265,178,3356,1470,178,0,0,0,0,0,0,0,0,0,0,0,0,0,0,0,0,0,0,,,2018_A_lsf: 2.14.2. Improved seeds sown(Qty); 2018_A_ssf: 2.14.2. Improved seeds sown(Qty); 2018_B_lsf: 2.14.2. Improved seeds sown(Qty); 2018_B_ssf: 2.14.2. Improved seeds sown(Qty); 2018_C_ssf: 2.14.2. Improved seeds sown(Qty); 2019_A: 2.14.2. Improved seeds sown(Qty); 2019_B: 2.14.2. Improved seeds sown(Qty),
s2q16,2.16 Amount spent on improved seeds(Rfw),int32,999=999,1,0,0,0,2890,1687,197,3748,1476,214,0,0,0,0,0,0,0,0,0,0,0,0,0,0,0,0,0,0,,,2018_A_lsf: 2.16. Amount spent on improved seeds(Rfw); 2018_A_ssf: 2.16. Amount spent on improved seeds(Rfw); 2018_B_lsf: 2.16. Amount spent on improved seeds(Rfw); 2018_B_ssf: 2.16. Amount spent on improved seeds(Rfw); 2018_C_ssf: 2.16. Amount spent on improved seeds(Rfw); 2019_A: 2.16. Amount spent on improved seeds(Rfw); 2019_B: 2.16. Amount spent on improved seeds(Rfw),
s2q18_1,2.18.1 On average how many trees are in this plot?,int32,,0,0,0,0,3270,5048,0,7394,8216,0,0,0,0,0,0,0,0,0,0,0,0,0,0,0,0,0,0,0,,,,
s2q18_2,2.18.2 On average how many trees have you harvested/to be harvested in this plot,int32,,0,0,0,0,3270,5048,0,7394,8216,0,0,0,0,0,0,0,0,0,0,0,0,0,0,0,0,0,0,0,,,,
s2q19,2.19 Quantity already harvested in this season (in Kg),double,,0,0,0,0,18255,19576,1462,32906,30493,1667,41313,34348,4283,37425,34621,3416,0,0,0,0,0,0,0,0,0,0,0,0,,"s2q19_v2 (2017_A_lsf, 2017_A_ssf, 2017_B_lsf, 2017_B_ssf, 2017_C_ssf)",2018_A_lsf: 2.19 Quantity already harvested (in Kg); 2018_A_ssf: 2.19 Quantity already harvested (in Kg); 2018_B_lsf: 2.19 Quantity already harvested (in Kg); 2018_B_ssf: 2.19 Quantity already harvested (in Kg); 2018_C_ssf: 2.19 Quantity already harvested (in Kg); 2019_A: 2.19. Quantity already harvested in  this plot (in; 2019_B: 2.19. Quantity already harvested in  this plot (in; 2019_C: 2.19. Quantity already harvested in  this plot (in,
s2q22,2.22 Explanation on crop production status,string,,0,28484,27120,1907,18255,19576,1462,32906,30493,1667,41313,35773,4283,41634,35869,3416,41589,36005,5818,39038,36546,3566,39330,35584,1949,34369,32920,1884,,"s2q22_v2 (2017_A_lsf, 2017_A_ssf, 2017_B_lsf, 2017_B_ssf, 2017_C_ssf, 2023_C, 2024_A, 2024_B, 2024_C, 2025_C), s2q22_v3 (2023_A, 2023_B, 2025_A, 2025_B)",2018_A_lsf: 2.22. Explanation on production status; 2018_A_ssf: 2.22. Explanation on production status; 2018_B_lsf: 2.22. Explanation on production status; 2018_B_ssf: 2.22. Explanation on production status; 2018_C_ssf: 2.22. Explanation on production status; 2019_A: 2.22. Explanation on production status; 2019_B: 2.22. Explanation on production status; 2019_C: 2.22.1 Explanation on production status,"{""4"": [""Insufficient fertilizers"", ""Insuficient fertilizer"", ""insufficient fertilizer""], ""5"": [""Lack of fertilizer"", ""Lack of fertilizers"", ""Unusable of fertilizers""], ""16"": [""Torrential rain"", ""Violent rain (hailstones)"", ""violent rain(hailstones)""], ""18"": [""Other reason"", ""Other reasons (specify)"", ""Other reasons(specify)""], ""19"": [""Perenial crops not yet mature"", ""Perrenial crops not yet mature""], ""6"": [""Innapropriate sowing period"", ""Late sowing""], ""7"": [""Flood"", ""Flooding""], ""8"": [""Land slide"", ""Landslide""], ""9"": [""Crop destroyed by animals (grazes)"", ""Crop grazed""], ""13"": [""Good harvest as expected"", ""Good harvest as it was expected""], ""14"": [""Lack of training on appropriate cultivation"", ""Lack of trainings on agricultural practices""], ""15"": [""Lack of improved seeds"", ""Use of traditional seed""], ""17"": [""Strong wind"", ""Winds""]}"
s2q23,2.23. What was the quantity produced? (Kg),double,,0,0,0,0,18255,19576,1462,32906,30493,1667,41313,35773,4283,41634,35869,3416,37208,34973,5818,0,0,0,0,0,0,0,0,0,,"s2q23_v2 (2023_A, 2023_B, 2023_C, 2025_A, 2025_B), s2q23_v3 (2017_A_lsf, 2017_A_ssf, 2017_B_lsf, 2017_B_ssf, 2017_C_ssf), s2q23_v4 (2024_A, 2024_B, 2024_C, 2025_C)",2019_A: 2.23 What was the quantity produced in all plots (; 2019_B: 2.23 What was the quantity produced in all plots (; 2019_C: 2.23 What was the quantity produced in all plots (; 2022_A: 2.23 Total qty of produced/to be harvested on this; 2022_B: 2.23 Total qty of produced/to be harvested on this,
s2q24,2.24. What was the quantity processed at farm level?,double,,0,0,0,0,18255,19576,1462,32906,30493,1667,41313,35773,4283,41634,35869,3416,0,0,5818,0,0,0,0,0,0,0,0,0,,"s2q24_v2 (2017_A_lsf, 2017_A_ssf, 2017_B_lsf, 2017_B_ssf, 2017_C_ssf), s2q24_v3 (2022_A, 2022_B)",2019_C: 2.24 What was the quantity processed at farm level,
s2q25,2.24. What was the quantity processed at farm level?,double,,0,0,0,0,18255,19576,1462,32906,30493,1667,41313,35773,4283,41634,35869,3416,0,0,5818,0,0,3566,0,0,0,0,0,0,,"s2q25_v2 (2017_A_lsf, 2017_A_ssf, 2017_B_lsf, 2017_B_ssf, 2017_C_ssf, 2023_A, 2023_B, 2025_A, 2025_B), s2q25_v3 (2022_A, 2022_B, 2024_A, 2024_B, 2024_C, 2025_C)",2018_A_lsf: 2.25. What was the quantity sold?; 2018_A_ssf: 2.25. What was the quantity sold?; 2018_B_lsf: 2.25. What was the quantity sold?; 2018_B_ssf: 2.25. What was the quantity sold?; 2018_C_ssf: 2.25. What was the quantity sold?; 2019_A: 2.25. What was the quantity sold?; 2019_B: 2.25. What was the quantity sold?; 2019_C: 2.25 What was the quantity sold?; 2020_A: 2.25. What was the quantity sold?; 2020_B: 2.25. What was the quantity sold?; 2020_C: 2.25. What was the quantity sold?; 2021_A: 2.25. What was the quantity sold?; 2021_B: 2.25. What was the quantity sold?; 2021_C: 2.25. What was the quantity sold?; 2022_C: 2.25. What was the quantity sold?,
s2q26,2.26 On which market this crop was sold?,int8,"1=Farm/Home, 2=Market, 3=Cooperative/company/Association, 4=Other selling place, 5=Contract farming …",7,0,0,0,8911,9291,974,15121,14498,1108,19057,17549,3172,17562,16964,2472,16590,16502,4239,0,0,0,0,0,0,0,0,0,,"s2q26_v2 (2023_A, 2023_B, 2023_C, 2024_A, 2024_B, 2024_C, 2025_A, 2025_B, 2025_C)",2018_A_lsf: 2.26. On which market this crop was sold?; 2018_A_ssf: 2.26. On which market this crop was sold?; 2018_B_lsf: 2.26. On which market this crop was sold?; 2018_B_ssf: 2.26. On which market this crop was sold?; 2018_C_ssf: 2.26. On which market this crop was sold?; 2019_A: 2.26. On which market this crop was sold?; 2019_B: 2.26. On which market this crop was sold?,"{""3"": [""Cooperative/company/Association"", ""District market"", ""District modern market""], ""6"": [""Contract with exporter"", ""Contract with exporters""], ""7"": [""Other market"", ""Other market place""], ""1"": [""Farm gate"", ""Farm-gate"", ""Farm/Home""], ""2"": [""Local market"", ""Market""], ""4"": [""Other selling place"", ""Regional market""]}"
s2q27,2.27 What was the selling price per kilogram? (Rwf/Kg),int32,"999=999, 9999=999, 99999=999",3,0,0,0,8879,9330,975,15089,14488,1108,19100,17550,3175,17562,16967,2555,16590,16502,4354,0,0,0,0,0,0,0,0,0,,"s2q27_v2 (2023_A, 2023_B, 2023_C, 2024_A, 2024_B, 2024_C, 2025_A, 2025_B, 2025_C)",2018_A_lsf: 2.27. What was the selling price per kilogram? (Rw; 2018_A_ssf: 2.27. What was the selling price per kilogram? (Rw; 2018_B_lsf: 2.27. What was the selling price per kilogram? (Rw; 2018_B_ssf: 2.27. What was the selling price per kilogram? (Rw; 2018_C_ssf: 2.27. What was the selling price per kilogram? (Rw; 2019_A: 2.27. What was the selling price per kilogram? (Rw; 2019_B: 2.27. What was the selling price per kilogram? (Rw; 2019_C: 2.27 What was the selling price per kilogram? (RwF,
s2q28,2.28. What was the quantity used for own consumption?,double,,0,0,0,0,18255,19576,1462,32906,30493,1667,41313,35773,4283,41634,35869,3416,37208,34973,5818,0,0,0,0,0,0,0,0,0,,"s2q28_v2 (2023_A, 2023_B, 2023_C, 2024_A, 2024_B, 2024_C, 2025_C), s2q28_v3 (2025_A, 2025_B)",2019_C: 2.28 What was the quantity used for own consumptio; 2022_A: 2.28 Total qty of harvest that has been/will be us; 2022_B: 2.28 Total qty of harvest that has been/will be us,
s2q29,2.29. Qty of production used as hh consumption,double,,0,0,0,0,18255,19576,1462,32906,30493,1667,41313,35773,4283,41634,35869,3416,0,0,5818,34236,35323,3566,0,0,0,29941,31970,0,,"s2q29_v2 (2022_A, 2022_B, 2024_A, 2024_B, 2024_C, 2025_C)",2018_A_lsf: 2.29. What was the quantity used as wages?; 2018_A_ssf: 2.29. What was the quantity used as wages?; 2018_B_lsf: 2.29. What was the quantity used as wages?; 2018_B_ssf: 2.29. What was the quantity used as wages?; 2018_C_ssf: 2.29. What was the quantity used as wages?; 2019_A: 2.29. What was the quantity used as wages?; 2019_B: 2.29. What was the quantity used as wages?; 2019_C: 2.29 What was the quantity used as wages?; 2020_A: 2.29. What was the quantity used as wages?; 2020_B: 2.29. What was the quantity used as wages?; 2020_C: 2.29. What was the quantity used as wages?; 2021_A: 2.29. What was the quantity used as wages?; 2021_B: 2.29. What was the quantity used as wages?; 2021_C: 2.29. What was the quantity used as wages?; 2022_C: 2.29. What was the quantity used as wages?; 2023_A: 2.29 What is the quantity that has been used by th; 2023_B: 2.29 What is the quantity that has been used by th; 2023_C: 2.29 What is the quantity that has been used by th,
s2q30,2.30 What is the quantity that has been  used as wage for hired labour? (Kg),double,,0,0,0,0,18255,19576,1462,32906,30493,1667,41313,35773,4283,41634,35869,3416,37208,34973,5818,34236,35323,3566,0,0,0,0,0,0,,"s2q30_v2 (2024_A, 2024_B, 2024_C, 2025_A, 2025_B, 2025_C)",2018_A_lsf: 2.30. What was the quantity used as farm rent?; 2018_A_ssf: 2.30. What was the quantity used as farm rent?; 2018_B_lsf: 2.30. What was the quantity used as farm rent?; 2018_B_ssf: 2.30. What was the quantity used as farm rent?; 2018_C_ssf: 2.30. What was the quantity used as farm rent?; 2019_A: 2.30. What was the quantity used as farm rent?; 2019_B: 2.30. What was the quantity used as farm rent?; 2019_C: 2.30 What was the quantity used as farm rent?; 2020_A: 2.30. What was the quantity used as farm rent?; 2020_B: 2.30. What was the quantity used as farm rent?; 2020_C: 2.30. What was the quantity used as farm rent?; 2021_A: 2.30. What was the quantity used as farm rent?; 2021_B: 2.30. What was the quantity used as farm rent?; 2021_C: 2.30. What was the quantity used as farm rent?; 2022_A: 2.30 Total qty of harvest that has been/will be us; 2022_B: 2.30 Total qty of harvest that has been/will be us; 2022_C: 2.30. What was the quantity used as farm rent?,
s2q31,Q.2.31 Qty of production used /to be used as farm rent? (Kg),double,,0,0,0,0,18255,19576,1462,32906,30493,1667,41313,35773,4283,41634,35869,3416,0,0,5818,34236,35323,3566,34349,34679,1949,29941,31970,1884,,"s2q31_v2 (2022_A, 2022_B)",2018_A_lsf: 2.31. What was the quantity used as gift?; 2018_A_ssf: 2.31. What was the quantity used as gift?; 2018_B_lsf: 2.31. What was the quantity used as gift?; 2018_B_ssf: 2.31. What was the quantity used as gift?; 2018_C_ssf: 2.31. What was the quantity used as gift?; 2019_A: 2.31. What was the quantity used as gift?; 2019_B: 2.31. What was the quantity used as gift?; 2019_C: 2.31 What was the quantity used as gift?; 2020_A: 2.31. What was the quantity used as gift?; 2020_B: 2.31. What was the quantity used as gift?; 2020_C: 2.31. What was the quantity used as gift?; 2021_A: 2.31. What was the quantity used as gift?; 2021_B: 2.31. What was the quantity used as gift?; 2021_C: 2.31. What was the quantity used as gift?; 2022_C: 2.31. What was the quantity used as gift?; 2023_A: 2.31 What is the quantity used  as farm rent? (Kg); 2023_B: 2.31 What is the quantity used  as farm rent? (Kg); 2023_C: 2.31 What is the quantity used  as farm rent? (Kg); 2025_A: 2.31. Qty of production used as farm rent; 2025_B: 2.31. Qty of production used as farm rent,
s2q32,2.32. What was the quantity exchanged for other goods?,double,,0,0,0,0,18255,19576,1462,32906,30493,1667,41313,35773,4283,41634,35869,3416,0,0,5818,0,0,0,0,0,0,0,0,0,,"s2q32_v2 (2024_A, 2024_B, 2024_C, 2025_A, 2025_B, 2025_C), s2q32_v3 (2022_A, 2022_B, 2023_A, 2023_B, 2023_C)",2019_C: 2.32 What was the quantity exchanged for other goo,
s2q33,2.33. What was the quantity used as seeds?,double,,0,0,0,0,18255,19576,1462,32906,30493,1667,41313,35773,4283,41634,35869,3416,37208,34973,5818,0,0,0,0,0,0,0,0,0,,"s2q33_v2 (2023_A, 2023_B, 2023_C, 2024_A, 2024_B, 2024_C, 2025_C), s2q33_v3 (2025_A, 2025_B)",2019_C: 2.33 What was the quantity used as seeds?; 2022_A: 2.33 Total qty of harvest that has been/will be us; 2022_B: 2.33 Total qty of harvest that has been/will be us,
s2q34,2.34 What is the quantity that has been used/to be used as seeds?(Kg),double,,0,0,0,0,18255,19576,1462,32906,30493,1667,41313,35773,4283,41634,35869,3416,0,0,5818,34236,35323,3566,0,0,0,0,0,0,,"s2q34_v2 (2022_A, 2022_B, 2024_A, 2024_B, 2024_C, 2025_A, 2025_B, 2025_C)",2018_A_lsf: 2.34. What was the quantity used to feed animals?; 2018_A_ssf: 2.34. What was the quantity used to feed animals?; 2018_B_lsf: 2.34. What was the quantity used to feed animals?; 2018_B_ssf: 2.34. What was the quantity used to feed animals?; 2018_C_ssf: 2.34. What was the quantity used to feed animals?; 2019_A: 2.34. What was the quantity used to feed animals?; 2019_B: 2.34. What was the quantity used to feed animals?; 2019_C: 2.34 What was the quantity used to feed animals?; 2020_A: 2.34. What was the quantity used to feed animals?; 2020_B: 2.34. What was the quantity used to feed animals?; 2020_C: 2.34. What was the quantity used to feed animals?; 2021_A: 2.34. What was the quantity used to feed animals?; 2021_B: 2.34. What was the quantity used to feed animals?; 2021_C: 2.34. What was the quantity used to feed animals?; 2022_C: 2.34. What was the quantity used to feed animals?,
s2q35,2.35 What is the quantity that has been used/to be used as fodder?(Kg),double,,0,0,0,0,18255,19576,1462,32906,30493,1667,41313,35773,4283,41634,35869,3416,0,0,5818,34236,35323,3566,0,0,0,0,0,0,,"s2q35_v2 (2022_A, 2022_B, 2024_A, 2024_B, 2024_C, 2025_C), s2q35_v3 (2025_A, 2025_B)",2018_A_lsf: 2.35. What was the quantity stored?; 2018_A_ssf: 2.35. What was the quantity stored?; 2018_B_lsf: 2.35. What was the quantity stored?; 2018_B_ssf: 2.35. What was the quantity stored?; 2018_C_ssf: 2.35. What was the quantity stored?; 2019_A: 2.35. What was the quantity stored?; 2019_B: 2.35. What was the quantity stored?; 2019_C: 2.35 What was the quantity stored?; 2020_A: 2.35. What was the quantity stored?; 2020_B: 2.35. What was the quantity stored?; 2020_C: 2.35. What was the quantity stored?; 2021_A: 2.35. What was the quantity stored?; 2021_B: 2.35. What was the quantity stored?; 2021_C: 2.35. What was the quantity stored?; 2022_C: 2.35. What was the quantity stored?,
s2q36,2.36 What is the storage facility used during this agricultural season?,int8,"1=Own storage, 2=Public storage, 3=Storage owned by Cooperatives or private companies, 4=Other storage(specify), 5=Other storage",5,0,0,0,1230,609,11,1090,684,7,2031,1029,34,1688,1211,28,1445,842,42,0,0,0,0,0,0,0,0,0,,"s2q36_v2 (2023_A, 2023_B, 2023_C, 2024_A, 2024_B, 2024_C, 2025_C), s2q36_v3 (2025_A, 2025_B)",2018_A_lsf: 2.36. Which is the storage facility used by the ho; 2018_A_ssf: 2.36. Which is the storage facility used by the ho; 2018_B_lsf: 2.36. Which is the storage facility used by the ho; 2018_B_ssf: 2.36. Which is the storage facility used by the ho; 2018_C_ssf: 2.36. Which is the storage facility used by the ho; 2019_A: 2.36. Which is the storage facility used by the ho; 2019_B: 2.36. Which is the storage facility used by the ho; 2019_C: 2.36 Which is the storage facility used by the hou,"{""1"": [""Own storage"", ""Own storage/Modern""], ""3"": [""Storage owned by Cooperatives or private companies"", ""Storage owned by Cooperatives/private companies"", ""Storage owned by cooperative or private companies""], ""2"": [""Public owned storage"", ""Public storage""], ""4"": [""Other storage(specify)"", ""Traditional storage""]}"
s2q37_v3,2.37 What was the quantity lost after harvest?,double,,0,0,0,0,18255,19576,1462,32906,30493,1667,0,0,0,0,0,0,0,0,0,0,0,0,0,0,0,0,0,0,,"s2q37 (2023_A, 2023_B, 2023_C, 2024_A, 2024_B, 2024_C, 2025_A, 2025_B, 2025_C), s2q37_v2 (2020_A, 2020_B, 2020_C, 2021_A, 2021_B, 2021_C, 2022_A, 2022_B, 2022_C)",2018_A_lsf: 2.37. What was the quantity lost after harvest?; 2018_A_ssf: 2.37. What was the quantity lost after harvest?; 2018_B_lsf: 2.37. What was the quantity lost after harvest?; 2018_B_ssf: 2.37. What was the quantity lost after harvest?; 2018_C_ssf: 2.37. What was the quantity lost after harvest?; 2019_A: 2.37. What was the quantity lost after harvest?; 2019_B: 2.37. What was the quantity lost after harvest?; 2019_C: 2.37 What was the quantity lost after harvest?,
s2q38,2.38. Qty of production used in other ways,double,,0,0,0,0,18255,19576,1462,32906,30493,1667,0,0,0,0,0,0,0,0,0,34236,35323,3566,0,0,0,29941,31970,0,,"s2q38_v2 (2020_A, 2020_B, 2020_C, 2021_A, 2021_B, 2021_C, 2022_A, 2022_B, 2022_C), s2q38_v3 (2024_A, 2024_B, 2024_C, 2025_C)",2018_A_lsf: 2.38. What was the quantity used in other forms?; 2018_A_ssf: 2.38. What was the quantity used in other forms?; 2018_B_lsf: 2.38. What was the quantity used in other forms?; 2018_B_ssf: 2.38. What was the quantity used in other forms?; 2018_C_ssf: 2.38. What was the quantity used in other forms?; 2019_A: 2.38. What was the quantity used in other forms?; 2019_B: 2.38. What was the quantity used in other forms?; 2019_C: 2.38 What was the quantity used in other forms?; 2023_A: 2.38 What was the quantity of production stored in; 2023_B: 2.38 What was the quantity of production stored in; 2023_C: 2.38 What was the quantity of production stored in,
cropgroup,Crop category and major crops,int16,"1=Cereals, 2=Vegetables and Melons, 3=Fruit and Nuts, 4=Oilseed crops, 5=Root/tuber crops with high starch or inulin content …",33,0,0,0,18255,0,0,32906,30492,1667,0,0,0,0,0,0,0,0,0,0,0,0,0,0,0,0,0,0,,cropgroup_v2 (2018_B_lsf),,"{""6"": [""Beverage and spice crops"", ""Fruits""], ""7"": [""Leguminous crops"", ""Vegetables""], ""8"": [""Other crops"", ""Sugar crops""], ""99"": [""Non-agricultural"", ""Other crops""]}"
harvested_area,Harvested crop area in ha,double,,0,0,0,0,18255,19576,1462,32906,30493,1667,0,0,0,0,0,0,0,0,5818,0,0,3566,0,0,0,0,0,0,,,2018_A_lsf: Harvested crop area in square meters; 2018_A_ssf: Harvested crop area in square meters; 2018_B_lsf: Harvested crop area in square meters; 2018_B_ssf: Harvested crop area in square meters; 2018_C_ssf: Harvested crop area in square meters,
s1q13d,Day of interview,int8,,0,0,0,0,16909,0,0,0,0,0,0,0,0,0,0,0,0,0,0,0,0,0,0,0,0,0,0,0,,,,
s1q13m,Month of interview,int8,,0,0,0,0,16909,0,0,0,0,0,0,0,0,0,0,0,0,0,0,0,0,0,0,0,0,0,0,0,,,,
s1q13y,Year of interview,int16,,0,0,0,0,16909,0,0,0,0,0,0,0,0,0,0,0,0,0,0,0,0,0,0,0,0,0,0,0,,,,
s1q13,Day of interview,string,,0,28484,27120,1907,18255,19576,1462,32906,30493,1667,41313,35773,4283,41634,35869,3416,41589,36005,5818,39038,36546,3566,39330,35584,1949,34369,32920,1884,,,2018_B_lsf: Date of interview,
cropgroup_v2,Crop groups,int16,"6=Fruits, 7=Vegetables, 8=Other crops, 9=Other cereals, 10=Taro&Yams …",27,0,0,0,0,1443,0,0,0,0,0,0,0,0,0,0,0,0,0,0,0,0,0,0,0,0,0,0,,"cropgroup (2018_A_lsf, 2018_A_ssf, 2019_A, 2019_B, 2019_C)",,
s2q2_v2,2.4 Plot size (m2),double,,0,0,0,0,0,0,0,32906,0,0,0,0,0,0,0,0,41589,0,0,0,0,0,0,0,0,0,0,0,,"s2q2 (2017_A_lsf, 2017_A_ssf, 2017_B_lsf, 2017_B_ssf, 2017_C_ssf, 2018_A_lsf, 2018_A_ssf, 2018_B_lsf, 2018_B_ssf, 2018_C_ssf, 2019_C, 2020_A, 2020_B, 2020_C, 2021_A, 2021_B, 2021_C, 2022_B, 2022_C, 2023_A, 2023_B, 2023_C, 2024_A, 2024_B, 2024_C, 2025_A, 2025_B, 2025_C), s2q2_v3 (2019_B)",2019_A: 2.2 Area m2; 2022_A: 2.4 Plot size (m2),
s2q3_1,2.3.1 Farmer type,int8,"1=small scale farmer, 2=large scale farmer",2,0,0,0,0,0,0,32906,30493,1667,0,0,0,0,0,0,0,0,0,0,0,0,0,0,0,0,0,0,,,,
s2q21,Q.2.21 Total quantity of harvest for this season (in Kg),double,,0,0,0,0,0,0,0,32906,30493,1667,41313,34348,4283,37425,34621,3416,37208,34973,5818,34227,35323,3566,34349,34679,1949,29941,31970,1884,,"s2q21_v2 (2017_A_lsf, 2017_A_ssf, 2017_B_lsf, 2017_B_ssf, 2017_C_ssf, 2018_A_lsf, 2018_A_ssf, 2018_B_lsf, 2018_B_ssf, 2018_C_ssf)",2019_A: 2.21. Total quantity of harvest in this plot (in K; 2019_B: 2.21. Total quantity of harvest in this plot (in K; 2019_C: 2.21. Total quantity of harvest in this plot (in K; 2020_A: 2.21 Total quantity of harvest for this season (in; 2020_B: 2.21 Total quantity of harvest for this season (in; 2020_C: 2.21 Total quantity of harvest for this season (in; 2021_A: 2.21 Total quantity of harvest for this season (in; 2021_B: 2.21 Total quantity of harvest for this season (in; 2021_C: 2.21 Total quantity of harvest for this season (in; 2022_A: 2.21 Total quantity of harvest for this season (in; 2022_B: 2.21 Total quantity of harvest for this season (in; 2022_C: 2.21 Total quantity of harvest for this season (in; 2023_A: Total quantity of harvest for this season in this ; 2023_B: Total quantity of harvest for this season in this ; 2023_C: Total quantity of harvest for this season in this ; 2025_A: 2.21 Total quantity of harvest for this season (in; 2025_B: 2.21 Total quantity of harvest for this season (in,
s2q2_v3,2.2Plot size (ha),double,,0,0,0,0,0,0,0,0,30493,0,0,0,0,0,0,0,0,0,0,0,0,0,0,0,0,0,0,0,,"s2q2 (2017_A_lsf, 2017_A_ssf, 2017_B_lsf, 2017_B_ssf, 2017_C_ssf, 2018_A_lsf, 2018_A_ssf, 2018_B_lsf, 2018_B_ssf, 2018_C_ssf, 2019_C, 2020_A, 2020_B, 2020_C, 2021_A, 2021_B, 2021_C, 2022_B, 2022_C, 2023_A, 2023_B, 2023_C, 2024_A, 2024_B, 2024_C, 2025_A, 2025_B, 2025_C), s2q2_v2 (2019_A, 2022_A)",,
s1q5_v2,1.5 Date of visting the segment/LSF(DD/MM/YYY),int8,,0,0,0,0,0,0,0,0,0,0,0,0,0,0,0,0,0,0,0,0,0,0,0,0,0,0,0,0,,"s1q5 (2018_A_lsf, 2019_A, 2019_B)",,
s1q7,1.7 Farmer/LSF type,int8,"1=Small scale farmer as individual, 2=Small Scale farmer as Coperative/Company/Association,, 3=Large scale farmer as individual, 4=Large scale  farmer as Coperative/Company/Association",4,0,0,0,0,0,0,0,0,0,41155,35641,4283,41571,35769,3416,41589,36005,5818,39037,36546,3566,39330,35584,1949,34369,32920,1884,,,2020_A: 1.7 Farmer type; 2020_B: 1.7 Farmer type; 2020_C: 1.7 Farmer type; 2021_A: 1.7 Farmer type; 2021_B: 1.7 Farmer type; 2021_C: 1.7 Farmer type; 2023_A: 1.7 Farmer type; 2023_C: 1.7 Farmer type,
s1q8,1.8 Gender,int8,"1=Male, 2=Female",2,0,0,0,0,0,0,0,0,0,40527,35040,4176,40894,35132,3293,40722,35405,5680,38330,35937,3499,38536,34872,1927,33588,32207,1864,,,,
s1q9,1.9 Age,int16,,0,0,0,0,0,0,0,0,0,0,40518,35040,4176,40877,35132,3293,40720,35405,5680,38330,35940,3499,38536,34861,1925,33582,32207,1864,,,,
s2q3,Q.2.3 Number of main crops to be surveyed on during this agricultural season in,int8,,0,0,0,0,0,0,0,0,0,0,41313,35773,4283,41634,35869,3416,41589,36005,5818,39038,36546,3566,39330,35584,1949,34369,32920,1884,,,2020_A: 2.3 Number of main crops to be harvested during th; 2020_B: 2.3 Number of main crops to be harvested during th; 2020_C: 2.3 Number of main crops to be harvested during th; 2021_A: 2.3 Number of main crops to be harvested during th; 2021_B: 2.3 Number of main crops to be harvested during th; 2021_C: 2.3 Number of main crops to be harvested during th; 2022_A: 2.3 Number of main crops to be harvested during th; 2022_B: 2.3 Number of main crops to be harvested during th; 2022_C: 2.3 Number of main crops to be harvested during th; 2023_A: 2.3 Number of main crops to be harvested during th; 2023_B: 2.3 Number of main crops to be harvested during th; 2023_C: 2.3 Number of main crops to be harvested during th; 2025_A: 2.3 Number of main crops to be harvested during th; 2025_B: 2.3 Number of main crops to be harvested during th,
s2q4,2.4 Crop name,int16,"101=Maize, 102=Paddy rice, 103=Sorghum, 104=Wheat, 105=Other cereal(specify) …",97,0,0,0,0,0,0,0,0,0,41313,35773,4283,41634,35869,3416,41589,36005,5818,39038,36546,3566,39330,35584,0,34369,32920,0,,"s2q4_v2 (2017_A_lsf, 2017_A_ssf, 2017_B_lsf, 2017_B_ssf, 2017_C_ssf, 2018_A_lsf, 2018_A_ssf, 2018_B_lsf, 2018_B_ssf, 2018_C_ssf, 2019_A, 2019_B, 2019_C)",2024_A: Q.2.4 Crop name; 2024_B: Q.2.4 Crop name,"{""414"": [""Mandaline"", ""Mandoline"", ""Other fruits (specify).""], ""415"": [""Jack Fruits"", ""Jack fruits"", ""Mandoline""], ""416"": [""Gooseberry"", ""Goosebery"", ""Jack Fruits""], ""417"": [""Goosebery"", ""Strawberry""], ""418"": [""Coeur de boeuf"", ""Coeur de boeuf/Sugar apple/Annona Squamosa"", ""Strawberry"", ""Sugar Apple/Coeur de Boeuf/Annona squamosa""], ""419"": [""Coeur de boeuf"", ""Other fruits (specify)."", ""Other fruits(specify)""], ""131"": [""Beet root"", ""Sugar beet"", ""sugar Beet""], ""140"": [""Chia seeds"", ""Other seasonal crops(specify)"", ""Other seasonal crops(specify).""], ""206"": [""Other annual crops (specify)."", ""Tobacco""], ""109"": [""Other pulse"", ""Other pulse(specify)""], ""114"": [""Other tubers"", ""Other tubers(specify)""], ""130"": [""Small red  bean"", ""Small red bean""], ""141"": [""Other seasonal crops"", ""Other seasonal crops(specify).""], ""207"": [""Other annual crops (specify)."", ""Other annual crops(specify)""], ""311"": [""Other perennial crop (Specify)."", ""Other perennial crop(Specify)""], ""412"": [""Olive"", ""Oliver""], ""510"": [""Other fodder crop (specify)"", ""Other fodder crop (specify).""]}"
s2q4_o,Q.2.4 Crop name(specify),string,,0,28484,27120,1907,18255,19576,1462,32906,30493,1667,41313,35773,4283,41634,35869,3416,41589,36005,5818,39038,36546,3566,39330,35584,1949,34369,32920,1884,,,2020_A: 2.4 Crop name; 2020_B: 2.4 Crop name; 2020_C: 2.4 Crop name; 2021_A: 2.4 Crop name; 2021_B: 2.4 Crop name; 2021_C: 2.4 Crop name; 2022_A: 2.4 Crop name; 2022_B: 2.4 Crop name; 2022_C: 2.4 Crop name; 2023_A: 2.4 Crop name; 2023_B: 2.4 Crop name; 2023_C: 2.4 Crop name; 2025_A: 2.4 Crop name,
s2q7,Q.2.7 Sowing date,int8,"1=Before 01/07, 2=Between 01-15/07, 3=Between 16-31/07, 4=Between 01-15/08, 5=Between 16-31/08 …",26,0,0,0,0,0,0,0,0,0,41313,35773,4283,41634,35869,3416,41589,36005,5818,39036,36546,3566,39330,35584,1949,34369,32920,1884,,"s2q7_v2 (2017_A_lsf, 2017_A_ssf, 2017_B_lsf, 2017_B_ssf, 2017_C_ssf, 2018_A_lsf, 2018_A_ssf, 2018_B_lsf, 2018_B_ssf, 2018_C_ssf, 2019_A, 2019_B, 2019_C)",2020_A: 2.7 Sowing date; 2020_B: 2.7 Sowing date; 2020_C: 2.7 Sowing date; 2021_A: 2.7 Sowing date; 2021_B: 2.7 Sowing date; 2021_C: 2.7 Sowing date; 2022_A: 2.7 Sowing date; 2022_B: 2.7 Sowing date; 2022_C: 2.7 Sowing date; 2023_A: 2.7 Sowing date; 2023_B: 2.7 Sowing date; 2023_C: 2.7 Sowing date; 2025_A: 2.7 Sowing date; 2025_B: 2.7 Sowing date,"{""11"": [""Other season (applicable for all crops)"", ""Other season (for perennial crops only)""], ""20"": [""Other season (applicable for all crops)"", ""Other season (for perennial crops only)""], ""18"": [""Between16 ?31/03"", ""Between16 \u201331/03""], ""26"": [""Other season"", ""Other season (applicable for all crops)""]}"
s2q8,Q.2.8 Expected period for crop harvesting,int8,"1=Before 01/12, 2=Between 01-15/12, 3=Between 16-31/12, 4=Between 01-15/01, 5=Between 16- 31/01 …",25,0,0,0,0,0,0,0,0,0,41313,35773,4283,41634,35869,3416,41589,36005,5818,39036,36546,3566,39330,35584,1949,34369,32920,1884,,"s2q8_v2 (2018_A_lsf, 2018_A_ssf, 2018_B_lsf, 2018_B_ssf, 2018_C_ssf, 2019_A, 2019_B, 2019_C), s2q8_v3 (2017_A_lsf, 2017_A_ssf, 2017_B_lsf, 2017_B_ssf, 2017_C_ssf)",2020_A: 2.8 Expected period for crop harvesting; 2020_B: 2.8 Expected period for crop harvesting; 2020_C: 2.8 Expected period for crop harvesting; 2021_A: 2.8 Expected period for crop harvesting; 2021_B: 2.8 Expected period for crop harvesting; 2021_C: 2.8 Expected period for crop harvesting; 2022_A: 2.8 Expected period for crop harvesting; 2022_B: 2.8 Expected period for crop harvesting; 2022_C: 2.8 Expected period for crop harvesting; 2023_A: 2.8 Expected period for crop harvesting; 2023_B: 2.8 Expected period for crop harvesting; 2023_C: 2.8 Expected period for crop harvesting; 2025_A: 2.8 Expected period for crop harvesting; 2025_B: 2.8 Expected period for crop harvesting,"{""8"": [""Other season (applicable  for all crops)"", ""Other season (for perennial crops only)""], ""18"": [""Other season (applicable for all crops)"", ""Other season (for perennial crops only)""], ""25"": [""Other season"", ""Other season (applicable for all crops)""]}"
s2q9,Q.2.9 Did you use improved seed for this crop in any of your plots in this seaso,int8,"1=Yes, 2=No",2,0,0,0,0,0,0,0,0,0,41312,35773,4283,41634,35869,3416,41589,36005,5818,39036,36546,3566,39330,35577,1949,34369,32920,1884,,"s2q9_v2 (2018_A_lsf, 2018_A_ssf, 2018_B_lsf, 2018_B_ssf, 2018_C_ssf, 2019_A, 2019_B, 2019_C), s2q9_v3 (2017_A_lsf, 2017_A_ssf, 2017_B_lsf, 2017_B_ssf, 2017_C_ssf)",2020_A: 2.9 Did you use improved seed for this crop in any; 2020_B: 2.9 Did you use improved seed for this crop in any; 2020_C: 2.9 Did you use improved seed for this crop in any; 2021_A: 2.9 Did you use improved seed for this crop in any; 2021_B: 2.9 Did you use improved seed for this crop in any; 2021_C: 2.9 Did you use improved seed for this crop in any; 2022_A: 2.9 Did you use improved seed for this crop in any; 2022_B: 2.9 Did you use improved seed for this crop in any; 2022_C: 2.9 Did you use improved seed for this crop in any; 2023_A: 2.9 Did you use improved seed for this crop in any; 2023_B: 2.9 Did you use improved seed for this crop in any; 2023_C: 2.9 Did you use improved seed for this crop in any; 2025_A: 2.9 Did you use improved seed for this crop in any; 2025_B: 2.9 Did you use improved seed for this crop in any,
s2q11,Q.2.11 Type of seeds sown in this plot,int8,"1=Traditional seeds, 2=Improved seeds, 3=1&2",3,0,0,0,0,0,0,0,0,0,41312,35757,4283,41634,35869,3416,41589,36005,5818,39036,36546,3566,39330,35577,1949,34369,32920,1884,,"s2q11_v2 (2017_A_lsf, 2017_A_ssf, 2017_B_lsf, 2017_B_ssf, 2017_C_ssf)",2020_A: 2.11 Type of seeds sown in this plot; 2020_B: 2.11 Type of seeds sown in this plot; 2020_C: 2.11 Type of seeds sown in this plot; 2021_A: 2.11 Type of seeds sown in this plot; 2021_B: 2.11 Type of seeds sown in this plot; 2021_C: 2.11 Type of seeds sown in this plot; 2022_A: 2.11 Type of seeds sown in this plot; 2022_B: 2.11 Type of seeds sown in this plot; 2022_C: 2.11 Type of seeds sown in this plot; 2023_A: 2.11 Type of seeds sown in this plot; 2023_B: 2.11 Type of seeds sown in this plot; 2023_C: 2.11 Type of seeds sown in this plot; 2025_A: 2.11 Type of seeds sown in this plot; 2025_B: 2.11 Type of seeds sown in this plot,
s2q12,Q.2.12 Is the seed sown in this plot for the current season?,int8,"1=Yes, 2=No",2,0,0,0,0,0,0,0,0,0,41312,35757,4283,41634,35869,3416,41589,36005,5818,39036,36546,3566,39330,35577,1949,34369,32920,1884,,"s2q12_v2 (2017_A_lsf, 2017_A_ssf, 2017_B_lsf, 2017_B_ssf, 2017_C_ssf, 2018_A_lsf, 2018_A_ssf, 2018_B_lsf, 2018_B_ssf, 2018_C_ssf, 2019_A, 2019_B, 2019_C)",2020_A: 2.12 Is the seed sown in this plot for the current; 2020_B: 2.12 Is the seed sown in this plot for the current; 2020_C: 2.12 Is the seed sown in this plot for the current; 2021_A: 2.12 Is the seed sown in this plot for the current; 2021_B: 2.12 Is the seed sown in this plot for the current; 2021_C: 2.12 Is the seed sown in this plot for the current; 2022_A: 2.12 Is the seed sown in this plot for the current; 2022_B: 2.12 Is the seed sown in this plot for the current; 2022_C: 2.12 Is the seed sown in this plot for the current; 2023_A: 2.12 Is the seed sown in this plot for the current; 2023_B: 2.12 Is the seed sown in this plot for the current; 2023_C: 2.12 Is the seed sown in this plot for the current; 2025_A: 2.12 Is the seed sown in this plot for the current; 2025_B: 2.12 Is the seed sown in this plot for the current,
s2q22_1,2.22 Explanation on crop production status,int8,"1=Drought, 2=Heavy rainfall/Hailstones, 3=Insufficient rainfall, 4=Insufficient/Lack of fertilizers, 5=Late sowing …",23,0,0,0,0,0,0,0,0,0,41313,35773,4283,41633,35869,3416,28167,24327,4462,0,0,0,0,0,0,0,0,0,,,2020_A: 2.22.1 Explanation on crop production status; 2020_B: 2.22.1 Explanation on crop production status; 2020_C: 2.22.1 Explanation on crop production status; 2021_A: 2.22.1 Explanation on crop production status; 2021_B: 2.22.1 Explanation on crop production status; 2021_C: 2.22.1 Explanation on crop production status; 2022_A: 2.22 Explanation on crop production status; 2022_B: 2.22 Explanation on crop production status,"{""4"": [""Insufficient/Lack of fertilizers"", ""insuffiicient/Lack of fertilizers""], ""9"": [""Crop destroyed by wild animals"", ""Diseases and pests""], ""10"": [""Diseases and pests"", ""Unfertile soil""], ""11"": [""Inappropriate seeds"", ""Unfertile soil""], ""12"": [""Good harvest as it was expected"", ""Inappropriate seeds""], ""13"": [""Biennial effect for coffee"", ""lack of improved seed""], ""14"": [""Strong winds"", ""lack of improved seed""], ""15"": [""Perennial crops not yet mature"", ""Strong winds""], ""16"": ["" Crop not yet mature"", ""Crop not yet mature"", ""Other reason (Specify)""], ""17"": [""Good weather"", ""Other reason (Specify)""], ""18"": [""Good weather"", ""Use of fertilizer""], ""19"": [""Sowing on time"", ""Use of fertilizer""], ""20"": [""Appropriate seeds"", ""Sowing on time""], ""21"": [""Appropriate seeds"", ""Good Agricultural practices""], ""22"": [""Biennial effect for coffee"", ""Good Agricultural practices""]}"
s2q22_2,2.22 Explanation on crop production status,int8,"1=Drought, 2=Heavy rainfall/Hailstones, 3=Insufficient rainfall, 4=Insufficient/Lack of fertilizers, 5=Late sowing …",23,0,0,0,0,0,0,0,0,0,16691,14140,1434,13553,14097,997,10445,8872,1705,0,0,0,0,0,0,0,0,0,,,2020_A: 2.22.2 Explanation on crop production status; 2020_B: 2.22.2 Explanation on crop production status; 2020_C: 2.22.2 Explanation on crop production status; 2021_A: 2.22.2 Explanation on crop production status; 2021_B: 2.22.2 Explanation on crop production status; 2021_C: 2.22.2 Explanation on crop production status; 2022_A: 2.22 Explanation on crop production status; 2022_B: 2.22 Explanation on crop production status,"{""4"": [""Insufficient/Lack of fertilizers"", ""insuffiicient/Lack of fertilizers""], ""9"": [""Crop destroyed by wild animals"", ""Diseases and pests""], ""10"": [""Diseases and pests"", ""Unfertile soil""], ""11"": [""Inappropriate seeds"", ""Unfertile soil""], ""12"": [""Good harvest as it was expected"", ""Inappropriate seeds""], ""13"": [""Biennial effect for coffee"", ""lack of improved seed""], ""14"": [""Strong winds"", ""lack of improved seed""], ""15"": [""Perennial crops not yet mature"", ""Strong winds""], ""16"": ["" Crop not yet mature"", ""Crop not yet mature"", ""Other reason (Specify)""], ""17"": [""Good weather"", ""Other reason (Specify)""], ""18"": [""Good weather"", ""Use of fertilizer""], ""19"": [""Sowing on time"", ""Use of fertilizer""], ""20"": [""Appropriate seeds"", ""Sowing on time""], ""21"": [""Appropriate seeds"", ""Good Agricultural practices""], ""22"": [""Biennial effect for coffee"", ""Good Agricultural practices""]}"
s2q22_3,2.22 Explanation on crop production status,int8,"1=Drought, 2=Heavy rainfall/Hailstones, 3=Insufficient rainfall, 4=Insufficient/Lack of fertilizers, 5=Late sowing …",23,0,0,0,0,0,0,0,0,0,4178,3215,383,2599,2665,171,2401,2045,362,0,0,0,0,0,0,0,0,0,,,2020_A: 2.22.3 Explanation on crop production status; 2020_B: 2.22.3 Explanation on crop production status; 2020_C: 2.22.3 Explanation on crop production status; 2021_A: 2.22.3 Explanation on crop production status; 2021_B: 2.22.3 Explanation on crop production status; 2021_C: 2.22.3 Explanation on crop production status; 2022_A: 2.22 Explanation on crop production status; 2022_B: 2.22 Explanation on crop production status,"{""4"": [""Insufficient/Lack of fertilizers"", ""insuffiicient/Lack of fertilizers""], ""9"": [""Crop destroyed by wild animals"", ""Diseases and pests""], ""10"": [""Diseases and pests"", ""Unfertile soil""], ""11"": [""Inappropriate seeds"", ""Unfertile soil""], ""12"": [""Good harvest as it was expected"", ""Inappropriate seeds""], ""13"": [""Biennial effect for coffee"", ""lack of improved seed""], ""14"": [""Strong winds"", ""lack of improved seed""], ""15"": [""Perennial crops not yet mature"", ""Strong winds""], ""16"": ["" Crop not yet mature"", ""Crop not yet mature"", ""Other reason (Specify)""], ""17"": [""Good weather"", ""Other reason (Specify)""], ""18"": [""Good weather"", ""Use of fertilizer""], ""19"": [""Sowing on time"", ""Use of fertilizer""], ""20"": [""Appropriate seeds"", ""Sowing on time""], ""21"": [""Appropriate seeds"", ""Good Agricultural practices""], ""22"": [""Biennial effect for coffee"", ""Good Agricultural practices""]}"
s2q37_v2,2.37 Quantity of production stored in public storage (kg),int16,,0,0,0,0,0,0,0,0,0,0,41313,35773,4283,41634,35869,3416,37208,34973,5818,0,0,0,0,0,0,0,0,0,,"s2q37 (2023_A, 2023_B, 2023_C, 2024_A, 2024_B, 2024_C, 2025_A, 2025_B, 2025_C), s2q37_v3 (2018_A_lsf, 2018_A_ssf, 2018_B_lsf, 2018_B_ssf, 2018_C_ssf, 2019_A, 2019_B, 2019_C)",,
s2q38_v2,2.38 On the total production of this crop what is the quantity that has been los,int32,,0,0,0,0,0,0,0,0,0,0,41313,35773,4283,41634,35869,3416,37208,34973,5818,0,0,0,0,0,0,0,0,0,,"s2q38 (2018_A_lsf, 2018_A_ssf, 2018_B_lsf, 2018_B_ssf, 2018_C_ssf, 2019_A, 2019_B, 2019_C, 2023_A, 2023_B, 2023_C, 2025_A, 2025_B), s2q38_v3 (2024_A, 2024_B, 2024_C, 2025_C)",2020_A: 2.38 On the total production of this crop what is ; 2020_B: 2.38 On the total production of this crop what is ; 2020_C: 2.38 On the total production of this crop what is ; 2021_A: 2.38 On the total production of this crop what is ; 2021_B: 2.38 On the total production of this crop what is ; 2021_C: 2.38 On the total production of this crop what is ; 2022_A: 2.38 Total qty of harvest that has been damaged/or; 2022_B: 2.38 Total qty of harvest that has been damaged/or; 2022_C: 2.38 On the total production of this crop what is ,
s2q39_v2,2.39. What was the quantity used in other forms?,int32,,0,0,0,0,0,0,0,0,0,0,41313,35773,4283,41634,35869,3416,0,0,5818,0,0,0,0,0,0,0,0,0,,"s2q39 (2022_A, 2022_B, 2023_A, 2023_B, 2023_C, 2024_A, 2024_B, 2024_C, 2025_C)",2020_A: 2.38. What was the quantity used in other forms?; 2020_B: 2.38. What was the quantity used in other forms?; 2020_C: 2.38. What was the quantity used in other forms?; 2021_A: 2.38. What was the quantity used in other forms?; 2021_B: 2.38. What was the quantity used in other forms?; 2021_C: 2.38. What was the quantity used in other forms?; 2022_C: 2.39. What was the quantity used in other forms?,
s2q40,2.40 What was the total quantity stolen ?(kg),double,,0,0,0,0,0,0,0,0,0,0,41313,35773,4283,41634,35869,3416,37208,34973,5818,0,0,0,0,0,0,0,0,0,,"s2q40_v2 (2023_A, 2023_B, 2023_C, 2024_A, 2024_B, 2024_C, 2025_C)",2022_A: 2.40 Pre_harvest loss: What was the total quantity; 2022_B: 2.40 Pre_harvest loss: What was the total quantity,
s2q41,2.40 What was the total quantity stolen ?(kg),double,,0,0,0,0,0,0,0,0,0,0,41313,35773,4283,41634,35869,3416,37208,34973,5818,34236,35323,3566,0,0,0,29941,31970,0,,"s2q41_v2 (2024_A, 2024_B, 2024_C, 2025_C)",2020_A: 2.41 What was the total quantity damaged by insect; 2020_B: 2.41 What was the total quantity damaged by insect; 2020_C: 2.41 What was the total quantity damaged by insect; 2021_A: 2.41 What was the total quantity damaged by insect; 2021_B: 2.41 What was the total quantity damaged by insect; 2021_C: 2.41 What was the total quantity damaged by insect; 2022_A: 2.41 Pre-harvest loss: Total qty damaged by insect; 2022_B: 2.41 Pre-harvest loss: Total qty damaged by insect; 2022_C: 2.41 What was the total quantity damaged by insect; 2023_A: 2.41 What was the total quantity stollen ? (kg); 2023_B: 2.41 What was the total quantity stollen ? (kg); 2023_C: 2.41 What was the total quantity stollen ? (kg),
s2q42,2.41 What was the total quantity damaged by insects or pests?(kg),double,,0,0,0,0,0,0,0,0,0,0,41313,35773,4283,41634,35869,3416,37208,34973,5818,34236,35323,3566,0,0,0,29941,31970,0,,"s2q42_v2 (2024_A, 2024_B, 2024_C, 2025_C)",2020_A: 2.42 What was the total quantity lost due to birds; 2020_B: 2.42 What was the total quantity lost due to birds; 2020_C: 2.42 What was the total quantity lost due to birds; 2021_A: 2.42 What was the total quantity lost due to birds; 2021_B: 2.42 What was the total quantity lost due to birds; 2021_C: 2.42 What was the total quantity lost due to birds; 2022_A: 2.42 Pre-harvest loss: Total qty damaged by birds/; 2022_B: 2.42 Pre-harvest loss: Total qty damaged by birds/; 2022_C: 2.42 What was the total quantity lost due to birds; 2023_A: 2.42 What was the total quantity damaged by insect; 2023_B: 2.42 What was the total quantity damaged by insect; 2023_C: 2.42 What was the total quantity damaged by insect,
s2q43,2.42 What was the total quantity lost due to birds or other animals?(kg),double,,0,0,0,0,0,0,0,0,0,0,41313,35773,4283,41634,35869,3416,37208,34973,5818,34236,35323,3566,0,0,0,29941,31970,0,,"s2q43_v2 (2024_A, 2024_B, 2024_C, 2025_C)",2020_A: 2.43 What was the total quantity of Stalks fallen ; 2020_B: 2.43 What was the total quantity of Stalks fallen ; 2020_C: 2.43 What was the total quantity of Stalks fallen ; 2021_A: 2.43 What was the total quantity of Stalks fallen ; 2021_B: 2.43 What was the total quantity of Stalks fallen ; 2021_C: 2.43 What was the total quantity of Stalks fallen ; 2022_A: 2.43 Pre-harvest loss: Total qty of stalks fallen ; 2022_B: 2.43 Pre-harvest loss: Total qty of stalks fallen ; 2022_C: 2.43 What was the total quantity of Stalks fallen ; 2023_A: 2.43 What was the total quantity lost due to birds; 2023_B: 2.43 What was the total quantity lost due to birds; 2023_C: 2.43 What was the total quantity lost due to birds,
s2q44,2.43 What was the total quantity of Stalks fallen to the ground?(kg),double,,0,0,0,0,0,0,0,0,0,0,41313,35773,4283,41634,35869,3416,37208,34973,5818,34236,35323,3566,0,0,0,29941,31970,0,,"s2q44_v2 (2024_A, 2024_B, 2024_C, 2025_C)",2020_A: 2.44 What was the total quantity lost during harve; 2020_B: 2.44 What was the total quantity lost during harve; 2020_C: 2.44 What was the total quantity lost during harve; 2021_A: 2.44 What was the total quantity lost during harve; 2021_B: 2.44 What was the total quantity lost during harve; 2021_C: 2.44 What was the total quantity lost during harve; 2022_A: 2.44 Pre-harvest loss: Total qty lost during harve; 2022_B: 2.44 Pre-harvest loss: Total qty lost during harve; 2022_C: 2.44 What was the total quantity lost during harve; 2023_A: 2.44 What was the total quantity of Stalks fallen ; 2023_B: 2.44 What was the total quantity of Stalks fallen ; 2023_C: 2.44 What was the total quantity of Stalks fallen ,
s2q45,2.44 What was the total quantity lost during harvesting?(kg),double,,0,0,0,0,0,0,0,0,0,0,41313,35773,4283,41634,35869,3416,37208,34973,5818,34236,35323,3566,0,0,0,29941,31970,0,,"s2q45_v2 (2024_A, 2024_B, 2024_C, 2025_C)",2020_A: 2.45 What was the total quantity lost in transport; 2020_B: 2.45 What was the total quantity lost in transport; 2020_C: 2.45 What was the total quantity lost in transport; 2021_A: 2.45 What was the total quantity lost in transport; 2021_B: 2.45 What was the total quantity lost in transport; 2021_C: 2.45 What was the total quantity lost in transport; 2022_A: 2.45 Post-harvest loss: Total qty lost in the tran; 2022_B: 2.45 Post-harvest loss: Total qty lost in the tran; 2022_C: 2.45 What was the total quantity lost in transport; 2023_A: 2.45 What was the total quantity lost during harve; 2023_B: 2.45 What was the total quantity lost during harve; 2023_C: 2.45 What was the total quantity lost during harve,
s2q46,Q.2.46 Qty of crop production lost in the transport of produce?(kg),double,,0,0,0,0,0,0,0,0,0,0,41313,35773,4283,41634,35869,3416,37208,34973,5818,34236,35323,3566,34349,34679,1949,29941,31970,1884,,,2020_A: 2.46 What was the total quantity lost at storage?(; 2020_B: 2.46 What was the total quantity lost at storage?(; 2020_C: 2.46 What was the total quantity lost at storage?(; 2021_A: 2.46 What was the total quantity lost at storage?(; 2021_B: 2.46 What was the total quantity lost at storage?(; 2021_C: 2.46 What was the total quantity lost at storage?(; 2022_A: 2.46 Post-harvest loss: Total qty lost in storage ; 2022_B: 2.46 Post-harvest loss: Total qty lost in storage ; 2022_C: 2.46 What was the total quantity lost at storage?(; 2023_A: 2.46 What was the total quantity lost in transport; 2023_B: 2.46 What was the total quantity lost in transport; 2023_C: 2.46 What was the total quantity lost in transport; 2025_A: 2.45 What was the total quantity lost in transport; 2025_B: 2.45 What was the total quantity lost in transport,
s2q47,2.46 What was the total quantity lost at storage?(kg),double,,0,0,0,0,0,0,0,0,0,0,41313,35773,4283,41634,35869,3416,37208,34973,5818,34236,35323,3566,0,0,0,29941,31970,0,,"s2q47_v2 (2024_A, 2024_B, 2024_C, 2025_C)",2020_A: 2.47 What was the total quantity lost during proce; 2020_B: 2.47 What was the total quantity lost during proce; 2020_C: 2.47 What was the total quantity lost during proce; 2021_A: 2.47 What was the total quantity lost during proce; 2021_B: 2.47 What was the total quantity lost during proce; 2021_C: 2.47 What was the total quantity lost during proce; 2022_A: 2.47 Post-harvest loss: Total qty lost during proc; 2022_B: 2.47 Post-harvest loss: Total qty lost during proc; 2022_C: 2.47 What was the total quantity lost during proce; 2023_A: 2.47 What was the total quantity lost at storage? ; 2023_B: 2.47 What was the total quantity lost at storage? ; 2023_C: 2.47 What was the total quantity lost at storage? ,
s2q48,Q.2.48 Qty lost during harvest processing? (kg),double,,0,0,0,0,0,0,0,0,0,0,41313,35773,4283,41634,35869,3416,37208,34973,5818,34236,35323,3566,34349,34679,1949,29941,31970,1884,,,2020_A: 2.48 What was the total quantity lost during packa; 2020_B: 2.48 What was the total quantity lost during packa; 2020_C: 2.48 What was the total quantity lost during packa; 2021_A: 2.48 What was the total quantity lost during packa; 2021_B: 2.48 What was the total quantity lost during packa; 2021_C: 2.48 What was the total quantity lost during packa; 2022_A: 2.48 Post-harvest loss: Total qty lost during pack; 2022_B: 2.48 Post-harvest loss: Total qty lost during pack; 2022_C: 2.48 What was the total quantity lost during packa; 2023_A: 2.48 What was the total quantity lost during proce; 2023_B: 2.48 What was the total quantity lost during proce; 2023_C: 2.48 What was the total quantity lost during proce; 2025_A: 2.47 What was the total quantity lost during proce; 2025_B: 2.47 What was the total quantity lost during proce,
s2q49,Q.2.49 Qty of harvest lost during packaging? (kg),double,,0,0,0,0,0,0,0,0,0,0,41313,35773,4283,41634,35869,3416,37208,34973,5818,34236,35323,3566,34349,34679,1949,29941,31970,1884,,,2020_A: 2.49 What was the total quantity lost at sales?(kg; 2020_B: 2.49 What was the total quantity lost at sales?(kg; 2020_C: 2.49 What was the total quantity lost at sales?(kg; 2021_A: 2.49 What was the total quantity lost at sales?(kg; 2021_B: 2.49 What was the total quantity lost at sales?(kg; 2021_C: 2.49 What was the total quantity lost at sales?(kg; 2022_A: 2.49 Post-harvest loss: Total qty lost at sales (k; 2022_B: 2.49 Post-harvest loss: Total qty lost at sales (k; 2022_C: 2.49 What was the total quantity lost at sales?(kg; 2023_A: 2.49 What was the total quantity lost during packa; 2023_B: 2.49 What was the total quantity lost during packa; 2023_C: 2.49 What was the total quantity lost during packa; 2025_A: 2.48 What was the total quantity lost during packa; 2025_B: 2.48 What was the total quantity lost during packa,
crop_area,Developped crop area in ha,double,,0,0,0,0,0,0,0,0,0,0,41313,35773,4283,41634,35869,3416,0,0,0,0,0,0,0,0,0,0,0,0,,,,
cropcategory,Q.2.4 Crop name,int16,"1=Maize, 2=Sorghum, 3=Paddy rice, 4=Wheat, 5=Other cereals …",36,0,0,0,0,0,0,0,0,0,41313,35773,4283,41634,35869,3416,41589,36005,5818,39038,36546,3566,39330,35584,1949,34369,32920,1884,,,2020_A: Crop Category; 2020_B: Crop Category; 2020_C: Crop Category; 2021_A: Crop Category; 2021_B: Crop Category; 2021_C: Crop Category; 2022_A: 2.4 Crop name; 2022_B: 2.4 Crop name; 2022_C: 2.4 Crop name; 2023_A: 2.4 Crop name; 2023_B: 2.4 Crop name; 2023_C: 2.4 Crop name; 2025_A: 2.4 Crop name; 2025_B: 2.4 Crop name,"{""6"": [""Fruits"", ""Sweet potato""], ""7"": [""Irish potato"", ""Vegetables""], ""8"": [""Other crops"", ""Taro & Yams""], ""9"": [""Cassava"", ""Other cereals""], ""10"": [""Bush bean"", ""Taro & Yams""], ""11"": [""Climbing bean"", ""Fodder crops""]}"
q_2_22_1,2.22 Explanation on crop production status,string,,0,28484,27120,1907,18255,19576,1462,32906,30493,1667,41313,35773,4283,41634,35869,3416,41589,36005,5818,39038,36546,3566,39330,35584,1949,34369,32920,1884,,,,
finalplot_weight,Plot weight,double,,0,0,0,0,0,0,0,0,0,0,0,0,0,41541,0,0,0,0,0,0,0,0,0,0,0,0,0,0,,,,
s5q13,What are the consequences of covid-19 on your agriculture activities from season,string,,0,28484,27120,1907,18255,19576,1462,32906,30493,1667,41313,35773,4283,41634,35869,3416,41589,36005,5818,39038,36546,3566,39330,35584,1949,34369,32920,1884,,,,
s5q13_o,Other COVID 19 impacts,string,,0,28484,27120,1907,18255,19576,1462,32906,30493,1667,41313,35773,4283,41634,35869,3416,41589,36005,5818,39038,36546,3566,39330,35584,1949,34369,32920,1884,,,,
q_1_16_o,1.16 Relationship of respondent to the farmer,string,,0,28484,27120,1907,18255,19576,1462,32906,30493,1667,41313,35773,4283,41634,35869,3416,41589,36005,5818,39038,36546,3566,39330,35584,1949,34369,32920,1884,,,,
s1q14,1.14 Did the farmer respond him/herself?,int8,"1=Yes, 2=No",2,0,0,0,0,0,0,0,0,0,0,0,0,0,0,0,41589,36005,5818,0,36542,3566,39330,35579,1949,0,0,0,,"s1q14_v2 (2025_A, 2025_B, 2025_C), s1q14_v3 (2023_A)",,
s1q17,1.17 Relationship of respondent to the farmer,int8,"1=Spouse, 2=Adopted child, 3=Child, 4=Relative, 5=Parent …",8,0,0,0,0,0,0,0,0,0,0,0,0,0,0,0,11236,9907,1013,10108,9515,550,0,10298,427,0,0,0,,,2023_A: 1.16 Relationship of respondent to the farmer,
s1q17_o,1.17 Other Relationship of respondent to the farmer,string,,0,28484,27120,1907,18255,19576,1462,32906,30493,1667,41313,35773,4283,41634,35869,3416,41589,36005,5818,39038,36546,3566,39330,35584,1949,34369,32920,1884,,,2023_A: 1.16 Relationship of respondent to the farmer,
s3q2_1,3.2.1 Crop proportion (in %),double,,0,0,0,0,0,0,0,0,0,0,0,0,0,0,0,0,41589,36005,5818,39038,36546,3566,0,0,0,0,0,0,,,,
s3q2_2,3.2.2 Crop proportion code,int8,"1=10% -20%, 2=21%-30%, 3=31%-40%, 4=41%-50%, 5=51%-60% …",9,0,0,0,0,0,0,0,0,0,0,0,0,0,0,0,41589,36005,5818,39038,36546,3566,0,0,0,0,0,0,,,,
s3q3_1,3.3.1 Crop density (in %),double,,0,0,0,0,0,0,0,0,0,0,0,0,0,0,0,0,41589,36005,5818,39038,36546,3566,0,0,0,0,0,0,,,,
s3q3_2,3.3.2 Crop Density code,int8,"1=10% 20%, 2=21%-30%, 3=31%-40%, 4=41%-50%, 5=51%-60% …",10,0,0,0,0,0,0,0,0,0,0,0,0,0,0,0,41589,36005,5818,39038,36546,3566,0,0,0,0,0,0,,,,
s2q10_o,"Q.2.10 Where did improved seeds sown come from?, (specify)",string,,0,28484,27120,1907,18255,19576,1462,32906,30493,1667,41313,35773,4283,41634,35869,3416,41589,36005,5818,39038,36546,3566,39330,35584,1949,34369,32920,1884,,,2022_C: 2.10 Where did improved seeds sown come from?; 2023_A: 2.10 Where did improved seeds sown come from?; 2023_B: 2.10 Where did improved seeds sown come from?,
s2q19_1,Q.2.19 Unit of measurement,double,"1=Kg, 2=Stems/leaves, 3=Bundle/Bulk, 4=Pieces/Numbers",4,0,0,0,0,0,0,0,0,0,0,0,0,0,0,0,37194,34983,5818,34229,35323,3566,34349,34679,1949,29923,31970,1884,,,2022_A: 2.19 Unit of measurement; 2022_B: 2.19 Unit of measurement; 2022_C: 2.19 Unit of measurement; 2023_A: 2.19 Quantity already harvested in measurement uni; 2023_B: 2.19 Quantity already harvested in measurement uni; 2023_C: 2.19 Quantity already harvested in measurement uni; 2025_B: 2.19 Local unit of measurement,
s2q19_3,Q.2.19 Quantity already harvested (in Kg),double,,0,0,0,0,0,0,0,0,0,0,0,0,0,0,0,0,37208,34973,5818,34227,35323,3566,34349,34678,1949,29941,31970,1884,,,2022_A: 2.19 Quantity already harvested (in Kg); 2022_B: 2.19 Quantity already harvested (in Kg); 2022_C: 2.19 Quantity already harvested (in Kg); 2023_A: 2.19 Quantity already harvested (in Kg); 2023_B: 2.19 Quantity already harvested (in Kg); 2023_C: 2.19 Quantity already harvested (in Kg); 2025_A: 2.19 Quantity already harvested (in Kg); 2025_B: 2.19 Quantity already harvested (in Kg),
s2q20_2,Q.2.20 Remaining quantity to be harvested(in Kg),double,,0,0,0,0,0,0,0,0,0,0,0,0,0,0,0,0,37208,34973,5818,34229,35323,3566,34349,34678,1949,29941,31970,1884,,,2022_A: 2.20 Remaining quantity to be harvested(in Kg); 2022_B: 2.20 Remaining quantity to be harvested(in Kg); 2022_C: 2.20 Remaining quantity to be harvested(in Kg); 2023_A: 2.20 Remaining quantity to be harvested(in Kg); 2023_B: 2.20 Remaining quantity to be harvested(in Kg); 2023_C: 2.20 Remaining quantity to be harvested(in Kg); 2025_A: 2.20 Remaining quantity to be harvested(in Kg); 2025_B: 2.20 Remaining quantity to be harvested(in Kg),
s2q22_status,2.22 How do you compare the production of this crop in this season and its produ,int8,"1=Was highly increased, 2=Was increased, 3=No change, 4=Was decreased, 5=Was highly decreased …",7,0,0,0,0,0,0,0,0,0,0,0,0,0,0,0,35458,32831,5678,0,0,0,0,0,0,0,0,0,,,2022_A: 2.22 How can you compare the harvest in this seaso; 2022_B: 2.22 How can you compare the harvest in this seaso,
s2q22_3_o,2.22 Explanation on crop production status,string,,0,28484,27120,1907,18255,19576,1462,32906,30493,1667,41313,35773,4283,41634,35869,3416,41589,36005,5818,39038,36546,3566,39330,35584,1949,34369,32920,1884,,,,
s2q22_disease,2.22_2 Specify disease or pest,string,,0,28484,27120,1907,18255,19576,1462,32906,30493,1667,41313,35773,4283,41634,35869,3416,41589,36005,5818,39038,36546,3566,39330,35584,1949,34369,32920,1884,,,2022_A: 2.22 Explanation on crop production status-specify; 2022_B: 2.22 Explanation on crop production status-specify,
s2q24_v3,2.24 Total qty of harvest transformed/to be transformed by the farmer (kg),double,,0,0,0,0,0,0,0,0,0,0,0,0,0,0,0,0,37208,34973,0,0,0,0,0,0,0,0,0,0,,"s2q24 (2018_A_lsf, 2018_A_ssf, 2018_B_lsf, 2018_B_ssf, 2018_C_ssf, 2019_A, 2019_B, 2019_C, 2020_A, 2020_B, 2020_C, 2021_A, 2021_B, 2021_C, 2022_C), s2q24_v2 (2017_A_lsf, 2017_A_ssf, 2017_B_lsf, 2017_B_ssf, 2017_C_ssf)",,
s2q25_v3,Q.2.25 Qty of production transformed/to be transformed (Kg),int32,,0,0,0,0,0,0,0,0,0,0,0,0,0,0,0,0,37208,34973,0,0,0,0,33648,34628,1936,0,0,1884,,"s2q25 (2018_A_lsf, 2018_A_ssf, 2018_B_lsf, 2018_B_ssf, 2018_C_ssf, 2019_A, 2019_B, 2019_C, 2020_A, 2020_B, 2020_C, 2021_A, 2021_B, 2021_C, 2022_C, 2023_C), s2q25_v2 (2017_A_lsf, 2017_A_ssf, 2017_B_lsf, 2017_B_ssf, 2017_C_ssf, 2023_A, 2023_B, 2025_A, 2025_B)",2022_A: 2.25 Total qty of harvest that has been sold/to be; 2022_B: 2.25 Total qty of harvest that has been sold/to be; 2024_A: Q.2.25 Qty of production transformed/to be transfo; 2024_B: Q.2.25 Qty of production transformed/to be transfo; 2024_C: Q.2.25 Qty of production transformed/to be transfo; 2025_C: Q.2.25 Qty of production transformed/to be transfo,
s2q26_0, 2.26 On which market this crop was sold?,string,,0,28484,27120,1907,18255,19576,1462,32906,30493,1667,41313,35773,4283,41634,35869,3416,41589,36005,5818,39038,36546,3566,39330,35584,1949,34369,32920,1884,,,,
s2q29_v2,Q.2.29 Qty that has been used/to be used by the household (auto consumption)? (K,int32,,0,0,0,0,0,0,0,0,0,0,0,0,0,0,0,0,37208,34973,0,0,0,0,34349,34679,1949,0,0,1884,,"s2q29 (2018_A_lsf, 2018_A_ssf, 2018_B_lsf, 2018_B_ssf, 2018_C_ssf, 2019_A, 2019_B, 2019_C, 2020_A, 2020_B, 2020_C, 2021_A, 2021_B, 2021_C, 2022_C, 2023_A, 2023_B, 2023_C, 2025_A, 2025_B)",2022_A: 2.29 Total qty of harvest that has been/will be us; 2022_B: 2.29 Total qty of harvest that has been/will be us; 2024_A: Q.2.29 Qty that has been used/to be used by the ho; 2024_B: Q.2.29 Qty that has been used/to be used by the ho; 2024_C: Q.2.29 Qty that has been used/to be used by the ho; 2025_C: Q.2.29 Qty that has been used/to be used by the ho,
s2q31_v2,2.31 Total qty of harvest that has been/will be given to others as gift(kg),int32,,0,0,0,0,0,0,0,0,0,0,0,0,0,0,0,0,37208,34973,0,0,0,0,0,0,0,0,0,0,,"s2q31 (2018_A_lsf, 2018_A_ssf, 2018_B_lsf, 2018_B_ssf, 2018_C_ssf, 2019_A, 2019_B, 2019_C, 2020_A, 2020_B, 2020_C, 2021_A, 2021_B, 2021_C, 2022_C, 2023_A, 2023_B, 2023_C, 2024_A, 2024_B, 2024_C, 2025_A, 2025_B, 2025_C)",,
s2q32_v3,2.32 What is the quantity that has been offered as donation ?(Kg),int32,,0,0,0,0,0,0,0,0,0,0,0,0,0,0,0,0,37208,34973,0,34236,35323,3566,0,0,0,0,0,0,,"s2q32 (2018_A_lsf, 2018_A_ssf, 2018_B_lsf, 2018_B_ssf, 2018_C_ssf, 2019_A, 2019_B, 2019_C, 2020_A, 2020_B, 2020_C, 2021_A, 2021_B, 2021_C, 2022_C), s2q32_v2 (2024_A, 2024_B, 2024_C, 2025_A, 2025_B, 2025_C)",2022_A: 2.32 Total qty of harvest that has been/will be ex; 2022_B: 2.32 Total qty of harvest that has been/will be ex; 2023_A: 2.32 What is the quantity that has been offered as; 2023_B: 2.32 What is the quantity that has been offered as; 2023_C: 2.32 What is the quantity that has been offered as,
s2q34_v2,Q.2.34 Qty of production used/to be used as seeds?(Kg),int32,,0,0,0,0,0,0,0,0,0,0,0,0,0,0,0,0,37208,34973,0,0,0,0,34349,34679,1949,29941,31970,1884,,"s2q34 (2018_A_lsf, 2018_A_ssf, 2018_B_lsf, 2018_B_ssf, 2018_C_ssf, 2019_A, 2019_B, 2019_C, 2020_A, 2020_B, 2020_C, 2021_A, 2021_B, 2021_C, 2022_C, 2023_A, 2023_B, 2023_C)",2022_A: 2.34 Total qty of harvest that has been/will be us; 2022_B: 2.34 Total qty of harvest that has been/will be us; 2024_A: Q.2.34 Qty of production used/to be used as seeds?; 2024_B: Q.2.34 Qty of production used/to be used as seeds?; 2024_C: Q.2.34 Qty of production used/to be used as seeds?; 2025_A: 2.34. Qty of production to be used/reserved as see; 2025_B: 2.34. Qty of production to be used/reserved as see; 2025_C: Q.2.34 Qty of production used/to be used as seeds?,
s2q35_v2,Q.2.35 Qty of production used/to be used as fodder?(Kg),int32,,0,0,0,0,0,0,0,0,0,0,0,0,0,0,0,0,37208,34973,0,0,0,0,34349,34679,1949,0,0,1884,,"s2q35 (2018_A_lsf, 2018_A_ssf, 2018_B_lsf, 2018_B_ssf, 2018_C_ssf, 2019_A, 2019_B, 2019_C, 2020_A, 2020_B, 2020_C, 2021_A, 2021_B, 2021_C, 2022_C, 2023_A, 2023_B, 2023_C), s2q35_v3 (2025_A, 2025_B)",2022_A: 2.35 Total qty of harvest that has been/will be ke; 2022_B: 2.35 Total qty of harvest that has been/will be ke; 2024_A: Q.2.35 Qty of production used/to be used as fodder; 2024_B: Q.2.35 Qty of production used/to be used as fodder; 2024_C: Q.2.35 Qty of production used/to be used as fodder; 2025_C: Q.2.35 Qty of production used/to be used as fodder,
s2q36_o,2.36 What is the storage facility used during this agricultural season?,string,,0,28484,27120,1907,18255,19576,1462,32906,30493,1667,41313,35773,4283,41634,35869,3416,41589,36005,5818,39038,36546,3566,39330,35584,1949,34369,32920,1884,,,,
s2q39,Q.2.39 Qty of this crop what is the quantity that has been lost?,int32,,0,0,0,0,0,0,0,0,0,0,0,0,0,0,0,0,37208,34973,0,34236,35323,3566,34349,34679,1949,0,0,1884,,"s2q39_v2 (2020_A, 2020_B, 2020_C, 2021_A, 2021_B, 2021_C, 2022_C)",2022_A: 2.39 Total qty of harvest that has been/will be us; 2022_B: 2.39 Total qty of harvest that has been/will be us; 2023_A: 2.39 What was the quantity that has been lost?; 2023_B: 2.39 What was the quantity that has been lost?; 2023_C: 2.39 What was the quantity that has been lost?,
harv_area,2.2.ii  Harvested crop area,double,,0,0,0,0,0,0,0,0,0,0,0,0,0,0,0,0,37243,34985,0,34234,35323,0,0,0,0,0,0,0,,,,
sold_ratio,,double,,0,0,0,0,0,0,0,0,0,0,0,0,0,0,0,0,36279,34753,5780,0,0,0,0,0,0,0,0,0,,,,
consum_ratio,,double,,0,0,0,0,0,0,0,0,0,0,0,0,0,0,0,0,36279,34753,5780,0,0,0,0,0,0,0,0,0,,,,
wage_ratio,,double,,0,0,0,0,0,0,0,0,0,0,0,0,0,0,0,0,36279,34753,5780,0,0,0,0,0,0,0,0,0,,,,
rent_ratio,,double,,0,0,0,0,0,0,0,0,0,0,0,0,0,0,0,0,36279,34753,5780,0,0,0,0,0,0,0,0,0,,,,
gift_ratio,,double,,0,0,0,0,0,0,0,0,0,0,0,0,0,0,0,0,36279,34753,5780,0,0,0,0,0,0,0,0,0,,,,
exchanged_ratio,,double,,0,0,0,0,0,0,0,0,0,0,0,0,0,0,0,0,36279,34753,5780,0,0,0,0,0,0,0,0,0,,,,
seed_ratio,,double,,0,0,0,0,0,0,0,0,0,0,0,0,0,0,0,0,36279,34753,5780,0,0,0,0,0,0,0,0,0,,,,
feed_ratio,,double,,0,0,0,0,0,0,0,0,0,0,0,0,0,0,0,0,36279,34753,5780,0,0,0,0,0,0,0,0,0,,,,
stock_ratio,,double,,0,0,0,0,0,0,0,0,0,0,0,0,0,0,0,0,36279,34753,5780,0,0,0,0,0,0,0,0,0,,,,
lost_ratio,,double,,0,0,0,0,0,0,0,0,0,0,0,0,0,0,0,0,36279,34753,5780,0,0,0,0,0,0,0,0,0,,,,
other_ratio,,double,,0,0,0,0,0,0,0,0,0,0,0,0,0,0,0,0,36279,34753,5780,0,0,0,0,0,0,0,0,0,,,,
yield,individual crop yield at plot level,double,,0,0,0,0,0,0,0,0,0,0,0,0,0,0,0,0,37208,34985,5818,34198,35323,3566,0,0,0,29938,31970,0,,yield_v2 (2025_C),2022_A: individual crop yiedl at plot level; 2022_B: individual crop yiedl at plot level; 2022_C: individual crop yield at plot level; 2023_A: individual crop yiedl at plot level; 2023_B: individual crop yiedl at plot level; 2023_C: individual crop yield at plot level,
post_harvest,,double,,0,0,0,0,0,0,0,0,0,0,0,0,0,0,0,0,37208,34973,5818,0,0,0,0,0,0,0,0,0,,,,
production_harvestinglos,,double,,0,0,0,0,0,0,0,0,0,0,0,0,0,0,0,0,37208,34973,5818,0,0,0,0,0,0,0,0,0,,,,
harvesting_ratio,,double,,0,0,0,0,0,0,0,0,0,0,0,0,0,0,0,0,36279,34753,5780,0,0,0,0,0,0,0,0,0,,,,
transport_ratio,,double,,0,0,0,0,0,0,0,0,0,0,0,0,0,0,0,0,36279,34753,5780,0,0,0,0,0,0,0,0,0,,,,
storage_ratio,,double,,0,0,0,0,0,0,0,0,0,0,0,0,0,0,0,0,36279,34753,5780,0,0,0,0,0,0,0,0,0,,,,
processing_ratio,,double,,0,0,0,0,0,0,0,0,0,0,0,0,0,0,0,0,36279,34753,5780,0,0,0,0,0,0,0,0,0,,,,
packaging_ratio,,double,,0,0,0,0,0,0,0,0,0,0,0,0,0,0,0,0,36279,34753,5780,0,0,0,0,0,0,0,0,0,,,,
sales_ratio,,double,,0,0,0,0,0,0,0,0,0,0,0,0,0,0,0,0,36279,34753,5780,0,0,0,0,0,0,0,0,0,,,,
aweight,,double,,0,0,0,0,0,0,0,0,0,0,0,0,0,0,0,0,37208,34973,5818,0,0,0,0,0,0,0,0,0,,,,
s2q26_o,2.26 On which market this crop was sold?,string,,0,28484,27120,1907,18255,19576,1462,32906,30493,1667,41313,35773,4283,41634,35869,3416,41589,36005,5818,39038,36546,3566,39330,35584,1949,34369,32920,1884,,,,
s1q14_v3,Is the farmer himself who is responding?,int8,"1=Yes, 2=No",2,0,0,0,0,0,0,0,0,0,0,0,0,0,0,0,0,0,0,39018,0,0,0,0,0,0,0,0,,"s1q14 (2022_A, 2022_B, 2022_C, 2023_B, 2023_C, 2024_A, 2024_B, 2024_C), s1q14_v2 (2025_A, 2025_B, 2025_C)",,
q_3_5_1,3.5 Was this crop planted in this season?,int8,"1=Yes, 2=No",2,0,0,0,0,0,0,0,0,0,0,0,0,0,0,0,0,0,0,39038,36546,0,0,0,0,0,0,0,,,,
q_3_6_1,3.6 Will this crop be harvested in this season?,int8,"1=Yes, 2=No",2,0,0,0,0,0,0,0,0,0,0,0,0,0,0,0,0,0,0,39038,36546,0,0,0,0,0,0,0,,,,
s2q17_v2,1.17. Relationship of respondent to the farmer,double,,0,0,0,0,0,0,0,0,0,0,0,0,0,0,0,0,0,0,0,5461,3030,553,0,0,0,0,0,0,,"s2q17 (2017_A_lsf, 2017_A_ssf, 2017_B_lsf, 2017_B_ssf, 2017_C_ssf, 2018_A_lsf, 2018_A_ssf, 2018_B_lsf, 2018_B_ssf, 2018_C_ssf, 2019_A, 2019_B, 2019_C, 2020_A, 2020_B, 2020_C, 2021_A, 2021_B, 2021_C, 2022_A, 2022_B, 2022_C, 2024_A, 2024_B, 2024_C, 2025_A, 2025_B, 2025_C)",,
s2q19_2,Q.2.19 Quantity already harvested in measurement unit,double,"1=Kg, 2=Stems/leaves, 3=Bundle/Bulk, 4=Pieces/Numbers",4,0,0,0,0,0,0,0,0,0,0,0,0,0,0,0,0,0,0,34229,35323,3566,34349,34678,1949,29940,31970,1884,,,2023_A: 2.19. Unit of measurement for quantity harvested t; 2023_B: 2.19. Unit of measurement for quantity harvested t; 2023_C: 2.19. Unit of measurement for quantity harvested t; 2025_A: 2.19 Quantity already harvested in measurement uni; 2025_B: 2.19 Quantity already harvested in measurement uni,
s2q20_1,Q.2.20 Remaining quantity to be harvested in measurement unit,double,,0,0,0,0,0,0,0,0,0,0,0,0,0,0,0,0,0,0,0,34229,35323,3566,34349,34678,1949,29941,31970,1884,,,2023_A: 2.20 Remaining quantity to be harvested in measure; 2023_B: 2.20 Remaining quantity to be harvested in measure; 2023_C: 2.20 Remaining quantity to be harvested in measure; 2025_B: 2.20 Remaining quantity to be harvested in measure,
s2q22_v3,2.23 What was the total quantity  produced/to be produced by this crop during th,int32,,0,0,0,0,0,0,0,0,0,0,0,0,0,0,0,0,0,0,0,34236,35323,0,0,0,0,29941,31970,0,,"s2q22 (2018_A_lsf, 2018_A_ssf, 2018_B_lsf, 2018_B_ssf, 2018_C_ssf, 2019_A, 2019_B, 2019_C, 2021_A, 2021_B, 2021_C), s2q22_v2 (2017_A_lsf, 2017_A_ssf, 2017_B_lsf, 2017_B_ssf, 2017_C_ssf, 2023_C, 2024_A, 2024_B, 2024_C, 2025_C)",2023_A: What was the total quantity  produced/to be produc; 2023_B: What was the total quantity  produced/to be produc; 2025_A: 2.23 What was the total quantity  produced/to be p; 2025_B: 2.23 What was the total quantity  produced/to be p,
s2q23_v2,2.22 How do you compare the production of this crop in this season and its produ,int8,"1=Was highly increased, 2=Was increased, 3=No change, 4=Was decreased, 5=Was highly decreased …",7,0,0,0,0,0,0,0,0,0,0,0,0,0,0,0,0,0,0,31838,32971,3495,0,0,0,29941,31970,0,,"s2q23 (2018_A_lsf, 2018_A_ssf, 2018_B_lsf, 2018_B_ssf, 2018_C_ssf, 2019_A, 2019_B, 2019_C, 2020_A, 2020_B, 2020_C, 2021_A, 2021_B, 2021_C, 2022_A, 2022_B, 2022_C), s2q23_v3 (2017_A_lsf, 2017_A_ssf, 2017_B_lsf, 2017_B_ssf, 2017_C_ssf), s2q23_v4 (2024_A, 2024_B, 2024_C, 2025_C)",2023_A: 2.23. How can you compare the production of the cu; 2023_B: 2.23. How can you compare the production of the cu; 2023_C: 2.23. How can you compare the production of the cu; 2025_A: 2.22 How do you compare the production of this cro; 2025_B: 2.22 How do you compare the production of this cro,
s2q24_1,2.24.Explanation on crop production status (Reason 1),int8,"1=Drought, 2=Heavy rainfall/Hailstones, 3=Insufficient rainfall, 4=insuffiicient/Lack of fertilizers, 5=Late sowing …",24,0,0,0,0,0,0,0,0,0,0,0,0,0,0,0,0,0,0,29537,25351,2948,0,0,0,0,0,0,,,,"{""4"": [""Insufficient/Lack of fertilizers"", ""insuffiicient/Lack of fertilizers""], ""8"": [""Crop destroyed by animals (grazes)"", ""Crop destroyed by animals(grazes)""], ""9"": [""Crop destroyed by wild animals"", ""Diseases and pests""], ""10"": [""Diseases and pests"", ""Unfertile soil""], ""11"": [""Inappropriate seeds"", ""Unfertile soil""], ""12"": [""Biennial effect for coffee"", ""Inappropriate seeds""], ""13"": [""Biennial effect for coffee"", ""lack of improved seed""], ""14"": [""Strong winds"", ""lack of improved seed""], ""15"": [""Crops not yet mature"", ""Strong winds""], ""16"": [""Crop not yet mature"", ""Other reason (Specify)""], ""17"": [""Good weather"", ""Other reason (Specify)""], ""18"": [""Over mixing of crops"", ""Use of fertilizer""], ""19"": [""Good weather"", ""Sowing on time""], ""20"": [""Appropriate seeds"", ""Use of fertilizer""], ""21"": [""Good Agricultural practices"", ""Sowing on time""]}"
s2q24_1_o,"2.24.Explanation on crop production status (Other, specify)",string,,0,28484,27120,1907,18255,19576,1462,32906,30493,1667,41313,35773,4283,41634,35869,3416,41589,36005,5818,39038,36546,3566,39330,35584,1949,34369,32920,1884,,,,
s2q24_2,2.24.Explanation on crop production status (Reason 2),int8,"1=Drought, 2=Heavy rainfall/Hailstones, 3=Insufficient rainfall, 4=insuffiicient/Lack of fertilizers, 5=Late sowing …",24,0,0,0,0,0,0,0,0,0,0,0,0,0,0,0,0,0,0,10261,8841,954,0,0,0,0,0,0,,,,"{""4"": [""Insufficient/Lack of fertilizers"", ""insuffiicient/Lack of fertilizers""], ""8"": [""Crop destroyed by animals (grazes)"", ""Crop destroyed by animals(grazes)""], ""9"": [""Crop destroyed by wild animals"", ""Diseases and pests""], ""10"": [""Diseases and pests"", ""Unfertile soil""], ""11"": [""Inappropriate seeds"", ""Unfertile soil""], ""12"": [""Biennial effect for coffee"", ""Inappropriate seeds""], ""13"": [""Biennial effect for coffee"", ""lack of improved seed""], ""14"": [""Strong winds"", ""lack of improved seed""], ""15"": [""Crops not yet mature"", ""Strong winds""], ""16"": [""Crop not yet mature"", ""Other reason (Specify)""], ""17"": [""Good weather"", ""Other reason (Specify)""], ""18"": [""Over mixing of crops"", ""Use of fertilizer""], ""19"": [""Good weather"", ""Sowing on time""], ""20"": [""Appropriate seeds"", ""Use of fertilizer""], ""21"": [""Good Agricultural practices"", ""Sowing on time""]}"
s2q24_2_o,"2.24.Explanation on crop production status (Other, specify)",string,,0,28484,27120,1907,18255,19576,1462,32906,30493,1667,41313,35773,4283,41634,35869,3416,41589,36005,5818,39038,36546,3566,39330,35584,1949,34369,32920,1884,,,,
s2q24_3,2.24.Explanation on crop production status (Reason 3),int8,"1=Drought, 2=Heavy rainfall/Hailstones, 3=Insufficient rainfall, 4=insuffiicient/Lack of fertilizers, 5=Late sowing …",24,0,0,0,0,0,0,0,0,0,0,0,0,0,0,0,0,0,0,1964,1897,186,0,0,0,0,0,0,,,,"{""4"": [""Insufficient/Lack of fertilizers"", ""insuffiicient/Lack of fertilizers""], ""8"": [""Crop destroyed by animals (grazes)"", ""Crop destroyed by animals(grazes)""], ""9"": [""Crop destroyed by wild animals"", ""Diseases and pests""], ""10"": [""Diseases and pests"", ""Unfertile soil""], ""11"": [""Inappropriate seeds"", ""Unfertile soil""], ""12"": [""Biennial effect for coffee"", ""Inappropriate seeds""], ""13"": [""Biennial effect for coffee"", ""lack of improved seed""], ""14"": [""Strong winds"", ""lack of improved seed""], ""15"": [""Crops not yet mature"", ""Strong winds""], ""16"": [""Crop not yet mature"", ""Other reason (Specify)""], ""17"": [""Good weather"", ""Other reason (Specify)""], ""18"": [""Over mixing of crops"", ""Use of fertilizer""], ""19"": [""Good weather"", ""Sowing on time""], ""20"": [""Appropriate seeds"", ""Use of fertilizer""], ""21"": [""Good Agricultural practices"", ""Sowing on time""]}"
s2q24_3_o,"2.24.Explanation on crop production status (Other, specify)",string,,0,28484,27120,1907,18255,19576,1462,32906,30493,1667,41313,35773,4283,41634,35869,3416,41589,36005,5818,39038,36546,3566,39330,35584,1949,34369,32920,1884,,,,
s2q24_disease,2.22_2 Specify disease or pest,string,,0,28484,27120,1907,18255,19576,1462,32906,30493,1667,41313,35773,4283,41634,35869,3416,41589,36005,5818,39038,36546,3566,39330,35584,1949,34369,32920,1884,,,2023_A: 2.24 Specify disease or pest; 2023_B: 2.24 Specify disease or pest; 2023_C: 2.24 Specify disease or pest,
s2q25_1,Q.2.25.a.Qty transformed & used as food,int32,,0,0,0,0,0,0,0,0,0,0,0,0,0,0,0,0,0,0,0,34236,35323,0,34349,34679,1949,0,0,0,,,2023_A: 2.25.1.Quantity transformed & used as food; 2023_B: 2.25.1.Quantity transformed & used as food; 2023_C: 2.25.1.Quantity transformed & used as food,
s2q25_2,Q.2.25.b.Qty transformed & used as drink,int32,,0,0,0,0,0,0,0,0,0,0,0,0,0,0,0,0,0,0,0,34236,35323,0,34349,34679,1949,0,0,0,,,2023_A: 2.25.2.Quantity transformed & used as drink; 2023_B: 2.25.2.Quantity transformed & used as drink; 2023_C: 2.25.2.Quantity transformed & used as drink,
s2q25_3,Q.2.25.c.Qty transformed & used in other way,int32,,0,0,0,0,0,0,0,0,0,0,0,0,0,0,0,0,0,0,0,34236,35323,0,34349,34679,1949,0,0,0,,,2023_A: 2.25.3.Quantity transformed & used in other way; 2023_B: 2.25.3.Quantity transformed & used in other way; 2023_C: 2.25.3.Quantity transformed & used in other way,
s2q26_v2,Q.2.26.Qty of production that has been sold/to be sold?(Kg),int32,,0,0,0,0,0,0,0,0,0,0,0,0,0,0,0,0,0,0,0,34236,35323,3566,34349,34679,1949,29941,31970,1884,,"s2q26 (2018_A_lsf, 2018_A_ssf, 2018_B_lsf, 2018_B_ssf, 2018_C_ssf, 2019_A, 2019_B, 2019_C, 2020_A, 2020_B, 2020_C, 2021_A, 2021_B, 2021_C, 2022_A, 2022_B, 2022_C)",2023_A: 2.26 What is the quantity that has been sold/to be; 2023_B: 2.26 What is the quantity that has been sold/to be; 2023_C: 2.26 What is the quantity that has been sold/to be; 2024_A: Q.2.26.Qty of production that has been sold/to be ; 2024_B: Q.2.26.Qty of production that has been sold/to be ; 2024_C: Q.2.26.Qty of production that has been sold/to be ; 2025_A: 2.25 On the total production of this crop what is ; 2025_B: 2.25 On the total production of this crop what is ; 2025_C: Q.2.26.Qty of production that has been sold/to be ,
s2q27_v2,Q.2.27 On which market this crop was sold?,int8,"1=Farm/Home, 2=Market, 3=Cooperative/company/Association, 4=Other selling place",4,0,0,0,0,0,0,0,0,0,0,0,0,0,0,0,0,0,0,14127,15507,2500,15859,17658,1321,20473,22217,1462,,"s2q27 (2018_A_lsf, 2018_A_ssf, 2018_B_lsf, 2018_B_ssf, 2018_C_ssf, 2019_A, 2019_B, 2019_C, 2020_A, 2020_B, 2020_C, 2021_A, 2021_B, 2021_C, 2022_A, 2022_B, 2022_C)",2023_A: 2.27 On which market this crop was sold?; 2023_B: 2.27 On which market this crop was sold?; 2023_C: 2.27 On which market this crop was sold?; 2024_A: Q.2.27 On which market this crop was sold?; 2024_B: Q.2.27 On which market this crop was sold?; 2024_C: Q.2.27 On which market this crop was sold?; 2025_A: 2.26 On which market this crop was sold?; 2025_B: 2.26 On which market this crop was sold?; 2025_C: Q.2.27 On which market this crop was sold?,
s2q27_o,2.27 On which market this crop was sold?,string,,0,28484,27120,1907,18255,19576,1462,32906,30493,1667,41313,35773,4283,41634,35869,3416,41589,36005,5818,39038,36546,3566,39330,35584,1949,34369,32920,1884,,,,
s2q28_v2,Q.2.28 What was the selling price per kilogram? (Rwf/Kg),int32,999=Missin value,1,0,0,0,0,0,0,0,0,0,0,0,0,0,0,0,0,0,0,14127,15507,1989,18324,18857,1362,0,0,1472,,"s2q28 (2018_A_lsf, 2018_A_ssf, 2018_B_lsf, 2018_B_ssf, 2018_C_ssf, 2019_A, 2019_B, 2019_C, 2020_A, 2020_B, 2020_C, 2021_A, 2021_B, 2021_C, 2022_A, 2022_B, 2022_C), s2q28_v3 (2025_A, 2025_B)",2023_A: 2.28 What was the selling price per kilogram? (Rwf; 2023_B: 2.28 What was the selling price per kilogram? (Rwf; 2023_C: 2.28 What was the selling price per kilogram? (Rwf; 2024_A: Q.2.28 What was the selling price per kilogram? (R; 2024_B: Q.2.28 What was the selling price per kilogram? (R; 2024_C: Q.2.28 What was the selling price per kilogram? (R; 2025_C: Q.2.28 What was the selling price per kilogram? (R,
s2q33_v2,Q.2.33 Qty of production exchanged/ to be exchanged with other things? (Kg),int16,,0,0,0,0,0,0,0,0,0,0,0,0,0,0,0,0,0,0,0,34236,35323,3566,34349,34679,1949,0,0,1884,,"s2q33 (2018_A_lsf, 2018_A_ssf, 2018_B_lsf, 2018_B_ssf, 2018_C_ssf, 2019_A, 2019_B, 2019_C, 2020_A, 2020_B, 2020_C, 2021_A, 2021_B, 2021_C, 2022_A, 2022_B, 2022_C), s2q33_v3 (2025_A, 2025_B)",2023_A: 2.33 What is the quantity that has been exchanged ; 2023_B: 2.33 What is the quantity that has been exchanged ; 2023_C: 2.33 What is the quantity that has been exchanged ; 2024_A: Q.2.33 Qty of production exchanged/ to be exchange; 2024_B: Q.2.33 Qty of production exchanged/ to be exchange; 2024_C: Q.2.33 Qty of production exchanged/ to be exchange; 2025_C: Q.2.33 Qty of production exchanged/ to be exchange,
s2q36_v2,Q.2.36 Qty of production stored/to be stored(Kg),int32,,0,0,0,0,0,0,0,0,0,0,0,0,0,0,0,0,0,0,0,34236,35323,3566,34349,34679,1949,0,0,1884,,"s2q36 (2018_A_lsf, 2018_A_ssf, 2018_B_lsf, 2018_B_ssf, 2018_C_ssf, 2019_A, 2019_B, 2019_C, 2020_A, 2020_B, 2020_C, 2021_A, 2021_B, 2021_C, 2022_A, 2022_B, 2022_C), s2q36_v3 (2025_A, 2025_B)",2023_A: What is the quantity that has been stored/to be st; 2023_B: What is the quantity that has been stored/to be st; 2023_C: What is the quantity that has been stored/to be st; 2024_A: Q.2.36 Qty of production stored/to be stored(Kg); 2024_B: Q.2.36 Qty of production stored/to be stored(Kg); 2024_C: Q.2.36 Qty of production stored/to be stored(Kg); 2025_C: Q.2.36 Qty of production stored/to be stored(Kg),
s2q37,Q.2.37 What is the storage facility used during this agricultural season?,int8,"1=Own storage, 2=Public storage, 3=Storage owned by Cooperatives/private companies, 4=Other storage(specify)",4,0,0,0,0,0,0,0,0,0,0,0,0,0,0,0,0,0,0,1067,750,30,1598,972,19,1633,1032,25,,"s2q37_v2 (2020_A, 2020_B, 2020_C, 2021_A, 2021_B, 2021_C, 2022_A, 2022_B, 2022_C), s2q37_v3 (2018_A_lsf, 2018_A_ssf, 2018_B_lsf, 2018_B_ssf, 2018_C_ssf, 2019_A, 2019_B, 2019_C)",2023_A: 2.37 What is the storage facility used during this; 2023_B: 2.37 What is the storage facility used during this; 2023_C: 2.37 What is the storage facility used during this; 2025_A: 2.37. What is the type of storage used; 2025_B: 2.37. What is the type of storage used,"{""3"": [""Storage owned by Cooperatives or private companies"", ""Storage owned by Cooperatives/private companies""]}"
s2q37_o,2.37 What is the storage facility used during this agricultural season?,string,,0,28484,27120,1907,18255,19576,1462,32906,30493,1667,41313,35773,4283,41634,35869,3416,41589,36005,5818,39038,36546,3566,39330,35584,1949,34369,32920,1884,,,,
s2q40_v2,Q.2.40 Qty of production used/to be used in any other way not mentioned before?,int32,,0,0,0,0,0,0,0,0,0,0,0,0,0,0,0,0,0,0,0,34236,35323,3566,34349,34679,1949,0,0,1884,,"s2q40 (2020_A, 2020_B, 2020_C, 2021_A, 2021_B, 2021_C, 2022_A, 2022_B, 2022_C)",2023_A: 2.40 What was the quantity used or to be used in a; 2023_B: 2.40 What was the quantity used or to be used in a; 2023_C: 2.40 What was the quantity used or to be used in a; 2024_A: Q.2.40 Qty of production used/to be used in any ot; 2024_B: Q.2.40 Qty of production used/to be used in any ot; 2024_C: Q.2.40 Qty of production used/to be used in any ot; 2025_C: Q.2.40 Qty of production used/to be used in any ot,
s2q50,Q.2.50 Qty of harvest lost at sales? (kg),int32,,0,0,0,0,0,0,0,0,0,0,0,0,0,0,0,0,0,0,0,34236,35323,3566,34349,34679,1949,29941,31970,1884,,,2023_A: 2.50 What was the total quantity lost at sales? (k; 2023_B: 2.50 What was the total quantity lost at sales? (k; 2023_C: 2.50 What was the total quantity lost at sales? (k; 2025_A: 2.49 What was the total quantity lost at sales?(kg; 2025_B: 2.49 What was the total quantity lost at sales?(kg,
s3q3,3.3 Have you used organic fertilizer in this plot during this season?,int8,"1=Yes, 2=No",2,0,0,0,0,0,0,0,0,0,0,0,0,0,0,0,0,0,0,34571,30489,0,35344,28764,1564,30411,26509,1553,,,,
s3q5,Q.3.5 Qty of organic fertilizer used sufficient ?,int8,"1=Yes, 2=No",2,0,0,0,0,0,0,0,0,0,0,0,0,0,0,0,0,0,0,27679,22666,0,0,0,1461,0,0,0,,s3q5_v2 (2023_C),2023_A: 3.5 Was the quantity of organic fertilizer used su; 2023_B: 3.5 Was the quantity of organic fertilizer used su,
s3q9,3.9 Have you used inorganic fertilizer in this plot during this season?,int8,"1=Yes, 2=No",2,0,0,0,0,0,0,0,0,0,0,0,0,0,0,0,0,0,0,22631,17815,0,24456,17462,1238,20965,17362,1256,,,,
s3q15_1,3.15 Main crops to be fertilized?,int16,"101=Maize, 102=Paddy rice, 103=Sorghum, 104=Wheat, 105=Other cereal(specify) …",96,0,0,0,0,0,0,0,0,0,0,0,0,0,0,0,0,0,0,14145,10941,0,0,0,0,0,0,0,,,,
s3q15_2,3.15 Main crops to be fertilized?,int16,"101=Maize, 102=Paddy rice, 103=Sorghum, 104=Wheat, 105=Other cereal(specify) …",96,0,0,0,0,0,0,0,0,0,0,0,0,0,0,0,0,0,0,8251,4925,0,0,0,0,0,0,0,,,,
s3q15_3,3.15 Main crops to be fertilized?,int16,"101=Maize, 102=Paddy rice, 103=Sorghum, 104=Wheat, 105=Other cereal(specify) …",96,0,0,0,0,0,0,0,0,0,0,0,0,0,0,0,0,0,0,504,436,0,0,0,0,0,0,0,,,,
s3q15_4,3.15 Main crops to be fertilized?,int16,"101=Maize, 102=Paddy rice, 103=Sorghum, 104=Wheat, 105=Other cereal(specify) …",96,0,0,0,0,0,0,0,0,0,0,0,0,0,0,0,0,0,0,50,46,0,0,0,0,0,0,0,,,,
s3q17,3.17 Did you use any type of micro-nutrients in this plot during this season?,int8,"1=Yes, 2=No",2,0,0,0,0,0,0,0,0,0,0,0,0,0,0,0,0,0,0,286,220,0,273,263,32,678,323,43,,,,
s3q19,3.19 Have you used pesticide/Fungicide in this plot during this current season?,int8,"1=Yes, 2=No",2,0,0,0,0,0,0,0,0,0,0,0,0,0,0,0,0,0,0,12450,10124,0,14726,10034,1218,13469,11361,1294,,,,
s4q1,4.1 What is the degree of erosion on this plot?,int8,"1=Severe (Rill erosion, Gully erosion, Mass movement/landslides), 2=Moderate (Diffuse overland flow Erosion, Overland flow erosion,erosion by Infiltration), 3=Low (Wind erosion), 4=Very Low (Splash erosion)",4,0,0,0,0,0,0,0,0,0,0,0,0,0,0,0,0,0,0,39038,36546,0,39330,35583,1949,34367,32920,1884,,,,
s4q3,4.3 Is there any anti-erosion activity on this plot?,int8,"1=Yes, 2=No",2,0,0,0,0,0,0,0,0,0,0,0,0,0,0,0,0,0,0,35868,33349,0,35563,31723,1805,30925,29548,1775,,,,
s4q6,4.6 Is this plot located in land consolidated site in this season?,int8,"1=Yes, 2=No",2,0,0,0,0,0,0,0,0,0,0,0,0,0,0,0,0,0,0,39038,36546,0,39330,35583,1949,34367,32920,1884,,,,
s4q15,4.15 Has this plot been irrigated during this agricultural season?,int8,"1=Yes, 2=No",2,0,0,0,0,0,0,0,0,0,0,0,0,0,0,0,0,0,0,4170,3605,0,2793,4313,1213,0,0,0,,,,
s3q5_v2,3.5 Was this crop planted in this season?,int8,"1=Yes, 2=No",2,0,0,0,0,0,0,0,0,0,0,0,0,0,0,0,0,0,0,0,0,3566,0,0,0,0,0,0,,"s3q5 (2023_A, 2023_B, 2024_C)",,
s3q6,3.6 Will this crop be harvested in this season?,int8,"1=Yes, 2=No",2,0,0,0,0,0,0,0,0,0,0,0,0,0,0,0,0,0,0,0,0,3566,0,0,0,0,0,0,,,,
s2q24_o,"2.24.Explanation on crop production status (Other, specify)",string,,0,28484,27120,1907,18255,19576,1462,32906,30493,1667,41313,35773,4283,41634,35869,3416,41589,36005,5818,39038,36546,3566,39330,35584,1949,34369,32920,1884,,,,
s2q23_v4,Q.2.23 Compare the production of this crop with its production in the same last,int8,"1=Was highly increased, 2=Was increased, 3=No change, 4=Was decreased, 5=Was highly decreased …",7,0,0,0,0,0,0,0,0,0,0,0,0,0,0,0,0,0,0,0,0,0,34349,34679,1949,0,0,1884,,"s2q23 (2018_A_lsf, 2018_A_ssf, 2018_B_lsf, 2018_B_ssf, 2018_C_ssf, 2019_A, 2019_B, 2019_C, 2020_A, 2020_B, 2020_C, 2021_A, 2021_B, 2021_C, 2022_A, 2022_B, 2022_C), s2q23_v2 (2023_A, 2023_B, 2023_C, 2025_A, 2025_B), s2q23_v3 (2017_A_lsf, 2017_A_ssf, 2017_B_lsf, 2017_B_ssf, 2017_C_ssf)",,
s2q24_a,,int8,"1=Drought, 2=Heavy rainfall/Hailstones, 3=Insufficient rainfall, 4=Insufficient/Lack of fertilizers, 5=Late sowing …",24,0,0,0,0,0,0,0,0,0,0,0,0,0,0,0,0,0,0,0,0,0,24777,24785,1642,0,0,0,,,,
s2q24_b,,int8,"1=Drought, 2=Heavy rainfall/Hailstones, 3=Insufficient rainfall, 4=Insufficient/Lack of fertilizers, 5=Late sowing …",24,0,0,0,0,0,0,0,0,0,0,0,0,0,0,0,0,0,0,0,0,0,8277,9710,593,0,0,0,,,,
s2q24_c,,int8,"1=Drought, 2=Heavy rainfall/Hailstones, 3=Insufficient rainfall, 4=Insufficient/Lack of fertilizers, 5=Late sowing …",24,0,0,0,0,0,0,0,0,0,0,0,0,0,0,0,0,0,0,0,0,0,1806,2289,146,0,0,0,,,,
s2q30_v2,Q.2.30 Qty of production used/to be used as wage for hired labour? Kg),int32,,0,0,0,0,0,0,0,0,0,0,0,0,0,0,0,0,0,0,0,0,0,0,34349,34679,1949,29941,31970,1884,,"s2q30 (2018_A_lsf, 2018_A_ssf, 2018_B_lsf, 2018_B_ssf, 2018_C_ssf, 2019_A, 2019_B, 2019_C, 2020_A, 2020_B, 2020_C, 2021_A, 2021_B, 2021_C, 2022_A, 2022_B, 2022_C, 2023_A, 2023_B, 2023_C)",2024_A: Q.2.30 Qty of production used/to be used as wage f; 2024_B: Q.2.30 Qty of production used/to be used as wage f; 2024_C: Q.2.30 Qty of production used/to be used as wage f; 2025_A: 2.30. Qty of production used to pay labour; 2025_B: 2.30. Qty of production used to pay labour; 2025_C: Q.2.30 Qty of production used/to be used as wage f,
s2q32_v2,Q.2.32 Qty of production offered/to be offered as a gift?(Kg),int32,,0,0,0,0,0,0,0,0,0,0,0,0,0,0,0,0,0,0,0,0,0,0,34349,34679,1949,29941,31970,1884,,"s2q32 (2018_A_lsf, 2018_A_ssf, 2018_B_lsf, 2018_B_ssf, 2018_C_ssf, 2019_A, 2019_B, 2019_C, 2020_A, 2020_B, 2020_C, 2021_A, 2021_B, 2021_C, 2022_C), s2q32_v3 (2022_A, 2022_B, 2023_A, 2023_B, 2023_C)",2024_A: Q.2.32 Qty of production offered/to be offered as ; 2024_B: Q.2.32 Qty of production offered/to be offered as ; 2024_C: Q.2.32 Qty of production offered/to be offered as ; 2025_A: 2.32. Qty of production offered to others for free; 2025_B: 2.32. Qty of production offered to others for free; 2025_C: Q.2.32 Qty of production offered/to be offered as ,
s2q38_v3,Q.2.38 Quantity of production stored in public storage (kg),int32,,0,0,0,0,0,0,0,0,0,0,0,0,0,0,0,0,0,0,0,0,0,0,34349,34679,1949,0,0,1884,,"s2q38 (2018_A_lsf, 2018_A_ssf, 2018_B_lsf, 2018_B_ssf, 2018_C_ssf, 2019_A, 2019_B, 2019_C, 2023_A, 2023_B, 2023_C, 2025_A, 2025_B), s2q38_v2 (2020_A, 2020_B, 2020_C, 2021_A, 2021_B, 2021_C, 2022_A, 2022_B, 2022_C)",,
s2q41_v2,Q.2.41 Qty of crop stollen at farm level? (kg),int32,,0,0,0,0,0,0,0,0,0,0,0,0,0,0,0,0,0,0,0,0,0,0,34349,34679,1949,0,0,1884,,"s2q41 (2020_A, 2020_B, 2020_C, 2021_A, 2021_B, 2021_C, 2022_A, 2022_B, 2022_C, 2023_A, 2023_B, 2023_C, 2025_A, 2025_B)",,
s2q42_v2,Q.2.42 Qty of crop damaged by insects or pests at farm level? (kg),int32,,0,0,0,0,0,0,0,0,0,0,0,0,0,0,0,0,0,0,0,0,0,0,34349,34679,1949,0,0,1884,,"s2q42 (2020_A, 2020_B, 2020_C, 2021_A, 2021_B, 2021_C, 2022_A, 2022_B, 2022_C, 2023_A, 2023_B, 2023_C, 2025_A, 2025_B)",,
s2q43_v2,Q.2.43 Qty of crop lost due to birds or other animals? (kg),int32,,0,0,0,0,0,0,0,0,0,0,0,0,0,0,0,0,0,0,0,0,0,0,34349,34679,1949,0,0,1884,,"s2q43 (2020_A, 2020_B, 2020_C, 2021_A, 2021_B, 2021_C, 2022_A, 2022_B, 2022_C, 2023_A, 2023_B, 2023_C, 2025_A, 2025_B)",,
s2q44_v2,Q.2.44 Qty of crop’s stalks fallen to the ground? (kg),int32,,0,0,0,0,0,0,0,0,0,0,0,0,0,0,0,0,0,0,0,0,0,0,34349,34679,1949,0,0,1884,,"s2q44 (2020_A, 2020_B, 2020_C, 2021_A, 2021_B, 2021_C, 2022_A, 2022_B, 2022_C, 2023_A, 2023_B, 2023_C, 2025_A, 2025_B)",2024_A: Q.2.44 Qty of crop’s stalks fallen to the ground? ; 2024_B: Q.2.44 Qty of crop’s stalks fallen to the ground? ; 2024_C: Q.2.44 Qty of cropâ€™s stalks fallen to the ground; 2025_C: Q.2.44 Qty of crop’s stalks fallen to the ground? ,
s2q45_v2,Q.2.45 Qty of crop lost during harvesting procedures? (kg),int32,,0,0,0,0,0,0,0,0,0,0,0,0,0,0,0,0,0,0,0,0,0,0,34349,34679,1949,0,0,1884,,"s2q45 (2020_A, 2020_B, 2020_C, 2021_A, 2021_B, 2021_C, 2022_A, 2022_B, 2022_C, 2023_A, 2023_B, 2023_C, 2025_A, 2025_B)",,
s2q47_v2,Q.2.47 Qty of crop production lost during storage procedures?,int16,,0,0,0,0,0,0,0,0,0,0,0,0,0,0,0,0,0,0,0,0,0,0,34349,34679,1949,0,0,1884,,"s2q47 (2020_A, 2020_B, 2020_C, 2021_A, 2021_B, 2021_C, 2022_A, 2022_B, 2022_C, 2023_A, 2023_B, 2023_C, 2025_A, 2025_B)",,
s3q1,3.1 Did you use organic fertilizer in any of your plots during this season?,int8,"1=Yes, 2=No",2,0,0,0,0,0,0,0,0,0,0,0,0,0,0,0,0,0,0,0,0,0,39330,35583,1949,34367,32920,1884,,,,
s3q7,3.7 Did you use inorganic fertilizer in any of your plots during this season?,int8,"1=Yes, 2=No",2,0,0,0,0,0,0,0,0,0,0,0,0,0,0,0,0,0,0,0,0,0,39330,35583,1949,34367,32920,1884,,,,
s3q16,3.16 Did you use any type of micro-nutrients in any of your plots in this season,int8,"1=Yes, 2=No",2,0,0,0,0,0,0,0,0,0,0,0,0,0,0,0,0,0,0,0,0,0,39330,35583,1949,34367,32920,1884,,,,
s3q18,3.18 Did you use pesticide/Fungicide in any of your plots during this season?,int8,"1=Yes, 2=No",2,0,0,0,0,0,0,0,0,0,0,0,0,0,0,0,0,0,0,0,0,0,39330,35583,1949,34367,32920,1884,,,,
s4q2,4.2 Is there any anti-erosion activity in any of your plots?,int8,"1=Yes, 2=No",2,0,0,0,0,0,0,0,0,0,0,0,0,0,0,0,0,0,0,0,0,0,39330,35583,1949,34367,32920,1884,,,,
s4q4,4.4 Were these anti-erosion activities done during the current agricultural seas,int8,"1=Yes, 2=No",2,0,0,0,0,0,0,0,0,0,0,0,0,0,0,0,0,0,0,0,0,0,31041,27313,1642,26433,25702,1587,,,,
s4q8,4.8 Did you use any mechanical equipment for agriculture activities in any of yo,int8,"1=Yes, 2=No",2,0,0,0,0,0,0,0,0,0,0,0,0,0,0,0,0,0,0,0,0,0,39330,35583,1949,34366,32920,1884,,,,
s4q9,4.9 Did you use any mechanical equipment for agriculture activities on this plot,int8,"1=Yes, 2=No",2,0,0,0,0,0,0,0,0,0,0,0,0,0,0,0,0,0,0,0,0,0,397,351,5,495,305,4,,,,
s4q10_1,4.10.1 Have you used ploughing animals (oxen)  in this plot during this season?,int8,"1=Yes, 2=No",2,0,0,0,0,0,0,0,0,0,0,0,0,0,0,0,0,0,0,0,0,0,214,190,1,0,0,0,,,,
s4q11_1,4.11.1 Have you used a ploughing tractor in this plot during this season?,int8,"1=Yes, 2=No",2,0,0,0,0,0,0,0,0,0,0,0,0,0,0,0,0,0,0,0,0,0,214,190,1,0,0,0,,,,
s4q12_1,4.12.1 Have you used any other mechanical equipment not mentioned in this plot d,int8,"1=Yes, 2=No",2,0,0,0,0,0,0,0,0,0,0,0,0,0,0,0,0,0,0,0,0,0,214,186,1,0,0,0,,,,
s4q14,4.14 Has this plot been irrigated during this agricultural season?,int8,"1=Yes, 2=No",2,0,0,0,0,0,0,0,0,0,0,0,0,0,0,0,0,0,0,0,0,0,39330,35583,1949,4632,3837,993,,,2024_A: 4.14 Did you practice irrigation in any of your pl; 2024_B: 4.14 Did you practice irrigation in any of your pl; 2024_C: 4.14 Did you practice irrigation in any of your pl,
s5q12,Q.5.12.Date of interview,string,,0,28484,27120,1907,18255,19576,1462,32906,30493,1667,41313,35773,4283,41634,35869,3416,41589,36005,5818,39038,36546,3566,39330,35584,1949,34369,32920,1884,,,,
s1q14_v2,1.14 respondent,int8,"1=Yes, 2=No",2,0,0,0,0,0,0,0,0,0,0,0,0,0,0,0,0,0,0,0,0,0,0,0,0,34366,32920,1884,,"s1q14 (2022_A, 2022_B, 2022_C, 2023_B, 2023_C, 2024_A, 2024_B, 2024_C), s1q14_v3 (2023_A)",,
s1q16,1.16 Relationship of respondent to the farmer,int8,"1=Spouse, 2=Adopted child, 3=Child, 4=Relative, 5=Parent …",8,0,0,0,0,0,0,0,0,0,0,0,0,0,0,0,0,0,0,0,0,0,0,0,0,9357,9573,393,,,,
s2q10_other,2.10 Where did improved seeds sown come from?,string,,0,28484,27120,1907,18255,19576,1462,32906,30493,1667,41313,35773,4283,41634,35869,3416,41589,36005,5818,39038,36546,3566,39330,35584,1949,34369,32920,1884,,,,
s2q15_a,Q.2.15 Amount spent for the purchase of traditional seeds for this plot (Rwf),int32,,0,0,0,0,0,0,0,0,0,0,0,0,0,0,0,0,0,0,0,0,0,0,0,0,0,9204,7848,1164,,,2025_A: 2.15 Amount spent for the purchase of traditional ; 2025_B: 2.15 Amount spent for the purchase of traditional ,
s2q15_b,"2.15.b. Ni akahe gaciro mu mafaranga, ku mbuto gakondo yatewe muri uyu murima it",int32,,0,0,0,0,0,0,0,0,0,0,0,0,0,0,0,0,0,0,0,0,0,0,0,0,0,10637,10459,792,,,"2025_A: 2.15.b. Ni akahe gaciro mu mafaranga, ku mbuto gak",
s2q16_1_v2,"2.16.1 Qty of improved seed, unit of measurement",int8,"1=Kg, 2=g, 3=Cuttings, 4=Not applicable (NA)",4,0,0,0,0,0,0,0,0,0,0,0,0,0,0,0,0,0,0,0,0,0,0,0,0,5720,2651,342,,"s2q16_1 (2017_A_lsf, 2017_A_ssf, 2017_B_lsf, 2017_B_ssf, 2017_C_ssf, 2020_A, 2020_B, 2020_C, 2021_A, 2021_B, 2021_C, 2022_A, 2022_B, 2022_C, 2023_A, 2023_B, 2023_C, 2024_A, 2024_B, 2024_C)",,
s2q18_a,Q.2.18 Amount spent for the purchase of improved seeds sown in this plot(Rwf),double,,0,0,0,0,0,0,0,0,0,0,0,0,0,0,0,0,0,0,0,0,0,0,0,0,0,5474,2536,328,,,2025_A: 2.18 Amount spent for the purchase of improved see; 2025_B: 2.18 Amount spent for the purchase of improved see,
s2q18_b,"2.18.b. Ni akahe gaciro mu mafaranga, ku mbuto y’indobanure yatewe muri uyu muri",int32,,0,0,0,0,0,0,0,0,0,0,0,0,0,0,0,0,0,0,0,0,0,0,0,0,0,204,142,26,,,"2025_A: 2.18.b. Ni akahe gaciro mu mafaranga, ku mbuto y'i",
s2q24_e1,Q2.24 Explanation on crop production status,int8,"1=Drought, 2=Heavy rainfall/Hailstones, 3=Insufficient rainfall, 4=Insufficient/Lack of fertilizers, 5=Late sowing …",24,0,0,0,0,0,0,0,0,0,0,0,0,0,0,0,0,0,0,0,0,0,0,0,0,25149,26490,1581,,,2025_B: 2.22 Explanation on crop production status,"{""8"": [""Crop destroyed by animals (grazes)"", ""Crop destroyed by animals(grazes)""], ""18"": [""Good weather"", ""Over mixing of crops""], ""19"": [""Good weather"", ""Use of fertilizer""], ""20"": [""Sowing on time"", ""Use of fertilizer""], ""21"": [""Appropriate seeds"", ""Sowing on time""], ""22"": [""Appropriate seeds"", ""Good Agricultural practices""], ""23"": [""Good Agricultural practices"", ""Over mixing of crops""], ""24"": [""Good and favorable climate in this season"", ""Over mixing of crops""]}"
s2q24_e2,Q2.24 Explanation on crop production status,int8,"1=Drought, 2=Heavy rainfall/Hailstones, 3=Insufficient rainfall, 4=Insufficient/Lack of fertilizers, 5=Late sowing …",24,0,0,0,0,0,0,0,0,0,0,0,0,0,0,0,0,0,0,0,0,0,0,0,0,8121,8206,522,,,2025_B: 2.22 Explanation on crop production status,"{""8"": [""Crop destroyed by animals (grazes)"", ""Crop destroyed by animals(grazes)""], ""18"": [""Good weather"", ""Over mixing of crops""], ""19"": [""Good weather"", ""Use of fertilizer""], ""20"": [""Sowing on time"", ""Use of fertilizer""], ""21"": [""Appropriate seeds"", ""Sowing on time""], ""22"": [""Appropriate seeds"", ""Good Agricultural practices""], ""23"": [""Good Agricultural practices"", ""Over mixing of crops""], ""24"": [""Good and favorable climate in this season"", ""Over mixing of crops""]}"
s2q24_e3,Q2.24 Explanation on crop production status,int8,"1=Drought, 2=Heavy rainfall/Hailstones, 3=Insufficient rainfall, 4=Insufficient/Lack of fertilizers, 5=Late sowing …",24,0,0,0,0,0,0,0,0,0,0,0,0,0,0,0,0,0,0,0,0,0,0,0,0,1709,1512,118,,,2025_B: 2.22 Explanation on crop production status,"{""8"": [""Crop destroyed by animals (grazes)"", ""Crop destroyed by animals(grazes)""], ""18"": [""Good weather"", ""Over mixing of crops""], ""19"": [""Good weather"", ""Use of fertilizer""], ""20"": [""Sowing on time"", ""Use of fertilizer""], ""21"": [""Appropriate seeds"", ""Sowing on time""], ""22"": [""Appropriate seeds"", ""Good Agricultural practices""], ""23"": [""Good Agricultural practices"", ""Over mixing of crops""], ""24"": [""Good and favorable climate in this season"", ""Over mixing of crops""]}"
s2q24_d_v2,2.22_2 Specify disease or pest,string,,0,28484,27120,1907,18255,19576,1462,32906,30493,1667,41313,35773,4283,41634,35869,3416,41589,36005,5818,39038,36546,3566,39330,35584,1949,34369,32920,1884,,s2q24_d (2025_C),,
s2q25_food,2.24.a Ingano y'ibyahinduwe bikavamo ibiribwa,int32,,0,0,0,0,0,0,0,0,0,0,0,0,0,0,0,0,0,0,0,0,0,0,0,0,0,29941,31970,0,,s2q25_food_v2 (2025_C),,
s2q25_drink,2.24.b Ingano y'ibyahinduwe bikavamo ibinyobwa,int16,,0,0,0,0,0,0,0,0,0,0,0,0,0,0,0,0,0,0,0,0,0,0,0,0,0,29941,31970,0,,s2q25_drink_v2 (2025_C),,
s2q25_other,2.24.c Ingano y'ibyahinduwe bikavamo ibindi,int32,,0,0,0,0,0,0,0,0,0,0,0,0,0,0,0,0,0,0,0,0,0,0,0,0,0,29941,31970,0,,s2q25_other_v2 (2025_C),,
s2q27_other_place,"Q.2.27 On which market this crop was sold?, (specify)",string,,0,28484,27120,1907,18255,19576,1462,32906,30493,1667,41313,35773,4283,41634,35869,3416,41589,36005,5818,39038,36546,3566,39330,35584,1949,34369,32920,1884,,,2025_A: 2.26 On which market this crop was sold? Other; 2025_B: 2.26 On which market this crop was sold?,
s2q28_v3,2.28. Market price,int32,,0,0,0,0,0,0,0,0,0,0,0,0,0,0,0,0,0,0,0,0,0,0,0,0,0,29941,31970,0,,"s2q28 (2018_A_lsf, 2018_A_ssf, 2018_B_lsf, 2018_B_ssf, 2018_C_ssf, 2019_A, 2019_B, 2019_C, 2020_A, 2020_B, 2020_C, 2021_A, 2021_B, 2021_C, 2022_A, 2022_B, 2022_C), s2q28_v2 (2023_A, 2023_B, 2023_C, 2024_A, 2024_B, 2024_C, 2025_C)",,
s2q33_v3,2.33. Qty of production exchanged with other things,int16,,0,0,0,0,0,0,0,0,0,0,0,0,0,0,0,0,0,0,0,0,0,0,0,0,0,29941,31970,0,,"s2q33 (2018_A_lsf, 2018_A_ssf, 2018_B_lsf, 2018_B_ssf, 2018_C_ssf, 2019_A, 2019_B, 2019_C, 2020_A, 2020_B, 2020_C, 2021_A, 2021_B, 2021_C, 2022_A, 2022_B, 2022_C), s2q33_v2 (2023_A, 2023_B, 2023_C, 2024_A, 2024_B, 2024_C, 2025_C)",,
s2q35_v3,2.35. Qty of production used to feed animals/fooder,int32,,0,0,0,0,0,0,0,0,0,0,0,0,0,0,0,0,0,0,0,0,0,0,0,0,0,29941,31970,0,,"s2q35 (2018_A_lsf, 2018_A_ssf, 2018_B_lsf, 2018_B_ssf, 2018_C_ssf, 2019_A, 2019_B, 2019_C, 2020_A, 2020_B, 2020_C, 2021_A, 2021_B, 2021_C, 2022_C, 2023_A, 2023_B, 2023_C), s2q35_v2 (2022_A, 2022_B, 2024_A, 2024_B, 2024_C, 2025_C)",,
s2q36_v3,2.36. Qty of production to be stored for future uses,int32,,0,0,0,0,0,0,0,0,0,0,0,0,0,0,0,0,0,0,0,0,0,0,0,0,0,29941,31970,0,,"s2q36 (2018_A_lsf, 2018_A_ssf, 2018_B_lsf, 2018_B_ssf, 2018_C_ssf, 2019_A, 2019_B, 2019_C, 2020_A, 2020_B, 2020_C, 2021_A, 2021_B, 2021_C, 2022_A, 2022_B, 2022_C), s2q36_v2 (2023_A, 2023_B, 2023_C, 2024_A, 2024_B, 2024_C, 2025_C)",,
s2q37_other_storage,"Q.2.37 What is the storage facility used during this agricultural season?, other",string,,0,28484,27120,1907,18255,19576,1462,32906,30493,1667,41313,35773,4283,41634,35869,3416,41589,36005,5818,39038,36546,3566,39330,35584,1949,34369,32920,1884,,,2025_A: 2.36 What is the storage facility used during this; 2025_B: 2.36 What is the storage facility used during this,
s2q37_public,2.37 Quantity of production stored in public storage (kg),int16,,0,0,0,0,0,0,0,0,0,0,0,0,0,0,0,0,0,0,0,0,0,0,0,0,0,29941,31970,0,,,,
s4q13,4.13 Practiced irrigation in any of your plots during this agricultural season,int8,"1=Yes, 2=No",2,0,0,0,0,0,0,0,0,0,0,0,0,0,0,0,0,0,0,0,0,0,0,0,0,34366,32920,1884,,,,
harvest_ratio,,double,,0,0,0,0,0,0,0,0,0,0,0,0,0,0,0,0,0,0,0,0,0,0,0,0,0,29938,31996,0,,,,
harvested_crop_area_ha,,double,,0,0,0,0,0,0,0,0,0,0,0,0,0,0,0,0,0,0,0,0,0,0,0,0,0,29938,31996,0,,,,
s2q4_other,2.4 Crop name,string,,0,28484,27120,1907,18255,19576,1462,32906,30493,1667,41313,35773,4283,41634,35869,3416,41589,36005,5818,39038,36546,3566,39330,35584,1949,34369,32920,1884,,,,
s2q23_other,Q2.24 Explanation on crop production status,string,,0,28484,27120,1907,18255,19576,1462,32906,30493,1667,41313,35773,4283,41634,35869,3416,41589,36005,5818,39038,36546,3566,39330,35584,1949,34369,32920,1884,,,,
s2q24_d,Q.2.24 Type of Disease,string,,0,28484,27120,1907,18255,19576,1462,32906,30493,1667,41313,35773,4283,41634,35869,3416,41589,36005,5818,39038,36546,3566,39330,35584,1949,34369,32920,1884,,s2q24_d_v2 (2025_A),,
s2q25_food_v2,Q.2.25.a.Qty transformed & used as food,int16,,0,0,0,0,0,0,0,0,0,0,0,0,0,0,0,0,0,0,0,0,0,0,0,0,0,0,0,1884,,"s2q25_food (2025_A, 2025_B)",,
s2q25_drink_v2,Q.2.25.b.Qty transformed & used as drink,int8,,0,0,0,0,0,0,0,0,0,0,0,0,0,0,0,0,0,0,0,0,0,0,0,0,0,0,0,1884,,"s2q25_drink (2025_A, 2025_B)",,
s2q25_other_v2,Q.2.25.c.Qty transformed & used in other way,int8,,0,0,0,0,0,0,0,0,0,0,0,0,0,0,0,0,0,0,0,0,0,0,0,0,0,0,0,1884,,"s2q25_other (2025_A, 2025_B)",,
yield_v2,Yield,double,,0,0,0,0,0,0,0,0,0,0,0,0,0,0,0,0,0,0,0,0,0,0,0,0,0,0,0,1884,,"yield (2022_A, 2022_B, 2022_C, 2023_A, 2023_B, 2023_C, 2025_A, 2025_B)",,
