variable,label,type,value_labels,n_value_labels,universe,n_EICV1,n_EICV2,n_EICV3,n_EICV4_CS,n_EICV5_CS,n_EICV7_CS,source,versions,label_variants,value_label_conflicts
survey,Source survey,string,,0,,6420,6900,14308,14419,14580,15054,EICV1: module s6_housing; EICV2: module s0_id; EICV3: module s05abcd_housing; EICV4_CS: module s0_s5_household; EICV5_CS: module s0_s5_household; EICV7_CS: module s01_s5_s7_household,,,
year,Survey year (mid-fieldwork),int16,,0,,6420,6900,14308,14419,14580,15054,EICV1: module s6_housing; EICV2: module s0_id; EICV3: module s05abcd_housing; EICV4_CS: module s0_s5_household; EICV5_CS: module s0_s5_household; EICV7_CS: module s01_s5_s7_household,,,
wave,Wave / round id,string,,0,,0,0,0,0,0,0,EICV1: module s6_housing; EICV2: module s0_id; EICV3: module s05abcd_housing; EICV4_CS: module s0_s5_household; EICV5_CS: module s0_s5_household; EICV7_CS: module s01_s5_s7_household,,,
sample,"CS = national cross-section, VUP = VUP booster, PANEL = EICV3-4 panel link",string,,0,,6420,6900,14308,14419,14580,15054,EICV1: module s6_housing; EICV2: module s0_id; EICV3: module s05abcd_housing; EICV4_CS: module s0_s5_household; EICV5_CS: module s0_s5_household; EICV7_CS: module s01_s5_s7_household,,,
prov,"Province (1-5, NISR codes)",int8,"1=City of Kigali, 2=Southern Province, 3=Western Province, 4=Northern Province, 5=Eastern Province",5,,6420,6900,14308,14419,14580,15054,EICV1: module s6_housing; EICV2: module s0_id; EICV3: module s05abcd_housing; EICV4_CS: module s0_s5_household; EICV5_CS: module s0_s5_household; EICV7_CS: module s01_s5_s7_household,,,
dist,"District (11-57, NISR current codes)",int8,"11=Nyarugenge, 12=Gasabo, 13=Kicukiro, 21=Nyanza, 22=Gisagara …",30,,6420,6900,14308,14419,14580,15054,EICV1: module s6_housing; EICV2: module s0_id; EICV3: module s05abcd_housing; EICV4_CS: module s0_s5_household; EICV5_CS: module s0_s5_household; EICV7_CS: module s01_s5_s7_household,,,
urban,"Area of residence (1 urban, 2 rural)",int8,"1=Urban, 2=Rural",2,,6420,6900,14308,14419,14580,15054,EICV1: module s6_housing; EICV2: module s0_id; EICV3: module s05abcd_housing; EICV4_CS: module s0_s5_household; EICV5_CS: module s0_s5_household; EICV7_CS: module s01_s5_s7_household,,,
cluster,Sampling cluster / enumeration area (as shipped),string,,0,,6420,6900,14308,14419,14580,15054,EICV1: module s6_housing; EICV2: module s0_id; EICV3: module s05abcd_housing; EICV4_CS: module s0_s5_household; EICV5_CS: module s0_s5_household; EICV7_CS: module s01_s5_s7_household,,,
hhid,Household id (unique within wave),double,,0,,6420,6900,14308,14419,14580,15054,EICV1: module s6_housing; EICV2: module s0_id; EICV3: module s05abcd_housing; EICV4_CS: module s0_s5_household; EICV5_CS: module s0_s5_household; EICV7_CS: module s01_s5_s7_household,,,
wt,"Household weight carried by every row (sums to persons in person files, to house",double,,0,,6420,6900,14308,14419,14580,15054,EICV1: module s6_housing; EICV2: module s0_id; EICV3: module s05abcd_housing; EICV4_CS: module s0_s5_household; EICV5_CS: module s0_s5_household; EICV7_CS: module s01_s5_s7_household,,,
wt_hh,Household weight (same value as wt; sums to the number of households),double,,0,,6420,6900,14308,14419,14580,15054,EICV1: module s6_housing; EICV2: module s0_id; EICV3: module s05abcd_housing; EICV4_CS: module s0_s5_household; EICV5_CS: module s0_s5_household; EICV7_CS: module s01_s5_s7_household,,,
strate,Strata,int8,"1=Kigali Urban, 2=Other Urban, 3=Rural",3,,6420,0,0,0,0,0,EICV1: module s6_housing,,,
prefect,Province,int8,"1=Butare, 2=Byumba, 3=Cyangugu, 4=Gikongoro, 5=Gisenyi …",12,,6420,0,0,0,0,0,EICV1: module s6_housing,,,
s6aq1,Type of dwelling,int8,"1=Une maison isolée abritant un seul ménage (Detached), 2=Un bâtiment isolé abritant abritant plusieurs ménages (Terra, 3=Une maison à étage habité par un ou plusieurs ménages (Flat), 4=Groupe de maisons abritant plusieurs ménages (In compound), 5=Groupe de maisons abritant un seul ménage (Many units in com …",6,household (housing),6420,0,0,0,0,0,EICV1: module s6_housing,,,
s6aq2,Rooms in household,int8,,0,household (housing),6420,0,0,0,0,0,EICV1: module s6_housing,,,
s6aq3,Share dwelling with another household?,int8,"1=Yes, 2=No",2,household (housing),6420,0,0,0,0,0,EICV1: module s6_housing,,,
s6aq4,How many household live with you?,int8,,0,household (housing),100,0,0,0,0,0,EICV1: module s6_housing,,,
s6aq5a,How long hae you lived in this dwelling?,int8,,0,household (housing),6420,0,0,0,0,0,EICV1: module s6_housing,,,
s6aq5b,Time unit,int8,"1=Months, 2=Years",2,household (housing),6420,0,0,0,0,0,EICV1: module s6_housing,,,
s6aq6,Type of dwelling a year ago?,int8,"1=Une maison isolée abritant un seul ménage (Detached), 2=Un bâtiment isolé abritant abritant plusieurs ménages (Terra, 3=Une maison à étage habité par un ou plusieurs ménages (Flat), 4=Groupe de maisons abritant plusieurs ménages (In compound), 5=Groupe de maisons abritant un seul ménage (Many units in com …",8,household (housing),6420,0,0,0,0,0,EICV1: module s6_housing,,,
s6aq7,How may rooms in previous dwelling?,int8,,0,household (housing),976,0,0,0,0,0,EICV1: module s6_housing,,,
s6aq8,Occupancy status in previous dwelling?,int8,"1=Own occupier, 2=Tenant, 3=Free by employer, 4=Free, 5=Appropriation …",7,household (housing),976,0,0,0,0,0,EICV1: module s6_housing,,,
s6aq9,Reason for moving from previous dwelling?,int8,"1=Family/domestic, 2=Cost, 3=Employment, 4=Construction of own, 5=Quality of dwelling …",6,household (housing),976,0,0,0,0,0,EICV1: module s6_housing,,,
s6aq10,Do you plan to move within a year?,int8,"1=Yes, 2=No",2,household (housing),6420,0,0,0,0,0,EICV1: module s6_housing,,,
s6aq11,For what reason will you move?,int8,"1=Family/domestic, 2=Cost, 3=Employment, 4=Construction of own, 5=Quality of dwelling …",6,household (housing),428,0,0,0,0,0,EICV1: module s6_housing,,,
s6aq12,Occupancy status of current dwelling?,int8,"1=Owner occupier, 2=Tenant, 3=Free by employer, 4=Free, 5=Appropriation …",7,household (housing),6420,0,0,0,0,0,EICV1: module s6_housing,,,
s6aq13,To whom does this dwelling belong?,int8,"1=Parent/relations, 2=State, 3=Private enterprise, 4=Another individual, 5=Other",5,household (housing),472,0,0,0,0,0,EICV1: module s6_housing,,,
s6bq1,Imputed rent,int32,,0,household (housing),5947,0,0,0,0,0,EICV1: module s6_housing,,,
s6bq2,Monthly rent,int32,,0,household (housing),472,0,0,0,0,0,EICV1: module s6_housing,,,
s6bq3,Dwelling supplied in exchange for services?,int8,"1=Yes, 2=No",2,household (housing),472,0,0,0,0,0,EICV1: module s6_housing,,,
s6bq4a,Value of good and services provided by household?,int16,,0,household (housing),13,0,0,0,0,0,EICV1: module s6_housing,,,
s6bq4b,Time unit,int8,"1=Month, 2=Year",2,household (housing),13,0,0,0,0,0,EICV1: module s6_housing,,,
s6bq5,Is rent shares or paid by another?,int8,"1=Yes, 2=No",2,household (housing),459,0,0,0,0,0,EICV1: module s6_housing,,,
s6bq6,Wh pays this rent?,int8,"1=Parent, 2=State, 3=Private enterprise, 4=Another individual, 5=Other",5,household (housing),32,0,0,0,0,0,EICV1: module s6_housing,,,
s6bq7,Do you have a mortgage on this dwelling?,int8,"1=Yes, 2=No",2,household (housing),6420,0,0,0,0,0,EICV1: module s6_housing,,,
s6bq8a,Amount of mortgage?,int32,,0,household (housing),6,0,0,0,0,0,EICV1: module s6_housing,,,
s6bq8b,Time unit,int8,"1=Month, 2=Year",2,household (housing),6,0,0,0,0,0,EICV1: module s6_housing,,,
s6bq9,How much spent on construction costs in 12 months?,int32,,0,household (housing),6419,0,0,0,0,0,EICV1: module s6_housing,,,
s6bq10,How much spent on repairs in last 12 months?,int32,,0,household (housing),6413,0,0,0,0,0,EICV1: module s6_housing,,,
s6cq1,Drinking water source?,int8,"1=Electrogaz, 2=Plain well, 3=Well/bore hole, 4=River/stream/lake/pool, 5=Built-up catchment (dam) …",9,household (housing),6420,0,0,0,0,0,EICV1: module s6_housing,,,
s6cq2,Where is the source located?,int8,"1=In own dwelling/concession, 2=Neighbouring dwelling, 3=In cell, 4=Outside the cell, 5=Other",5,household (housing),6141,0,0,0,0,0,EICV1: module s6_housing,,,
s6cq3,Do you pay for water service (Electrogaz)?,int8,"1=Yes, 2=No",2,household (housing),279,0,0,0,0,0,EICV1: module s6_housing,,,
s6cq4a,Last amount of water bill,int32,,0,household (housing),218,0,0,0,0,0,EICV1: module s6_housing,,,
s6cq4b,Number of months,int8,,0,household (housing),218,0,0,0,0,0,EICV1: module s6_housing,,,
s6cq5,Amount paid for drinking water?,int16,,0,household (housing),6420,0,0,0,0,0,EICV1: module s6_housing,,,
s6cq6,Do you sell water?,int8,"1=Yes, 2=No",2,household (housing),6420,0,0,0,0,0,EICV1: module s6_housing,,,
s6cq7,How much received from selling water?,int16,,0,household (housing),15,0,0,0,0,0,EICV1: module s6_housing,,,
s6cq8a,Distance to water source from dwelling?,double,,0,household (housing),6391,0,0,0,0,0,EICV1: module s6_housing,,,
s6cq8b,Unit of distance,int8,"1=Metre, 2=Km",2,household (housing),6420,0,0,0,0,0,EICV1: module s6_housing,,,
s6cq9,What was main source of water one year ago?,int8,"1=Electrogaz, 2=Puits ordinaire, 3=Puits de forage, 4=Rivière/fleuve/lac, 5=Source aménagée …",10,household (housing),6420,0,0,0,0,0,EICV1: module s6_housing,,,
s6cq10,What is the main source of lighting for household?,int8,"1=Electricity Electrogaz, 2=Electric gerator, 3=Oil lamb, 4=Gas lamb, 5=Firewood …",8,household (housing),6420,0,0,0,0,0,EICV1: module s6_housing,,,
s6cq11a,What was the amount of the last bill?,int32,,0,household (housing),480,0,0,0,0,0,EICV1: module s6_housing,,,
s6cq11b,Number of months,int8,,0,household (housing),480,0,0,0,0,0,EICV1: module s6_housing,,,
s6cq12,What was main source of lighting one year ago?,int8,"1=Electricity Electrogaz, 2=Generator, 3=Paraffin lamp, 4=Gas lamp, 5=Firewood …",9,household (housing),6420,0,0,0,0,0,EICV1: module s6_housing,,,
s6cq13,What is the main fuel used for cooking?,int8,"1=Wood, 2=Charcoal, 3=Gas, 4=Electricity, 5=Paraffin …",7,household (housing),6420,0,0,0,0,0,EICV1: module s6_housing,,,
s6cq14,What was main fuel used for cooking one year ago?,int8,"1=Wood, 2=Charcoal, 3=Gas, 4=Electricity, 5=Paraffin …",7,household (housing),6420,0,0,0,0,0,EICV1: module s6_housing,,,
s6cq15,Waste disposal?,int8,"1=Public/council service, 2=Thrown away, 3=Burnt by household, 4=Buried by household",4,household (housing),6420,0,0,0,0,0,EICV1: module s6_housing,,,
s6cq16,Are you prepared to pay for waste disposal?,int8,"1=Yes, 2=No",2,household (housing),6420,0,0,0,0,0,EICV1: module s6_housing,,,
s6cq17a,What amount to pay for waste disposal?,int16,,0,household (housing),527,0,0,0,0,0,EICV1: module s6_housing,,,
s6cq17b,Time unit,int8,"1=Day, 2=Month",2,household (housing),527,0,0,0,0,0,EICV1: module s6_housing,,,
s6cq18,Type of toilet?,int8,"1=Flushed toilet, 2=Enclosed pit latrine, 3=Open pit latrine, 4=Other, 5=None",5,household (housing),6420,0,0,0,0,0,EICV1: module s6_housing,,,
s6dq1,Outside walls material,int8,"1=Briques adobes, 2=Briques adobes cemented, 3=Pisé cimente, 4=Pisé not cemented, 5=Boards …",9,household (housing),6420,0,0,0,0,0,EICV1: module s6_housing,,,
s6dq2,Roofing material,int8,"1=Chaume/paille, 2=Tôle ondulée, 3=Concrete, 4=Tile, 5=Other",5,household (housing),6420,0,0,0,0,0,EICV1: module s6_housing,,,
s6dq3,Flooring material,int8,"1=Earth, 2=Wood, 3=Cement, 4=Tiles, 5=Bricks …",6,household (housing),6420,0,0,0,0,0,EICV1: module s6_housing,,,
s6dq4a,Surface area of dwelling?,double,,0,household (housing),6420,0,0,0,0,0,EICV1: module s6_housing,,,
s6dq4b,Unit code,int8,"1=Inside, 2=Outside",2,household (housing),6416,0,0,0,0,0,EICV1: module s6_housing,,,
s6dq5,Is dwelling used for professional activity,int8,"1=Yes, 2=No",2,household (housing),6420,0,0,0,0,0,EICV1: module s6_housing,,,
s6dq6,Area used for professional activity?,double,,0,household (housing),216,0,0,0,0,0,EICV1: module s6_housing,,,
dureloge,Length of stay in lodging,double,,0,,6420,0,0,0,0,0,EICV1: module s6_housing,,,
loyimp,Imputed rent,int8,,0,,11,0,0,0,0,0,EICV1: module s6_housing,,,
loyer,Annual rent,int8,,0,,13,0,0,0,0,0,EICV1: module s6_housing,,,
valbien,Annual value of counterparts,int8,,0,,5948,0,0,0,0,0,EICV1: module s6_housing,,,
traite,Annual treat value,int8,,0,,0,0,0,0,0,0,EICV1: module s6_housing,,,
facteau,Annual value of water bill,int8,,0,,6202,0,0,0,0,0,EICV1: module s6_housing,,,
disteau,Distance in relation to ater source,int8,,0,,907,0,0,0,0,0,EICV1: module s6_housing,,,
factelec,Annual value of electricity expenditures,int8,,0,,84,0,0,0,0,0,EICV1: module s6_housing,,,
depeau,Annual water expendiures,int8,,0,,5370,0,0,0,0,0,EICV1: module s6_housing,,,
deploge,Annual lodging expenditures,int8,,0,,15,0,0,0,0,0,EICV1: module s6_housing,,,
idmenag,Key,double,,0,,6420,0,0,0,0,0,EICV1: module s6_housing,,,
taille,Household Size,int8,,0,,6420,0,0,0,0,0,EICV1: module s6_housing,,,
quintile,Quintile,int8,"1=Q1, 2=Q2, 3=Q3, 4=Q4, 5=Q5",5,,6420,0,14308,14419,14580,0,EICV1: module s6_housing; EICV3: module s11a1_credit; EICV4_CS: module s0_s5_household; EICV5_CS: module s9c_vup_ubudehe_and_rssp_schemes,quintile_v2 (EICV7_CS),EICV1: Expenditure Quintile; EICV4_CS: QUINTILE,
nweight,,double,,0,,6420,0,0,0,0,0,EICV1: module s6_housing,,,
roompers,Number of pieces by person,int8,,0,,6420,0,0,0,0,0,EICV1: module s6_housing,,,
s1q1,Gender,int8,"1=Male, 2=Female",2,all household members (roster; marital status 12+),6420,0,0,0,0,0,EICV1: module s6_housing,,,
nivpauv,Level of poverty,int8,,0,,6420,0,0,0,0,0,EICV1: module s6_housing,,,
ramord,,int8,,0,,12,0,0,0,0,0,EICV1: module s6_housing,,,
ramordj,,int8,,0,,460,0,0,0,0,0,EICV1: module s6_housing,,,
payord,,int8,,0,,12,0,0,0,0,0,EICV1: module s6_housing,,,
s0q7,No Concession_Building,int16,,0,,6408,0,0,0,0,0,EICV1: module s0_id,,,
s0q8,No. on list,int16,,0,,6407,0,0,0,0,0,EICV1: module s0_id,,,
s0q9,No. in Sample,int8,,0,,6420,0,0,0,0,0,EICV1: module s0_id,,,
s0q10_v2,[EICV1..EICV1 version] Has household accepted to participate,int8,,0,,6420,0,0,0,0,0,,s0q10 (EICV2),,
s0q11,Replacement Concession_Building,int16,,0,,814,0,0,0,0,0,EICV1: module s0_id,,,
s0q12,Replacement No. in list,int16,,0,,816,0,0,0,0,0,EICV1: module s0_id,,,
s0q13,Replacemnt No. in Sample,int8,,0,,816,0,0,0,0,0,EICV1: module s0_id,,,
s0q14_v2,[EICV1..EICV1 version] Language,int8,,0,,6420,0,0,0,0,0,,s0q14 (EICV2),,
s0q15_v2,[EICV1..EICV1 version] Who else assumes responsibility for household decisions,int8,,0,,6379,0,0,0,0,0,,s0q15 (EICV2),,
s0q16,Religion,int8,,0,,6420,0,0,0,0,0,EICV1: module s0_id,,,
s0q17a,Day,int8,,0,,6420,0,0,0,0,0,EICV1: module s0_id,,,
month,Month of interview,int8,,0,,6420,0,0,0,0,0,EICV1: module s0_id,,,
dstrat,Design strata,int16,"111=Kigali lowest quartile socio-economic strata, 112=Kigali quartile 2 socio-economic strata, 113=Kigali quartile 3 socio-economic strata, 114=Kigali highest quartile socio-economic strata, 119=Kigali (semi-rural) …",32,,6420,6900,0,0,0,0,EICV1: module eicv1_remap_weights; EICV2: module s0_id,,,
id_strate,New strata based on census EAs,int8,"1=Urban, 2=Other urban, 3=Rural",3,,6420,0,0,0,0,0,EICV1: module eicv1_remap_weights,,,
e2_prov,Census province,int8,"1=Ville de Kigali, 2=Kigali Ngali, 3=Gitarama, 4=Butare, 5=Gikongoro …",12,,6420,0,0,0,0,0,EICV1: module eicv1_remap_weights,,,
hh_wt,Household weight,double,,0,,6420,0,0,14419,0,0,EICV1: module eicv1_remap_weights; EICV4_CS: module eicv4_poverty_file,,,
rectype,Record type,string,,0,,6420,6900,14308,14419,14580,15054,EICV1: module s10_enter_10,,,
strate_s10_enter_10,Area,int8,,0,,3369,0,0,0,0,0,EICV1: module s10_enter_10,,,
prefect_s10_enter_10,Province,int8,"1=Butare, 2=Byumba, 3=Cyangugu, 4=Gikongoro, 5=Gisenyi …",12,,3369,0,0,0,0,0,EICV1: module s10_enter_10,,,
ent10092,Enterprise number,int8,,0,,127,0,0,0,0,0,EICV1: module s10_enter_10,,,
s10d2q1,"Yes-func, Amount received from sales in the last 2 weeks?",int32,,0,household (non-farm enterprises),94,0,0,0,0,0,EICV1: module s10_enter_10,,,
s10d2q2,"Yes-func, Received payments in form of goods/services last 2 weeks?",int8,"1=Yes, 2=No",2,household (non-farm enterprises),94,0,0,0,0,0,EICV1: module s10_enter_10,,,
s10d2q3,"Yes-func, Value of these payments",int16,,0,household (non-farm enterprises),5,0,0,0,0,0,EICV1: module s10_enter_10,,,
s10d2q4,"Yes-func, were any goods/services consumed by hh members last 2 weeks?",int8,"1=Yes, 2=No",2,household (non-farm enterprises),93,0,0,0,0,0,EICV1: module s10_enter_10,,,
s10d2q5,"Yes-func, Value of products consumed by hh",int16,,0,household (non-farm enterprises),34,0,0,0,0,0,EICV1: module s10_enter_10,,,
s10d2q6,"No-func, Amt usually received from sale of products over 2 week period",int32,,0,household (non-farm enterprises),31,0,0,0,0,0,EICV1: module s10_enter_10,,,
s10d2q7,"No-func, Does enterprise usually receive payment in form of goods/services?",int8,"1=Yes, 2=No",2,household (non-farm enterprises),31,0,0,0,0,0,EICV1: module s10_enter_10,,,
s10d2q8,"No-func, What is usual value of payments for goods/services over a two-week peri",int32,,0,household (non-farm enterprises),1,0,0,0,0,0,EICV1: module s10_enter_10,,,
s10d2q9,"No-func, are goods/services usually consumed by hh instead of being sold?",int8,"1=Yes, 2=No",2,household (non-farm enterprises),30,0,0,0,0,0,EICV1: module s10_enter_10,,,
s10d2q10,"No-func, Value of products usually consumed by hh instead of being sold - 2 week",int16,,0,household (non-farm enterprises),9,0,0,0,0,0,EICV1: module s10_enter_10,,,
s10d2q11,Has enterprise rented out building/land/equip/other during last 12 months?,int8,"1=Yes, 2=No",2,household (non-farm enterprises),121,0,0,0,0,0,EICV1: module s10_enter_10,,,
s10d2q12,Amount received (money and in-kind) for renting out assets,int16,,0,household (non-farm enterprises),2,0,0,0,0,0,EICV1: module s10_enter_10,,,
s10d2q13,Compare gross revenue over last 12 months with year before,int8,"1=Higher, 2=Lower, 3=No difference, 4=Not applicable",4,household (non-farm enterprises),121,0,0,0,0,0,EICV1: module s10_enter_10,,,
rectype_s10_enter_11,Record type,string,,0,,6420,6900,14308,14419,14580,15054,EICV1: module s10_enter_11,,,
strate_s10_enter_11,Area,int8,,0,,3351,0,0,0,0,0,EICV1: module s10_enter_11,,,
prefect_s10_enter_11,Province,int8,"1=Butare, 2=Byumba, 3=Cyangugu, 4=Gikongoro, 5=Gisenyi …",12,,3351,0,0,0,0,0,EICV1: module s10_enter_11,,,
ent10093,Enterprise number,int8,,0,,21,0,0,0,0,0,EICV1: module s10_enter_11,,,
s10d3q1,"Yes-func, Amount received from sales in the last 2 weeks?",int32,,0,household (non-farm enterprises),17,0,0,0,0,0,EICV1: module s10_enter_11,,,
s10d3q2,"Yes-func, Received payments in form of goods/services last 2 weeks?",int8,"1=Yes, 2=No",2,household (non-farm enterprises),17,0,0,0,0,0,EICV1: module s10_enter_11,,,
s10d3q3,"Yes-func, Value of these payments",int16,,0,household (non-farm enterprises),1,0,0,0,0,0,EICV1: module s10_enter_11,,,
s10d3q4,"Yes-func, were any goods/services consumed by hh members last 2 weeks?",int8,"1=Yes, 2=No",2,household (non-farm enterprises),17,0,0,0,0,0,EICV1: module s10_enter_11,,,
s10d3q5,"Yes-func, Value of products consumed by hh",int16,,0,household (non-farm enterprises),4,0,0,0,0,0,EICV1: module s10_enter_11,,,
s10d3q6,"No-func, Amt usually received from sale of products over 2 week period",int16,,0,household (non-farm enterprises),4,0,0,0,0,0,EICV1: module s10_enter_11,,,
s10d3q7,"No-func, Does enterprise usually receive payment in form of goods/services?",int8,"1=Yes, 2=No",2,household (non-farm enterprises),4,0,0,0,0,0,EICV1: module s10_enter_11,,,
s10d3q8,"No-func, What is usual value of payments for goods/services over a two-week peri",int8,,0,household (non-farm enterprises),0,0,0,0,0,0,EICV1: module s10_enter_11,,,
s10d3q9,"No-func, are goods/services usually consumed by hh instead of being sold?",int8,"1=Yes, 2=No",2,household (non-farm enterprises),4,0,0,0,0,0,EICV1: module s10_enter_11,,,
s10d3q10,"No-func, Value of products usually consumed by hh instead of being sold - 2 week",int8,,0,household (non-farm enterprises),0,0,0,0,0,0,EICV1: module s10_enter_11,,,
s10d3q11,Has enterprise rented out building/land/equip/other during last 12 months?,int8,"1=Yes, 2=No",2,household (non-farm enterprises),19,0,0,0,0,0,EICV1: module s10_enter_11,,,
s10d3q12,Amount received (money and in-kind) for renting out assets,int8,,0,household (non-farm enterprises),0,0,0,0,0,0,EICV1: module s10_enter_11,,,
s10d3q13,Compare gross revenue over last 12 months with year before,int8,"1=Higher, 2=Lower, 3=No difference, 4=Not applicable",4,household (non-farm enterprises),19,0,0,0,0,0,EICV1: module s10_enter_11,,,
rectype_s10_enter_9,Record type,string,,0,,6420,6900,14308,14419,14580,15054,EICV1: module s10_enter_9,,,
strate_s10_enter_9,Area,int8,,0,,3650,0,0,0,0,0,EICV1: module s10_enter_9,,,
prefect_s10_enter_9,Province,int8,"1=Butare, 2=Byumba, 3=Cyangugu, 4=Gikongoro, 5=Gisenyi …",12,,3650,0,0,0,0,0,EICV1: module s10_enter_9,,,
ent10091,Enterprise number,int8,,0,,1118,0,0,0,0,0,EICV1: module s10_enter_9,,,
s10d1q1,"Yes-func, Amount received from sales in the last 2 weeks?",int32,,0,household (non-farm enterprises),915,0,0,0,0,0,EICV1: module s10_enter_9,,,
s10d1q2,"Yes-func, Received payments in form of goods/services last 2 weeks?",int8,"1=Yes, 2=No",2,household (non-farm enterprises),914,0,0,0,0,0,EICV1: module s10_enter_9,,,
s10d1q3,"Yes-func, Value of these payments",int16,,0,household (non-farm enterprises),40,0,0,0,0,0,EICV1: module s10_enter_9,,,
s10d1q4,"Yes-func, were any goods/services consumed by hh members last 2 weeks?",int8,"1=Yes, 2=No",2,household (non-farm enterprises),915,0,0,0,0,0,EICV1: module s10_enter_9,,,
s10d1q5,"Yes-func, Value of products consumed by hh",int32,,0,household (non-farm enterprises),373,0,0,0,0,0,EICV1: module s10_enter_9,,,
s10d1q6,"No-func, Amt usually received from sale of products over 2 week period",int32,,0,household (non-farm enterprises),202,0,0,0,0,0,EICV1: module s10_enter_9,,,
s10d1q7,"No-func, Does enterprise usually receive payment in form of goods/services?",int8,"1=Yes, 2=No",2,household (non-farm enterprises),203,0,0,0,0,0,EICV1: module s10_enter_9,,,
s10d1q8,"No-func, What is usual value of payments for goods/services over a two-week peri",int32,,0,household (non-farm enterprises),15,0,0,0,0,0,EICV1: module s10_enter_9,,,
s10d1q9,"No-func, are goods/services usually consumed by hh instead of being sold?",int8,"1=Yes, 2=No",2,household (non-farm enterprises),204,0,0,0,0,0,EICV1: module s10_enter_9,,,
s10d1q10,"No-func, Value of products usually consumed by hh instead of being sold - 2 week",int32,,0,household (non-farm enterprises),78,0,0,0,0,0,EICV1: module s10_enter_9,,,
s10d1q11,Has enterprise rented out building/land/equip/other during last 12 months?,int8,"1=Yes, 2=No",2,household (non-farm enterprises),1117,0,0,0,0,0,EICV1: module s10_enter_9,,,
s10d1q12,Amount received (money and in-kind) for renting out assets,int32,,0,household (non-farm enterprises),15,0,0,0,0,0,EICV1: module s10_enter_9,,,
s10d1q13,Compare gross revenue over last 12 months with year before,int8,"1=Higher, 2=Lower, 3=No difference, 4=Not applicable",4,household (non-farm enterprises),1118,0,0,0,0,0,EICV1: module s10_enter_9,,,
s8bq24,Did any member of household own any Ag. equipment during last 12 months?,int8,"1=Yes, 2=No",2,"household / farm (agriculture, livestock)",6420,0,0,0,0,0,EICV1: module s8_agriculture,,,
strate_s8_agriculture,Area,int8,,0,,6420,0,0,0,0,0,EICV1: module s8_agriculture,,,
prefect_s8_agriculture,Province,int8,"1=Butare, 2=Byumba, 3=Cyangugu, 4=Gikongoro, 5=Gisenyi …",12,,6420,0,0,0,0,0,EICV1: module s8_agriculture,,,
s8aq1,Did you own livestock/poultry in last 12 months?,int8,"1=Yes, 2=No",2,"household / farm (agriculture, livestock)",6420,0,0,0,0,0,EICV1: module s8_agriculture,,,
id1_v3,[EICV1..EICV1 version] Area,int8,,0,,6420,0,0,0,0,0,,"id1 (EICV3, EICV4_CS), id1_v2 (EICV2)",,
id2,Province,int8,"1=City of Kigali, 2=Kigali Ngali, 3=Gitarama, 4=Butare, 5=Gikongoro …",12,,6420,6900,0,0,0,0,EICV1: module s8_agriculture; EICV2: module s0_id,,,"{""1"": [""Butare"", ""City of Kigali""], ""2"": [""Byumba"", ""Kigali Ngali""], ""3"": [""Cyangugu"", ""Gitarama""], ""4"": [""Butare"", ""Gikongoro""], ""5"": [""Gikongoro"", ""Gisenyi""], ""6"": [""Cyangugu"", ""Gitarama""], ""7"": [""Kibungo"", ""Kibuye""], ""8"": [""Gisenyi"", ""Kibuye""], ""9"": [""Kigali Rural"", ""Ruhengeri""], ""10"": [""Byumba"", ""Kigali Urban""], ""11"": [""Ruhengeri"", ""Umutara""], ""12"": [""Kibungo"", ""Umutara""]}"
s8bq1_v2,[EICV1..EICV1 version] Does any member of household own land (here or elsewhere,int8,"1=Yes, 2=No",2,"household / farm (agriculture, livestock)",6420,0,0,0,0,0,,s8bq1 (EICV2),,
s8bq2,Household possessed farm land in the last 12 months,int8,"1=Yes, 2=No",2,"household / farm (agriculture, livestock)",918,784,0,0,0,0,EICV1: module s8_farm_land; EICV2: module b_filters,,EICV1: Did any member of household own Ag. land during la,
s8bq3,Household has purchased farm land in the last 12 months,int8,"1=Yes, 2=No",2,"household / farm (agriculture, livestock)",5502,6129,0,0,0,0,EICV1: module s8_farm_land; EICV2: module b_filters,,EICV1: Did you buy land in last 12 months?,
s8bq4_v2,[EICV1..EICV1 version] How much did you pay for land (include in kind payments),int32,,0,"household / farm (agriculture, livestock)",309,0,0,0,0,0,,s8bq4 (EICV2),,
s8bq5,Household purchased farm land in the last two years,int8,"1=Yes, 2=No",2,"household / farm (agriculture, livestock)",5502,6129,0,0,0,0,EICV1: module s8_farm_land; EICV2: module b_filters,,EICV1: Did you buy land during the 2 years preceding the ,
s8bq6_v2,[EICV1..EICV1 version] How much paid for land in 2 preceding years (include in,int32,,0,"household / farm (agriculture, livestock)",274,0,0,0,0,0,,s8bq6 (EICV2),,
s8bq7,Household sold farm land in the last 12 months,int8,"1=Yes, 2=No",2,"household / farm (agriculture, livestock)",5516,6129,0,0,0,0,EICV1: module s8_farm_land; EICV2: module b_filters,,EICV1: Did you sell any land during last 12 months?,
s8bq8,Amount of sale of this farm land,int32,,0,"household / farm (agriculture, livestock)",151,375,0,0,0,0,EICV1: module s8_farm_land; EICV2: module b_filters,,EICV1: What was the amount of this sale (include in kind),
s8bq9_v2,[EICV1..EICV1 version] Did you sell tools during the 2 years preceding the last,int8,"1=Yes, 2=No",2,"household / farm (agriculture, livestock)",5516,0,0,0,0,0,,s8bq9 (EICV2),,
s8bq10,Amount of sale for this land,int32,,0,"household / farm (agriculture, livestock)",73,283,0,0,0,0,EICV1: module s8_farm_land; EICV2: module b_filters,,EICV1: What was the amount of tool sale (include in kind),
s8bq11,Household leased land in the last 12 months,int8,"1=Yes, 2=No",2,"household / farm (agriculture, livestock)",5516,6128,0,0,0,0,EICV1: module s8_farm_land; EICV2: module b_filters,,EICV1: Did you rent land during the last 12 months?,
s8bq12_v2,[EICV1..EICV1 version] Rented for how much (include in kind)?,int32,,0,"household / farm (agriculture, livestock)",471,0,0,0,0,0,,s8bq12 (EICV2),,
s8bq13,Household sharecropped farm land in the last 12 months,int8,"1=Yes, 2=No",2,"household / farm (agriculture, livestock)",5516,6129,0,0,0,0,EICV1: module s8_agriculture; EICV2: module b_filters,,EICV1: Did you give land for sharecropping during the las,
s8bq14_v2,[EICV1..EICV1 version] Receive how much for sharecropping (include in kind)?,int32,,0,"household / farm (agriculture, livestock)",58,0,0,0,0,0,,s8bq14 (EICV2),,
s8bq15,Household lent farm land to non-household member in the last 12 months,int8,"1=Yes, 2=No",2,"household / farm (agriculture, livestock)",5516,6125,0,0,0,0,EICV1: module s8_agriculture; EICV2: module b_filters,,EICV1: Did you loan land to an outside person during last,
s8bq16_v2,"[EICV1..EICV1 version] Have you received land as a gift, inheritance, dowry or",int8,"1=Yes, 2=No",2,"household / farm (agriculture, livestock)",5516,0,0,0,0,0,,s8bq16 (EICV2),,
s8bq17_v2,"[EICV1..EICV1 version] Have you given out land as a gift, inheritance, dowry or",int8,"1=Yes, 2=No",2,"household / farm (agriculture, livestock)",5516,0,0,0,0,0,,s8bq17 (EICV2),,
s12cq1,Any hh member have a savings account (include tontines)?,int8,"1=Yes, 2=No",2,"household (credit, durables, savings)",6419,0,0,0,0,0,EICV1: module s8_agriculture,,,
s12aq1,Hh member owe money/goods to other person/institution/business?,int8,"1=Yes, 2=No",2,"household (credit, durables, savings)",6419,0,0,0,0,0,EICV1: module s8_agriculture,,,
s12aq2,Has loan been fully repaid in last 12 months by any hh member?,int8,"1=Yes, 2=No",2,"household (credit, durables, savings)",4496,0,0,0,0,0,EICV1: module s8_agriculture,,,
s12aq3,Has any member tried to obtain loan and been refused in last 12 months?,int8,"1=Yes, 2=No",2,"household (credit, durables, savings)",4018,0,0,0,0,0,EICV1: module s8_agriculture,,,
s12aq4,Why was loan refused?,int8,"1=Insufficient income, 2=Insufficient collateral, 3=Problems with previous debts, 4=Purpose inappropriate, 5=Other",5,"household (credit, durables, savings)",118,0,0,0,0,0,EICV1: module s8_agriculture,,,
s11aq1_v2,[EICV1..EICV1 version] Sent money/goods to absent hh member or other person?,int8,"1=Yes, 2=No",2,household (transfers),6420,0,0,0,0,0,,"s11aq1 (EICV2, EICV3)",,
s11bq1,Received money/goods from an absent hh member or other person?,int8,"1=Yes, 2=No",2,household (transfers),6420,0,0,0,0,0,EICV1: module s8_agriculture,,,
s8kq0,,int8,,0,"household / farm (agriculture, livestock)",6420,0,0,0,0,0,EICV1: module s8_agriculture,,,
s8jq0,"During the last 2 weeks, were there any ag products processed by your household;",int8,"1=Yes, 2=No",2,"household / farm (agriculture, livestock)",6420,0,0,0,0,0,EICV1: module s8_agriculture,,,
s8iq0,"During last 12 months, have any of the following goods and services been used on",int8,"1=Yes, 2=No",2,"household / farm (agriculture, livestock)",6420,0,0,0,0,0,EICV1: module s8_agriculture,,,
s8eq0,"During last 12 months, did you harvest any crops piecemeal?",int8,"1=Yes, 2=No",2,"household / farm (agriculture, livestock)",5543,0,0,0,0,0,EICV1: module s8_agriculture,,,
s8hq0,"During last 12 months, were there other sources of income from agriculture?",int8,"1=Yes, 2=No",2,"household / farm (agriculture, livestock)",6420,0,0,0,0,0,EICV1: module s8_agriculture,,,
s8dq0,Did you harvest any significant quantities of crops during last 12 months?,int8,"1=Yes, 2=No",2,"household / farm (agriculture, livestock)",5544,0,0,0,0,0,EICV1: module s8_agriculture,,,
s8cq0,Did member of household plant any crops on parcels last 12 months?,int8,"1=Yes, 2=No",2,"household / farm (agriculture, livestock)",6420,0,0,0,0,0,EICV1: module s8_agriculture,,,
rectype_s8_farm_land,Record type,string,,0,,6420,6900,14308,14419,14580,15054,EICV1: module s8_farm_land,,,
strate_s8_farm_land,Area,int8,,0,,6420,0,0,0,0,0,EICV1: module s8_farm_land,,,
prefect_s8_farm_land,Province,int8,"1=Butare, 2=Byumba, 3=Cyangugu, 4=Gikongoro, 5=Gisenyi …",12,,6420,0,0,0,0,0,EICV1: module s8_farm_land,,,
s8bq12_s8_farm_land,What was the rented area (ha)?,double,,0,"household / farm (agriculture, livestock)",471,0,0,0,0,0,EICV1: module s8_farm_land,,,
s8bq13_s8_farm_land,Rented for how much (include in kind)?,int32,,0,"household / farm (agriculture, livestock)",471,0,0,0,0,0,EICV1: module s8_farm_land,,,
s8bq14_s8_farm_land,Did you give land for sharecropping during the last 12 months?,int8,"1=Yes, 2=No",2,"household / farm (agriculture, livestock)",5516,0,0,0,0,0,EICV1: module s8_farm_land,,,
s8bq15_s8_farm_land,What was the sharecrop area (ha)?,double,,0,"household / farm (agriculture, livestock)",59,0,0,0,0,0,EICV1: module s8_farm_land,,,
s8bq16_s8_farm_land,Receive how much for sharecropping (include in kind)?,int32,,0,"household / farm (agriculture, livestock)",58,0,0,0,0,0,EICV1: module s8_farm_land,,,
s8bq17_s8_farm_land,What was value of total production of sharecropped parcel?,int32,,0,"household / farm (agriculture, livestock)",58,0,0,0,0,0,EICV1: module s8_farm_land,,,
s8bq18,Did you loan land to an outside person during last 12 months?,int8,"1=Yes, 2=No",2,"household / farm (agriculture, livestock)",5516,0,0,0,0,0,EICV1: module s8_farm_land,,,
s8bq19,What was the loaned area (ha)?,double,,0,"household / farm (agriculture, livestock)",575,0,0,0,0,0,EICV1: module s8_farm_land,,,
s8bq20,"Have you received land as a gift, inheritance, dowry or grant during last 12 mon",int8,"1=Yes, 2=No",2,"household / farm (agriculture, livestock)",5516,0,0,0,0,0,EICV1: module s8_farm_land,,,
s8bq21,What was the received area (ha)?,double,,0,"household / farm (agriculture, livestock)",202,0,0,0,0,0,EICV1: module s8_farm_land,,,
s8bq22,"Have you given out land as a gift, inheritance, dowry or grant during last 12 mo",int8,"1=Yes, 2=No",2,"household / farm (agriculture, livestock)",5516,0,0,0,0,0,EICV1: module s8_farm_land,,,
s8bq23,What was the given out area (ha)?,double,,0,"household / farm (agriculture, livestock)",129,0,0,0,0,0,EICV1: module s8_farm_land,,,
s8bq23a,,int16,,0,"household / farm (agriculture, livestock)",129,0,0,0,0,0,EICV1: module s8_farm_land,,,
rectype_s8_forestry,Record type,string,,0,,6420,6900,14308,14419,14580,15054,EICV1: module s8_forestry,,,
strate_s8_forestry,Area,int8,,0,,6420,0,0,0,0,0,EICV1: module s8_forestry,,,
prefect_s8_forestry,Province,int8,"1=Butare, 2=Byumba, 3=Cyangugu, 4=Gikongoro, 5=Gisenyi …",12,,6420,0,0,0,0,0,EICV1: module s8_forestry,,,
s8gq1,Did your household do any reforestation during last 12 month?,int8,"1=Yes, 2=No",2,"household / farm (agriculture, livestock)",6420,0,0,0,0,0,EICV1: module s8_forestry,,,
s8gq2,"What was the area, in hectares, reforested during last 12 months?",double,,0,"household / farm (agriculture, livestock)",592,0,0,0,0,0,EICV1: module s8_forestry,,,
s8gq2alf,"What was the area, in hectares, reforested during last 12 months?",int32,,0,"household / farm (agriculture, livestock)",592,0,0,0,0,0,EICV1: module s8_forestry,,,
s8gq3a,What was the 1st species used for reforestation?,int8,"1=Eucalyptus, 2=Pinus, 3=Cypres, 4=Acacia, 5=Grevillea …",6,"household / farm (agriculture, livestock)",592,0,0,0,0,0,EICV1: module s8_forestry,,,
s8gq3b,What was the 2nd species used for reforestation?,int8,"1=Eucalyptus, 2=Pinus, 3=Cypres, 4=Acacia, 5=Grevillea …",6,"household / farm (agriculture, livestock)",187,0,0,0,0,0,EICV1: module s8_forestry,,,
s8gq3c,What was the 3rd species used for reforestation?,int8,"1=Eucalyptus, 2=Pinus, 3=Cypres, 4=Acacia, 5=Grevillea …",6,"household / farm (agriculture, livestock)",60,0,0,0,0,0,EICV1: module s8_forestry,,,
hhsize,Household size (persons in the roster),int8,,0,,6420,6900,14308,14419,14580,15054,,,,
head_sex,Sex of household head (s1q2 == 1),int8,"1=Male, 2=Female, 9=Missing",3,,6420,6900,14308,14419,14580,15054,,,,
head_age,Age of household head (s1q2 == 1),int16,,0,,6420,6900,14308,14419,14580,15054,,,,
id6,Household number,int8,,0,,0,6900,0,0,0,0,EICV2: module s0_id,,,
id1_v2,[EICV2..EICV2 version] Strata,int8,"1=City of Kigali, 2=Other urban, 3=Rural",3,,0,6900,0,0,0,0,,"id1 (EICV3, EICV4_CS), id1_v3 (EICV1)",,
s0q10,Accept/Refuse interview,int8,"1=Yes, 2=No, address not found or uninhabited dwelling, 3=No, change of residence, 4=No, sick or deceased, 5=No, refused …",6,,0,6900,0,0,0,0,EICV2: module s0_id,s0q10_v2 (EICV1),,
s0q14,Decision maker,int8,"97=Other non-household member, 98=No one",2,,0,6899,0,0,0,0,EICV2: module s0_id,s0q14_v2 (EICV1),,
s0q15,Religion of the head of household,int8,"1=Moslem, 2=Christian, 3=Traditional/Animist, 4=Other",4,,0,6900,0,0,0,0,EICV2: module s0_id,s0q15_v2 (EICV1),,
s0q16a,Day of interview,int8,,0,,0,6900,0,0,0,0,EICV2: module s0_id,,,
s0q16b,Month of interview,int8,,0,,0,6900,0,0,0,0,EICV2: module s0_id,,,
s0q16c,Year of interview,int8,,0,,0,6900,0,0,0,0,EICV2: module s0_id,,,
s5aq1,Type of habitat,int8,"1=Umudugudu (Planned rural settlement), 2=Integrated Model Village, 3=Dispersed/Isolated housing, 4=Modern planned urban area, 5=Spontaneous/informal/unplanned housing …",8,"EICV2: household (housing, services); EICV3: household (housing, services); EICV4_CS: household (housing, services); EICV5_CS: household (housing, services); EICV7_CS: household (housing, shocks, services)",0,6899,14308,14419,14580,15054,EICV2: module s5_housing; EICV3: module s05abcd_housing; EICV4_CS: module s0_s5_household; EICV5_CS: module s0_s5_household; EICV7_CS: module s01_s5_s7_household,,EICV2: Type of community,"{""1"": [""Imidugudu"", ""Umudugudu"", ""Umudugudu (Planned rural settlement)""], ""2"": [""Integrated Model Village"", ""Old regrouping (resettlement)"", ""Unplanned clustered rural housing""], ""3"": [""Dispersed/Isolated housing"", ""Isolated community"", ""Isolated rural housing""], ""4"": [""Aglomeration"", ""Modern planned urban area"", ""Neighborhood lot"", ""Unplanned urban housing""], ""5"": [""Small settlement"", ""Spontaneous/informal/unplanned housing"", ""Unplanned community"", ""Unplanned urban housing""], ""6"": [""Modern planned area"", ""Other"", ""Other (Specify)""]}"
s5aq2,Type of dwelling,int8,"1=House occupied by one household, 2=House occupied by multiple Households, 3=Multi-storied building occupied by one household, 4=Multi-storied building occupied by many households, 5=Several buildings in a compound occupied by one household …",8,"EICV2: household (housing, services); EICV3: household (housing, services); EICV4_CS: household (housing, services); EICV5_CS: household (housing, services); EICV7_CS: household (housing, shocks, services)",0,6896,14308,14419,14580,15054,EICV2: module s5_housing; EICV3: module s05abcd_housing; EICV4_CS: module s0_s5_household; EICV5_CS: module s0_s5_household; EICV7_CS: module s01_s5_s7_household,,,"{""1"": [""A single house dwelling"", ""A single house occupied by one  household dwelling"", ""House occupied by one household"", ""Single household dwelling (freehold)""], ""2"": [""A house occupied by multiple Households"", ""A multiple household dwelling"", ""House occupied by multiple Households"", ""Multiple household dwelling""], ""3"": [""Mulit storied building (flat)"", ""Multi-storied building housing one or more households"", ""Multi-storied building occupied by one household"", ""Multi-storied building with one household""], ""4"": [""Group of enclosed dwellings with multiple households"", ""Group of enclosed dwellings: multiple households"", ""Multi-storied building occupied by many households"", ""Multi-storied building with more households""], ""5"": [""Group of enclosed dwelling for single household"", ""Group of enclosed dwellings: multiple households"", ""Group of enclosed dwellings: single household"", ""Several buildings in a compound occupied by one household""], ""6"": [""Group of enclosed dwellings occupied by a single household"", ""Other"", ""Several buildings in a compound occupied by several households""], ""7"": [""Other (Specify)"", ""Other _Specify_""]}"
s5aq3,Number of  rooms does your household have for sleeping,int8,,0,"EICV2: household (housing, services); EICV3: household (housing, services); EICV7_CS: household (housing, shocks, services)",0,6891,14308,0,0,15054,EICV2: module s5_housing; EICV3: module s05abcd_housing; EICV7_CS: module s01_s5_s7_household,"s5aq3_v2 (EICV4_CS, EICV5_CS)",EICV2: Number of rooms; EICV3: Number of rooms occupied by household,
s5aq4,Any rooms shared with other households,int8,"1=Yes, 2=No, 9=Missing",3,"household (housing, services)",0,6899,0,608,744,0,EICV2: module s5_housing; EICV4_CS: module s0_s5_household; EICV5_CS: module s0_s5_household,s5aq4_v2 (EICV3),EICV2: Dwelling shared with other households; EICV4_CS: Share room(s) with other households,
s5aq5_v4,[EICV2..EICV2 version] Number of households sharing dwelling,int8,,0,"household (housing, services)",0,152,0,0,0,0,,"s5aq5 (EICV4_CS, EICV5_CS), s5aq5_v2 (EICV7_CS), s5aq5_v3 (EICV3)",,
s5aq6a,Time of residence in current dwelling,int8,,0,"household (housing, services)",0,6884,0,0,0,0,EICV2: module s5_housing,,,
s5aq6b,Time unit,int8,"1=Months, 2=Years",2,"household (housing, services)",0,6891,0,0,0,0,EICV2: module s5_housing,,,
s5aq7_v2,[EICV2..EICV2 version] Moved from this dwelling,int8,"1=Yes, 2=No",2,"household (housing, services)",0,6892,0,0,0,0,,s5aq7 (EICV7_CS),,
s5aq8_v4,[EICV2..EICV2 version] Reason for moving dwellings,int8,"1=Family reasons, 2=Cost, 3=Employment reasons, 4=Built own dwelling, 5=Quality of dwelling …",7,"household (housing, services)",0,5175,0,0,0,0,,"s5aq8 (EICV3, EICV4_CS), s5aq8_v2 (EICV7_CS), s5aq8_v3 (EICV5_CS)",,
s5aq9_v2,[EICV2..EICV2 version] To whom dwelling belongs,int8,"1=Household, 2=Head of household, 3=State, 4=Company or enterprise, 5=Other",5,"household (housing, services)",0,6895,0,0,0,0,,"s5aq9 (EICV3, EICV4_CS, EICV5_CS)",,
s5aq10_v2,[EICV2..EICV2 version] Status of ownership,int8,"1=Renter, 2=Dwelling provided by employer, 3=Dwelling provided free of charge, 4=Appropriation, 5=Rent to buy …",7,"household (housing, services)",0,933,0,0,0,0,,"s5aq10 (EICV3, EICV4_CS, EICV5_CS)",,
s5bq1_v4,[EICV2..EICV2 version] Estimated monthly rent,int32,,0,"household (housing, services)",0,6286,0,0,0,0,,"s5bq1 (EICV4_CS, EICV5_CS), s5bq1_v2 (EICV7_CS), s5bq1_v3 (EICV3)",,
s5bq2_v2,[EICV2..EICV2 version] Actual monthly rent,int32,,0,"household (housing, services)",0,608,0,0,0,0,,"s5bq2 (EICV4_CS, EICV5_CS)",,
s5bq3,Household provides services in exchange for dwelling,int8,"1=Yes, 2=No",2,"household (housing, services)",0,613,0,0,0,0,EICV2: module s5_housing,,,
s5bq4a_v2,[EICV2..EICV2 version] Estimated value of services provided for rent,int16,,0,"household (housing, services)",0,36,0,0,0,0,,"s5bq4a (EICV3, EICV4_CS, EICV5_CS)",,
s5bq4b,Time unit,int8,"1=Month, 2=Quarterly, 3=Annually, 9=Missing",4,"household (housing, services)",0,36,1369,1768,1988,0,EICV2: module s5_housing; EICV3: module s05abcd_housing; EICV4_CS: module s0_s5_household; EICV5_CS: module s0_s5_household,,EICV4_CS: Rent paid in cash (time unit),"{""1"": [""Month"", ""Months""], ""2"": [""Quarterly"", ""Years""], ""3"": [""Annually"", ""Year""]}"
s5bq5_v3,[EICV2..EICV2 version] Rent paid by No-household member,int8,"1=Yes, 2=No",2,"household (housing, services)",0,612,0,0,0,0,,"s5bq5 (EICV4_CS, EICV5_CS), s5bq5_v2 (EICV3)",,
s5bq6_v2,[EICV2..EICV2 version] Rent partially or totally paid by external agent,int8,"1=Parent, 2=State, 3=Company or enterprise, 4=Other",4,"household (housing, services)",0,30,0,0,0,0,,s5bq6 (EICV7_CS),,
s5bq7_v3,[EICV2..EICV2 version] Maintain a mortgage,int8,"1=Yes, 2=No",2,"household (housing, services)",0,613,0,0,0,0,,"s5bq7 (EICV3, EICV4_CS, EICV5_CS), s5bq7_v2 (EICV7_CS)",,
s5bq8a,Amount of mortgage payment,int32,,0,"household (housing, services)",0,1,0,0,0,0,EICV2: module s5_housing,,,
s5bq8b,Time unit,int8,"1=Months, 2=Years",2,"household (housing, services)",0,1,0,0,0,0,EICV2: module s5_housing,,,
s5bq9_v3,[EICV2..EICV2 version] Construction expenditures during the last 12 months,int32,0=Zero,1,"household (housing, services)",0,6898,0,0,0,0,,"s5bq9 (EICV7_CS), s5bq9_v2 (EICV3)",,
s5bq10,Built/extended house in last 12 months,int32,"0=Zero, 1=Yes, 2=No, 9=Missing",4,"household (housing, services)",0,6899,14214,14419,0,0,EICV2: module s5_housing; EICV3: module s05abcd_housing; EICV4_CS: module s0_s5_household,,EICV2: Maintenance expenditures during the last 12 months; EICV3: Amount paid for house construction  last 12 months,
s5cq1,Main source of water used for your household?,int8,"1=Piped into Dwelling, 2=Piped into compound, yard/pot, 3=Piped to neighbor HH, 4=Public tap/standpipe, 5=Tube Well/Borehole …",14,"EICV2: household (housing, services); EICV3: household (housing, services); EICV4_CS: household (housing, services); EICV5_CS: household (housing, services); EICV7_CS: household (housing, shocks, services)",0,6899,14308,14419,14580,15054,EICV2: module s5_housing; EICV3: module s05abcd_housing; EICV4_CS: module s0_s5_household; EICV5_CS: module s0_s5_household; EICV7_CS: module s01_s5_s7_household,,EICV2: Source of water supply; EICV3: Main source of drinking water; EICV4_CS: Type main source of water; EICV5_CS: Main source of drinking water,"{""1"": [""Piped into dwelling"", ""Public utility (Electrogaz)""], ""2"": [""Ordinary well (hand dug)"", ""Piped into compound, yard/pot"", ""Piped into yard"", ""Piped to Yard/Plot""], ""3"": [""Drilled well"", ""Piped to neighbor HH"", ""Public stand/pipe"", ""Public standpipe""], ""4"": [""Borehole"", ""Public tap/standpipe"", ""Stream, river, lake (surface water)"", ""Tube Well /Borehole""], ""5"": [""Protected spring"", ""Protected well"", ""Tube Well/Borehole""], ""6"": [""Protected spring"", ""Unprotected spring"", ""Unprotected well""], ""7"": [""Protected spring"", ""Purchase tap water"", ""Unprotected spring""], ""8"": [""Protected well"", ""Public water fountain"", ""Unprotected spring""], ""9"": [""Other"", ""Rain water"", ""Unprotected well""], ""11"": [""Surface water (river or lake)"", ""Surface water _river or lake_"", ""Tanker Truck""], ""12"": [""Other"", ""Other _specify_"", ""River/Stream/Irrigation Channel""], ""10"": [""Rain water"", ""Tanker truck""], ""99"": [""Missing"", ""Other specify)""]}"
s5cq2a_v2,[EICV2..EICV2 version] Amount billed,int32,,0,"household (housing, services)",0,256,0,0,0,0,,s5cq2a (EICV7_CS),,
s5cq2b_v2,[EICV2..EICV2 version] Time unit,int8,,0,"household (housing, services)",0,244,0,0,0,0,,s5cq2b (EICV7_CS),,
s5cq3_v2,[EICV2..EICV2 version] Amount paid to water vendor or neighbor for water,int16,0=Zero,1,"household (housing, services)",0,6898,0,0,0,0,,"s5cq3 (EICV4_CS, EICV5_CS, EICV7_CS)",,
s5cq4_v2,[EICV2..EICV2 version] Currently a water vendor,int8,"1=Yes, 2=No",2,"household (housing, services)",0,6864,0,0,0,0,,"s5cq4 (EICV4_CS, EICV5_CS)",,
s5cq5_v2,[EICV2..EICV3 version] Amount paid to private water vendor last 7 days,int16,,0,"household (housing, services)",0,56,14308,0,0,0,,"s5cq5 (EICV4_CS, EICV5_CS, EICV7_CS)",EICV2: Amount received from selling water in the last 7 d; EICV3: Amount paid to private water vendor last 7 days,
s5cq6_v3,[EICV2..EICV2 version] Primary source of lighting of dwelling,int8,"1=Public utility (Electrogaz), 2=Generator, 3=Kerosene lantern, 4=Gas (propane) lamp, 5=Firewood …",8,"household (housing, services)",0,6900,0,0,0,0,,"s5cq6 (EICV4_CS, EICV5_CS), s5cq6_v2 (EICV3)",,
s5cq7a,Amount of the last bill,int32,,0,"household (housing, services)",0,467,0,0,0,0,EICV2: module s5_housing,,,
s5cq7b,Time unit,int8,,0,"household (housing, services)",0,462,0,0,0,0,EICV2: module s5_housing,,,
s5cq8_v4,[EICV2..EICV2 version] Primary cooking fuel,int8,"1=Wood, 2=Charcoal, 3=Gas, 4=Electricity, 5=Kerosene …",7,"household (housing, services)",0,6894,0,0,0,0,,"s5cq8 (EICV4_CS, EICV5_CS), s5cq8_v2 (EICV7_CS), s5cq8_v3 (EICV3)",,
s5cq9_v2,[EICV2..EICV2 version] Method of rubbish disposal,int8,"1=Public dumpster, 2=Rubbish collection service, 3=Discarded on premises, 4=Discarded elsewhere, 5=Burnt …",7,"household (housing, services)",0,6898,0,0,0,0,,s5cq9 (EICV3),,
s5cq10_v3,[EICV2..EICV2 version] Type of toilet,int8,"1=Flush toilet, 2=Protected latrines, 3=Unprotected latrines, 4=Other, 5=No toilet facilities",5,"household (housing, services)",0,6900,0,0,0,0,,"s5cq10 (EICV4_CS, EICV5_CS, EICV7_CS), s5cq10_v2 (EICV3)",,
s5cq11_v3,[EICV2..EICV2 version] Does the household have a telephone,int8,"1=Fixed land line, 2=Cell phone, 3=Both land line and cell phone, 4=None",4,"household (housing, services)",0,6900,0,0,0,0,,"s5cq11 (EICV4_CS, EICV5_CS, EICV7_CS), s5cq11_v2 (EICV3)",,
s5dq1,Main construction material of exterior wall,int8,"1=Mud bricks, 2=Mud bricks with cement, 3=Oven fired bricks with mud, 4=Oven fired bricks with cement, 5=Cement blocks …",13,"EICV2: household (housing, services); EICV3: household (housing, services); EICV4_CS: household (housing, services); EICV5_CS: household (housing, services); EICV7_CS: household (housing, shocks, services)",0,6900,14308,14419,14580,15054,EICV2: module s5_housing; EICV3: module s05abcd_housing; EICV4_CS: module s0_s5_household; EICV5_CS: module s0_s5_household; EICV7_CS: module s01_s5_s7_household,,EICV2: Construction material of external walls,"{""2"": [""Cemented mud bricks (stucco)"", ""Mud bricks covered with cement"", ""Mud bricks with cement""], ""3"": [""Earth (clay)"", ""OVen fired bricks"", ""Oven fired bricks with mud""], ""4"": [""Cement bricks"", ""Cemented earth"", ""Oven fired bricks with cement""], ""5"": [""Cement blocks"", ""Wood planks"", ""Wooden planks""], ""6"": [""Ordinary oven fired bricks"", ""Stones"", ""Wooden planks""], ""7"": [""Cinder block"", ""Stones with mud"", ""Tree trunks with mud""], ""8"": [""Stone"", ""Stones with cement"", ""Tree trunks with mud and cement""], ""9"": [""Plastic sheeting"", ""Tree trunks with mud""], ""10"": [""Other"", ""Tree trunks with  mud and cement""]}"
s5dq2_v2,[EICV2..EICV2 version] Construction material of roof,int8,"1=Thatch, 2=Corrugated sheet metal, 3=Concrete, 4=Tile, 5=Other",5,"household (housing, services)",0,6899,0,0,0,0,,"s5dq2 (EICV3, EICV4_CS, EICV5_CS, EICV7_CS)",,
s5dq3_v2,[EICV2..EICV2 version] Flooring material,int8,"1=Earth, 2=Wood, 3=Cement, 4=Tile, 5=Bricks …",7,"household (housing, services)",0,6899,0,0,0,0,,"s5dq3 (EICV3, EICV4_CS, EICV5_CS, EICV7_CS)",,
s5dq4a,Size of dwelling (floor area),int16,,0,"household (housing, services)",0,6897,0,0,0,0,EICV2: module s5_housing,,,
s5dq4b,Surface measured for dwelling area,int8,"1=Internal measure, 2=External measure",2,"household (housing, services)",0,6898,0,0,0,0,EICV2: module s5_housing,,,
s8sa,Household possesses livestock,int8,"1=Yes, 2=No",2,"household / farm (agriculture, livestock)",0,6900,0,0,0,0,EICV2: module b_filters,,,
s8sb,Household possesses agricultural equipment,int8,"1=Yes, 2=No",2,"household / farm (agriculture, livestock)",0,6900,0,0,0,0,EICV2: module b_filters,,,
s8sc,Household possesses property,int8,"1=Yes, 2=No",2,"household / farm (agriculture, livestock)",0,6900,0,0,0,0,EICV2: module b_filters,,,
s8sd,Household has engaged in large scale agricultural activity,int8,"1=Yes, 2=No",2,"household / farm (agriculture, livestock)",0,6081,0,0,0,0,EICV2: module b_filters,,,
s8se,Household has engaged in small scale agricultural activity,int8,"1=Yes, 2=No",2,"household / farm (agriculture, livestock)",0,6081,0,0,0,0,EICV2: module b_filters,,,
s8sf,Household has engaged in miscellaneous agricultural activity,int8,"1=Yes, 2=No",2,"household / farm (agriculture, livestock)",0,6900,0,0,0,0,EICV2: module b_filters,,,
s8sg,Household has incurred expenditures related to agricultural activity,int8,"1=Yes, 2=No",2,"household / farm (agriculture, livestock)",0,6900,0,0,0,0,EICV2: module b_filters,,,
s8sh,Household has engaged in agricultural processing activity,int8,"1=Yes, 2=No",2,"household / farm (agriculture, livestock)",0,6900,0,0,0,0,EICV2: module b_filters,,,
s8aq27,Maintains pasture,int8,"1=Yes, 2=No",2,"household / farm (agriculture, livestock)",0,4741,0,0,0,0,EICV2: module b_filters,,,
s8aq28,Owns pasture,int8,"1=Self, 2=Another person or private enterprise, 3=State",3,"household / farm (agriculture, livestock)",0,53,0,0,0,0,EICV2: module b_filters,,,
s8aq29,Cost of pasture,int32,,0,"household / farm (agriculture, livestock)",0,54,0,0,0,0,EICV2: module b_filters,,,
s8aq30,Months using pasture,int8,,0,"household / farm (agriculture, livestock)",0,54,0,0,0,0,EICV2: module b_filters,,,
s8bq1,Household currently possesses farm land,int8,"1=Yes, 2=No",2,"household / farm (agriculture, livestock)",0,6900,0,0,0,0,EICV2: module b_filters,s8bq1_v2 (EICV1),,
s8bq4,Amount paid for acquisition of farm land,int32,,0,"household / farm (agriculture, livestock)",0,743,0,0,0,0,EICV2: module b_filters,s8bq4_v2 (EICV1),,
s8bq6,Amount paid for this farm land,int32,,0,"household / farm (agriculture, livestock)",0,792,0,0,0,0,EICV2: module b_filters,s8bq6_v2 (EICV1),,
s8bq9,Household sold farm land in the last two years,int8,"1=Yes, 2=No",2,"household / farm (agriculture, livestock)",0,6129,0,0,0,0,EICV2: module b_filters,s8bq9_v2 (EICV1),,
s8bq12,Amount received from leasing land,int32,,0,"household / farm (agriculture, livestock)",0,771,0,0,0,0,EICV2: module b_filters,s8bq12_v2 (EICV1),,
s8bq14,Amount received from sharecropping,int32,,0,"household / farm (agriculture, livestock)",0,149,0,0,0,0,EICV2: module b_filters,s8bq14_v2 (EICV1),,
s8bq16,"Household received lands in the form of gift, inheritance or other",int8,"1=Yes, 2=No",2,"household / farm (agriculture, livestock)",0,6127,0,0,0,0,EICV2: module b_filters,s8bq16_v2 (EICV1),,
s8bq17,Household gave land to non-household members,int8,"1=Yes, 2=No",2,"household / farm (agriculture, livestock)",0,6126,0,0,0,0,EICV2: module b_filters,s8bq17_v2 (EICV1),,
s9dq0,Household consumed own produce,int8,"1=Yes, 2=No",2,household (expenditure and own consumption),0,6900,0,0,0,0,EICV2: module b_filters,,,
s10sa,Sent transfers in cash or in-kind,int8,"1=Yes, 2=No",2,"household (transfers, other income)",0,6900,0,0,0,0,EICV2: module b_filters,,,
s10sb,Received transfers in cash or in-kind,int8,"1=Yes, 2=No",2,"household (transfers, other income)",0,6900,0,0,0,0,EICV2: module b_filters,,,
s11aq1,Household members owe money,int8,"1=Yes, 2=No",2,"household (credit, durables, savings)",0,6900,14308,0,0,0,EICV2: module b_filters; EICV3: module s11a1_credit,s11aq1_v2 (EICV1),EICV2: Household members in debt,
s11aq2_v2,[EICV2..EICV2 version] Household members who have entirely reimbursed loan,int8,"1=Yes, 2=No",2,"household (credit, durables, savings)",0,3770,0,0,0,0,,s11aq2 (EICV3),,
s11aq3_v2,[EICV2..EICV2 version] Household members attempted to secure loan,int8,"1=Yes, 2=No",2,"household (credit, durables, savings)",0,2971,0,0,0,0,,s11aq3 (EICV3),,
s11aq4,Reason why loan was denied,int8,"0=Missing, 1=Insuffivient Tevenue, 2=Insufficient guarantee, 3=Problems of debt history, 4=Unclear purpose of loan …",8,"household (credit, durables, savings)",0,106,92,0,0,0,EICV2: module b_filters; EICV3: module s11a1_credit,,EICV2: Reason cited for not receiving loan,"{""1"": [""Insufficient revenue"", ""Insuffivient Tevenue""], ""2"": [""Insufficient collateral"", ""Insufficient guarantee""], ""3"": [""Problems of debt history"", ""Saddled with previous debts""], ""4"": [""Inappropriate purpose of loan"", ""Unclear purpose of loan""], ""5"": [""Loan institution not available"", ""Other""]}"
s11cq1,Household members with savings,int8,"1=Yes, 2=No",2,"household (credit, durables, savings)",0,6900,0,0,0,0,EICV2: module b_filters,,,
s8x1,Number of farm lands declared,int8,,0,"household / farm (agriculture, livestock)",0,6081,0,0,0,0,EICV2: module b_filters,,,
s8x2,Number of products declared for large scale production,int8,,0,"household / farm (agriculture, livestock)",0,5866,0,0,0,0,EICV2: module b_filters,,,
s8x3,Number of products declared for small scale production,int8,,0,"household / farm (agriculture, livestock)",0,5909,0,0,0,0,EICV2: module b_filters,,,
s8x4,Number of products declared for processing,int8,,0,"household / farm (agriculture, livestock)",0,3615,0,0,0,0,EICV2: module b_filters,,,
s10x1,Number of discrete transfers sent,int8,,0,"household (transfers, other income)",0,5384,0,0,0,0,EICV2: module b_filters,,,
s10x2,Number of discrete transfers received,int8,,0,"household (transfers, other income)",0,5247,0,0,0,0,EICV2: module b_filters,,,
s11x1,Number of loans,int8,,0,"household (credit, durables, savings)",0,3928,0,0,0,0,EICV2: module b_filters,,,
s11x2,Number of savings accounts,int8,,0,"household (credit, durables, savings)",0,3176,0,0,0,0,EICV2: module b_filters,,,
poverty_v2,[EICV3..EICV4_CS version] POVERTY,int8,"1=Extremely poor, 2=Poor, 3=Non-poor",3,,0,0,14308,14419,0,0,,"poverty (EICV5_CS, EICV7_CS)",EICV3: Poverty status; EICV4_CS: POVERTY,
s5aq4_v2,[EICV3..EICV3 version] Number of bed rooms for household,int8,,0,"household (housing, services)",0,0,14308,0,0,0,,"s5aq4 (EICV2, EICV4_CS, EICV5_CS)",,
s5aq5_v3,[EICV3..EICV3 version] Any rooms shared with other households,int8,"1=Yes, 2=No",2,"household (housing, services)",0,0,14308,0,0,0,,"s5aq5 (EICV4_CS, EICV5_CS), s5aq5_v2 (EICV7_CS), s5aq5_v4 (EICV2)",,
s5aq6_v3,[EICV3..EICV3 version] Other households sharing dwelling,int8,,0,"household (housing, services)",0,0,262,0,0,0,,"s5aq6 (EICV4_CS, EICV5_CS), s5aq6_v2 (EICV7_CS)",,
s5aq7y,Duration household inhabited dwelling _years_,int8,99=Missing,1,"household (housing, services)",0,0,14308,14419,14580,0,EICV3: module s05abcd_housing; EICV4_CS: module s0_s5_household; EICV5_CS: module s0_s5_household,,EICV3: Duration household inhabited dwelling (years); EICV4_CS: Duration (years) HH inhabited dwelling,
s5aq7m,Duration household inhabited dwelling _months_,int8,99=Missing,1,"household (housing, services)",0,0,14308,14419,14580,0,EICV3: module s05abcd_housing; EICV4_CS: module s0_s5_household; EICV5_CS: module s0_s5_household,,EICV3: Duration household inhabited dwelling (months); EICV4_CS: Duration (months) HH inhabited dwelling,
s5aq8,Lived in other dwellings prior to current,int8,"1=Yes, 2=No, 9=Missing",3,"household (housing, services)",0,0,14308,14419,0,0,EICV3: module s05abcd_housing; EICV4_CS: module s0_s5_household,"s5aq8_v2 (EICV7_CS), s5aq8_v3 (EICV5_CS), s5aq8_v4 (EICV2)",EICV3: Occupied other dwelling prior to current,
s5aq9,Main reason for moving to current dwelling,int8,"1=Resettlement- policy, 2=Evacuated-disaster, 3=Get a better house, 4=Build/buy own house, 5=Renting cost …",11,"household (housing, services)",0,0,10294,10620,10758,0,EICV3: module s05abcd_housing; EICV4_CS: module s0_s5_household; EICV5_CS: module s0_s5_household,s5aq9_v2 (EICV2),EICV3: Reason for moving to current dwelling; EICV4_CS: Reason for moving to current dwelling,"{""1"": [""Resettlement policy"", ""Resettlement- policy""], ""2"": [""Evacuated due to a disaster"", ""Evacuated-disaster""], ""3"": [""Better house"", ""Get a better house""], ""4"": [""Bought or built own house"", ""Build/buy own house""], ""6"": [""Move to a better neighborhood"", ""Move to a better neighbourhood""], ""7"": [""Access to a different job"", ""Access to new/different job""], ""8"": [""Forced by owner or parent"", ""Forced by owner/parent""], ""9"": [""Other"", ""Returning to Rwanda""], ""10"": [""Other (specify)"", ""Other _specify_""]}"
s5aq10,Owner of the dwelling,int8,"1=Head, 2=Spouse, 3=Spouse with head, 4=Other household member, 5=Relative …",10,"household (housing, services)",0,0,14308,14419,14580,0,EICV3: module s05abcd_housing; EICV4_CS: module s0_s5_household; EICV5_CS: module s0_s5_household,s5aq10_v2 (EICV2),EICV4_CS: Owner of house/dwelling,
s5aq11,Current occupancy status,int8,"1=Owner occupied, 2=Tenancy _renting_, 3=Dwelling provided by employer, 4=Dwelling provided free of charge, 5=Appropriation …",9,"household (housing, services)",0,0,14308,14419,14580,0,EICV3: module s05abcd_housing; EICV4_CS: module s0_s5_household; EICV5_CS: module s0_s5_household,,,"{""2"": [""Mortgaged"", ""Tenancy (renting)"", ""Tenancy _renting_""], ""3"": [""Dwelling provided by employer"", ""Tenancy (renting)""], ""4"": [""Dwelling provided by employer"", ""Dwelling provided free of charge""], ""5"": [""Appropriation"", ""Dwelling provided free of charge""], ""6"": [""Appropriation"", ""Temporary camp or settlement""], ""7"": [""Other"", ""Temporary camp""]}"
s5bq1_v3,[EICV3..EICV3 version] Motgage payment,int8,"1=Yes, 2=No",2,"household (housing, services)",0,0,90,0,0,0,,"s5bq1 (EICV4_CS, EICV5_CS), s5bq1_v2 (EICV7_CS), s5bq1_v4 (EICV2)",,
s5bq2a_v2,[EICV3..EICV3 version] Amount of motgage,int32,,0,"household (housing, services)",0,0,79,0,0,0,,s5bq2a (EICV7_CS),,
s5bq2b,Time period,int8,"1=Month, 2=Quarterly, 3=Annually",3,"EICV3: household (housing, services); EICV7_CS: household (housing, shocks, services)",0,0,79,0,0,12103,EICV3: module s05abcd_housing; EICV7_CS: module s01_s5_s7_household,,EICV3: Time unit,"{""3"": [""Annually"", ""Year""]}"
s5bq3a,Estimated rent for dwelling,int32,99999999=Missing,1,"household (housing, services)",0,0,12944,12651,12370,0,EICV3: module s05abcd_housing; EICV4_CS: module s0_s5_household; EICV5_CS: module s0_s5_household,s5bq3a_v2 (EICV7_CS),EICV4_CS: Estimated rent (amount),
s5bq3b,Time period,int8,"1=Month, 2=Quarterly, 3=Annually, 9=Missing",4,"EICV3: household (housing, services); EICV4_CS: household (housing, services); EICV5_CS: household (housing, services); EICV7_CS: household (housing, shocks, services)",0,0,12944,12651,12370,2852,EICV3: module s05abcd_housing; EICV4_CS: module s0_s5_household; EICV5_CS: module s0_s5_household; EICV7_CS: module s01_s5_s7_household,,EICV3: Time unit; EICV4_CS: Estimated rent (time unit); EICV5_CS: Time unit,"{""3"": [""Annually"", ""Year""]}"
s5bq4a,Actual amount of rent paid in cash,int32,99999999=Missing,1,"household (housing, services)",0,0,1369,1768,2152,0,EICV3: module s05abcd_housing; EICV4_CS: module s0_s5_household; EICV5_CS: module s0_s5_household,s5bq4a_v2 (EICV2),EICV3: Actual amount of rent paid; EICV4_CS: Rent paid in cash (amount),
s5bq5_v2,[EICV3..EICV3 version] Any services provided in place of rent,int8,"1=Yes, 2=No",2,"household (housing, services)",0,0,1369,0,0,0,,"s5bq5 (EICV4_CS, EICV5_CS), s5bq5_v3 (EICV2)",,
s5bq6a_v2,[EICV3..EICV3 version] Value of services annually,int32,,0,"household (housing, services)",0,0,131,0,0,0,,"s5bq6a (EICV4_CS, EICV5_CS)",,
s5bq6b,Time unit,int8,"1=Month, 2=Quarterly, 3=Annually, 9=Missing",4,"household (housing, services)",0,0,131,119,180,0,EICV3: module s05abcd_housing; EICV4_CS: module s0_s5_household; EICV5_CS: module s0_s5_household,,EICV4_CS: Service/payment in kind (time unit),"{""3"": [""Annually"", ""Year""]}"
s5bq7,Anybody outside household paying rent,int8,"1=Yes, 2=No, 9=Missing",3,"household (housing, services)",0,0,1369,1768,2152,0,EICV3: module s05abcd_housing; EICV4_CS: module s0_s5_household; EICV5_CS: module s0_s5_household,"s5bq7_v2 (EICV7_CS), s5bq7_v3 (EICV2)",EICV4_CS: Anybody outside HH paying rent,
s5bq8,Who is paying rent,int8,"1=Relative of the head of household, 2=Non relative, 3=State, 4=Private company, 5=Association payment …",7,"household (housing, services)",0,0,48,69,76,0,EICV3: module s05abcd_housing; EICV4_CS: module s0_s5_household; EICV5_CS: module s0_s5_household,s5bq8_v2 (EICV7_CS),EICV4_CS: Who pays the rent for you,
s5bq9_v2,[EICV3..EICV3 version] Amount of rent paid for you,int32,,0,"household (housing, services)",0,0,48,0,0,0,,"s5bq9 (EICV7_CS), s5bq9_v3 (EICV2)",,
s5bq11,Amount paid for house construction last 12 months,int32,99999999=Missing,1,"household (housing, services)",0,0,14214,3536,0,0,EICV3: module s05abcd_housing; EICV4_CS: module s0_s5_household,,EICV3: Amount paid for house repairs and paintings expens,
s5cq2,Metres to main water source,int16,"1=Yes, 2=No, 9000=Greater than 9 km, 9999=Missing",4,"household (housing, services)",0,0,13464,13321,0,0,EICV3: module s05abcd_housing; EICV4_CS: module s0_s5_household,s5cq2_v2 (EICV5_CS),EICV3: Nearest source of drinking water,
s5cq3a,Type of  nearest drinking water source code,int8,"1=Piped into dwelling, 2=Piped into yard, 3=Public standpipe, 4=Borehole, 5=Protected well …",12,"household (housing, services)",0,0,13464,0,0,0,EICV3: module s05abcd_housing,,,
s5cq3b,Distance to the nearest drinking water source (meters),int16,9990=Greater than 9 km,1,"household (housing, services)",0,0,13464,0,0,0,EICV3: module s05abcd_housing,,,
s5cq4a_v2,[EICV3..EICV3 version] Amount of last water bill from RECO RWASCO (month),int8,,0,"household (housing, services)",0,0,844,0,0,0,,s5cq4a (EICV7_CS),,
s5cq4b_v2,[EICV3..EICV3 version] Amount of last water bill from RECO RWASCO-amount,int32,,0,"household (housing, services)",0,0,844,0,0,0,,s5cq4b (EICV7_CS),,
s5cq6_v2,[EICV3..EICV3 version] Household contributions to maintain water source in the,int32,,0,"household (housing, services)",0,0,14308,0,0,0,,"s5cq6 (EICV4_CS, EICV5_CS), s5cq6_v3 (EICV2)",,
s5cq7_v2,[EICV3..EICV3 version] Sale of water to anybody else,int8,"1=Yes, 2=No",2,"household (housing, services)",0,0,14308,0,0,0,,"s5cq7 (EICV4_CS, EICV5_CS, EICV7_CS)",,
s5cq8_v3,[EICV3..EICV3 version] Amount earned from water sale last 7 days,int32,,0,"household (housing, services)",0,0,161,0,0,0,,"s5cq8 (EICV4_CS, EICV5_CS), s5cq8_v2 (EICV7_CS), s5cq8_v4 (EICV2)",,
s5cq9,Main source of home lighting,int8,"1=Electricity from RECO RWASCO, 2=Other electric distributors, 3=Biogaz, 4=Generator, 5=Oil lamp …",11,"household (housing, services)",0,0,14308,0,0,0,EICV3: module s05abcd_housing,s5cq9_v2 (EICV2),,
s5cq10_v2,[EICV3..EICV3 version] Amount paid on electricity in last 4 weeks,int32,,0,"household (housing, services)",0,0,1516,0,0,0,,"s5cq10 (EICV4_CS, EICV5_CS, EICV7_CS), s5cq10_v3 (EICV2)",,
s5cq11_v2,[EICV3..EICV3 version] Primary source of cooking fuel,int8,"1=Firewood, 2=Charcoal, 3=Gas, 4=Biogaz, 5=Solar power …",10,"household (housing, services)",0,0,14308,0,0,0,,"s5cq11 (EICV4_CS, EICV5_CS, EICV7_CS), s5cq11_v3 (EICV2)",,
s5cq12_v3,[EICV3..EICV3 version] Mode of rubbish disposal,int8,"1=Publicly managed refuse area, 2=Rubbish collection service, 3=Thrown in bushes or fields, 4=Dumped in reiver or lake, 5=Burnt …",7,"household (housing, services)",0,0,14308,0,0,0,,"s5cq12 (EICV4_CS, EICV5_CS), s5cq12_v2 (EICV7_CS)",,
s5cq13_v3,[EICV3..EICV3 version] Type of toilet household use,int8,"1=Flush toilet, 2=Pit latrine with solid slab, 3=Pit latrine without slab, 4=Other, 5=No toilet whatsoever",5,"household (housing, services)",0,0,14308,0,0,0,,"s5cq13 (EICV4_CS, EICV5_CS), s5cq13_v2 (EICV7_CS)",,
s5cq14_v3,[EICV3..EICV3 version] Main source of info on environmental issues,int8,"1=Meetings, 2=School, 3=Radio, 4=Other media, 5=Other …",7,"household (housing, services)",0,0,14308,0,0,0,,"s5cq14 (EICV4_CS, EICV5_CS), s5cq14_v2 (EICV7_CS)",,
s5cq15_v3,[EICV3..EICV3 version] Problems of environmental destruction,int8,"1=Yes, 2=No",2,"household (housing, services)",0,0,14308,0,0,0,,"s5cq15 (EICV4_CS, EICV5_CS), s5cq15_v2 (EICV7_CS)",,
s5cq16_v2,[EICV3..EICV3 version] Major environmental destruction related problems faced,int8,"1=Floods, 2=Erosion, 3=Reduction in agricultural production, 4=Change of climate, 5=Famine or drought …",8,"household (housing, services)",0,0,5017,0,0,0,,"s5cq16 (EICV4_CS, EICV5_CS, EICV7_CS)",,
s5cq17_v3,[EICV3..EICV3 version] Household own a working telephone,int8,"1=Yes, landline, 2=Yes, mobile phone, 3=Yes, both land line and mobile phone, 4=None",4,"household (housing, services)",0,0,14308,0,0,0,,"s5cq17 (EICV4_CS, EICV5_CS), s5cq17_v2 (EICV7_CS)",,
s5cq18_v3,[EICV3..EICV3 version] Number of working mobile telephones,int8,,0,"household (housing, services)",0,0,6715,0,0,0,,"s5cq18 (EICV4_CS, EICV5_CS), s5cq18_v2 (EICV7_CS)",,
s5cq19_v3,[EICV3..EICV3 version] Internet connection at home,int8,"1=Yes, 2=No",2,"household (housing, services)",0,0,6715,0,0,0,,"s5cq19 (EICV4_CS, EICV5_CS), s5cq19_v2 (EICV7_CS)",,
s5cq20a,Does your household have an internet connection,int8,"0=None, 1=Yes, 2=No",3,"EICV3: household (housing, services); EICV7_CS: household (housing, shocks, services)",0,0,543,0,0,15054,EICV3: module s05abcd_housing; EICV7_CS: module s01_s5_s7_household,,EICV3: Landline or LAN internet connection,
s5cq20b_v2,[EICV3..EICV3 version] Modem,int8,0=None,1,"household (housing, services)",0,0,543,0,0,0,,s5cq20b (EICV7_CS),,
s5cq20c_v2,[EICV3..EICV3 version] Mobile phone,int8,0=None,1,"household (housing, services)",0,0,543,0,0,0,,s5cq20c (EICV7_CS),,
s5cq20d,Wireless,int8,0=None,1,"household (housing, services)",0,0,543,0,0,0,EICV3: module s05abcd_housing,,,
s5cq20e,Other,int8,0=None,1,"household (housing, services)",0,0,543,0,0,0,EICV3: module s05abcd_housing,,,
s5dq2,Main roofing material for dwelling,int8,"1=Metal sheets/corrugated iron, 2=Local clay tiles, 3=Concrete, 4=Plastic/plywood/impermanent materials, 5=Industrial tiles …",8,"EICV3: household (housing, services); EICV4_CS: household (housing, services); EICV5_CS: household (housing, services); EICV7_CS: household (housing, shocks, services)",0,0,14308,14413,14580,15054,EICV3: module s05abcd_housing; EICV4_CS: module s0_s5_household; EICV5_CS: module s0_s5_household; EICV7_CS: module s01_s5_s7_household,s5dq2_v2 (EICV2),EICV4_CS: Main roofing material for main dwelling,"{""5"": [""Bamboo"", ""Industrial tiles"", ""Plastic or plywood"", ""Plastic/plywood/impermanent materials""], ""6"": [""Industrial tiles"", ""Other"", ""Other (specify)"", ""Plastic or plywood""], ""1"": [""Metal sheets/corrugated iron"", ""Thatch / leaves/grass"", ""Thatch or leaves""], ""2"": [""Local clay tiles"", ""Metal sheets"", ""Metal sheets/ corrugated iron""], ""3"": [""Clay tiles"", ""Concrete"", ""Local clay tiles""], ""7"": [""Other"", ""Other _specify_""], ""4"": [""Concrete"", ""Plastic/plywood/impermanent materials""]}"
s5dq3,Main floor material for dwelling,int8,"1=Beaten earth, 2=Dung hardened, 3=Wooden floor, 4=Clay tiles, 5=Cement …",9,"EICV3: household (housing, services); EICV4_CS: household (housing, services); EICV5_CS: household (housing, services); EICV7_CS: household (housing, shocks, services)",0,0,14308,14419,14580,15054,EICV3: module s05abcd_housing; EICV4_CS: module s0_s5_household; EICV5_CS: module s0_s5_household; EICV7_CS: module s01_s5_s7_household,s5dq3_v2 (EICV2),,"{""2"": [""Dung hardened"", ""Hardened dung""], ""7"": [""Carpet/Moquette"", ""Other""]}"
s5dq4,Area of the floor for dwelling-outside,double,"901=Greater than 900 meters squared, 10001=Greater than 900 meters squared, 99999=Missing",3,"EICV3: household (housing, services); EICV4_CS: household (housing, services); EICV5_CS: household (housing, services); EICV7_CS: household (housing, shocks, services)",0,0,14308,14419,14580,15054,EICV3: module s05abcd_housing; EICV4_CS: module s0_s5_household; EICV5_CS: module s0_s5_household; EICV7_CS: module s01_s5_s7_household,,EICV4_CS: Floor area of the dwelling (square metres),
s8a2q1,Household ever received animal from Govt one-cow policy,int8,"1=Yes, 2=No",2,"household / farm (agriculture, livestock)",0,0,9804,0,0,0,EICV3: module s08a2_livestock,,,
s8a2q2,Animal still with household,int8,"1=Yes, 2=No",2,"household / farm (agriculture, livestock)",0,0,574,0,0,0,EICV3: module s08a2_livestock,,,
s8a2q3,Household ever receiced animal from NGO or social protection,int8,"1=Yes, 2=No",2,"household / farm (agriculture, livestock)",0,0,9804,0,0,0,EICV3: module s08a2_livestock,,,
s8a2q4a,Kind of animal 1st,int8,"1=Cattle, 2=Sheep, 3=Goat, 4=Poultry, 5=Pig …",6,"household / farm (agriculture, livestock)",0,0,1375,0,0,0,EICV3: module s08a2_livestock,,,
s8a2q4b,Kind of animal 2nd,int8,,0,"household / farm (agriculture, livestock)",0,0,76,0,0,0,EICV3: module s08a2_livestock,,,
s8a2q5,Has the number of animals changed,int8,"1=Yes, increased, 2=Yes, reduced, 3=No, the same, 4=Not applicable",4,"household / farm (agriculture, livestock)",0,0,9804,0,0,0,EICV3: module s08a2_livestock,,,
s8a2q6,Household uses a maintained pasture,int8,"1=Yes, 2=No",2,"household / farm (agriculture, livestock)",0,0,9804,0,0,0,EICV3: module s08a2_livestock,,,
s8a2q7,Owner of pasture,int8,"1=Household ownership, 2=Other person's property, 3=State owned, 4=District land",4,"household / farm (agriculture, livestock)",0,0,188,0,0,0,EICV3: module s08a2_livestock,,,
s8a2q8,Cost of using the pasture,int32,,0,"household / farm (agriculture, livestock)",0,0,188,0,0,0,EICV3: module s08a2_livestock,,,
s8a2q9,Number of months in the past 12 in which pasture was utilized,int8,,0,"household / farm (agriculture, livestock)",0,0,188,0,0,0,EICV3: module s08a2_livestock,,,
s8b1q1,Household or any member currently owning farm land,int8,"1=Yes, 2=No",2,"household / farm (agriculture, livestock)",0,0,14308,0,0,0,EICV3: module s08b1_landtransactions,,,
s8b1q2,Household or any member owned farmland in last 12 months,int8,"1=Yes, 2=No",2,"household / farm (agriculture, livestock)",0,0,982,0,0,0,EICV3: module s08b1_landtransactions,,,
s8b1q3,Household bought land in last 12 months,int8,"1=Yes, 2=No",2,"household / farm (agriculture, livestock)",0,0,13409,0,0,0,EICV3: module s08b1_landtransactions,,,
s8b1q4,Amount paid to purchase land in the last 12 months,int32,,0,"household / farm (agriculture, livestock)",0,0,2026,0,0,0,EICV3: module s08b1_landtransactions,,,
s8b1q5,Household bought land in the 4 years that preceded last year,int8,"1=Yes, 2=No",2,"household / farm (agriculture, livestock)",0,0,13409,0,0,0,EICV3: module s08b1_landtransactions,,,
s8b1q6,Amount spent to purchase land in the 4 years preceding the last,int32,,0,"household / farm (agriculture, livestock)",0,0,3228,0,0,0,EICV3: module s08b1_landtransactions,,,
s8b1q7,Household sold land in the last 12 months,int8,"1=Yes, 2=No",2,"household / farm (agriculture, livestock)",0,0,13409,0,0,0,EICV3: module s08b1_landtransactions,,,
s8b1q8,Amount received from the sale in the last 12 months,int32,,0,"household / farm (agriculture, livestock)",0,0,1285,0,0,0,EICV3: module s08b1_landtransactions,,,
s8b1q9,Household sold land in the 4 years preceding last year,int8,"1=Yes, 2=No",2,"household / farm (agriculture, livestock)",0,0,13409,0,0,0,EICV3: module s08b1_landtransactions,,,
s8b1q10,Amount received from the sale in the 4 years prior to the last year,int32,,0,"household / farm (agriculture, livestock)",0,0,1424,0,0,0,EICV3: module s08b1_landtransactions,,,
s8b1q11,Household rented out land in the last 12 months,int8,"1=Yes, 2=No",2,"household / farm (agriculture, livestock)",0,0,13409,0,0,0,EICV3: module s08b1_landtransactions,,,
s8b1q12,Amount received from the rental in the last 12 months,int32,,0,"household / farm (agriculture, livestock)",0,0,1668,0,0,0,EICV3: module s08b1_landtransactions,,,
s8b1q13,Household sharecropped any land in the past 12 months,int8,"1=Yes, 2=No",2,"household / farm (agriculture, livestock)",0,0,13409,0,0,0,EICV3: module s08b1_landtransactions,,,
s8b1q14,Amount received from the sharecropping in the last 12 months,int32,0=,1,"household / farm (agriculture, livestock)",0,0,835,0,0,0,EICV3: module s08b1_landtransactions,,,
s8b1q15,Household lent land to anybody in the past 12 months,int8,"1=Yes, 2=No",2,"household / farm (agriculture, livestock)",0,0,13409,0,0,0,EICV3: module s08b1_landtransactions,,,
s8b1q16,Household received land gift in the last 12 months,int8,"1=Yes, 2=No",2,"household / farm (agriculture, livestock)",0,0,13409,0,0,0,EICV3: module s08b1_landtransactions,,,
s8b1q17,Household given land gift in the last 12 months,int8,"1=Yes, 2=No",2,"household / farm (agriculture, livestock)",0,0,13409,0,0,0,EICV3: module s08b1_landtransactions,,,
s8b1q18,Household applied for agricultural loan in the last 12 months,int8,"1=Yes, 2=No",2,"household / farm (agriculture, livestock)",0,0,13409,0,0,0,EICV3: module s08b1_landtransactions,,,
s8b1q19,Agicultural loan approval,int8,"1=Yes, 2=No",2,"household / farm (agriculture, livestock)",0,0,1075,0,0,0,EICV3: module s08b1_landtransactions,,,
s8b1q20,Amount of loan requested,int32,,0,"household / farm (agriculture, livestock)",0,0,1075,0,0,0,EICV3: module s08b1_landtransactions,,,
s8b1q21,Purpose of the agricultural loan,int8,"1=Terracing, 2=Irrigation, 3=Animal purchase, 4=Equipment, 5=Seeds and fertilizer …",8,"household / farm (agriculture, livestock)",0,0,1075,0,0,0,EICV3: module s08b1_landtransactions,,,
s8b1q22,Exposure to LTR program,int8,"1=Yes, 2=No",2,"household / farm (agriculture, livestock)",0,0,13409,0,0,0,EICV3: module s08b1_landtransactions,,,
s8b1q23,Status in LTR program,int8,"1=Demarcation, 2=Adjudication, 3=Claims receipt issued, 4=Recording objections, 5=Publication of records …",8,"household / farm (agriculture, livestock)",0,0,7655,0,0,0,EICV3: module s08b1_landtransactions,,,
s10dq1,Household was in Direct Support (VUP),int8,"1=Yes, 2=No",2,"household (transfers, other income)",0,0,14308,0,0,0,EICV3: module s10d_schemes,,,
s10dq2,Household currently in Direct Support program,int8,"1=Yes, 2=No",2,"household (transfers, other income)",0,0,124,0,0,0,EICV3: module s10d_schemes,,,
s10dq3,Why household not in Direct Support program,int8,"1=No longer eligible for DS, 2=Transfer to public works programme, 3=Did not participate in training, 4=Now getting old age grant, 5=Other",5,"household (transfers, other income)",0,0,50,0,0,0,EICV3: module s10d_schemes,,,
s10dq4,Household saving part of Direct Support,int8,"1=Yes, 2=No, 3=Don't know",3,"household (transfers, other income)",0,0,74,0,0,0,EICV3: module s10d_schemes,,,
s10dq5,How much is saved,int32,,0,"household (transfers, other income)",0,0,49,0,0,0,EICV3: module s10d_schemes,,,
s10dq6,Household spent part of the savings,int8,"1=Yes, 2=No, 3=Don't know",3,"household (transfers, other income)",0,0,49,0,0,0,EICV3: module s10d_schemes,,,
s10dq7,What household spent savings on,int8,"1=Consumption items (food, utensils, clothes), 2=Buy durable assets, 3=Education of children, 4=Health/medical, 5=Buy animals …",9,"household (transfers, other income)",0,0,35,0,0,0,EICV3: module s10d_schemes,,,
s10dq8,Household ever received UCS loan,int8,"1=Yes, 2=No",2,"household (transfers, other income)",0,0,14308,0,0,0,EICV3: module s10d_schemes,,,
s10dq9,Type of Loan,int8,"1=Individual, 2=Group",2,"household (transfers, other income)",0,0,1225,0,0,0,EICV3: module s10d_schemes,,,
s10dq10,How loan was used,int8,"1=Consumption items (food, utensils, clothes), 2=Buy durable assets, 3=Pay for Children's education, 4=Health or medical expenses, 5=To buy animals …",9,"household (transfers, other income)",0,0,880,0,0,0,EICV3: module s10d_schemes,,,
s10dq11,Loan received while in Direst Support,int8,"1=Yes, 2=No",2,"household (transfers, other income)",0,0,880,0,0,0,EICV3: module s10d_schemes,,,
s10dq12,Household benefited from RSSP,int8,"1=Yes, 2=No, 3=Don't Know",3,"household (transfers, other income)",0,0,14308,0,0,0,EICV3: module s10d_schemes,,,
s10dq13a,Forming cooperatives,int8,"1=Yes, 2=No",2,"household (transfers, other income)",0,0,736,0,0,0,EICV3: module s10d_schemes,,,
s10dq13b,Acces to subsidized credit (RIF),int8,"1=Yes, 2=No",2,"household (transfers, other income)",0,0,736,0,0,0,EICV3: module s10d_schemes,,,
s10dq13c,Training,int8,"1=Yes, 2=No",2,"household (transfers, other income)",0,0,736,0,0,0,EICV3: module s10d_schemes,,,
s10dq13d,Swamp rehabilitation,int8,"1=Yes, 2=No",2,"household (transfers, other income)",0,0,736,0,0,0,EICV3: module s10d_schemes,,,
s10dq13e,Construction of markets and crop barns,int8,"1=Yes, 2=No",2,"household (transfers, other income)",0,0,736,0,0,0,EICV3: module s10d_schemes,,,
s10dq13f,Others,int8,"1=Yes, 2=No",2,"household (transfers, other income)",0,0,736,0,0,0,EICV3: module s10d_schemes,,,
s11aq2,Household member completely repaid loan in last 12 months,int8,"1=Yes, 2=No",2,"household (credit, durables, savings)",0,0,5729,0,0,0,EICV3: module s11a1_credit,s11aq2_v2 (EICV2),,
s11aq3,Household member tried to obtain credit,int8,"1=Yes, 2=No",2,"household (credit, durables, savings)",0,0,3772,0,0,0,EICV3: module s11a1_credit,s11aq3_v2 (EICV2),,
clust,Cluster,int16,,0,,0,0,14308,0,0,0,EICV3: module eicv3_povertyfile_jan2014,,,
member,hhsize,double,,0,,0,0,14308,0,0,15054,EICV3: module eicv3_povertyfile_jan2014; EICV7_CS: module eicv7_poverty_file,"member_v2 (EICV5_CS), member_v3 (EICV4_CS)",,
ae,hhsize A/E,double,,0,,0,0,14308,0,14580,15054,EICV3: module eicv3_povertyfile_jan2014; EICV5_CS: module eicv5_poverty_file; EICV7_CS: module eicv7_poverty_file,ae_v2 (EICV4_CS),EICV3: Adult equivalent hhsize; EICV5_CS: Household Adult Equivalent,
id1,(max) id1_Province,int8,,0,,0,0,14308,14419,0,0,EICV3: module eicv3_povertyfile_jan2014; EICV4_CS: module eicv4_poverty_file,"id1_v2 (EICV2), id1_v3 (EICV1)",EICV3: Province,
ur,urb rural 2012,int8,,0,,0,0,14308,14419,0,0,EICV3: module eicv3_povertyfile_jan2014; EICV4_CS: module eicv4_poverty_file,,EICV3: Urban/rural,
cons1,Aggregate Consumption,double,,0,,0,0,14308,14419,14580,15054,EICV3: module eicv3_povertyfile_jan2014; EICV4_CS: module eicv4_poverty_file; EICV5_CS: module eicv5_poverty_file; EICV7_CS: module eicv7_poverty_file,,EICV3: Aggregate consumption; EICV4_CS: aggregate consumption; EICV5_CS: aggregate consumption,
cons1_ae,aggregate consumption/ae,double,,0,,0,0,14308,14419,14580,0,EICV3: module eicv3_povertyfile_jan2014; EICV4_CS: module eicv4_poverty_file; EICV5_CS: module eicv5_poverty_file,,EICV3: Aggregate Consumption/ae,
pop_wt,Population Weight,double,,0,,0,0,14308,14419,14580,15054,EICV3: module eicv3_povertyfile_jan2014; EICV4_CS: module eicv4_poverty_file; EICV5_CS: module s0_s5_household; EICV7_CS: module s01_s5_s7_household,,EICV3: Population weight; EICV4_CS: Population weight; EICV5_CS: Population weight; excludes servants,
sol_jan,Aggregate Consumption/ae in Jan 2024 Prices,double,,0,,0,0,14308,0,14580,15054,EICV3: module eicv3_povertyfile_jan2014; EICV5_CS: module eicv5_poverty_file; EICV7_CS: module eicv7_poverty_file,,EICV3: Aggregate consumption/ae Jan14=100; EICV5_CS: Aggregate consumption/ae in Jan14 Prices,
epoverty,Extreme poverty,int8,,0,,0,0,14308,0,0,0,EICV3: module eicv3_povertyfile_jan2014,,,
poverty_eicv3_povertyfile_jan201,Total Poverty,int8,,0,,0,0,14308,0,0,0,EICV3: module eicv3_povertyfile_jan2014,,,
quintile_eicv3_povertyfile_jan20,5 quantiles of sol_jan,int8,,0,,0,0,14308,0,0,0,EICV3: module eicv3_povertyfile_jan2014,,,
exp1,Total Education Expenditures,double,,0,,0,0,14308,14419,14580,15054,EICV3: module eicv3_povertyfile_jan2014; EICV4_CS: module eicv4_poverty_file; EICV5_CS: module eicv5_poverty_file; EICV7_CS: module eicv7_poverty_file,,EICV3: Education expenses; EICV4_CS: education expenses; EICV5_CS: education expenses,
exp3_v2,[EICV3..EICV3 version] Vaccination expenditures,double,,0,,0,0,14308,0,0,0,,exp3 (EICV7_CS),,
exp4,Imputed rents,double,,0,,0,0,14308,14419,14580,0,EICV3: module eicv3_povertyfile_jan2014; EICV4_CS: module eicv4_poverty_file; EICV5_CS: module eicv5_poverty_file,exp4_v2 (EICV7_CS),EICV4_CS: imputed rents,
exp5,Actual rents,double,,0,,0,0,14308,14419,14580,0,EICV3: module eicv3_povertyfile_jan2014; EICV4_CS: module eicv4_poverty_file; EICV5_CS: module eicv5_poverty_file,exp5_v2 (EICV7_CS),EICV4_CS: actual rents,
exp6,Maintenance costs,double,,0,,0,0,14308,14419,14580,0,EICV3: module eicv3_povertyfile_jan2014; EICV4_CS: module eicv4_poverty_file; EICV5_CS: module eicv5_poverty_file,exp6_v2 (EICV7_CS),,
exp7,Water expenses,double,,0,,0,0,14308,14419,14580,0,EICV3: module eicv3_povertyfile_jan2014; EICV4_CS: module eicv4_poverty_file; EICV5_CS: module eicv5_poverty_file,exp7_v2 (EICV7_CS),EICV4_CS: water expenses,
exp8,Electricity expenses,double,,0,,0,0,14308,14419,14580,0,EICV3: module eicv3_povertyfile_jan2014; EICV4_CS: module eicv4_poverty_file; EICV5_CS: module eicv5_poverty_file,exp8_v2 (EICV7_CS),EICV4_CS: electricity expenses,
exp9,in-kind payments mainly food?,double,,0,,0,0,14308,14419,14580,0,EICV3: module eicv3_povertyfile_jan2014; EICV4_CS: module eicv4_poverty_file; EICV5_CS: module eicv5_poverty_file,exp9_v2 (EICV7_CS),EICV3: In-kind payments; EICV4_CS: in-kind payments,
exp10,Employer subsidy of house,double,,0,,0,0,14308,14419,14580,0,EICV3: module eicv3_povertyfile_jan2014; EICV4_CS: module eicv4_poverty_file; EICV5_CS: module eicv5_poverty_file,exp10_v2 (EICV7_CS),EICV3: Provision of house; EICV4_CS: provision of house,
exp11,Other in-kind employer benefits,double,,0,,0,0,14308,14419,14580,0,EICV3: module eicv3_povertyfile_jan2014; EICV4_CS: module eicv4_poverty_file; EICV5_CS: module eicv5_poverty_file,exp11_v2 (EICV7_CS),EICV3: Other benefits; EICV4_CS: other benefits,
exp12,Annual non-food expenditures,double,,0,,0,0,14308,14419,14580,0,EICV3: module eicv3_povertyfile_jan2014; EICV4_CS: module eicv4_poverty_file; EICV5_CS: module eicv5_poverty_file,,,
exp13,monthly non-food expenditures,double,,0,,0,0,14308,14419,14580,0,EICV3: module eicv3_povertyfile_jan2014; EICV4_CS: module eicv4_poverty_file; EICV5_CS: module eicv5_poverty_file,,EICV3: Monthly non-food expenditures,
exp14_2,frequent non-food expenditures,double,,0,,0,0,14308,14419,14580,0,EICV3: module eicv3_povertyfile_jan2014; EICV4_CS: module eicv4_poverty_file; EICV5_CS: module eicv5_poverty_file,,EICV3: Frequent non-food expenditures without filter ques; EICV4_CS: frequent non-food expenditures without filter ques,
exp15_2,food expenditures,double,,0,,0,0,14308,14419,14580,0,EICV3: module eicv3_povertyfile_jan2014; EICV4_CS: module eicv4_poverty_file; EICV5_CS: module eicv5_poverty_file,,EICV3: Food expenditures without filter question; EICV4_CS: food expenditures without filter question,
exp16_2,own food consumption,double,,0,,0,0,14308,14419,14580,0,EICV3: module eicv3_povertyfile_jan2014; EICV4_CS: module eicv4_poverty_file; EICV5_CS: module eicv5_poverty_file,,EICV3: own food consumption without filter question; EICV4_CS: own food consumption without filter question,
exp17,use value of durable goods,double,,0,,0,0,14308,14419,14574,0,EICV3: module eicv3_povertyfile_jan2014; EICV4_CS: module eicv4_poverty_file; EICV5_CS: module eicv5_poverty_file,,EICV3: Use value of durable goods,
exp18,Received in-kind transfers: value,double,,0,,0,0,14308,14419,14575,0,EICV3: module eicv3_povertyfile_jan2014; EICV4_CS: module eicv4_poverty_file; EICV5_CS: module eicv5_poverty_file,,EICV3: Received transfers; EICV4_CS: received transfers,
exp2_v2,[EICV3..EICV3 version] Health care expenditures,double,,0,,0,0,14308,0,0,0,,exp2 (EICV7_CS),,
exp12_wh,Annual non-food expenditures (withouth health),double,,0,,0,0,14308,14419,0,0,EICV3: module eicv3_povertyfile_jan2014; EICV4_CS: module eicv4_poverty_file,,,
exp13_wh,Monthly non-food expenditures (without health),double,,0,,0,0,14308,0,0,0,EICV3: module eicv3_povertyfile_jan2014,,,
exp14_1,frequent non-food expenditures with filter questions 0,double,,0,,0,0,14308,14419,0,0,EICV3: module eicv3_povertyfile_jan2014; EICV4_CS: module eicv4_poverty_file,,EICV3: Frequent non-food expenditures with filter questio,
exp15_1,food expenditures with filter question 0,double,,0,,0,0,14308,14419,0,0,EICV3: module eicv3_povertyfile_jan2014; EICV4_CS: module eicv4_poverty_file,,EICV3: Food expenditures with filter question 0,
exp16_1,own food consumption with filter question 0,double,,0,,0,0,14308,14419,0,0,EICV3: module eicv3_povertyfile_jan2014; EICV4_CS: module eicv4_poverty_file,,,
exp16a_1,own non-food consumption with filter question 0,double,,0,,0,0,14308,14419,0,0,EICV3: module eicv3_povertyfile_jan2014; EICV4_CS: module eicv4_poverty_file,,,
exp16a_2,own non-food consumption,double,,0,,0,0,14308,14419,14580,0,EICV3: module eicv3_povertyfile_jan2014; EICV4_CS: module eicv4_poverty_file; EICV5_CS: module eicv5_poverty_file,,EICV3: own non-food consumption without filter question; EICV4_CS: own non-food consumption without filter question,
ur2012,Urban/Rural 2012 (4 categories),int8,"1=Urban, 2=Semi urban, 3=Peri urban, 4=Rural",4,,0,0,0,14419,0,0,EICV4_CS: module s0_s5_household,,,
region,Region,int8,"1=Kigali, 2=Other urban, 3=Southern rural, 4=Western rural, 5=Northern rural …",6,,0,0,0,14419,14580,0,EICV4_CS: module s0_s5_household; EICV5_CS: module s0_s5_household,,EICV4_CS: (max) region,"{""1"": [""Kigali"", ""Kigali City""], ""3"": [""Rural Southern"", ""Southern rural""], ""4"": [""Rural Western"", ""Western rural""], ""5"": [""Northern rural"", ""Rural Northern""], ""6"": [""Eastern rural"", ""Rural Eastern""]}"
rwanda,All Rwanda,int8,1=All Rwanda,1,,0,0,0,14419,0,0,EICV4_CS: module s0_s5_household,,,
surveyh,EICV4 survey sample,int8,"1=New Sample, 2=Panel, 3=VUP",3,,0,0,0,14419,0,0,EICV4_CS: module s0_s5_household,,,
consumption,aggregate consumption/ae in Jan14 Prices,double,,0,,0,0,0,14419,0,0,EICV4_CS: module s9c_vup,,,
hhtype,Type of household according to the sample,int8,"1=New sample (cluster>=2000 and cluster<5000), 2=Panel head of households in the same cluster, 3=Panel head of households outside cluster, 4=Panel other relative inside the same cluster, 5=Panel other relative outside cluster …",8,,0,0,0,14419,0,0,EICV4_CS: module s0_s5_household,,,
s0q19m,Month of interview,int8,,0,,0,0,0,14419,0,0,EICV4_CS: module s0_s5_household,,,
s0q19y,Year of interview,int8,,0,,0,0,0,14419,0,0,EICV4_CS: module s0_s5_household,,,
s0qb,UBUDEHE Category,int8,"1=Category 1, 2=Category 2, 3=Category 3, 4=Category 4, 5=Not found on list …",7,,0,0,0,14419,14580,0,EICV4_CS: module s0_s5_household; EICV5_CS: module s0_s5_household,,EICV4_CS: Ubudehe category (according to sector office),"{""5"": [""Category 5"", ""Not found on list""]}"
s5aq3_v2,[EICV4_CS..EICV5_CS version] Many other households share the dwelling,int8,"0=None, 99=Missing",2,"household (housing, services)",0,0,0,608,744,0,,"s5aq3 (EICV2, EICV3, EICV7_CS)",EICV4_CS: Number of HH share the dwelling; EICV5_CS: Many other households share the dwelling,
s5aq5,Number of rooms occupied by household,int8,99=Missing,1,"household (housing, services)",0,0,0,14419,14580,0,EICV4_CS: module s0_s5_household; EICV5_CS: module s0_s5_household,"s5aq5_v2 (EICV7_CS), s5aq5_v3 (EICV3), s5aq5_v4 (EICV2)",EICV4_CS: Number of rooms occupied by HH,
s5aq6,Many rooms does your household have for sleeping,int8,99=Missing,1,"household (housing, services)",0,0,0,14419,14580,0,EICV4_CS: module s0_s5_household; EICV5_CS: module s0_s5_household,"s5aq6_v2 (EICV7_CS), s5aq6_v3 (EICV3)",EICV4_CS: Number of rooms used for sleeping,
s5bq1,Year built or purchased,int16,9999=Missing,1,"household (housing, services)",0,0,0,11797,11436,0,EICV4_CS: module s0_s5_household; EICV5_CS: module s0_s5_household,"s5bq1_v2 (EICV7_CS), s5bq1_v3 (EICV3), s5bq1_v4 (EICV2)",,
s5bq2,The current value of your dwelling if you were to sell it,int32,99999995=More than 99999990,1,"household (housing, services)",0,0,0,11797,11436,0,EICV4_CS: module s0_s5_household; EICV5_CS: module s0_s5_household,s5bq2_v2 (EICV2),EICV4_CS: Current value of dwelling if were to sell it,
s5bq5,Household provide servie/payments in kind,int8,"1=Yes, 2=No, 9=Missing",3,"household (housing, services)",0,0,0,1768,2152,0,EICV4_CS: module s0_s5_household; EICV5_CS: module s0_s5_household,"s5bq5_v2 (EICV3), s5bq5_v3 (EICV2)",EICV4_CS: Provide service/payments in kind,
s5bq6a,Amount of services/payment in kind,int32,99999999=Missing,1,"household (housing, services)",0,0,0,119,180,0,EICV4_CS: module s0_s5_household; EICV5_CS: module s0_s5_household,s5bq6a_v2 (EICV3),EICV4_CS: Service/payment in kind (amount),
s5bq9a,Amount of rent paid for you,int32,99999999=Missing,1,"household (housing, services)",0,0,0,69,76,0,EICV4_CS: module s0_s5_household; EICV5_CS: module s0_s5_household,,,
s5bq9b,Time unit,int8,"1=Month, 2=Quarterly, 3=Annually, 9=Missing",4,"household (housing, services)",0,0,0,69,76,0,EICV4_CS: module s0_s5_household; EICV5_CS: module s0_s5_household,,EICV4_CS: Time unit of rent paid for you,
s5cq3,Main Source of drinking water for members of your household?,int8,"1=Piped into Dwelling, 2=Piped into compound, yard/pot, 3=Piped to neighbor HH3, 4=Public tap/standpipe, 5=Tube Well/Borehole …",15,"EICV4_CS: household (housing, services); EICV5_CS: household (housing, services); EICV7_CS: household (housing, shocks, services)",0,0,0,13321,13237,15054,EICV4_CS: module s0_s5_household; EICV5_CS: module s0_s5_household; EICV7_CS: module s01_s5_s7_household,s5cq3_v2 (EICV2),EICV4_CS: Type nearest source of drinking water; EICV5_CS: Type of  nearest drinking water source code,"{""3"": [""Piped to neighbor HH3"", ""Public stand/pipe"", ""Public standpipe""], ""4"": [""Borehole"", ""Public tap/standpipe"", ""Tube Well /Borehole""], ""11"": [""Surface water (river or lake)"", ""Surface water _river or lake_"", ""Tanker Truck""], ""12"": [""Other"", ""Other _specify_"", ""River/Stream/Irrigation Channel""], ""5"": [""Protected well"", ""Tube Well/Borehole""], ""6"": [""Protected spring"", ""Unprotected well""], ""7"": [""Protected spring"", ""Unprotected spring""], ""8"": [""Protected well"", ""Unprotected spring""], ""9"": [""Rain water"", ""Unprotected well""], ""10"": [""Rain water"", ""Tanker truck""], ""99"": [""Missing"", ""Other specify)""]}"
s5cq4,Distance to the nearest drinking water source _meters,int16,"9000=Greater than 9 km, 9999=Missing",2,"household (housing, services)",0,0,0,13321,13237,0,EICV4_CS: module s0_s5_household; EICV5_CS: module s0_s5_household,s5cq4_v2 (EICV2),EICV4_CS: Metres to nearest drinking water source,
s5cq5,Is this source the nearest to you dwelling?,int8,"1=Yes, 2=No, 9=Missing",3,"EICV4_CS: household (housing, services); EICV5_CS: household (housing, services); EICV7_CS: household (housing, shocks, services)",0,0,0,13321,13237,12731,EICV4_CS: module s0_s5_household; EICV5_CS: module s0_s5_household; EICV7_CS: module s01_s5_s7_household,"s5cq5_v2 (EICV2, EICV3)",EICV4_CS: Use the nearest drinking water source; EICV5_CS: Household use the nearest drinking water source,
s5cq6,Main reason preventing,int8,"1=Too expensive, 2=Not safe, 3=Difficult terrain, 4=Too far, 5=Does not function …",7,"household (housing, services)",0,0,0,2392,2075,0,EICV4_CS: module s0_s5_household; EICV5_CS: module s0_s5_household,"s5cq6_v2 (EICV3), s5cq6_v3 (EICV2)",EICV4_CS: Main reason why source is not used,"{""6"": [""Other (specify)"", ""Other _specify_""]}"
s5cq7,Main reason preventing your HH to use the nearest drinking water source?,int8,"1=Too expensive, 2=Not safe, 3=Difficult terrain, 4=Does not function, 5=Doesn?t work properly …",13,"EICV4_CS: household (housing, services); EICV5_CS: household (housing, services); EICV7_CS: household (housing, shocks, services)",0,0,0,2392,2075,2820,EICV4_CS: module s0_s5_household; EICV5_CS: module s0_s5_household; EICV7_CS: module s01_s5_s7_household,s5cq7_v2 (EICV3),EICV4_CS: Type drinking water source used; EICV5_CS: Type of source drinking water used by HH,"{""11"": [""Surface water (river or lake)"", ""Surface water _river or lake_""], ""3"": [""Difficult terrain"", ""Public standpipe""], ""4"": [""Borehole"", ""Does not function""], ""5"": [""Doesn?t work properly"", ""Protected well""], ""6"": [""Long queue"", ""Unprotected well""], ""7"": [""Other (specify)"", ""Protected spring""]}"
s5cq8,Distance in meters to the source used,int16,"9000=Greater than 9 km, 9999=Missing",2,"household (housing, services)",0,0,0,2392,2075,0,EICV4_CS: module s0_s5_household; EICV5_CS: module s0_s5_household,"s5cq8_v2 (EICV7_CS), s5cq8_v3 (EICV3), s5cq8_v4 (EICV2)",EICV4_CS: Metres to drinking water source used,
s5cq9a,Amount of last water bill from WASAC or other distributors (month),int8,"0=Not applicable, 99=Missing",2,"EICV4_CS: household (housing, services); EICV5_CS: household (housing, services); EICV7_CS: household (housing, shocks, services)",0,0,0,1098,1343,2293,EICV4_CS: module s0_s5_household; EICV5_CS: module s0_s5_household; EICV7_CS: module s01_s5_s7_household,,EICV4_CS: Period of last water bill (months); EICV5_CS: Amount of last water bill from WASAC or other dist,
s5cq9b,Amount of last water bill from WASAC or other distributors-amount,int32,"0=Not applicable, 99999999=Missing",2,"EICV4_CS: household (housing, services); EICV5_CS: household (housing, services); EICV7_CS: household (housing, shocks, services)",0,0,0,1098,1343,2293,EICV4_CS: module s0_s5_household; EICV5_CS: module s0_s5_household; EICV7_CS: module s01_s5_s7_household,,EICV4_CS: Amount of last water bill,
s5cq10,Did you buy water from a private vendor/neighbour during the last 7 days,int8,"1=Yes, 2=No, 9=Missing",3,"EICV4_CS: household (housing, services); EICV5_CS: household (housing, services); EICV7_CS: household (housing, shocks, services)",0,0,0,14419,14580,15054,EICV4_CS: module s0_s5_household; EICV5_CS: module s0_s5_household; EICV7_CS: module s01_s5_s7_household,"s5cq10_v2 (EICV3), s5cq10_v3 (EICV2)",EICV4_CS: Water from private vendor/neighbour in last 7 days; EICV5_CS: Buy water from a private vendor/neighbour during t,
s5cq11,Amount paid to private water vendor last 7 days,int16,99999999=Missing,1,"EICV4_CS: household (housing, services); EICV5_CS: household (housing, services); EICV7_CS: household (housing, shocks, services)",0,0,0,3820,3442,5138,EICV4_CS: module s0_s5_household; EICV5_CS: module s0_s5_household; EICV7_CS: module s01_s5_s7_household,"s5cq11_v2 (EICV3), s5cq11_v3 (EICV2)",EICV4_CS: Amount paid to private water vendor/neighbour in l,
s5cq12,Sell water in the last 7 days,int8,"1=Yes, 2=No, 9=Missing",3,"household (housing, services)",0,0,0,14419,14580,0,EICV4_CS: module s0_s5_household; EICV5_CS: module s0_s5_household,"s5cq12_v2 (EICV7_CS), s5cq12_v3 (EICV3)",EICV4_CS: Sold water in last 7 days,
s5cq13,Household earn from the water sold during the last 7 days,int16,99999999=Missing,1,"household (housing, services)",0,0,0,86,76,0,EICV4_CS: module s0_s5_household; EICV5_CS: module s0_s5_household,"s5cq13_v2 (EICV7_CS), s5cq13_v3 (EICV3)",EICV4_CS: Money earned from the water sold in last 7 days,
s5cq14,Amount contribute to maintain the water source during the last month,int32,99999=Missing,1,"household (housing, services)",0,0,0,14419,14580,0,EICV4_CS: module s0_s5_household; EICV5_CS: module s0_s5_household,"s5cq14_v2 (EICV7_CS), s5cq14_v3 (EICV3)",EICV4_CS: Amount paid to maintain water source (last month),
s5cq15,Household manage the rainwater,int8,"1=No measures, 2=Rainwater tank from roof, 3=Ditch, 4=Piped away, 5=Other …",6,"household (housing, services)",0,0,0,14419,14580,0,EICV4_CS: module s0_s5_household; EICV5_CS: module s0_s5_household,"s5cq15_v2 (EICV7_CS), s5cq15_v3 (EICV3)",EICV4_CS: Rainwater management,
s5cq16,Main source energy for home lighting,int8,"1=Electricity from National Grid (EUCL), 2=Electricity from Mini Grid (Other distributors), 3=Private Solar Mini Grid, 4=Standalone solar system, 5=Solar lantern …",17,"EICV4_CS: household (housing, services); EICV5_CS: household (housing, services); EICV7_CS: household (housing, shocks, services)",0,0,0,14419,14580,15054,EICV4_CS: module s0_s5_household; EICV5_CS: module s0_s5_household; EICV7_CS: module s01_s5_s7_household,s5cq16_v2 (EICV3),EICV4_CS: Main source of lighting in home; EICV5_CS: Main source of home lighting,"{""1"": [""Electricity from EUCL"", ""Electricity from EWSA"", ""Electricity from National Grid (EUCL)""], ""8"": [""Generator (Own, Neighbor, Community)"", ""Lantern (Agatadowa)"", ""Lantern _Agatadowa_""], ""11"": [""Candle"", ""Other (specify)"", ""Torch/Phone""], ""2"": [""Electricity from Mini Grid (Other distributors)"", ""Other electricity distributors""], ""3"": [""Bio Gas"", ""Private Solar Mini Grid""], ""4"": [""Generator"", ""Standalone solar system""], ""5"": [""Oil Lamp"", ""Solar lantern""], ""6"": [""Firewood"", ""Rechargeable lantern""], ""7"": [""Biogas"", ""Candle""], ""9"": [""Kerosene/paraffin Lamp"", ""Solar panel""], ""10"": [""Batteries+ Bulb"", ""Firewood""], ""12"": [""Rechargeable battery"", ""Traditional Lantern""], ""13"": [""Batteries+ bulb"", ""Other _specify_""]}"
s5cq17,Amount paid on electricity in last 4 weeks,int32,99999999=Missing,1,"household (housing, services)",0,0,0,2595,3787,0,EICV4_CS: module s0_s5_household; EICV5_CS: module s0_s5_household,"s5cq17_v2 (EICV7_CS), s5cq17_v3 (EICV3)",EICV4_CS: Amount paid for electricity in last 4 weeks,
s5cq18,Primary source of cooking fuel,int8,"1=Firewood, 2=Charcoal, 3=Gas, 4=Biogaz, 5=Solar power …",11,"household (housing, services)",0,0,0,14419,14580,0,EICV4_CS: module s0_s5_household; EICV5_CS: module s0_s5_household,"s5cq18_v2 (EICV7_CS), s5cq18_v3 (EICV3)",,"{""10"": [""Other"", ""Other_specity_""]}"
s5cq19,Mode of rubbish/garbage disposal,int8,"1=Publicly managed refuse area, 2=Rubbish collection service, 3=Thrown in bushes or fields, 4=Dumped in reiver or lake, 5=Burnt …",8,"household (housing, services)",0,0,0,14419,14580,0,EICV4_CS: module s0_s5_household; EICV5_CS: module s0_s5_household,"s5cq19_v2 (EICV7_CS), s5cq19_v3 (EICV3)",,"{""4"": [""Dumped in reiver or lake"", ""Dumped in river or lake""]}"
s5cq20,Type of toilet household use,int8,"1=Flush toilet, 2=Pit latrine with solid slab, 3=Pit latrine without slab, 4=Other, 5=No toilet whatsever …",6,"household (housing, services)",0,0,0,14419,14580,0,EICV4_CS: module s0_s5_household; EICV5_CS: module s0_s5_household,s5cq20_v2 (EICV7_CS),EICV4_CS: Type of toilet,"{""5"": [""No toilet whatsever"", ""No toilet whatsoever""]}"
s5cq21,The toilet facility shared with another household,int8,"1=Yes, 2=No, 9=Missing",3,"household (housing, services)",0,0,0,14419,14580,0,EICV4_CS: module s0_s5_household; EICV5_CS: module s0_s5_household,s5cq21_v2 (EICV7_CS),EICV4_CS: Toilet facility shared with another household,
s5cq22,Problems of environmental destruction in the previous 12 months,int8,"1=Yes, 2=No, 9=Missing",3,"household (housing, services)",0,0,0,14419,14580,0,EICV4_CS: module s0_s5_household; EICV5_CS: module s0_s5_household,,EICV4_CS: Dwelling affected by environmental destruction in ,
s5cq23_v3,[EICV4_CS..EICV4_CS version] Main environmental problem experienced with dwellin,int8,"1=Floods, 2=Mountain slides, 3=Destructive rains, 4=Other, 9=Missing",5,"household (housing, services)",0,0,0,2965,0,0,,"s5cq23 (EICV7_CS), s5cq23_v2 (EICV5_CS)",,
s5cq24,Received any environmental information in the last 12 months,int8,"1=Yes, 2=No, 9=Missing",3,"household (housing, services)",0,0,0,14419,14580,0,EICV4_CS: module s0_s5_household; EICV5_CS: module s0_s5_household,s5cq24_v2 (EICV7_CS),EICV4_CS: Received any environmental information in last 12 ,
s5cq25,Main source of information on environmental issues,int8,"1=Meetings/Trainings, 2=School, 3=Radio/tv, 4=Other type of media, 5=Others _Specify_ …",6,"household (housing, services)",0,0,0,12227,11908,0,EICV4_CS: module s0_s5_household; EICV5_CS: module s0_s5_household,s5cq25_v2 (EICV7_CS),EICV4_CS: Main source of info on environmental issues,"{""1"": [""Meetings/Training"", ""Meetings/Trainings""], ""5"": [""Others (Specify)"", ""Others _Specify_""]}"
s5cq26,Internet connection _including on a mobile phone/or mobile modem_,int8,"1=Yes, 2=No, 9=Missing",3,"household (housing, services)",0,0,0,14419,14580,0,EICV4_CS: module s0_s5_household; EICV5_CS: module s0_s5_household,s5cq26_v2 (EICV7_CS),EICV4_CS: Have Internet connection,
s5cq27,Main kind of internet connection used by household members,int8,"1=Landline/LAN, 2=Modem, 3=Mobile phone, 4=Wireless, 5=Other …",6,"household (housing, services)",0,0,0,1286,2420,0,EICV4_CS: module s0_s5_household; EICV5_CS: module s0_s5_household,s5cq27_v2 (EICV7_CS),EICV4_CS: Main kind of internet connection used,
member_v3,[EICV4_CS..EICV4_CS version] (sum) member,int8,,0,,0,0,0,14419,0,0,,"member (EICV3, EICV7_CS), member_v2 (EICV5_CS)",,
ae_v2,[EICV4_CS..EICV4_CS version] (sum) ae,double,,0,,0,0,0,14419,0,0,,"ae (EICV3, EICV5_CS, EICV7_CS)",,
region_eicv4_poverty_file,,int8,,0,,0,0,0,14419,0,0,,,,
food,Total food expenditures,double,,0,,0,0,0,14419,14580,15054,EICV4_CS: module eicv4_poverty_file; EICV5_CS: module eicv5_poverty_file; EICV7_CS: module eicv7_poverty_file,,EICV4_CS: food consumption; EICV5_CS: food consumption,
foodshare1,Share of food in total household consumption,double,,0,,0,0,0,14419,14580,0,EICV4_CS: module eicv4_poverty_file; EICV5_CS: module eicv5_poverty_file,,,
sol,aggregate consumption/ae in Jan14 Prices,double,,0,,0,0,0,14419,0,0,EICV4_CS: module eicv4_poverty_file,,,
epov,Extreme poverty Headcount Ratio,int8,,0,,0,0,0,14419,0,0,EICV4_CS: module eicv4_poverty_file,,,
pov,Total Poverty Headcount Ratio,int8,,0,,0,0,0,14419,0,0,EICV4_CS: module eicv4_poverty_file,,,
qcons,Deciles of total consumption (sol1),int8,,0,,0,0,0,14419,0,0,EICV4_CS: module eicv4_poverty_file,,,
ur2012_s10a1_credits,Urban/Rural 2012 (4 categories),int8,"1=Urban, 2=Semi urban, 3=Peri urban, 4=Rural",4,,0,0,0,14419,0,0,EICV4_CS: module s10a1_credits,,,
region_s10a1_credits,Region,int8,"1=Kigali, 2=Other urban, 3=Southern rural, 4=Western rural, 5=Northern rural …",6,,0,0,0,14419,14580,0,EICV4_CS: module s10a1_credits; EICV5_CS: module s10a1_credits,,,"{""1"": [""Kigali"", ""Kigali City""], ""3"": [""Rural Southern"", ""Southern rural""], ""4"": [""Rural Western"", ""Western rural""], ""5"": [""Northern rural"", ""Rural Northern""], ""6"": [""Eastern rural"", ""Rural Eastern""]}"
s10aq1_v2,[EICV4_CS..EICV4_CS version] Requested and failed to get a loan in last 12 month,int8,"1=Yes, 2=No, 9=Missing",3,"household (credit, durables, savings)",0,0,0,14419,0,0,,s10aq1 (EICV5_CS),,
s10aq2,Reason why loan was denied,int8,"1=Insuffivient income, 2=Insufficient collateral, 3=Problems related to debts history, 4=Unclear purpose of the loan, 5=Other reasons …",6,"household (credit, durables, savings)",0,0,0,590,565,0,EICV4_CS: module s10a1_credits; EICV5_CS: module s10a1_credits,,,"{""1"": [""Insufficient income"", ""Insuffivient income""]}"
s10aq3_v2,[EICV4_CS..EICV4_CS version] HH member owe money over previous 12 months,int8,"1=Yes, 2=No, 9=Missing",3,"household (credit, durables, savings)",0,0,0,14419,0,0,,s10aq3 (EICV5_CS),,
hhtype_s10a1_credits,Type of household according to the sample,int8,"1=New sample (cluster>=2000 and cluster<5000), 2=Panel head of households in the same cluster, 3=Panel head of households outside cluster, 4=Panel other relative inside the same cluster, 5=Panel other relative outside cluster …",8,,0,0,0,14419,0,0,EICV4_CS: module s10a1_credits,,,
rwanda_s10a1_credits,All Rwanda,int8,1=All Rwanda,1,,0,0,0,14419,0,0,EICV4_CS: module s10a1_credits,,,
surveyh_s10a1_credits,EICV4 survey sample,int8,"1=New Sample, 2=Panel, 3=VUP",3,,0,0,0,14419,0,0,EICV4_CS: module s10a1_credits,,,
quintile_s10a1_credits,QUINTILE,int8,"1=Q1, 2=Q2, 3=Q3, 4=Q4, 5=Q5",5,,0,0,0,14419,0,0,EICV4_CS: module s10a1_credits,,,
poverty_s10a1_credits_v2,[EICV4_CS..EICV4_CS version] POVERTY,int8,,0,,0,0,0,14419,0,0,,poverty_s10a1_credits (EICV5_CS),,
s0q19m_s10a1_credits,Month of interview,int8,,0,,0,0,0,14419,0,0,EICV4_CS: module s10a1_credits,,,
s0q19y_s10a1_credits,Year of interview,int8,,0,,0,0,0,14419,0,0,EICV4_CS: module s10a1_credits,,,
ur2012_s7a2_livestock,Urban/Rural 2012 (4 categories),int8,"1=Urban, 2=Semi urban, 3=Peri urban, 4=Rural",4,,0,0,0,14419,0,0,EICV4_CS: module s7a2_livestock,,,
region_s7a2_livestock,Region,int8,"1=Kigali, 2=Other urban, 3=Southern rural, 4=Western rural, 5=Northern rural …",6,,0,0,0,14419,8963,0,EICV4_CS: module s7a2_livestock; EICV5_CS: module s7a2_livestock,,,"{""1"": [""Kigali"", ""Kigali City""], ""3"": [""Rural Southern"", ""Southern rural""], ""4"": [""Rural Western"", ""Western rural""], ""5"": [""Northern rural"", ""Rural Northern""], ""6"": [""Eastern rural"", ""Rural Eastern""]}"
s7a2q1,Household ever received animal from Govt one-cow policy,int8,"1=Yes, 2=No, 9=Missing",3,"household / farm (agriculture, livestock)",0,0,0,9494,8963,0,EICV4_CS: module s7a2_livestock; EICV5_CS: module s7a2_livestock,s7a2q1_v2 (EICV7_CS),EICV4_CS: Received a cow from government policy,
s7a2q2,In what year did you receive this animal?,int16,"1=Yes, 2=No, 9=Missing",3,"household / farm (agriculture, livestock)",0,0,0,871,1049,1758,EICV4_CS: module s7a2_livestock; EICV5_CS: module s7a2_livestock; EICV7_CS: module s01_s5_s7_household,,EICV4_CS: Still keep this animal; EICV5_CS: Animal still with household,
s7a2q3,Household ever receiced animal from NGO or social protection,int8,"1=Yes, 2=No, 9=Missing",3,"household / farm (agriculture, livestock)",0,0,0,9494,8963,0,EICV4_CS: module s7a2_livestock; EICV5_CS: module s7a2_livestock,s7a2q3_v2 (EICV7_CS),EICV4_CS: Received animal from NGO or social protection,
s7a2q4a,Kind of animal 1st,int8,"1=Cattle, 2=Sheep, 3=Goat, 4=Poultry, 5=Pig …",8,"household / farm (agriculture, livestock)",0,0,0,1299,1263,0,EICV4_CS: module s7a2_livestock; EICV5_CS: module s7a2_livestock,,,
s7a2q4b,Kind of animal 2nd,int8,"0=None, 1=Cattle, 2=Sheep, 3=Goat, 4=Poultry …",9,"household / farm (agriculture, livestock)",0,0,0,1299,1263,0,EICV4_CS: module s7a2_livestock; EICV5_CS: module s7a2_livestock,,,
s7a2q5,Has the number of animals changed,int8,"1=Yes, increased, 2=Yes, reduced, 3=No, the same, 4=Not applicable, 9=Missing",5,"household / farm (agriculture, livestock)",0,0,0,9494,2192,0,EICV4_CS: module s7a2_livestock; EICV5_CS: module s7a2_livestock,,EICV4_CS: Change in number of animals,
s7a2q6,Household uses a maintained pasture,int8,"1=Yes, 2=No, 9=Missing",3,"household / farm (agriculture, livestock)",0,0,0,9494,8963,0,EICV4_CS: module s7a2_livestock; EICV5_CS: module s7a2_livestock,,EICV4_CS: Use a maintained pasture,
s7a2q7,Owner of pasture,int8,"1=Household ownership, 2=Other person/priate company, 3=State owned, 4=District land, 9=Missing",5,"household / farm (agriculture, livestock)",0,0,0,146,148,0,EICV4_CS: module s7a2_livestock; EICV5_CS: module s7a2_livestock,s7a2q7_v2 (EICV7_CS),,"{""2"": [""Other person/priate company"", ""Other person/private company""]}"
s7a2q8,Cost of using the pasture,int32,"0=Not applicable, 999999999=Missing",2,"household / farm (agriculture, livestock)",0,0,0,146,148,0,EICV4_CS: module s7a2_livestock; EICV5_CS: module s7a2_livestock,,EICV4_CS: Cost of using the pasture over last 12 months,
s7a2q9,Number of months in the past 12 in which pasture was utilized,int8,99=Missing,1,"household / farm (agriculture, livestock)",0,0,0,146,148,0,EICV4_CS: module s7a2_livestock; EICV5_CS: module s7a2_livestock,,EICV4_CS: Number of months pasture was used,
hhtype_s7a2_livestock,Type of household according to the sample,int8,"1=New sample (cluster>=2000 and cluster<5000), 2=Panel head of households in the same cluster, 3=Panel head of households outside cluster, 4=Panel other relative inside the same cluster, 5=Panel other relative outside cluster …",8,,0,0,0,14419,0,0,EICV4_CS: module s7a2_livestock,,,
rwanda_s7a2_livestock,All Rwanda,int8,1=All Rwanda,1,,0,0,0,14419,0,0,EICV4_CS: module s7a2_livestock,,,
surveyh_s7a2_livestock,EICV4 survey sample,int8,"1=New Sample, 2=Panel, 3=VUP",3,,0,0,0,14419,0,0,EICV4_CS: module s7a2_livestock,,,
quintile_s7a2_livestock,QUINTILE,int8,"1=Q1, 2=Q2, 3=Q3, 4=Q4, 5=Q5",5,,0,0,0,14419,0,0,EICV4_CS: module s7a2_livestock,,,
poverty_s7a2_livestock_v2,[EICV4_CS..EICV4_CS version] POVERTY,int8,,0,,0,0,0,14419,0,0,,poverty_s7a2_livestock (EICV5_CS),,
s0q19m_s7a2_livestock,Month of interview,int8,,0,,0,0,0,14419,0,0,EICV4_CS: module s7a2_livestock,,,
s0q19y_s7a2_livestock,Year of interview,int8,,0,,0,0,0,14419,0,0,EICV4_CS: module s7a2_livestock,,,
ur2012_s7b1_land_agriculture,Urban/Rural 2012 (4 categories),int8,"1=Urban, 2=Semi urban, 3=Peri urban, 4=Rural",4,,0,0,0,14419,0,0,EICV4_CS: module s7b1_land_agriculture,,,
region_s7b1_land_agriculture,Region,int8,"1=Kigali, 2=Other urban, 3=Southern rural, 4=Western rural, 5=Northern rural …",6,,0,0,0,14419,14579,0,EICV4_CS: module s7b1_land_agriculture; EICV5_CS: module s7b1_land_agriculture,,,"{""1"": [""Kigali"", ""Kigali City""], ""3"": [""Rural Southern"", ""Southern rural""], ""4"": [""Rural Western"", ""Western rural""], ""5"": [""Northern rural"", ""Rural Northern""], ""6"": [""Eastern rural"", ""Rural Eastern""]}"
s7b1q1,Household member currently own any agricultural land,int8,"1=Yes, 2=No, 9=Missing",3,"household / farm (agriculture, livestock)",0,0,0,14419,14579,0,EICV4_CS: module s7b1_land_agriculture; EICV5_CS: module s7b1_land_agriculture,,EICV4_CS: Currently own agricultural land,
s7b1q2,Any member of the household owned land over the last 12 months,int8,"1=Yes, 2=No, 9=Missing",3,"household / farm (agriculture, livestock)",0,0,0,1466,2643,0,EICV4_CS: module s7b1_land_agriculture; EICV5_CS: module s7b1_land_agriculture,,EICV4_CS: Owned land over last 12 months,
s7b1q3,Household bought land over the last 12 months,int8,"1=Yes, 2=No, 9=Missing",3,"household / farm (agriculture, livestock)",0,0,0,13003,12050,0,EICV4_CS: module s7b1_land_agriculture; EICV5_CS: module s7b1_land_agriculture,,EICV4_CS: Bought land over last 12 months,
s7b1q4,Amount paid to acquire land,int32,999999999=Missing,1,"household / farm (agriculture, livestock)",0,0,0,1765,1172,0,EICV4_CS: module s7b1_land_agriculture; EICV5_CS: module s7b1_land_agriculture,,,
s7b1q5,Household sold land in the last 12 months,int8,"1=Yes, 2=No, 9=Missing",3,"household / farm (agriculture, livestock)",0,0,0,13003,12050,0,EICV4_CS: module s7b1_land_agriculture; EICV5_CS: module s7b1_land_agriculture,,EICV4_CS: Sold land over last 12 months,
s7b1q6,Amount received from the sale in the last 12 months,int32,999999999=Missing,1,"household / farm (agriculture, livestock)",0,0,0,1012,968,0,EICV4_CS: module s7b1_land_agriculture; EICV5_CS: module s7b1_land_agriculture,,EICV4_CS: Amount received from the sale of this land,
s7b1q7,Household rented out any land over the last 12 months,int8,"1=Yes, 2=No, 9=Missing",3,"household / farm (agriculture, livestock)",0,0,0,13003,12050,0,EICV4_CS: module s7b1_land_agriculture; EICV5_CS: module s7b1_land_agriculture,,EICV4_CS: Rented out land over the last 12 months,
s7b1q8,Amount reiceveid from the rent of land,int32,999999=Missing,1,"household / farm (agriculture, livestock)",0,0,0,1491,1270,0,EICV4_CS: module s7b1_land_agriculture; EICV5_CS: module s7b1_land_agriculture,,EICV4_CS: Amount received from the rent of land,
s7b1q9,Household sharecropped land in the last 12 months,int8,"1=Yes, 2=No, 9=Missing",3,"household / farm (agriculture, livestock)",0,0,0,13003,12050,0,EICV4_CS: module s7b1_land_agriculture; EICV5_CS: module s7b1_land_agriculture,,EICV4_CS: Sharecropped land in the last 12 months,
s7b1q10,Amount received from the sharecropping in the last 12 months,int32,999999=Missing,1,"household / farm (agriculture, livestock)",0,0,0,985,938,0,EICV4_CS: module s7b1_land_agriculture; EICV5_CS: module s7b1_land_agriculture,,EICV4_CS: Amount received from the sharecropping,
s7b1q11,"Household received land gift,inheritance, dowry or otherwise over the last 12 mo",int8,"1=Yes, 2=No, 9=Missing",3,"household / farm (agriculture, livestock)",0,0,0,13003,12050,0,EICV4_CS: module s7b1_land_agriculture; EICV5_CS: module s7b1_land_agriculture,,EICV4_CS: Received land over the last 12 months,
s7b1q12,"Given land outside household gift, inheritance, dowry or otherwise over the last",int8,"1=Yes, 2=No, 9=Missing",3,"household / farm (agriculture, livestock)",0,0,0,13003,12050,0,EICV4_CS: module s7b1_land_agriculture; EICV5_CS: module s7b1_land_agriculture,,EICV4_CS: Given land over the last 12 months,
hhtype_s7b1_land_agriculture,Type of household according to the sample,int8,"1=New sample (cluster>=2000 and cluster<5000), 2=Panel head of households in the same cluster, 3=Panel head of households outside cluster, 4=Panel other relative inside the same cluster, 5=Panel other relative outside cluster …",8,,0,0,0,14419,0,0,EICV4_CS: module s7b1_land_agriculture,,,
rwanda_s7b1_land_agriculture,All Rwanda,int8,1=All Rwanda,1,,0,0,0,14419,0,0,EICV4_CS: module s7b1_land_agriculture,,,
surveyh_s7b1_land_agriculture,EICV4 survey sample,int8,"1=New Sample, 2=Panel, 3=VUP",3,,0,0,0,14419,0,0,EICV4_CS: module s7b1_land_agriculture,,,
quintile_s7b1_land_agriculture,QUINTILE,int8,"1=Q1, 2=Q2, 3=Q3, 4=Q4, 5=Q5",5,,0,0,0,14419,0,0,EICV4_CS: module s7b1_land_agriculture,,,
poverty_s7b1_land_agricultur_v2,[EICV4_CS..EICV4_CS version] POVERTY,int8,,0,,0,0,0,14419,0,0,,poverty_s7b1_land_agriculture (EICV5_CS),,
s0q19m_s7b1_land_agriculture,Month of interview,int8,,0,,0,0,0,14419,0,0,EICV4_CS: module s7b1_land_agriculture,,,
s0q19y_s7b1_land_agriculture,Year of interview,int8,,0,,0,0,0,14419,0,0,EICV4_CS: module s7b1_land_agriculture,,,
ur2012_s9c_vup,Urban/Rural 2012 (4 categories),int8,"1=Urban, 2=Semi urban, 3=Peri urban, 4=Rural",4,,0,0,0,14419,0,0,EICV4_CS: module s9c_vup,,,
region_s9c_vup,Region,int8,"1=Kigali City, 2=Other Urban, 3=Rural Southern, 4=Rural Western, 5=Rural Northern …",6,,0,0,0,14419,0,0,EICV4_CS: module s9c_vup,,,
s9cq1,Household category in Ubudehe VUP_,int8,"1=Category 1, 2=Category 2, 3=Category 3, 4=Category 4, 5=Rich …",8,"household (transfers, VUP, other income)",0,0,0,14419,14572,0,EICV4_CS: module s9c_vup; EICV5_CS: module s9c_vup_ubudehe_and_rssp_schemes,,EICV4_CS: Ubudehe category of HH (self-declared),"{""1"": [""Category 1"", ""Extremely poor""], ""2"": [""Category 2"", ""Very poor""], ""3"": [""Category 3"", ""Poor""], ""4"": [""Category 4"", ""Self reliant""], ""8"": [""Don't know"", ""Don?t know""]}"
s9cq2_v2,[EICV4_CS..EICV4_CS version] HH live in a VUP support sector,int8,"1=Yes, 2=No, 8=Don't Know, 9=Missing",4,"household (transfers, VUP, other income)",0,0,0,14419,0,0,,s9cq2 (EICV5_CS),,
s9cq3_v2,[EICV4_CS..EICV4_CS version] HH has ever enrolled in VUP,int8,"1=Yes, 2=No, 9=Missing",3,"household (transfers, VUP, other income)",0,0,0,14419,0,0,,s9cq3 (EICV5_CS),,
s9cq4,Year HH started to benefit from VUP,int8,"0=Not yet started to benefit, 1=2014, 2=2013, 3=2012, 4=2011 …",10,"household (transfers, VUP, other income)",0,0,0,1618,0,0,EICV4_CS: module s9c_vup,,,
s9cq5_v2,[EICV4_CS..EICV4_CS version] Type VUP program when first started,int8,"1=Direct support, 2=Public works, 3=Financial Service Loan, 9=Missing",4,"household (transfers, VUP, other income)",0,0,0,1607,0,0,,s9cq5 (EICV5_CS),,
s9cq6_v2,[EICV4_CS..EICV4_CS version] HH currently benefits from VUP,int8,"1=Yes, 2=No, 9=Missing value",3,"household (transfers, VUP, other income)",0,0,0,1607,0,0,,s9cq6 (EICV5_CS),,
s9cq7_v2,[EICV4_CS..EICV4_CS version] Reason HH no longer benefits from VUP,int8,"0=Paid off VUP, 1=Moved to higher Ubedehe category, 2=Found another job, 3=Did not participate in training, 4=Forced to leave …",11,"household (transfers, VUP, other income)",0,0,0,970,0,0,,s9cq7 (EICV5_CS),,
s9cq8_v2,[EICV4_CS..EICV4_CS version] Type of VUP currently receiving,int8,"1=Direct Support only, 2=Direct Support plus Financial Services, 3=Public Works only, 4=Public Works and Financial Services, 5=Financial services loan Only …",6,"household (transfers, VUP, other income)",0,0,0,637,0,0,,s9cq8 (EICV5_CS),,
s9cq9_v2,[EICV4_CS..EICV4_CS version] Period HH receives direct support,int8,999=Missing,1,"household (transfers, VUP, other income)",0,0,0,229,0,0,,s9cq9 (EICV5_CS),,
s9cq10_v2,[EICV4_CS..EICV4_CS version] Receive direct support payments on time,int8,"1=Yes every month, 2=No, between one and 30 days late, 3=No, more than 30 days late, 9=Missing",4,"household (transfers, VUP, other income)",0,0,0,229,0,0,,s9cq10 (EICV5_CS),,
s9cq11_v2,[EICV4_CS..EICV4_CS version] Average amount received from direct support per mon,int32,999999999=Missing,1,"household (transfers, VUP, other income)",0,0,0,229,0,0,,s9cq11 (EICV5_CS),,
s9cq12_v2,[EICV4_CS..EICV4_CS version] Amount household received in the last 12 months,int32,999999999=Missing,1,"household (transfers, VUP, other income)",0,0,0,229,0,0,,s9cq12 (EICV5_CS),,
s9cq13,Able to invest direct support benefit in asset,int8,"1=To buy home utensils (except food and clothing), 2=Durable assets, 3=Education, 4=Health/medical, 5=Buy animals …",11,"household (transfers, VUP, other income)",0,0,0,229,0,0,EICV4_CS: module s9c_vup,,,
s9cq14,Period involved in public works,int8,999=Missing,1,"household (transfers, VUP, other income)",0,0,0,245,0,0,EICV4_CS: module s9c_vup,,,
s9cq15,Number HH members worked in PWs in last 12 months,int8,99=Missing,1,"household (transfers, VUP, other income)",0,0,0,245,0,0,EICV4_CS: module s9c_vup,,,
s9cq16,Number of months worked in PWs over last 12 months,int8,999=Missing,1,"household (transfers, VUP, other income)",0,0,0,245,0,0,EICV4_CS: module s9c_vup,,,
s9cq17,Payment to all HH members over the last 12 months,int32,999999999=Missing,1,"household (transfers, VUP, other income)",0,0,0,245,0,0,EICV4_CS: module s9c_vup,,,
s9cq18,Receive PWs payments on time,int8,"1=Yes, every 15 days, 2=No, between 15 days and one month, 3=No, more than one month, 9=Missing",4,"household (transfers, VUP, other income)",0,0,0,245,0,0,EICV4_CS: module s9c_vup,,,
s9cq19,Able to invest public works pay in asset,int8,"1=To buy home utensils, 2=Durable assets, 3=Education, 4=Health/medical, 5=Buy animals …",11,"household (transfers, VUP, other income)",0,0,0,245,0,0,EICV4_CS: module s9c_vup,,,
s9cq20,Some members benefited from financial services loan,int8,"1=Yes, 2=No, 9=Missing",3,"household (transfers, VUP, other income)",0,0,0,666,0,0,EICV4_CS: module s9c_vup,,,
s9cq30,HH ever benefited from RSSP,int8,"1=Yes, 2=No, 9=Missing",3,"household (transfers, VUP, other income)",0,0,0,14419,0,0,EICV4_CS: module s9c_vup,,,
s9cq31a,RSSP - Cooperatives,int8,"1=Yes, 2=No, 9=Missing value",3,"household (transfers, VUP, other income)",0,0,0,731,0,0,EICV4_CS: module s9c_vup,,,
s9cq31b,RSSP - Access to credit,int8,"1=Yes, 2=No, 9=Missing",3,"household (transfers, VUP, other income)",0,0,0,731,0,0,EICV4_CS: module s9c_vup,,,
s9cq31c,RSSP - Training,int8,"1=Yes, 2=No, 9=Missing value",3,"household (transfers, VUP, other income)",0,0,0,731,0,0,EICV4_CS: module s9c_vup,,,
s9cq31d,RSSP - Swamp or marshland rehabilitation,int8,"1=Yes, 2=No, 9=Missing value",3,"household (transfers, VUP, other income)",0,0,0,731,0,0,EICV4_CS: module s9c_vup,,,
s9cq31e,RSSP - Construction of market,int8,"1=Yes, 2=No, 9=Missing value",3,"household (transfers, VUP, other income)",0,0,0,731,0,0,EICV4_CS: module s9c_vup,,,
s9cq31f,RSSP - Others,int8,"1=Yes, 2=No, 9=Missing value",3,"household (transfers, VUP, other income)",0,0,0,731,0,0,EICV4_CS: module s9c_vup,,,
hhtype_s9c_vup,Type of household according to the sample,int8,"1=New sample (cluster>=2000 and cluster<5000), 2=Panel head of households in the same cluster, 3=Panel head of households outside cluster, 4=Panel other relative inside the same cluster, 5=Panel other relative outside cluster …",8,,0,0,0,14419,0,0,EICV4_CS: module s9c_vup,,,
rwanda_s9c_vup,All Rwanda,int8,1=All Rwanda,1,,0,0,0,14419,0,0,EICV4_CS: module s9c_vup,,,
surveyh_s9c_vup,EICV4 survey sample,int8,"1=New Sample, 2=Panel, 3=VUP",3,,0,0,0,14419,0,0,EICV4_CS: module s9c_vup,,,
quintile_s9c_vup,QUINTILE,int8,"1=Q1, 2=Q2, 3=Q3, 4=Q4, 5=Q5",5,,0,0,0,14419,0,0,EICV4_CS: module s9c_vup,,,
poverty_s9c_vup,POVERTY,int8,,0,,0,0,0,14419,0,0,EICV4_CS: module s9c_vup,,,
s0q19m_s9c_vup,Month of interview,int8,,0,,0,0,0,14419,0,0,EICV4_CS: module s9c_vup,,,
s0q19y_s9c_vup,Year of interview,int8,,0,,0,0,0,14419,0,0,EICV4_CS: module s9c_vup,,,
poverty,Welfare Categories,int8,"1=Severaly Poor, 2=Moderately poor, 3=Non Poor",3,,0,0,0,0,14580,15054,EICV5_CS: module s0_s5_household; EICV7_CS: module s01_s5_s7_household,"poverty_v2 (EICV3, EICV4_CS)",EICV5_CS: Welfare categories,"{""1"": [""Severaly Poor"", ""Severely poor""]}"
s5aq8_v3,[EICV5_CS..EICV5_CS version] Household lived in other dwellings before occupying,int8,"1=Yes, 2=No",2,"household (housing, services)",0,0,0,0,14580,0,,"s5aq8 (EICV3, EICV4_CS), s5aq8_v2 (EICV7_CS), s5aq8_v4 (EICV2)",,
s5cq2_v2,[EICV5_CS..EICV5_CS version] Distance in meters between your dwelling and this s,int16,,0,"household (housing, services)",0,0,0,0,13237,0,,"s5cq2 (EICV3, EICV4_CS)",,
s5cq16a1,Source of electricity that you mostly used in your household,int8,"1=National Grid Connection, 2=Local Mini Grid, 3=Diesel Generator, 4=Solar Home System, 5=Solar Lantern …",8,"household (housing, services)",0,0,0,0,14580,0,EICV5_CS: module s0_s5_household,,,
s5cq16a21,The supplier of this solar Home system/solar lantern,int8,"1=Mobisol Rwanda Ltd, 2=Nots Impact Enterprise, 3=Ignite power limited, 4=Waka waka Rwanda, 5=Solar Kiosk …",22,"household (housing, services)",0,0,0,0,1145,0,EICV5_CS: module s0_s5_household,,,
s5cq16a22,Model of this solar Home system/solar lantern,int8,"1=AEG International GoSol Firefly 12, 2=Anji Da Sol SSL 200, 3=Azuri Indigo Duo Solar Home System, 4=Barefoot Firefly Mobile Lamp _Gen. 2.5_, 5=Barefoot Connect 600 …",68,"household (housing, services)",0,0,0,0,1145,0,EICV5_CS: module s0_s5_household,,,
s5cq16a3,charge mobile phones everyday with electricity,int8,"1=Yes, partial charge, 2=Yes,  full charge, 3=No, 4=No mobile phones",4,"household (housing, services)",0,0,0,0,4802,0,EICV5_CS: module s0_s5_household,,,
s5cq16a4,Pay electricity for system said,int8,"1=EUCL, 2=IPP, 3=No one, 4=Other, specify",4,"household (housing, services)",0,0,0,0,4802,0,EICV5_CS: module s0_s5_household,,,
s5cq16a5,Electricity availability each day and night during last 7 days,double,888=Don't know,1,"household (housing, services)",0,0,0,0,3602,0,EICV5_CS: module s0_s5_household,,,
s5cq16a6,Electricity availability each evening during last 7 days,double,"1=1 Hour, 2=2 hours, 3=3 hours, 4=4 hours, 888=Don't know",5,"household (housing, services)",0,0,0,0,3602,0,EICV5_CS: module s0_s5_household,,,
s5cq16a7,Are the hours of supply in 16.A5 more than 16 hours and are the hours of supply,int8,"1=Yes, 2=No",2,"household (housing, services)",0,0,0,0,3602,0,EICV5_CS: module s0_s5_household,,,
s5cq16a8,many outages/ blackouts of National Grid Connection / Local Mini Grid happen,int16,888=Don't know,1,"household (housing, services)",0,0,0,0,1867,0,EICV5_CS: module s0_s5_household,,,
s5cq16a9,Total duration of all the outages/ blackouts,int16,"801=More than 800, 888=Don't know",2,"household (housing, services)",0,0,0,0,1867,0,EICV5_CS: module s0_s5_household,,,
s5cq16a10,Are any appliances get damaded during last 12 months ?,int8,"1=Yes, 2=No",2,"household (housing, services)",0,0,0,0,3602,0,EICV5_CS: module s0_s5_household,,,
s5cq16a11,did any household members died because of electricity ?,int8,"1=Yes, 2=No",2,"household (housing, services)",0,0,0,0,3602,0,EICV5_CS: module s0_s5_household,,,
s5cq18b1,Respondent ID,int8,,0,"household (housing, services)",0,0,0,0,14580,0,EICV5_CS: module s0_s5_household,,,
s5cq18b2,Type of cooking stove,int8,"1=Three stone / fire stove, 2=Other Self-Built   Stove, 3=Manufactured Stove, 4=Charcoal/fire stove, 5=Efficient cookstove _Rondereza_ …",6,"household (housing, services)",0,0,0,0,14580,0,EICV5_CS: module s0_s5_household,,,
s5cq18b32,Model of  cooking stove,int8,"1=Fixed improved mud stove, 2= Improved wood stove, 3=Single pot metal charcoal stove, 4=Mud stove, 5=Multi pot metal charcoal stove …",16,"household (housing, services)",0,0,0,0,2039,0,EICV5_CS: module s0_s5_household,,,
s5cq18b4,Value of cooking stove,int32,88888888=Don't know,1,"household (housing, services)",0,0,0,0,6524,0,EICV5_CS: module s0_s5_household,,,
s5cq18b5,Cooking stove installed area,int8,"1=In dwelling, NOT in sleeping are, 2=In dwelling, in a sleeping area, 3=In a separate Dwelling, 4=In a veranda _roofed platform with at least two open sides, 5=Outdoors …",6,"household (housing, services)",0,0,0,0,14580,0,EICV5_CS: module s0_s5_household,,,
s5cq18b6,"Use a chimney, hood or other exhaust system while using stove",int8,"1=Yes, 2=No",2,"household (housing, services)",0,0,0,0,11890,0,EICV5_CS: module s0_s5_household,,,
s5cq18b71,Two main fuels you used on this cook stove during last 12 months_most used,int8,"1=Kerosene, 2=Charcoal, 3=Wood, 4=Solar, 5=Animal Waste/ Dung …",13,"household (housing, services)",0,0,0,0,14580,0,EICV5_CS: module s0_s5_household,,,
s5cq18b72,Two main fuels you used on this cook stove during last 12 months_second most use,int8,"1=Kerosene, 2=Charcoal, 3=Wood, 4=Solar, 5=Animal Waste/ Dung …",14,"household (housing, services)",0,0,0,0,14580,0,EICV5_CS: module s0_s5_household,,,
s5cq18b8a,Amount spend for cooking fuel during last month,int32,888888=Don't kwon,1,"household (housing, services)",0,0,0,0,14580,0,EICV5_CS: module s0_s5_household,,,
s5cq18b8b,Amount spend for cooking fuel during last month,int32,888888=Don't kwon,1,"household (housing, services)",0,0,0,0,2597,0,EICV5_CS: module s0_s5_household,,,
s5cq18b91,Two main harm / injury happened from cooking stove_Most_,int8,"1=Death, 2=Permanent physical damage to any person in the household, 3=Burns/fire/poisoning, 4=Severe cough/respiratory problem, 5=Fire with no injury …",7,"household (housing, services)",0,0,0,0,14580,0,EICV5_CS: module s0_s5_household,,,
s5cq18b92,Two main harm / injury happened from cooking stove _second most_,int8,"1=Death, 2=Permanent physical damage to any person in the household, 3=Burns/fire/poisoning, 4=Severe cough/respiratory problem, 5=Fire with no injury …",7,"household (housing, services)",0,0,0,0,2337,0,EICV5_CS: module s0_s5_household,,,
s5cq23_v2,[EICV5_CS..EICV5_CS version] Major environmental destruction related problems fa,int8,"1=Floods, 2=Mountain slides, 3=Destructive rains, 4=Other",4,"household (housing, services)",0,0,0,0,2012,0,,"s5cq23 (EICV7_CS), s5cq23_v3 (EICV4_CS)",,
s5eq1,Unsual negative situation  affected household,int8,"1=Yes, 2=No",2,"EICV5_CS: household (housing, services); EICV7_CS: household (housing, shocks, services)",0,0,0,0,14580,15054,EICV5_CS: module s0_s5_household; EICV7_CS: module s01_s5_s7_household,,EICV5_CS: Unsual situation  affected household,
s5eq21,Main problems affecting your household during the last 12 months_1st  severe sho,int8,"1=Drought/irregular rains, prolonged dry spell, 2=Floods, 3=LandslidesÂ andÂ Mudslides, 4=UnusuallyÂ highÂ level of crop pests & disease, 5=Unusually high level of Livestock diseases …",13,"household (housing, services)",0,0,0,0,5320,0,EICV5_CS: module s0_s5_household,,,
s5eq22,Main problems affecting your household during the last 12 months_2nd  severe sho,int8,"0=None, 1=Drought/irregular rains, prolonged dry spell, 2=Floods, 3=LandslidesÂ andÂ Mudslides, 4=UnusuallyÂ highÂ level of crop pests & disease …",14,"household (housing, services)",0,0,0,0,5320,0,EICV5_CS: module s0_s5_household,,,
s5eq3a,What did the household do to compensate for the consequences of the chock in the,int8,"1=Sold household goods (radio, furniture, refrigerator, television, jewellery), 2=Reduced expenditure on food, 3=Reduced necessary expenditure on health and education, 4=Sold productive assets or means of transport (sewing machine, wheelbarrow, bicycle, car, 5=Used up savings) …",22,"EICV5_CS: household (housing, services); EICV7_CS: household (housing, shocks, services)",0,0,0,0,5320,5409,EICV5_CS: module s0_s5_household; EICV7_CS: module s01_s5_s7_household,,EICV5_CS: Compensate for the consequences of the chock in th,"{""1"": [""Sold household goods (radio, furniture, refrigerator, television, jewellery)"", ""Sold household goods _radio, furniture, refrigerator, television, jewellery""], ""4"": [""Sold productive assets or means of transport (sewing machine, wheelbarrow, bicycle, car"", ""Sold productive assets or means of transport _sewing machine, wheelbarrow, bicycle, car""], ""5"": [""Used up savings"", ""Used up savings)""], ""10"": [""Sold more animals (non - productive) than usual"", ""Sold more animals _non - productive_ than usual""], ""15"": [""Other_specify_"", ""Received help from religious institution""]}"
s5eq3b,What did the household do to compensate for the consequences of the chock in the,int8,"1=Sold household goods (radio, furniture, refrigerator, television, jewellery), 2=Reduced expenditure on food, 3=Reduced necessary expenditure on health and education, 4=Sold productive assets or means of transport (sewing machine, wheelbarrow, bicycle, car, 5=Used up savings) …",22,"EICV5_CS: household (housing, services); EICV7_CS: household (housing, shocks, services)",0,0,0,0,1818,1381,EICV5_CS: module s0_s5_household; EICV7_CS: module s01_s5_s7_household,,EICV5_CS: Compensate for the consequences of the chock in th,"{""1"": [""Sold household goods (radio, furniture, refrigerator, television, jewellery)"", ""Sold household goods _radio, furniture, refrigerator, television, jewellery""], ""4"": [""Sold productive assets or means of transport (sewing machine, wheelbarrow, bicycle, car"", ""Sold productive assets or means of transport _sewing machine, wheelbarrow, bicycle, car""], ""5"": [""Used up savings"", ""Used up savings)""], ""10"": [""Sold more animals (non - productive) than usual"", ""Sold more animals _non - productive_ than usual""], ""15"": [""Other_specify_"", ""Received help from religious institution""]}"
s0q18m,Month of interview,int8,,0,,0,0,0,0,14580,0,EICV5_CS: module s0_s5_household,,,
s0q18y,Year of interview,int16,,0,,0,0,0,0,14580,0,EICV5_CS: module s0_s5_household,,,
member_v2,[EICV5_CS..EICV5_CS version] Household size,int8,,0,,0,0,0,0,14580,0,,"member (EICV3, EICV7_CS), member_v3 (EICV4_CS)",,
membernos,Household size Excluding servants,int8,,0,,0,0,0,0,14580,0,EICV5_CS: module eicv5_poverty_file,,,
epov_jan,Extreme Poverty Headcount Ratio,int8,"0=Non Extreme Poor, 100=Extreme Poor",2,,0,0,0,0,14580,15054,EICV5_CS: module eicv5_poverty_file; EICV7_CS: module s01_s5_s7_household,,EICV5_CS: Extreme poverty Headcount Ratio,"{""0"": [""Non Extreme Poor"", ""Non-Extreme-Poor""], ""100"": [""Extreme Poor"", ""Extreme-Poor""]}"
pov_jan,Total Poverty Headcount Ratio,int8,"0=Non Poor, 100=Poor",2,,0,0,0,0,14580,15054,EICV5_CS: module eicv5_poverty_file; EICV7_CS: module s01_s5_s7_household,,,
decile,Deciles of total consumption (sol_jan),int8,,0,,0,0,0,0,14580,0,EICV5_CS: module eicv5_poverty_file,,,
poverty_s10a1_credits,Welfare categories,int8,"1=Severely poor, 2= Moderately poor, 3=Non Poor",3,,0,0,0,0,14580,0,EICV5_CS: module s10a1_credits,poverty_s10a1_credits_v2 (EICV4_CS),,
s10aq1,Household member tried to obtain a loan,int8,"1=Yes, 2=No",2,"household (credit, durables, savings)",0,0,0,0,14580,0,EICV5_CS: module s10a1_credits,s10aq1_v2 (EICV4_CS),,
s10aq3,Household members owe money,int8,"1=Yes, 2=No",2,"household (credit, durables, savings)",0,0,0,0,14580,0,EICV5_CS: module s10a1_credits,s10aq3_v2 (EICV4_CS),,
poverty_s7a2_livestock,Welfare categories,int8,"1=Severely poor, 2= Moderately poor, 3=Non Poor",3,,0,0,0,0,8963,0,EICV5_CS: module s7a2_livestock,poverty_s7a2_livestock_v2 (EICV4_CS),,
poverty_s7b1_land_agriculture,Welfare categories,int8,"1=Severely poor, 2= Moderately poor, 3=Non Poor",3,,0,0,0,0,14579,0,EICV5_CS: module s7b1_land_agriculture,poverty_s7b1_land_agricultur_v2 (EICV4_CS),,
region_s9c_vup_ubudehe_and_rssp_,Region,int8,"1=Kigali, 2=Other urban, 3=Southern rural, 4=Western rural, 5=Northern rural …",6,,0,0,0,0,14572,0,EICV5_CS: module s9c_vup_ubudehe_and_rssp_schemes,,,
poverty_s9c_vup_ubudehe_and_rssp,Welfare categories,int8,"1=Severely poor, 2= Moderately poor, 3=Non Poor",3,,0,0,0,0,14572,0,EICV5_CS: module s9c_vup_ubudehe_and_rssp_schemes,,,
s9cq2,Household ever received any income /Loan  from VUP,int8,"1=Yes in the past  but not now, 2=Currently VUP beneficiary, 3=Currently Eligible but not yet benefiting, 4=No, never",4,"household (transfers, VUP, other income)",0,0,0,0,14572,0,EICV5_CS: module s9c_vup_ubudehe_and_rssp_schemes,s9cq2_v2 (EICV4_CS),,
s9cq3,Many months have you been on the eligibility list and waiting to benefit from VU,int8,,0,"household (transfers, VUP, other income)",0,0,0,0,38,0,EICV5_CS: module s9c_vup_ubudehe_and_rssp_schemes,s9cq3_v2 (EICV4_CS),,
s9cq4a,Specify the VUP programmes that your HH benefitted  in year 2008,int8,"1=Direct Support only, 2=Public Works only, 3=Financial services only, 4=DS and FS services, 5=Expanded PW …",8,"household (transfers, VUP, other income)",0,0,0,0,845,0,EICV5_CS: module s9c_vup_ubudehe_and_rssp_schemes,,,
s9cq4b,Specify the VUP programmes that your HH benefitted  in year 2009,int8,"1=Direct Support only, 2=Public Works only, 3=Financial services only, 4=DS and FS services, 5=Expanded PW …",8,"household (transfers, VUP, other income)",0,0,0,0,845,0,EICV5_CS: module s9c_vup_ubudehe_and_rssp_schemes,,,
s9cq4c,Specify the VUP programmes that your HH benefitted  in year 2010,int8,"1=Direct Support only, 2=Public Works only, 3=Financial services only, 4=DS and FS services, 5=Expanded PW …",8,"household (transfers, VUP, other income)",0,0,0,0,845,0,EICV5_CS: module s9c_vup_ubudehe_and_rssp_schemes,,,
s9cq4d,Specify the VUP programmes that your HH benefitted  in year 2011,int8,"1=Direct Support only, 2=Public Works only, 3=Financial services only, 4=DS and FS services, 5=Expanded PW …",8,"household (transfers, VUP, other income)",0,0,0,0,845,0,EICV5_CS: module s9c_vup_ubudehe_and_rssp_schemes,,,
s9cq4e,Specify the VUP programmes that your HH benefitted  in year 2012,int8,"1=Direct Support only, 2=Public Works only, 3=Financial services only, 4=DS and FS services, 5=Expanded PW …",8,"household (transfers, VUP, other income)",0,0,0,0,845,0,EICV5_CS: module s9c_vup_ubudehe_and_rssp_schemes,,,
s9cq4f,Specify the VUP programmes that your HH benefitted  in year 2013,int8,"1=Direct Support only, 2=Public Works only, 3=Financial services only, 4=DS and FS services, 5=Expanded PW …",8,"household (transfers, VUP, other income)",0,0,0,0,845,0,EICV5_CS: module s9c_vup_ubudehe_and_rssp_schemes,,,
s9cq4g,Specify the VUP programmes that your HH benefitted  in year 2014,int8,"1=Direct Support only, 2=Public Works only, 3=Financial services only, 4=DS and FS services, 5=Expanded PW …",8,"household (transfers, VUP, other income)",0,0,0,0,845,0,EICV5_CS: module s9c_vup_ubudehe_and_rssp_schemes,,,
s9cq4h,Specify the VUP programmes that your HH benefitted  in year 2015,int8,"1=Direct Support only, 2=Public Works only, 3=Financial services only, 4=DS and FS services, 5=Expanded PW …",8,"household (transfers, VUP, other income)",0,0,0,0,845,0,EICV5_CS: module s9c_vup_ubudehe_and_rssp_schemes,,,
s9cq4i,Specify the VUP programmes that your HH benefitted  in year 2016,int8,"1=Direct Support only, 2=Public Works only, 3=Financial services only, 4=DS and FS services, 5=Expanded PW …",8,"household (transfers, VUP, other income)",0,0,0,0,845,0,EICV5_CS: module s9c_vup_ubudehe_and_rssp_schemes,,,
s9cq4j,Specify the VUP programmes that your HH benefitted  in year 2017,int8,"1=Direct Support only, 2=Public Works only, 3=Financial services only, 4=DS and FS services, 5=Expanded PW …",8,"household (transfers, VUP, other income)",0,0,0,0,697,0,EICV5_CS: module s9c_vup_ubudehe_and_rssp_schemes,,,
s9cq5,Why is your household no longer benefit from the VUP program?,int8,"1=Moved to a higher Ubudehe category, 2=We did not participate in training, 3=We are supported by other organizations/programs, 4=We found other sources of income, 5=The daily wages are too low [PW only] …",13,"household (transfers, VUP, other income)",0,0,0,0,938,0,EICV5_CS: module s9c_vup_ubudehe_and_rssp_schemes,s9cq5_v2 (EICV4_CS),,
s9cq6,How do you usually receive your Direct Support payment?,int8,"1=Umurenge SACCO, 2=Other MFI, 3=Other, specify",3,"household (transfers, VUP, other income)",0,0,0,0,343,0,EICV5_CS: module s9c_vup_ubudehe_and_rssp_schemes,s9cq6_v2 (EICV4_CS),,
s9cq7,Period when received your direct support payments,int8,"1=Yes every month, 2=No, between one and 30 days late, 3=No, more than 30 days late",3,"household (transfers, VUP, other income)",0,0,0,0,343,0,EICV5_CS: module s9c_vup_ubudehe_and_rssp_schemes,s9cq7_v2 (EICV4_CS),,
s9cq8,Average amount household received at the last Direct Support payment,int32,,0,"household (transfers, VUP, other income)",0,0,0,0,343,0,EICV5_CS: module s9c_vup_ubudehe_and_rssp_schemes,s9cq8_v2 (EICV4_CS),,
s9cq9,What you usually receive?,int8,"1=It is more, 2=It is the same, 3=It is less",3,"household (transfers, VUP, other income)",0,0,0,0,343,0,EICV5_CS: module s9c_vup_ubudehe_and_rssp_schemes,s9cq9_v2 (EICV4_CS),,
s9cq10,Average amount  informed to get in every month from VUP Ds?,int32,8=Don't know,1,"household (transfers, VUP, other income)",0,0,0,0,343,0,EICV5_CS: module s9c_vup_ubudehe_and_rssp_schemes,s9cq10_v2 (EICV4_CS),,
s9cq11,Direct Support payments received over the past 12 months,int8,,0,"household (transfers, VUP, other income)",0,0,0,0,343,0,EICV5_CS: module s9c_vup_ubudehe_and_rssp_schemes,s9cq11_v2 (EICV4_CS),,
s9cq12,Why have you not received 12 payments?,int8,"1=New beneficiary, 2=Payment was delayed, 3=Other, Specify",3,"household (transfers, VUP, other income)",0,0,0,0,272,0,EICV5_CS: module s9c_vup_ubudehe_and_rssp_schemes,s9cq12_v2 (EICV4_CS),,
s9cq13a,Invest your direct support benefits in some assets:- to buy food,int8,"1=Yes, 2=No",2,"household (transfers, VUP, other income)",0,0,0,0,343,0,EICV5_CS: module s9c_vup_ubudehe_and_rssp_schemes,,,
s9cq13b,Invest your direct support benefits in some assets:- Clothes,int8,"1=Yes, 2=No",2,"household (transfers, VUP, other income)",0,0,0,0,343,0,EICV5_CS: module s9c_vup_ubudehe_and_rssp_schemes,,,
s9cq13c,Invest your direct support benefits in some assets:- to buy home utensils,int8,"1=Yes, 2=No",2,"household (transfers, VUP, other income)",0,0,0,0,343,0,EICV5_CS: module s9c_vup_ubudehe_and_rssp_schemes,,,
s9cq13d,Invest your direct support benefits in some assets:- Durable asset,int8,"1=Yes, 2=No",2,"household (transfers, VUP, other income)",0,0,0,0,343,0,EICV5_CS: module s9c_vup_ubudehe_and_rssp_schemes,,,
s9cq13e,Invest your direct support benefits in some assets:- Education,int8,"1=Yes, 2=No",2,"household (transfers, VUP, other income)",0,0,0,0,343,0,EICV5_CS: module s9c_vup_ubudehe_and_rssp_schemes,,,
s9cq13f,Invest your direct support benefits in some assets:- Health/medical,int8,"1=Yes, 2=No",2,"household (transfers, VUP, other income)",0,0,0,0,343,0,EICV5_CS: module s9c_vup_ubudehe_and_rssp_schemes,,,
s9cq13g,Invest your direct support benefits in some assets:- to buy animals,int8,"1=Yes, 2=No",2,"household (transfers, VUP, other income)",0,0,0,0,343,0,EICV5_CS: module s9c_vup_ubudehe_and_rssp_schemes,,,
s9cq13h,Invest your direct support benefits in some assets:- Farm,int8,"1=Yes, 2=No",2,"household (transfers, VUP, other income)",0,0,0,0,343,0,EICV5_CS: module s9c_vup_ubudehe_and_rssp_schemes,,,
s9cq13i,Invest your direct support benefits in some assets:- Business or income generati,int8,"1=Yes, 2=No",2,"household (transfers, VUP, other income)",0,0,0,0,343,0,EICV5_CS: module s9c_vup_ubudehe_and_rssp_schemes,,,
s9cq13j,Invest your direct support benefits in some assets:- Improve house,int8,"1=Yes, 2=No",2,"household (transfers, VUP, other income)",0,0,0,0,343,0,EICV5_CS: module s9c_vup_ubudehe_and_rssp_schemes,,,
s9cq13k,Invest your direct support benefits in some assets:- Saving,int8,"1=Yes, 2=No",2,"household (transfers, VUP, other income)",0,0,0,0,343,0,EICV5_CS: module s9c_vup_ubudehe_and_rssp_schemes,,,
s9cq13l,Invest your direct support benefits in some assets:- Other specify_,int8,"1=Yes, 2=No",2,"household (transfers, VUP, other income)",0,0,0,0,343,0,EICV5_CS: module s9c_vup_ubudehe_and_rssp_schemes,,,
s9c5q45,Rural sector support project _RSSP_,int8,"1=yes, 2=No",2,"household (transfers, VUP, other income)",0,0,0,0,14572,0,EICV5_CS: module s9c_vup_ubudehe_and_rssp_schemes,,,
s9c5q46a,Forming cooperatives to carry out profit earning projects,int8,"1=Yes, 2=No",2,"household (transfers, VUP, other income)",0,0,0,0,398,0,EICV5_CS: module s9c_vup_ubudehe_and_rssp_schemes,,,
s9c5q46b,Access to credit subsidized by RIF,int8,"1=Yes, 2=No",2,"household (transfers, VUP, other income)",0,0,0,0,398,0,EICV5_CS: module s9c_vup_ubudehe_and_rssp_schemes,,,
s9c5q46c,Training,int8,"1=Yes, 2=No",2,"household (transfers, VUP, other income)",0,0,0,0,398,0,EICV5_CS: module s9c_vup_ubudehe_and_rssp_schemes,,,
s9c5q46d,Swamp or marshland rehabilitation,int8,"1=Yes, 2=No",2,"household (transfers, VUP, other income)",0,0,0,0,398,0,EICV5_CS: module s9c_vup_ubudehe_and_rssp_schemes,,,
s9c5q46e,"Construction of markets, crop drying structures and crop barns",int8,"1=Yes, 2=No",2,"household (transfers, VUP, other income)",0,0,0,0,398,0,EICV5_CS: module s9c_vup_ubudehe_and_rssp_schemes,,,
s9c5q46f,Others _Specify_,int8,"1=Yes, 2=No",2,"household (transfers, VUP, other income)",0,0,0,0,397,0,EICV5_CS: module s9c_vup_ubudehe_and_rssp_schemes,,,
s5aq4y,Duration household inhabited dwelling (years),int8,,0,"household (housing, shocks, services)",0,0,0,0,0,15054,EICV7_CS: module s01_s5_s7_household,,,
s5aq4m,Duration household inhabited dwelling (months),int8,,0,"household (housing, shocks, services)",0,0,0,0,0,15054,EICV7_CS: module s01_s5_s7_household,,,
s5aq5_v2,[EICV7_CS..EICV7_CS version] Household lived in other dwellings before occupying,int8,"1=Yes, 2=No",2,"household (housing, shocks, services)",0,0,0,0,0,15054,,"s5aq5 (EICV4_CS, EICV5_CS), s5aq5_v3 (EICV3), s5aq5_v4 (EICV2)",,
s5aq6_v2,[EICV7_CS..EICV7_CS version] Main reason for moving to current dwelling,int8,"1=Resettlement- policy, 2=Evacuated-disaster, 3=Get a better house, 4=Build/buy own house, 5=Renting cost …",10,"household (housing, shocks, services)",0,0,0,0,0,10772,,"s5aq6 (EICV4_CS, EICV5_CS), s5aq6_v3 (EICV3)",,
s5aq7,Owner of the dwelling,int8,"1=Head, 2=Spouse, 3=Spouse with head, 4=Other household member, 5=Relative …",9,"household (housing, shocks, services)",0,0,0,0,0,15054,EICV7_CS: module s01_s5_s7_household,s5aq7_v2 (EICV2),,
s5aq8_v2,[EICV7_CS..EICV7_CS version] Current occupancy status,int8,"1=Owner occupied, 2=Tenancy (renting), 3=Dwelling provided by employer, 4=Dwelling provided free of charge, 5=Temporary  settlement …",6,"household (housing, shocks, services)",0,0,0,0,0,15054,,"s5aq8 (EICV3, EICV4_CS), s5aq8_v3 (EICV5_CS), s5aq8_v4 (EICV2)",,
s5bq1_v2,[EICV7_CS..EICV7_CS version] The current value of your dwelling if you were to s,int32,,0,"household (housing, shocks, services)",0,0,0,0,0,11150,,"s5bq1 (EICV4_CS, EICV5_CS), s5bq1_v3 (EICV3), s5bq1_v4 (EICV2)",,
s5bq2a,Estimated rent for dwelling,int32,,0,"household (housing, shocks, services)",0,0,0,0,0,12103,EICV7_CS: module s01_s5_s7_household,s5bq2a_v2 (EICV3),,
s5bq3a_v2,[EICV7_CS..EICV7_CS version] Actual amount of rent paid in cash,int32,,0,"household (housing, shocks, services)",0,0,0,0,0,2951,,"s5bq3a (EICV3, EICV4_CS, EICV5_CS)",,
s5bq4,Household provide service/payments in kind,int8,"1=Yes, 2=No",2,"household (housing, shocks, services)",0,0,0,0,0,2951,EICV7_CS: module s01_s5_s7_household,,,
s5bq5a,Amount of services/payment in kind,int32,,0,"household (housing, shocks, services)",0,0,0,0,0,146,EICV7_CS: module s01_s5_s7_household,,,
s5bq5b,Time period,int8,"1=Month, 2=Quarterly, 3=Annually",3,"household (housing, shocks, services)",0,0,0,0,0,146,EICV7_CS: module s01_s5_s7_household,,,
s5bq6,Do you own a residential house in this village or elsewhere?,int8,"1=Yes, 2=No",2,"household (housing, shocks, services)",0,0,0,0,0,3904,EICV7_CS: module s01_s5_s7_household,s5bq6_v2 (EICV2),,
s5bq7_v2,[EICV7_CS..EICV7_CS version] In which year did you acquire that house?,int16,,0,"household (housing, shocks, services)",0,0,0,0,0,11566,,"s5bq7 (EICV3, EICV4_CS, EICV5_CS), s5bq7_v3 (EICV2)",,
s5bq8_v2,[EICV7_CS..EICV7_CS version] What was the value of that house when you acquired,int32,,0,"household (housing, shocks, services)",0,0,0,0,0,11566,,"s5bq8 (EICV3, EICV4_CS, EICV5_CS)",,
s5bq9,How did you acquire that house?,int8,"1=Bought, 2=Constructed, 3=Inherited from parents, 4=Received as gift, 5=Bartered …",6,"household (housing, shocks, services)",0,0,0,0,0,11566,EICV7_CS: module s01_s5_s7_household,"s5bq9_v2 (EICV3), s5bq9_v3 (EICV2)",,
s5cq2a,Distance in meters between your dwelling and this source?,int16,,0,"household (housing, shocks, services)",0,0,0,0,0,12768,EICV7_CS: module s01_s5_s7_household,s5cq2a_v2 (EICV2),,
s5cq2b,"Time in minutes it take to go there, to get water and come back?",int16,,0,"household (housing, shocks, services)",0,0,0,0,0,12768,EICV7_CS: module s01_s5_s7_household,s5cq2b_v2 (EICV2),,
s5cq4b,"Time in minutes it take to go there, to get water and come back",int16,,0,"household (housing, shocks, services)",0,0,0,0,0,12731,EICV7_CS: module s01_s5_s7_household,s5cq4b_v2 (EICV3),,
s5cq6a,Unused nearest drinking water source to your dwelling?,int8,"1=Piped into Dwelling, 2=Piped into compound, yard/pot, 3=Piped to neighbor HH3, 4=Public tap/standpipe, 5=Tube Well/Borehole …",14,"household (housing, shocks, services)",0,0,0,0,0,2821,EICV7_CS: module s01_s5_s7_household,,,
s5cq6b,Distance in meters between your dwelling and unused nearest drinking water sourc,int16,,0,"household (housing, shocks, services)",0,0,0,0,0,2819,EICV7_CS: module s01_s5_s7_household,,,
s5cq8_v2,[EICV7_CS..EICV7_CS version] In the last 4 weeks has there been anytime when you,int8,"1=Yes, at least once, 2=No, always sufficient, 3=Don?t know",3,"household (housing, shocks, services)",0,0,0,0,0,15054,,"s5cq8 (EICV4_CS, EICV5_CS), s5cq8_v3 (EICV3), s5cq8_v4 (EICV2)",,
s5cq12_v2,[EICV7_CS..EICV7_CS version] Amount contribute to maintain the water source duri,int16,,0,"household (housing, shocks, services)",0,0,0,0,0,15054,,"s5cq12 (EICV4_CS, EICV5_CS), s5cq12_v3 (EICV3)",,
s5cq13_v2,[EICV7_CS..EICV7_CS version] Household manage the rainwater,int8,"1=No measures, 2=Rainwater tank from roof, 3=Ditch, 4=Piped away, 5=Other(specify)",5,"household (housing, shocks, services)",0,0,0,0,0,15054,,"s5cq13 (EICV4_CS, EICV5_CS), s5cq13_v3 (EICV3)",,
s5cq14_v2,[EICV7_CS..EICV7_CS version] Is this HH connected to the grid (electricity from,int8,"1=Yes on grid, 2=Yes from solar, 3=Yes both on grid  and from solar, 4=No",4,"household (housing, shocks, services)",0,0,0,0,0,15054,,"s5cq14 (EICV4_CS, EICV5_CS), s5cq14_v3 (EICV3)",,
s5cq15_v2,[EICV7_CS..EICV7_CS version] Main Reason your household is not connected to the,int8,"1=Connection fee is high, 2=Dwelling inappropriate for connection, 3=Application pending, 4=Service  unavailable(No grid line in the area), 5=Administrative procedure is complicated …",7,"household (housing, shocks, services)",0,0,0,0,0,4212,,"s5cq15 (EICV4_CS, EICV5_CS), s5cq15_v3 (EICV3)",,
s5cq17_v2,[EICV7_CS..EICV7_CS version] Main Source of electricity that you mostly used in,int8,"1=National Grid, 2=Local Mini Grid, 3=Solar energy, 4=Generator (Own, Neighbor, Community), 5=Rechargeable Battery …",7,"household (housing, shocks, services)",0,0,0,0,0,15054,,"s5cq17 (EICV4_CS, EICV5_CS), s5cq17_v3 (EICV3)",,
s5cq18_v2,[EICV7_CS..EICV7_CS version] Main reason preventing your household to use electr,int8,"1=High cost of electricity, 2=Safety concerns, 3=Other, (specify)",3,"household (housing, shocks, services)",0,0,0,0,0,84,,"s5cq18 (EICV4_CS, EICV5_CS), s5cq18_v3 (EICV3)",,
s5cq19_v2,[EICV7_CS..EICV7_CS version] Appliances get damaged/electrical system (voltage s,int8,"1=Yes, 2=No",2,"household (housing, shocks, services)",0,0,0,0,0,7285,,"s5cq19 (EICV4_CS, EICV5_CS), s5cq19_v3 (EICV3)",,
s5cq20_v2,[EICV7_CS..EICV7_CS version] Amount your household pay for electricity the last,int32,,0,"household (housing, shocks, services)",0,0,0,0,0,7285,,"s5cq20 (EICV4_CS, EICV5_CS)",,
s5cq20b,What is the main kind of internet connection used by household members?,int8,"1=Landline/Cable Internet, 2=Modem, 3=Mobile phone, 4=Wireless, 5=Other",5,"household (housing, shocks, services)",0,0,0,0,0,4310,EICV7_CS: module s01_s5_s7_household,s5cq20b_v2 (EICV3),,
s5cq20c,What is the main barrier/reason for not accessing internet at home?,int8,"1=Do not need the interne, 2=Use internet from elsewhere, 3=Cost of the serviceis too high, 4=No internet equipment /signals in the area, 5=Privacy/security concerns …",7,"household (housing, shocks, services)",0,0,0,0,0,10744,EICV7_CS: module s01_s5_s7_household,s5cq20c_v2 (EICV3),,
s5cq21_v2,[EICV7_CS..EICV7_CS version] Type of your primary cook stove,int8,"1=Cooking gas stove, 2=Electric stove, 3=Biogas stove, 4=Solar cooker, 5=Liquid fuel(kerosene) stove …",11,"household (housing, shocks, services)",0,0,0,0,0,15054,,"s5cq21 (EICV4_CS, EICV5_CS)",,
s5cq22a,Three main sources of cooking fuel you used on this cook stove Most used(Primary,int8,"1=Firewood, 2=Charcoal., 3=Gas, 4=Biogas, 5=Solar power …",14,"household (housing, shocks, services)",0,0,0,0,0,14966,EICV7_CS: module s01_s5_s7_household,,,
s5cq22b,Three main sources of cooking fuel you used on this cook stove Second most used,int8,"1=Firewood, 2=Charcoal., 3=Gas, 4=Biogas, 5=Solar power …",15,"household (housing, shocks, services)",0,0,0,0,0,14966,EICV7_CS: module s01_s5_s7_household,,,
s5cq22c,Three main sources of cooking fuel you used on this cook stove Most used(third),int8,"1=Firewood, 2=Charcoal., 3=Gas, 4=Biogas, 5=Solar power …",15,"household (housing, shocks, services)",0,0,0,0,0,8032,EICV7_CS: module s01_s5_s7_household,,,
s5cq23,Where did you normally cook with the cook stove?,int8,"1=In dwelling, not in  sleeping area, 2=In dwelling, in a sleeping area, 3=In a separate dwelling, 4=In a veranda (roofed platform with at least two open sides), 5=Outdoors …",6,"household (housing, shocks, services)",0,0,0,0,0,14966,EICV7_CS: module s01_s5_s7_household,"s5cq23_v2 (EICV5_CS), s5cq23_v3 (EICV4_CS)",,
s5cq24_v2,[EICV7_CS..EICV7_CS version] How does your household dispose of its rubbish/garb,int8,"1=Publicly managed refuse area, 2=Rubbish collection Service, 3=Thrown in the household?s fields or bushes, 4=Dumped in river/lakes/ditches, 5=Burnt …",7,"household (housing, shocks, services)",0,0,0,0,0,15054,,"s5cq24 (EICV4_CS, EICV5_CS)",,
s5cq25_v2,[EICV7_CS..EICV7_CS version] What type of toilet does your household use?,int8,"1=Flush to piped sewer system, 2=Flush to septic tank, 3=Flush to pit latrine, 4=Ventilated improved pit (VIP) latrine, 5=Pit Latrine with constructed floor slab …",9,"household (housing, shocks, services)",0,0,0,0,0,15054,,"s5cq25 (EICV4_CS, EICV5_CS)",,
s5cq26_v2,[EICV7_CS..EICV7_CS version] Is the toilet facility shared with another househol,int8,"1=Yes, 2=No",2,"household (housing, shocks, services)",0,0,0,0,0,14918,,"s5cq26 (EICV4_CS, EICV5_CS)",,
s5cq27_v2,[EICV7_CS..EICV7_CS version] Number of households in total use this toilet facil,int8,98=Don?t know,1,"household (housing, shocks, services)",0,0,0,0,0,3229,,"s5cq27 (EICV4_CS, EICV5_CS)",,
s5cq28,Has your (pit latrine or septic tank) ever been emptied?,int8,"1=Yes emptied, 2=Never emptied, 3=Don?t know",3,"household (housing, shocks, services)",0,0,0,0,0,14918,EICV7_CS: module s01_s5_s7_household,,,
s5cq29,who removed the content of toilet last time it was empted,int8,"1=Household, 2=Service provider",2,"household (housing, shocks, services)",0,0,0,0,0,2353,EICV7_CS: module s01_s5_s7_household,,,
s5cq30,Where were the contents emptied to?,int8,"1=Treatment plant, 2=Buried in a covered pit, 3=Uncovered pit/open ground/waterbody, 4=Other (specify), 5=Don?t know",5,"household (housing, shocks, services)",0,0,0,0,0,2353,EICV7_CS: module s01_s5_s7_household,,,
s5cq31,faced any problems that resulted from environmental destruction in the previous,int8,"1=Yes, 2=No",2,"household (housing, shocks, services)",0,0,0,0,0,15054,EICV7_CS: module s01_s5_s7_household,,,
s5cq32,main disaster you have experienced with your dwelling,int8,"1=Floods, 2=Mountain slides, 3=Heavy rain, 4=Heavy Wind, 5=Other (specify)",5,"household (housing, shocks, services)",0,0,0,0,0,2595,EICV7_CS: module s01_s5_s7_household,,,
s5cq33,Have you received any environmental information in the last 12 months,int8,"1=Yes, 2=No",2,"household (housing, shocks, services)",0,0,0,0,0,15054,EICV7_CS: module s01_s5_s7_household,,,
s5cq34,main source of information on environmental issues,int8,"1=Radio/TV, 2=Social Media, 3=Meetings/trainings, 4=school, 5=Other (specify)",5,"household (housing, shocks, services)",0,0,0,0,0,12918,EICV7_CS: module s01_s5_s7_household,,,
s5eq2a,Main problems affecting your household during the last 12 months(1st  severe sho,int8,"1=Heavy Rain, 2=Floods, 3=Landslides and Mudslides, 4=Drought/irregular rains, prolonged dry spell, 5=Unusually high level of crop pests & disease …",18,"household (housing, shocks, services)",0,0,0,0,0,5407,EICV7_CS: module s01_s5_s7_household,,,
s5eq2b,Main problems affecting your household during the last 12 months(2nd  severe sho,int8,"1=Heavy Rain, 2=Floods, 3=Landslides and Mudslides, 4=Drought/irregular rains, prolonged dry spell, 5=Unusually high level of crop pests & disease …",19,"household (housing, shocks, services)",0,0,0,0,0,5407,EICV7_CS: module s01_s5_s7_household,,,
s5eq2c,Main problems affecting your household during the last 12 months(3rd  severe sho,int8,"1=Heavy Rain, 2=Floods, 3=Landslides and Mudslides, 4=Drought/irregular rains, prolonged dry spell, 5=Unusually high level of crop pests & disease …",19,"household (housing, shocks, services)",0,0,0,0,0,1381,EICV7_CS: module s01_s5_s7_household,,,
s5eq2aa_m,Main problems affecting your household during the last 12 months(1st  severe sho,int8,,0,"household (housing, shocks, services)",0,0,0,0,0,495,EICV7_CS: module s01_s5_s7_household,,,
s5eq2ab_m,Main problems affecting your household during the last 12 months(2nd  severe sho,int8,,0,"household (housing, shocks, services)",0,0,0,0,0,109,EICV7_CS: module s01_s5_s7_household,,,
s5eq2ac_m,Main problems affecting your household during the last 12 months(3rd  severe sho,int8,,0,"household (housing, shocks, services)",0,0,0,0,0,7,EICV7_CS: module s01_s5_s7_household,,,
s5eq2aa_y,Main problems affecting your household during the last 12 months(1st  severe sho,int16,,0,"household (housing, shocks, services)",0,0,0,0,0,495,EICV7_CS: module s01_s5_s7_household,,,
s5eq2ab_y,Main problems affecting your household during the last 12 months(2nd  severe sho,int16,,0,"household (housing, shocks, services)",0,0,0,0,0,109,EICV7_CS: module s01_s5_s7_household,,,
s5eq2ac_y,Main problems affecting your household during the last 12 months(3rd  severe sho,int16,,0,"household (housing, shocks, services)",0,0,0,0,0,7,EICV7_CS: module s01_s5_s7_household,,,
s5eq3c,What did the household do to compensate for the consequences of the chock in the,int8,"1=Sold household goods (radio, furniture, refrigerator, television, jewellery), 2=Reduced expenditure on food, 3=Reduced necessary expenditure on health and education, 4=Sold productive assets or means of transport (sewing machine, wheelbarrow, bicycle, car, 5=Used up savings) …",22,"household (housing, shocks, services)",0,0,0,0,0,211,EICV7_CS: module s01_s5_s7_household,,,
s5eq4a,Number of months did it take your HH to recover from the recent shock and get ba,int8,99=HH not recoverd from the shock,1,"household (housing, shocks, services)",0,0,0,0,0,5407,EICV7_CS: module s01_s5_s7_household,,,
s5eq4b,Number of months did it take your HH to recover from the recent shock and get ba,int8,99=HH not recoverd from the shock,1,"household (housing, shocks, services)",0,0,0,0,0,1381,EICV7_CS: module s01_s5_s7_household,,,
s5eq4c,Number of months did it take your HH to recover from the recent shock and get ba,int8,99=HH not recoverd from the shock,1,"household (housing, shocks, services)",0,0,0,0,0,211,EICV7_CS: module s01_s5_s7_household,,,
s7aq4,"Did any member of your household own and/or raise any livestock, herds, other fa",int8,"1=Yes, 2=No",2,"household / farm (agriculture, livestock)",0,0,0,0,0,15053,EICV7_CS: module s01_s5_s7_household,,,
s7aq4a,How many of the following livestock or poultry does the household own - Cattle,int16,,0,"household / farm (agriculture, livestock)",0,0,0,0,0,7818,EICV7_CS: module s01_s5_s7_household,,,
s7aq4b,How many of the following livestock or poultry does the household own - Goats,int16,,0,"household / farm (agriculture, livestock)",0,0,0,0,0,7818,EICV7_CS: module s01_s5_s7_household,,,
s7aq4c,How many of the following livestock or poultry does the household own - Sheep,int8,,0,"household / farm (agriculture, livestock)",0,0,0,0,0,7818,EICV7_CS: module s01_s5_s7_household,,,
s7aq4d,How many of the following livestock or poultry does the household own - Pigs,int8,,0,"household / farm (agriculture, livestock)",0,0,0,0,0,7817,EICV7_CS: module s01_s5_s7_household,,,
s7aq4e,How many of the following livestock or poultry does the household own - Poultry,int16,,0,"household / farm (agriculture, livestock)",0,0,0,0,0,7817,EICV7_CS: module s01_s5_s7_household,,,
s7aq4f,How many of the following livestock or poultry does the household own - Other (s,int8,,0,"household / farm (agriculture, livestock)",0,0,0,0,0,7817,EICV7_CS: module s01_s5_s7_household,,,
s7a2q1_v2,[EICV7_CS..EICV7_CS version] Have you ever received a cow from the Governments ?,int8,"1=Yes, 2=No",2,"household / farm (agriculture, livestock)",0,0,0,0,0,15054,,"s7a2q1 (EICV4_CS, EICV5_CS)",,
s7a2q3_v2,[EICV7_CS..EICV7_CS version] Do you still keep this animal?,int8,"1=Yes, 2=No",2,"household / farm (agriculture, livestock)",0,0,0,0,0,1758,,"s7a2q3 (EICV4_CS, EICV5_CS)",,
s7a2q4,Household ever receiced animal from NGO or other social protection scheme,int8,"1=Yes, 2=No",2,"household / farm (agriculture, livestock)",0,0,0,0,0,15054,EICV7_CS: module s01_s5_s7_household,,,
s7a2q5a,Kind of animal 1st,string,,0,"household / farm (agriculture, livestock)",6420,6900,14308,14419,14580,15054,EICV7_CS: module s01_s5_s7_household,,,
s7a2q6a,Has the number of animals changed (Cow poor family),int8,"1=Yes, increased, 2=Yes, reduced, 3=No, the same",3,"household / farm (agriculture, livestock)",0,0,0,0,0,1758,EICV7_CS: module s01_s5_s7_household,,,
s7a2q6b,Has the number of animals changed (1st animal from NGO),int8,"1=Yes, increased, 2=Yes, reduced, 3=No, the same",3,"household / farm (agriculture, livestock)",0,0,0,0,0,1468,EICV7_CS: module s01_s5_s7_household,,,
s7a2q6c,Has the number of animals changed (2nd animal from NGO),int8,"1=Yes, increased, 2=Yes, reduced, 3=No, the same",3,"household / farm (agriculture, livestock)",0,0,0,0,0,137,EICV7_CS: module s01_s5_s7_household,,,
s7a2q7_v2,[EICV7_CS..EICV7_CS version] Household uses a maintained pasture,int8,"1=Yes,maintained, 2=No,not maintained, 3=No, other place",3,"household / farm (agriculture, livestock)",0,0,0,0,0,8496,,"s7a2q7 (EICV4_CS, EICV5_CS)",,
quintile_v2,[EICV7_CS..EICV7_CS version] Quintiles of real consumption per ae,int8,"1=Poor, 2=Poor/mid, 3=Mid, 4=Mid/upper, 5=Upper",5,,0,0,0,0,0,15054,,"quintile (EICV1, EICV3, EICV4_CS, EICV5_CS)",,
s5cq4a,Distance in meters between your dwelling,int16,,0,"household (housing, shocks, services)",0,0,0,0,0,11306,EICV7_CS: module s01_s5_s7_household,s5cq4a_v2 (EICV3),,
strata_id,strata_id,int16,,0,,0,0,0,0,0,15054,EICV7_CS: module s9d5_financial_services,,,
food_at_school,Education Expenses/Food at School,int32,,0,,0,0,0,0,0,15054,EICV7_CS: module eicv7_poverty_file,,,
exp2,Imputed Rents,double,,0,,0,0,0,0,0,15054,EICV7_CS: module eicv7_poverty_file,exp2_v2 (EICV3),,
exp3,Actual Rents,int32,,0,,0,0,0,0,0,15054,EICV7_CS: module eicv7_poverty_file,exp3_v2 (EICV3),,
exp4_v2,[EICV7_CS..EICV7_CS version] Water expenses,double,,0,,0,0,0,0,0,15054,,"exp4 (EICV3, EICV4_CS, EICV5_CS)",,
exp5_v2,[EICV7_CS..EICV7_CS version] Electricity expenses,int32,,0,,0,0,0,0,0,15054,,"exp5 (EICV3, EICV4_CS, EICV5_CS)",,
exp6_v2,[EICV7_CS..EICV7_CS version] Annual Non food Expenditures,int32,,0,,0,0,0,0,0,15054,,"exp6 (EICV3, EICV4_CS, EICV5_CS)",,
exp7_v2,[EICV7_CS..EICV7_CS version] Monthly Non food Expenditures,double,,0,,0,0,0,0,0,15054,,"exp7 (EICV3, EICV4_CS, EICV5_CS)",,
exp8_v2,[EICV7_CS..EICV7_CS version] Frequent Non Food Expenditures,double,,0,,0,0,0,0,0,15054,,"exp8 (EICV3, EICV4_CS, EICV5_CS)",,
exp9_v2,[EICV7_CS..EICV7_CS version] Food Consumption/Home,double,,0,,0,0,0,0,0,15054,,"exp9 (EICV3, EICV4_CS, EICV5_CS)",,
exp10_v2,[EICV7_CS..EICV7_CS version] Food outside Home Expenditures,double,,0,,0,0,0,0,0,15054,,"exp10 (EICV3, EICV4_CS, EICV5_CS)",,
exp11_v2,[EICV7_CS..EICV7_CS version] Use values of durable goods,double,,0,,0,0,0,0,0,14798,,"exp11 (EICV3, EICV4_CS, EICV5_CS)",,
hh_index,Household Index,double,,0,,0,0,0,0,0,15054,EICV7_CS: module eicv7_poverty_file,,,
quintile_eicv7_poverty_file,,int8,,0,,0,0,0,0,0,15054,,,,
cons1ae,Aggregate Consumption/ae,double,,0,,0,0,0,0,0,15054,EICV7_CS: module eicv7_poverty_file,,,
pov_jan_eicv7_poverty_file,,int8,,0,,0,0,0,0,0,15054,,,,
poverty_eicv7_poverty_file,,int8,,0,,0,0,0,0,0,15054,,,,
epov_jan_eicv7_poverty_file,,int8,,0,,0,0,0,0,0,15054,,,,
poverty_line,Value of Povertyline in Jan/2024 Prices,int32,,0,,0,0,0,0,0,15054,EICV7_CS: module eicv7_poverty_file,,,
extreme_line,Value of Food Povertyline in Jan/2024 Prices,int32,,0,,0,0,0,0,0,15054,EICV7_CS: module eicv7_poverty_file,,,
s9d1q1,beneficiaries of VUP(any component),int8,"1=Yes, 2=No",2,"household (cash transfers, VUP, other income)",0,0,0,0,0,15054,EICV7_CS: module s9d2_classic_public_work,,,
s9d2q1,beneficiaries of class public work,int8,"1=Yes, 2=No",2,"household (cash transfers, VUP, other income)",0,0,0,0,0,389,EICV7_CS: module s9d2_classic_public_work,,,
s9d2q2m,join the Classic Public Work Programme / Month,int8,"1=January, 2=February, 3=March, 4=April, 5=May …",12,"household (cash transfers, VUP, other income)",0,0,0,0,0,389,EICV7_CS: module s9d2_classic_public_work,,,
s9d2q2y,join the Classic Public Work Programme / Year,int16,,0,"household (cash transfers, VUP, other income)",0,0,0,0,0,389,EICV7_CS: module s9d2_classic_public_work,,,
s9d2q3,number of months a household participated in cPW over the last 12 months,int8,,0,"household (cash transfers, VUP, other income)",0,0,0,0,0,389,EICV7_CS: module s9d2_classic_public_work,,,
s9d2q4,Daily wage,int16,,0,"household (cash transfers, VUP, other income)",0,0,0,0,0,389,EICV7_CS: module s9d2_classic_public_work,,,
s9d2q5,way by which cPW payment were received to beneficiary,int8,"1=SACCO, 2=Mobile Money/Airtel Money, 3=Not yet paid",3,"household (cash transfers, VUP, other income)",0,0,0,0,0,389,EICV7_CS: module s9d2_classic_public_work,,,
s9d2q6,way of receiving cPW payment,string,,0,"household (cash transfers, VUP, other income)",6420,6900,14308,14419,14580,15054,EICV7_CS: module s9d2_classic_public_work,,,
s9d2q6_a,Buy Food,int8,"1=Yes, 2=No",2,"household (cash transfers, VUP, other income)",0,0,0,0,0,380,EICV7_CS: module s9d2_classic_public_work,,,
s9d2q6_b,Buy Cloth,int8,"1=Yes, 2=No",2,"household (cash transfers, VUP, other income)",0,0,0,0,0,380,EICV7_CS: module s9d2_classic_public_work,,,
s9d2q6_c,Buy Home Utensils,int8,"1=Yes, 2=No",2,"household (cash transfers, VUP, other income)",0,0,0,0,0,380,EICV7_CS: module s9d2_classic_public_work,,,
s9d2q6_d,Buy Durables asset,int8,"1=Yes, 2=No",2,"household (cash transfers, VUP, other income)",0,0,0,0,0,380,EICV7_CS: module s9d2_classic_public_work,,,
s9d2q6_e,Pay Education/School Fess,int8,"1=Yes, 2=No",2,"household (cash transfers, VUP, other income)",0,0,0,0,0,380,EICV7_CS: module s9d2_classic_public_work,,,
s9d2q6_f,Pay Health/Medical Expenses,int8,"1=Yes, 2=No",2,"household (cash transfers, VUP, other income)",0,0,0,0,0,380,EICV7_CS: module s9d2_classic_public_work,,,
s9d2q6_g,Buy Animals,int8,"1=Yes, 2=No",2,"household (cash transfers, VUP, other income)",0,0,0,0,0,380,EICV7_CS: module s9d2_classic_public_work,,,
s9d2q6_h,Invest in Farming,int8,"1=Yes, 2=No",2,"household (cash transfers, VUP, other income)",0,0,0,0,0,380,EICV7_CS: module s9d2_classic_public_work,,,
s9d2q6_i,Invest in business Income or income generating activity,int8,"1=Yes, 2=No",2,"household (cash transfers, VUP, other income)",0,0,0,0,0,380,EICV7_CS: module s9d2_classic_public_work,,,
s9d2q6_j,Improve dwelling,int8,"1=Yes, 2=No",2,"household (cash transfers, VUP, other income)",0,0,0,0,0,380,EICV7_CS: module s9d2_classic_public_work,,,
s9d2q6_k,"Savings in SACCO,VSLA or Tontine",int8,"1=Yes, 2=No",2,"household (cash transfers, VUP, other income)",0,0,0,0,0,380,EICV7_CS: module s9d2_classic_public_work,,,
s9d2q6_l,Saving in EJo Heza,int8,"1=Yes, 2=No",2,"household (cash transfers, VUP, other income)",0,0,0,0,0,380,EICV7_CS: module s9d2_classic_public_work,,,
s9d2q6_m,Other,int8,"1=Yes, 2=No",2,"household (cash transfers, VUP, other income)",0,0,0,0,0,380,EICV7_CS: module s9d2_classic_public_work,,,
s9d2q7a,Number of delayed days of first last payment,int8,,0,"household (cash transfers, VUP, other income)",0,0,0,0,0,381,EICV7_CS: module s9d2_classic_public_work,,,
s9d2q7b,Number of delayed days of second last payment,int8,,0,"household (cash transfers, VUP, other income)",0,0,0,0,0,381,EICV7_CS: module s9d2_classic_public_work,,,
s9d2q7c,Number of delayed days of third last payment,int8,,0,"household (cash transfers, VUP, other income)",0,0,0,0,0,381,EICV7_CS: module s9d2_classic_public_work,,,
s9d2q8,Did you receive payment for all the work performed during the last 12 months?,int8,"1=Yes, 2=No",2,"household (cash transfers, VUP, other income)",0,0,0,0,0,381,EICV7_CS: module s9d2_classic_public_work,,,
s9d2q9,When was the last Public Works payment received?,int8,"1=Ukwa 1, 2=Ukwa 2, 3=Ukwa 3, 4=Ukwa 4, 5=Ukwa 5 …",12,"household (cash transfers, VUP, other income)",0,0,0,0,0,301,EICV7_CS: module s9d2_classic_public_work,,,
s9d2q10,How much did you receive in the last cPW payment?,int32,,0,"household (cash transfers, VUP, other income)",0,0,0,0,0,301,EICV7_CS: module s9d2_classic_public_work,,,
s9d2q11,What is the total value of cPW payments you received over the last 12 months?,int32,,0,"household (cash transfers, VUP, other income)",0,0,0,0,0,301,EICV7_CS: module s9d2_classic_public_work,,,
quintile_s9d2_classic_public_wor,Quintiles of real consumption per ae,int8,"1=Poor, 2=Poor/mid, 3=Mid, 4=Mid/upper, 5=Upper",5,,0,0,0,0,0,389,EICV7_CS: module s9d2_classic_public_work,,,
pov_jan_s9d2_classic_public_work,Total Poverty Headcount Ratio,int8,"0=Non Poor, 100=Poor",2,,0,0,0,0,0,389,EICV7_CS: module s9d2_classic_public_work,,,
poverty_s9d2_classic_public_work,Welfare Categories,int8,"1=Severaly Poor, 2=Moderately poor, 3=Non Poor",3,,0,0,0,0,0,389,EICV7_CS: module s9d2_classic_public_work,,,
epov_jan_s9d2_classic_public_wor,Extreme Poverty Headcount Ratio,int8,"0=Non Extreme Poor, 100=Extreme Poor",2,,0,0,0,0,0,389,EICV7_CS: module s9d2_classic_public_work,,,
s9d1q1_s9d5_financial_services,beneficiaries of VUP(any component),int8,"1=Yes, 2=No",2,"household (cash transfers, VUP, other income)",0,0,0,0,0,15054,EICV7_CS: module s9d5_financial_services,,,
s9d5q1,household who ever applied for financial service loan,int8,"1=Yes, 2=No",2,"household (cash transfers, VUP, other income)",0,0,0,0,0,333,EICV7_CS: module s9d5_financial_services,,,
s9d5q2m,When joined financial Component / Month,int8,"1=January, 2=February, 3=March, 4=April, 5=May …",12,"household (cash transfers, VUP, other income)",0,0,0,0,0,333,EICV7_CS: module s9d5_financial_services,,,
s9d5q2y,When joined financial Component / Year,int16,,0,"household (cash transfers, VUP, other income)",0,0,0,0,0,333,EICV7_CS: module s9d5_financial_services,,,
s9d5q2,Approved financial services loan,int8,"1=Yes, 2=No, 3=Still waiting",3,"household (cash transfers, VUP, other income)",0,0,0,0,0,333,EICV7_CS: module s9d5_financial_services,,,
s9d5q3,Whether the total amount was received as requested,int8,"1=Yes, 2=No",2,"household (cash transfers, VUP, other income)",0,0,0,0,0,325,EICV7_CS: module s9d5_financial_services,,,
s9d5q4,the total amount of the loan received,int32,,0,"household (cash transfers, VUP, other income)",0,0,0,0,0,315,EICV7_CS: module s9d5_financial_services,,,
s9d5q5,type of financial services loan,int8,"1=Individual, 2=Cooperative, 3=Group",3,"household (cash transfers, VUP, other income)",0,0,0,0,0,325,EICV7_CS: module s9d5_financial_services,,,
s9d5q6,Main project activity that originally planned for loan,int8,"1=Investment in Farming, 2=To buy Livestock, 3= Poultry keeping, 4= Business/Trade, 5=Handcraft (Tailoring, Carpentry and other professions) …",6,"household (cash transfers, VUP, other income)",0,0,0,0,0,325,EICV7_CS: module s9d5_financial_services,,,
s9d5q7,Main project activity that originally planned for loan,int8,"1=Investment in Farming, 2=To buy Livestock, 3= Poultry keeping, 4= Business/Trade, 5=Handcraft (Tailoring, Carpentry and other professions) …",6,"household (cash transfers, VUP, other income)",0,0,0,0,0,325,EICV7_CS: module s9d5_financial_services,,,
s9d1q2,beneficiaries of direct support,string,,0,"household (cash transfers, VUP, other income)",6420,6900,14308,14419,14580,15054,EICV7_CS: module s9d5_financial_services,,,
quintile_s9d5_financial_services,Quintiles of real consumption per ae,int8,"1=Poor, 2=Poor/mid, 3=Mid, 4=Mid/upper, 5=Upper",5,,0,0,0,0,0,333,EICV7_CS: module s9d5_financial_services,,,
pov_jan_s9d5_financial_services,Total Poverty Headcount Ratio,int8,"0=Non Poor, 100=Poor",2,,0,0,0,0,0,333,EICV7_CS: module s9d5_financial_services,,,
poverty_s9d5_financial_services,Welfare Categories,int8,"1=Severaly Poor, 2=Moderately poor, 3=Non Poor",3,,0,0,0,0,0,333,EICV7_CS: module s9d5_financial_services,,,
epov_jan_s9d5_financial_services,Extreme Poverty Headcount Ratio,int8,"0=Non Extreme Poor, 100=Extreme Poor",2,,0,0,0,0,0,333,EICV7_CS: module s9d5_financial_services,,,
