variable,label,type,value_labels,n_value_labels,n_EICV1,n_EICV2,n_EICV3,n_EICV4_CS,n_EICV5_CS,n_EICV7_CS,source,versions,label_variants,value_label_conflicts
survey,Source survey,string,,0,32153,34785,68398,66081,64314,62110,,,,
year,Survey year (mid-fieldwork),int16,,0,32153,34785,68398,66081,64314,62110,,,,
wave,Wave / round id,string,,0,327841,327841,327841,327841,327841,327841,,,,
sample,"CS = national cross-section, VUP = VUP booster, PANEL = EICV3-4 panel link",string,,0,32153,34785,68398,66081,64314,62110,,,,
prov,"Province (1-5, NISR codes)",int8,"1=City of Kigali, 2=Southern Province, 3=Western Province, 4=Northern Province, 5=Eastern Province",5,32153,34785,68398,66081,64314,62110,"EICV1: household key table (['s6_housing', 's0_id', 'eicv1_remap_weights']); EICV2: id1_n; EICV3: province; EICV4_CS: province; EICV5_CS: province; EICV7_CS: province",,,
dist,"District (11-57, NISR current codes)",int8,"11=Nyarugenge, 12=Gasabo, 13=Kicukiro, 21=Nyanza, 22=Gisagara …",30,32153,34785,68398,66081,64314,62110,"EICV1: household key table (['s6_housing', 's0_id', 'eicv1_remap_weights']); EICV2: id2_n; EICV3: district; EICV4_CS: district; EICV5_CS: district; EICV7_CS: district",,,
urban,"Area of residence (1 urban, 2 rural)",int8,"1=Urban, 2=Rural",2,32153,34785,68398,66081,64314,62110,"EICV1: household key table (['s6_housing', 's0_id', 'eicv1_remap_weights']); EICV2: id0; EICV3: urb2002; EICV4_CS: ur2_2012; EICV5_CS: ur; EICV7_CS: ur",,,
cluster,Sampling cluster / enumeration area (as shipped),string,,0,32153,34785,68398,66081,64314,62110,"EICV1: household key table (['s6_housing', 's0_id', 'eicv1_remap_weights']); EICV2: clust; EICV4_CS: clust; EICV5_CS: clust; EICV7_CS: clust",,,
hhid,Household id (unique within wave),double,,0,32153,34785,68398,66081,64314,62110,EICV1: key; EICV2: key,,,
pid,Person number within the household,int32,,0,32153,34785,68398,66081,64314,62110,EICV1: id; EICV3: PID % 100 (PID = hhid*100 + person),,,
sex,"Sex (1 male, 2 female)",int8,"1=Male, 2=Female, 9=Missing",3,32153,34785,68398,66081,64314,62110,EICV1: s1q1; EICV2: s1q1; EICV3: s1q1; EICV4_CS: s1q1; EICV5_CS: s1q1; EICV7_CS: s1q1,,,
age,Age in years,int16,"998=Don't know, 999=Missing",2,32153,34785,68398,66081,64314,62110,EICV1: s1q3a; EICV2: s1q3a; EICV3: s1q3y; EICV4_CS: s1q3y; EICV5_CS: s1q3y; EICV7_CS: s1q3y,,,
wt,"Household weight carried by every row (sums to persons in person files, to house",double,,0,32153,34785,68398,66081,64314,62110,"EICV1: household key table (['s6_housing', 's0_id', 'eicv1_remap_weights']); EICV2: hh_wt; EICV3: hh_wt; EICV4_CS: weight; EICV5_CS: weight; EICV7_CS: weight",,,
wt_hh,Household weight (same value as wt; sums to the number of households),double,,0,32153,34785,68398,66081,64314,62110,,,,
strate,Strata,int8,"1=Kigali Urban, 2=Other Urban, 3=Rural",3,32153,0,0,0,0,0,EICV1: module s5_migration,,,
prefect,Province,int8,"1=Butare, 2=Byumba, 3=Cyangugu, 4=Gikongoro, 5=Gisenyi …",12,32153,0,0,0,0,0,EICV1: module s5_migration,,,
s1q2,Relation with the head of household,int8,"1=Household head (HH), 2=Spouse of HH, 3=Son or daughter of HH, 4=Step or adopted or foster child of HH, 5=Parent of HH …",15,32153,34785,68398,66081,64314,62110,EICV1: module eicv1_jobstatus_subsistence1; EICV2: module jobstatus_subsistence1,,EICV1: Relation with Head of Household; EICV2: Relationship to the head of household,"{""1"": [""Head"", ""Head of household"", ""Household head (HH)"", ""Household head _HH_""], ""3"": [""Son or daughter of HH"", ""Son or daughter of the head of household"", ""Son/Daughter""], ""4"": [""Child in custody"", ""Grandson/daugther"", ""Step or adopted or foster child of HH""], ""5"": [""Father or mother of HH"", ""Father or mother of the head of household"", ""Father/Mother"", ""Parent of HH""], ""6"": [""Brother or sister of HH"", ""Brother or sister of the head of household"", ""Relative of Head or spouse""], ""7"": [""Domestic and peiople related"", ""Grand child of HH"", ""Petit fils /fille du CM""], ""8"": [""Boarders and other people related"", ""Other relationship to the head of household"", ""Parent in law of HH""], ""2"": [""Spouse"", ""Spouse of HH""], ""9"": [""Brother or  sister in law to HH"", ""No relationship to the head of household""], ""10"": [""Nephew/Niece"", ""Other relationship to HH""], ""11"": [""No relationship to HH"", ""Other relationship to HH""], ""12"": [""Domestic worker"", ""Waged Domestic worker""]}"
s1q3b,Age in months,int8,,0,5929,0,0,0,0,0,EICV1: module eicv1_econbase,,,
s1q4_v2,[EICV1..EICV2 version] Civil status,int8,"1=Married monogamous, 2=Married polygamous, 3=Living together, 4=Divorced or separated, 5=Single …",9,20750,22515,0,0,0,0,,"s1q4 (EICV3, EICV4_CS, EICV5_CS, EICV7_CS)",EICV1: Civil state; EICV2: Civil status,"{""1"": [""Married monogamous"", ""Married not head of household""], ""2"": [""Free union"", ""Married polygamous""], ""3"": [""Divorced"", ""Living together""], ""4"": [""Divorced or separated"", ""Separated""], ""6"": [""Widow or widower"", ""Widowed""]}"
s1q5_v2,[EICV1..EICV1 version] Spouse resides in household,int8,"1=Yes, 2=No",2,7997,0,0,0,0,0,,"s1q5 (EICV2, EICV3, EICV4_CS, EICV5_CS)",,
s1q6_v2,[EICV1..EICV1 version] ID of spouse,int8,,0,7763,0,0,0,0,0,,"s1q6 (EICV2, EICV3, EICV4_CS, EICV5_CS, EICV7_CS)",,
s1q7_v3,[EICV1..EICV1 version] Place of birth,int8,"1=Butare, 2=Byumba, 3=Cyangugu, 4=Gikongoro, 5=Gisenyi …",18,32153,0,0,0,0,0,,"s1q7 (EICV2, EICV3, EICV4_CS, EICV5_CS), s1q7_v2 (EICV7_CS)",,
s1q8_v2,[EICV1..EICV1 version] Nationality,int8,"20=Rwandan, 21=Burundian, 22=Congolese, 23=Ugandan, 24=Tanzanian …",7,32153,0,0,0,0,0,,"s1q8 (EICV2, EICV3, EICV4_CS, EICV5_CS, EICV7_CS)",,
s1q9_v3,[EICV1..EICV1 version] Have you been away?,int8,"1=Yes, 2=No",2,32153,0,0,0,0,0,,"s1q9 (EICV2, EICV3, EICV4_CS, EICV5_CS), s1q9_v2 (EICV7_CS)",,
s1q10_v4,[EICV1..EICV1 version] Length of absence,int8,,0,1053,0,0,0,0,0,,"s1q10 (EICV3, EICV5_CS), s1q10_v2 (EICV2, EICV4_CS), s1q10_v3 (EICV7_CS)",,
s1q11_v2,[EICV1..EICV7_CS version] primary n reason for absence during enumeration,int8,"1=Studies, 2=Seasonal work, 3=Working away now, 4=Health care, 5=Attend ceremony …",10,437,0,0,0,0,2661,,"s1q11 (EICV3, EICV4_CS, EICV5_CS), s1q11_v3 (EICV2)",EICV1: Reason for absence; EICV7_CS: primary n reason for absence during enumeration,"{""1"": [""Studies"", ""Study""], ""3"": [""Normal Work"", ""Working away now""], ""4"": [""Health care"", ""Other Work""], ""5"": [""Attend ceremony"", ""Health""], ""6"": [""Ceremonies"", ""Visit friend or family""], ""7"": [""Training"", ""Visiting""], ""8"": [""Detention or compulsory service"", ""Training""], ""9"": [""Living with relatives"", ""Otherspecify""]}"
s1q12_v4,[EICV1..EICV1 version] Have you lived in another household?,int8,"1=Yes, 2=No",2,437,0,0,0,0,0,,"s1q12 (EICV3, EICV4_CS, EICV5_CS), s1q12_v2 (EICV7_CS), s1q12_v3 (EICV2)",,
s1q13_v2,[EICV1..EICV2 version] Household member,int8,"1=Yes, 2=No",2,32153,34785,0,0,0,0,,"s1q13 (EICV3, EICV4_CS, EICV7_CS), s1q13_v3 (EICV5_CS)",EICV1: Household member status; EICV2: Household member,
s1q14_v2,[EICV1..EICV7_CS version] Household membership,int8,"1=Yes, 2=No",2,32098,0,0,0,0,62110,,"s1q14 (EICV3, EICV4_CS, EICV5_CS)",EICV1: Does the father live in the household?; EICV7_CS: Household membership,
s1q15_v3,[EICV1..EICV1 version] ID of father,int8,,0,12267,0,0,0,0,0,,"s1q15 (EICV5_CS), s1q15_v2 (EICV4_CS)",,
s1q16_v2,[EICV1..EICV1 version] Level of father,int8,"11=Primary-First, 12=Primary-Second, 13=Primary-Third, 14=Primary-Fourth, 15=Primary-Fifth …",27,19831,0,0,0,0,0,,s1q16 (EICV5_CS),,
s1q17,Nature of father,int8,"1=Agriculture/Livestock/Fishing, 2=Trade, 3=Employer, 4=Artisan, 5=Professional …",9,19831,0,0,0,0,0,,,,
s1q18,Does mother live in household?,int8,"1=Yes, 2=No",2,32098,0,0,0,0,0,,,,
s1q19,Id of mother,int8,,0,17149,0,0,0,0,0,,,,
s1q20,Mother,int8,"11=Primary-First, 12=Primary-Second, 13=Primary-Third, 14=Primary-Fourth, 15=Primary-Fifth …",26,14949,0,0,0,0,0,,,,
s1q21,Nature of mother,int8,"1=Agriculture/Livestock/Fishing, 2=Trade, 3=Employer, 4=Artisan, 5=Professional …",9,14949,0,0,0,0,0,,,,
s2aq1,ID of person interviewed,int8,,0,25123,28018,0,0,0,0,EICV1: module s2_education; EICV2: module s2_education,s2aq1_v2 (EICV3),EICV1: Id of interviewed person,
s2aq2,Ever been to school,int8,"1=Yes, 2=No",2,25143,28018,56116,0,0,0,EICV1: module eicv1_econbase; EICV2: module s2_education,,,
s2aq3_v3,[EICV1..EICV1 version] Highest level of education completed?,int8,"10=Didn't achieve Primary-First, 11=Primary-First, 12=Primary-Second, 13=Primary-Third, 14=Primary-Fourth …",28,2484,0,0,0,0,0,,"s2aq3 (EICV3), s2aq3_v2 (EICV2)",,
s2aq4_v3,[EICV1..EICV1 version] Highest Certificate/Diploma attained?,int8,"1=Certificate (Completed Primary), 2=Fin tronc commun, 3=Certificate Post primary, 4=Diploma A (Technical professional), 5=Diploma of Humanities (Completed D6) …",11,2484,0,0,0,0,0,,"s2aq4 (EICV3), s2aq4_v2 (EICV2)",,
s2aq5_v2,[EICV1..EICV1 version] Highest class attained,int8,,0,16397,0,0,0,0,0,,s2aq5 (EICV2),,
s2aq6_v3,[EICV1..EICV1 version] Attended in the last 12 months,int8,"1=Yes, 2=No",2,16397,0,0,0,0,0,,"s2aq6 (EICV3), s2aq6_v2 (EICV2)",,
s2aq7,Absent from school last week,int8,"1=Yes, 2=No, 3=Not studying",3,7321,0,21871,0,0,0,EICV1: module s2_education,s2aq7_v2 (EICV2),EICV1: Class hours missed last week?,
s2aq8_v2,[EICV1..EICV1 version] Time spent going to school (minutes),int16,,0,7321,0,0,0,0,0,,s2aq8 (EICV3),,
s2aq9a_v2,[EICV1..EICV1 version] School registration fees,int32,,0,7321,0,0,0,0,0,,s2aq9a (EICV3),,
s2aq9b_v2,[EICV1..EICV1 version] Contributions to parent associations,int32,,0,7321,0,0,0,0,0,,s2aq9b (EICV3),,
s2aq9c,Expenses for school uniforms,int32,,0,7321,0,0,0,0,0,EICV1: module s2_education,,,
s2aq9d,Expenses for books and material,int32,,0,7321,0,0,0,0,0,EICV1: module s2_education,,,
s2aq9e,Expenses for transport to & from school,int32,,0,7321,0,0,0,0,0,EICV1: module s2_education,,,
s2aq9f,"Expenses for food, board, lodging at school",int32,,0,7321,0,0,0,0,0,EICV1: module s2_education,,,
s2aq9g,"Expenses for clubs, field trips etc.",int32,,0,7321,0,0,0,0,0,EICV1: module s2_education,,,
s2aq9h,Other educational expenses,int32,,0,7321,0,0,0,0,0,EICV1: module s2_education,,,
s2aq10_v2,[EICV1..EICV1 version] Scholarships?,int8,"1=Yes, 2=No",2,7321,0,0,0,0,0,,s2aq10 (EICV3),,
s2aq11_v3,[EICV1..EICV1 version] Amount of scholarship,int32,,0,140,0,0,0,0,0,,"s2aq11 (EICV3), s2aq11_v2 (EICV2)",,
s2aq12_v2,[EICV1..EICV1 version] Primary source of education funding,int8,"1=Father, 2=Mother, 3=Both, 4=Other members of household, 5=Other relative …",9,7321,0,0,0,0,0,,s2aq12 (EICV2),,
s2aq13,Reason for dropping out of school,int8,"1=Cost, 2=Work, 3=Marriage, 4=Change of residence, 5=Excluded …",10,16397,9973,0,0,0,0,EICV1: module s2_education; EICV2: module s2_education,s2aq13_v2 (EICV3),EICV1: Dropped out of school,"{""1"": [""Cost"", ""Yes""], ""2"": [""No"", ""Work""]}"
s2aq14_v2,[EICV1..EICV1 version] Reason for dropping out?,int8,"1=Cost, 2=Work, 3=Marriage, 4=Change of residence, 5=Expulsion …",10,9202,0,0,0,0,0,,s2aq14 (EICV3),,
s2bq1,Highest class attained in primary school,int8,"10=1st year primary-unfinished, 11=1st year of primary, 12=2nd year of primary, 13=3rd year of primary, 14=4th year of primary …",9,16397,22306,0,0,0,0,EICV1: module s2_education; EICV2: module s2_education,,EICV1: Highest primary class,"{""10"": [""1st year primary-unfinished"", ""Didn't achieve Primary-First""], ""11"": [""1st year of primary"", ""Primary-First""], ""12"": [""2nd year of primary"", ""Primary-Second""], ""13"": [""3rd year of primary"", ""Primary-Third""], ""14"": [""4th year of primary"", ""Primary-Fourth""], ""15"": [""5th year of primary"", ""Primary-Fifth""], ""16"": [""6th or 7th year of primary"", ""Primary-Sixth/Seventh""]}"
s2bq2_v2,[EICV1..EICV1 version] Was primary school interrupted?,int8,"1=Yes, 2=No",2,16394,0,0,0,0,0,,s2bq2 (EICV2),,
s2bq3a,How long interrupted in years?,int8,,0,1573,0,0,0,0,0,EICV1: module s2_education,,,
s2bq3b,How long interrrupted in months?,int8,,0,1573,0,0,0,0,0,EICV1: module s2_education,,,
s2bq4_v2,[EICV1..EICV1 version] Repeat any primary classes?,int8,"1=Yes, 2=No",2,16394,0,0,0,0,0,,s2bq4 (EICV2),,
s2bq5_v2,[EICV1..EICV1 version] How many times did you repeat in primary?,int8,,0,7608,0,0,0,0,0,,s2bq5 (EICV2),,
s2bq6_v2,[EICV1..EICV1 version] Type of Primary school?,int8,"1=Public, 2=Private, 3=Subsidised",3,16394,0,0,0,0,0,,s2bq6 (EICV2),,
s2bq7,Type of primary school,int8,"1=Public, 2=Private, 3=Free-subsidized",3,16394,22299,0,0,0,0,EICV1: module s2_education; EICV2: module s2_education,,EICV1: Did you complete primary?,"{""1"": [""Public"", ""Yes""], ""2"": [""No"", ""Private""]}"
s2bq8_v2,[EICV1..EICV1 version] Education after primary?,int8,"1=Secondary, 2=Post Primary/Teach.Profes., 3=None",3,4149,0,0,0,0,0,,s2bq8 (EICV2),,
s2bq9_v2,[EICV1..EICV1 version] Highest class completed in secondary?,int8,"30=Didn't achieve Secondary-First, 31=Secondary-First, 32=Secondary-Second, 33=Secondary-Third, 34=Secondary-Fourth …",8,1775,0,0,0,0,0,,s2bq9 (EICV2),,
s2bq10_v2,[EICV1..EICV1 version] Repeat and secondary classes?,int8,"1=Yes, 2=No",2,1772,0,0,0,0,0,,s2bq10 (EICV2),,
s2bq11_v2,[EICV1..EICV1 version] How many times did you repeat in secondary?,int8,,0,408,0,0,0,0,0,,s2bq11 (EICV2),,
s2bq12_v2,[EICV1..EICV1 version] Secondary Certificate?,int8,"0=Unknown, 1=Certificate (Completed Primary), 2=Fin tronc commun, 3=Certificate Post primary, 4=Diploma A (Technical professional) …",12,1772,0,0,0,0,0,,s2bq12 (EICV2),,
s2bq13,Certificate received for secondary school,int8,"1=Primary certificate, 2=Trunk (Junior High) certificate, 3=Vocational certificate, 4=Technical diploma, 5=Humanities …",6,1772,2760,0,0,0,0,EICV1: module s2_education; EICV2: module s2_education,,EICV1: Type of secondary school?,"{""1"": [""Primary certificate"", ""Public""], ""2"": [""Private"", ""Trunk (Junior High) certificate""], ""3"": [""Subsidised"", ""Vocational certificate""]}"
s2bq14_v2,[EICV1..EICV1 version] Post primary or technical school attendance?,int8,"1=Yes, 2=No",2,2331,0,0,0,0,0,,s2bq14 (EICV2),,
s2bq15_v2,[EICV1..EICV1 version] Highest class completed post-primary?,int8,"11=Primary-First, 12=Primary-Second, 13=Primary-Third, 14=Primary-Fourth, 15=Primary-Fifth …",27,600,0,0,0,0,0,,s2bq15 (EICV2),,
s2bq16_v2,[EICV1..EICV1 version] Post-primary/Technical certificate?,int8,"1=Certificate (Completed Primary), 2=Fin tronc commun, 3=Certificate Post primary, 4=Diploma A (Technical professional), 5=Diploma of Humanities (Completed D6) …",11,525,0,0,0,0,0,,s2bq16 (EICV2),,
s2bq17,Certificate received for post primary school,int8,"1=Primary certificate, 2=Trunk (Junior High) certificate, 3=Vocational certificate, 4=Technical diploma, 99=None",5,600,750,0,0,0,0,EICV1: module s2_education; EICV2: module s2_education,,EICV1: Type of post-primary/technical school?,"{""1"": [""Primary certificate"", ""Public""], ""2"": [""Private"", ""Trunk (Junior High) certificate""], ""3"": [""Other"", ""Vocational certificate""]}"
s2bq18_v2,[EICV1..EICV1 version] Higher education attendance?,int8,"1=Yes, 2=No",2,2331,0,0,0,0,0,,s2bq18 (EICV2),,
s2bq19_v2,[EICV1..EICV1 version] How many years of higher education?,int8,,0,155,0,0,0,0,0,,s2bq19 (EICV2),,
s2bq20_v2,[EICV1..EICV1 version] Type of higher education establishment?,int8,"1=Institute of education, 2=University, 3=Technical institute, 4=Other institutes, 5=Other",5,155,0,0,0,0,0,,s2bq20 (EICV2),,
s2bq21_v2,[EICV1..EICV1 version] Highest diploma/certificate attained?,int8,"1=Certificate (Completed Primary), 2=Fin tronc commun, 3=Certificate Post primary, 4=Diploma A (Technical professional), 5=Diploma of Humanities (Completed D6) …",11,155,0,0,0,0,0,,s2bq21 (EICV2),,
s2cq1_v2,[EICV1..EICV1 version] Can you read?,int8,"1=Yes, 2=No",2,23994,0,0,0,0,0,,s2cq1 (EICV2),,
s2cq2_v3,[EICV1..EICV1 version] What language can you read?,int8,"1=Kinyarwanda, 2=Swahili, 3=French, 4=English, 5=Kinyarwanda and Swahili …",15,11621,0,0,0,0,0,,"s2cq2 (EICV3), s2cq2_v2 (EICV2)",,
s2cq3_v3,[EICV1..EICV1 version] Can you write?,int8,"1=Yes, 2=No",2,11621,0,0,0,0,0,,"s2cq3 (EICV3), s2cq3_v2 (EICV2)",,
s2cq4_v3,[EICV1..EICV1 version] What language can you write?,int8,"1=Kinyarwanda, 2=Swahili, 3=French, 4=English, 5=Kinyarwanda and Swahili …",15,10847,0,0,0,0,0,,"s2cq4 (EICV3), s2cq4_v2 (EICV2)",,
s2cq5_v3,[EICV1..EICV1 version] Can you do maths?,int8,"1=Yes, 2=No",2,23994,0,0,0,0,0,,"s2cq5 (EICV3), s2cq5_v2 (EICV2)",,
s2cq6,Number of months attended short training course,int8,"0=>1month, 1=Yes, 2=No",3,23994,24485,4589,0,0,0,EICV1: module s2_education; EICV2: module s2_education,,EICV1: Attended literacy course?; EICV2: Attended literacy courses,
s2cq7_v3,[EICV1..EICV1 version] Ever been an apprentice?,int8,"1=Yes, now, 2=Yes, in past, 3=No",3,25142,0,0,0,0,0,,"s2cq7 (EICV3), s2cq7_v2 (EICV2)",,
s2cq8a,Length of apprenticeship in years?,int8,,0,1431,0,0,0,0,0,EICV1: module s2_education,,,
s2cq8b,Length of apprenticeship in months?,int8,,0,1418,0,0,0,0,0,EICV1: module s2_education,,,
s2cq9_v3,[EICV1..EICV1 version] Main profession learned,int8,"0=Unknown, 1=Jewellery, 2=Tiling, 3=Calligraphy / decoration, 4=Copper craft …",37,1464,0,0,0,0,0,,"s2cq9 (EICV3), s2cq9_v2 (EICV2)",,
s2cq10_v2,[EICV1..EICV1 version] Did you pay a fee for training?,int8,"1=Yes, in kind, 2=Yes, in cash, 3=No",3,1464,0,0,0,0,0,,s2cq10 (EICV2),,
s2cq11_v2,[EICV1..EICV1 version] Room and board received during apprenticeship?,int8,"1=Yes, 2=No",2,1464,0,0,0,0,0,,s2cq11 (EICV2),,
s2cq12_v2,[EICV1..EICV1 version] Training courses for longer than six months?,int8,"1=Yes, 2=No",2,25142,0,0,0,0,0,,s2cq12 (EICV2),,
s2cq13,Months attended training courses,int8,0=Less than 1 month,1,670,2174,0,0,0,0,EICV1: module s2_education; EICV2: module s2_education,,EICV1: Length of training in months?,
s2cq14_v2,[EICV1..EICV1 version] Did topic of training relate to current job?,int8,"1=Yes, Present, 2=Yes, Future, 3=No",3,671,0,0,0,0,0,,s2cq14 (EICV2),,
s3aq1,ID of person interviewed,int8,,0,32040,34656,0,0,0,0,EICV1: module s3_health; EICV2: module s3_health,s3aq1_v2 (EICV3),EICV1: Id of interviewed person,
s3aq2_v3,[EICV1..EICV1 version] Suffer from illness or injury in last two weeks?,int8,"1=Yes, illness, 2=Yes, injury, 3=Yes, both, 4=No",4,32059,0,0,0,0,0,,"s3aq2 (EICV3), s3aq2_v2 (EICV2)",,
s3aq3,Length of illness,int8,"1=Less than month, 2=1 to 4 months, 3=4 to 6 months, 4=6 to 12 months, 5=12 months and more",5,8028,0,0,0,0,0,EICV1: module s3_health,,,
s3aq4_v2,[EICV1..EICV1 version] How many days in the last two weeks?,int8,,0,8028,0,0,0,0,0,,"s3aq4 (EICV2, EICV3)",,
s3aq5_v2,[EICV1..EICV1 version] Immobilized because of condition?,int8,"1=Yes, 2=No",2,8028,0,0,0,0,0,,"s3aq5 (EICV2, EICV3)",,
s3aq6_v2,[EICV1..EICV1 version] Number of days of immobilization,int8,,0,5766,0,0,0,0,0,,"s3aq6 (EICV2, EICV3)",,
s3aq7,Have you been to health worker/centre/healer in last 2 weeks?,int8,"1=Yes, 2=No",2,32059,0,0,0,0,0,EICV1: module s3_health,,,
s3aq8_v3,[EICV1..EICV1 version] Reason for consultation,int8,"1=General visit, 2=Illness, 3=Injury, 4=Illness and injury, 5=Vaccination …",7,1886,0,0,0,0,0,,"s3aq8 (EICV3), s3aq8_v2 (EICV2)",,
s3aq9_v3,[EICV1..EICV1 version] Whom did you consult?,int8,"1=Physician, 2=Nurse, 3=Pharmacist, 4=Mid-wife, 5=Health Assistant …",8,1886,0,0,0,0,0,,"s3aq9 (EICV3), s3aq9_v2 (EICV2)",,
s3aq10_v2,[EICV1..EICV1 version] Where did consultation take place?,int8,"1=Surgery of consultant, 2=Home of patient, 3=Hospital, 4=Pharmacy, 5=Clinic …",9,1886,0,0,0,0,0,,"s3aq10 (EICV2, EICV3)",,
s3aq11_v3,[EICV1..EICV1 version] Type of establishment,int8,"1=Public, 2=Private, 3=Semi-Private",3,1886,0,0,0,0,0,,"s3aq11 (EICV3), s3aq11_v2 (EICV2)",,
s3aq12,Reason for medical consultation,int16,"1=General visit or preventive, 2=Sickness or illness, 3=Injury, 4=Both sickness and injury, 5=Vaccination …",7,1885,2254,5038,0,0,0,EICV1: module s3_health; EICV2: module s3_health,,EICV1: Cost of consultation; EICV2: Reason for health consultation,"{""2"": [""Sickness"", ""Sickness or illness""], ""4"": [""Both sickness and injury"", ""Sickness and injury""]}"
s3aq13_v2,[EICV1..EICV1 version] Insurance or employers share of consultation,int16,,0,1886,0,0,0,0,0,,"s3aq13 (EICV2, EICV3)",,
s3aq14_v2,[EICV1..EICV1 version] How much paid for transport?,int16,,0,1886,0,0,0,0,0,,"s3aq14 (EICV2, EICV3)",,
s3aq15a,Length of consultation in hours,int8,,0,1885,0,0,0,0,0,EICV1: module s3_health,,,
s3aq15b,Length of consultation in minutes,int8,,0,1883,0,0,0,0,0,EICV1: module s3_health,,,
s3aq16_v2,[EICV1..EICV1 version] Medical examinations in the last two weeks?,int8,"1=Yes, 2=No",2,1886,0,0,0,0,0,,"s3aq16 (EICV2, EICV3)",,
s3aq17_v2,[EICV1..EICV1 version] Cost of medical examinations,int16,,0,704,0,0,0,0,0,,"s3aq17 (EICV2, EICV3)",,
s3aq18_v2,[EICV1..EICV1 version] Insurance or employer share of examination,int16,,0,704,0,0,0,0,0,,"s3aq18 (EICV2, EICV3)",,
s3aq19_v2,[EICV1..EICV1 version] Were you hospitalized during the last two weeks?,int8,"1=Yes, 2=No",2,1886,0,0,0,0,0,,"s3aq19 (EICV2, EICV3)",,
s3aq20_v2,[EICV1..EICV1 version] Length of hospitalization,int8,,0,170,0,0,0,0,0,,"s3aq20 (EICV2, EICV3)",,
s3aq21_v3,[EICV1..EICV1 version] Cost of hospitalization,int32,,0,170,0,0,0,0,0,,"s3aq21 (EICV3), s3aq21_v2 (EICV2)",,
s3aq22_v2,[EICV1..EICV1 version] Insurance or employer share of hospitalization,int16,,0,170,0,0,0,0,0,,"s3aq22 (EICV2, EICV3)",,
s3aq23_v2,[EICV1..EICV1 version] Purchase of medications/supplies in last two weeks,int8,"1=Yes, 2=No",2,32061,0,0,0,0,0,,"s3aq23 (EICV2, EICV3)",,
s3aq24_v3,[EICV1..EICV1 version] How much paid for medications/supplies,int32,,0,3747,0,0,0,0,0,,"s3aq24 (EICV3), s3aq24_v2 (EICV2)",,
s3aq25_v2,[EICV1..EICV1 version] Insurance or employer share of medications/supplies,int16,,0,3747,0,0,0,0,0,,"s3aq25 (EICV2, EICV3)",,
s3bq1,ID of person interviewed,int8,,0,9794,10295,0,0,0,0,EICV1: module s3_health; EICV2: module s3_health,s3bq1_v2 (EICV3),,
s3bq2,Ever been vaccinated,int8,"1=Yes, 2=No",2,9789,10300,10300,0,0,0,EICV1: module s3_health; EICV2: module s3_health,,EICV1: Have you ever been pregnant?; EICV2: Ever been pregnant,
s3bq3_v2,[EICV1..EICV1 version] Have you ever given birth to a child?,int8,"1=Yes, 2=No",2,4715,0,0,0,0,0,,s3bq3 (EICV3),,
s3bq4a_v3,[EICV1..EICV1 version] How many boys do you have?,int8,,0,4602,0,0,0,0,0,,"s3bq4a (EICV3), s3bq4a_v2 (EICV2)",,
s3bq4b_v3,[EICV1..EICV1 version] How many girls do you have?,int8,,0,4602,0,0,0,0,0,,"s3bq4b (EICV3), s3bq4b_v2 (EICV2)",,
s3bq5a_v2,[EICV1..EICV1 version] How many boys are still living?,int8,,0,4602,0,0,0,0,0,,s3bq5a (EICV3),,
s3bq5b_v2,[EICV1..EICV1 version] How many girls are still living?,int8,,0,4602,0,0,0,0,0,,s3bq5b (EICV3),,
s3bq6_v3,[EICV1..EICV1 version] Any other pregnancies?,int8,"1=Yes, 2=No",2,4715,0,0,0,0,0,,"s3bq6 (EICV3), s3bq6_v2 (EICV2)",,
s3bq7_v3,[EICV1..EICV1 version] Any non-live birth pregnancies?,int8,,0,4639,0,0,0,0,0,,"s3bq7 (EICV3), s3bq7_v2 (EICV2)",,
s3bq8_v2,[EICV1..EICV1 version] Have you been pregnant in the last 12 months?,int8,"1=Yes, 2=No",2,4715,0,0,0,0,0,,"s3bq8 (EICV2, EICV3)",,
s3bq9,Are you currently pregnant?,int8,"1=Yes, once in the last 12 months, 2=Yes, a second pregnancy, 3=No",3,1288,0,0,0,0,0,EICV1: module s3_health,,,
s3bq10_v2,[EICV1..EICV1 version] How did the pregnancy end?,int8,"1=Live birth, 2=Stillborn (more than 7 months), 3=Miscarriage, 4=Other",4,861,0,0,0,0,0,,s3bq10 (EICV2),,
s3bq11_v2,[EICV1..EICV1 version] Is the child alive?,int8,"1=Yes, 2=No",2,791,0,0,0,0,0,,s3bq11 (EICV2),,
s3bq12_v2,[EICV1..EICV1 version] Did you receive pre-natal care?,int8,"1=Yes, 2=No",2,1288,0,0,0,0,0,,s3bq12 (EICV2),,
s3bq13,Reason for no pre-natal care,int8,"1=Lack of means, 2=No medical centre, 3=Medical centre too far, 4=Not necessary, 5=Other",5,221,0,0,0,0,0,EICV1: module s3_health,,,
s3bq14a,Where did you receive care-First Place?,int8,"1=Hospital/maternity, 2=Clinic private, 3=S.M.I./Dispensary, 4=Healer, 5=Other",5,1067,0,0,0,0,0,EICV1: module s3_health,,,
s3bq14b,Where did you receive care-Second Place?,int8,"1=Hospital/maternity, 2=Clinic private, 3=S.M.I/Dispensary, 4=Healer, 5=Other",5,366,0,0,0,0,0,EICV1: module s3_health,,,
s3bq15,Number of consultations,int8,,0,1067,0,0,0,0,0,EICV1: module s3_health,,,
s3bq16,Cost of the first consultation,int16,,0,1067,0,0,0,0,0,EICV1: module s3_health,,,
s3bq17,Do you have a child less than 11 months?,int8,"1=Yes, 2=No",2,1288,0,0,0,0,0,EICV1: module s3_health,,,
s3bq18,Did you receive anti-tetanus shot during last pregnancy?,int8,"1=Yes, 2=No, 3=Don't know",3,757,0,0,0,0,0,EICV1: module s3_health,,,
s3bq19,How many times anti-tetanus shot received?,int8,,0,529,0,0,0,0,0,EICV1: module s3_health,,,
s3bq20,Do you have children aged 12 to 59 months?,int8,"1=Yes, 2=No",2,4185,0,0,0,0,0,EICV1: module s3_health,,,
s3bq21,Did you receive an anti-tetanus shot with these children?,int8,"1=Yes, 2=No",2,2504,0,0,0,0,0,EICV1: module s3_health,,,
s3bq22,Number of times received anti-tetanus shot,int8,,0,1677,0,0,0,0,0,EICV1: module s3_health,,,
s3bq23a,Last time received an anti-tetanus injection-years?,int8,,0,1677,0,0,0,0,0,EICV1: module s3_health,,,
s3bq23b,Last time received an anti-tetanus injection-months?,int8,,0,1662,0,0,0,0,0,EICV1: module s3_health,,,
s3bq24,Do you have a child aged 0 to 23 months?,int8,"1=Yes, 2=No",2,3032,0,0,0,0,0,EICV1: module s3_health,,,
s3bq25,Aware of anti-blindness foods?,int8,"1=Yes, 2=No, 3=Don't know",3,1859,0,0,0,0,0,EICV1: module s3_health,,,
s3bq26,Type of anti-blindness food,int8,"1=Fresh beans, 2=Carrot, 3=Spinach, 4=Cauliflower, 5=Lettuce …",20,678,0,0,0,0,0,EICV1: module s3_health,,,
s3bq27,Contraceptive use,int8,"1=Yes, 2=No",2,9794,0,0,0,0,0,EICV1: module s3_health,,,
s3bq28,Methods of contraception used,int8,"1=Pill, 2=Condom, 3=Intra-uterine device, 4=Injection, 5=Enema / cream …",11,731,0,0,0,0,0,EICV1: module s3_health,,,
s3bq29,Reason for not using contraceptive,int8,"1=Desire more children, 2=Religious, 3=Refusal of partner, 4=Too expensive, 5=Not informed …",11,9063,0,0,0,0,0,EICV1: module s3_health,,,
s3cq1,ID of person interviewed,int8,,0,5147,5916,0,0,0,0,EICV1: module s3_health; EICV2: module s3_health,,,
s3cq2,Ever been vaccinated,int8,"1=Yes, 2=No",2,5147,5916,0,0,0,0,EICV1: module s3_health; EICV2: module s3_health,,EICV1: Ever been vaccinated?,
s3cq3,Possess a vaccination card or vaccination record,int8,"1=Yes, 2=No",2,4978,5797,0,0,0,0,EICV1: module s3_health; EICV2: module s3_health,,EICV1: Vaccination book or card,
s3cq4a_v2,[EICV1..EICV1 version] DTC Vaccine (registered),int8,"1=Yes, dose completed, 2=Yes, dose incomplete, 3=No, 4=Not applicable",4,3603,0,0,0,0,0,,s3cq4a (EICV2),,
s3cq4b,Recorded vaccine for Polio,int8,"1=Yes, complete dose, 2=Yes, incomplete dose, 3=No, 4=Not applicable",4,3603,3929,0,0,0,0,EICV1: module s3_health; EICV2: module s3_health,,EICV1: Polio Vaccine (registered),"{""1"": [""Yes, complete dose"", ""Yes, dose completed""], ""2"": [""Yes, dose incomplete"", ""Yes, incomplete dose""]}"
s3cq4c_v2,[EICV1..EICV1 version] Measles Vaccine (registered),int8,"1=Yes, dose completed, 2=Yes, dose incomplete, 3=No, 4=Not applicable",4,3603,0,0,0,0,0,,s3cq4c (EICV2),,
s3cq4d_v2,[EICV1..EICV1 version] BCG Vaccine (registered),int8,"1=Yes, dose completed, 2=Yes, dose incomplete, 3=No, 4=Not applicable",4,3603,0,0,0,0,0,,s3cq4d (EICV2),,
s3cq5a,Vaccine for BCG in the last 12 months,int8,"1=Yes, complete dose, 2=Yes, incomplete dose, 3=No, 4=Not applicable, 5=Not applicable",5,4978,5809,0,0,0,0,EICV1: module s3_health; EICV2: module s3_health,,EICV1: DTC Vaccine in 12 months,"{""1"": [""Yes, complete dose"", ""Yes, dose completed""], ""4"": [""Don't know"", ""Not applicable""]}"
s3cq5b,Vaccine for Polio in the last 12 months,int8,"1=Yes, complete dose, 2=Yes, incomplete dose, 3=No, 4=Not applicable, 5=Not applicable",5,4978,5809,0,0,0,0,EICV1: module s3_health; EICV2: module s3_health,,EICV1: Polio Vaccine in 12 months,"{""1"": [""Yes, complete dose"", ""Yes, dose completed""], ""4"": [""Don't know"", ""Not applicable""]}"
s3cq5c,Vaccine for DTC in the last 12 months,int8,"1=Yes, complete dose, 2=Yes, incomplete dose, 3=No, 4=Not applicable, 5=Not applicable",5,4978,5808,0,0,0,0,EICV1: module s3_health; EICV2: module s3_health,,EICV1: Measles Vaccine in 12 months,"{""1"": [""Yes, complete dose"", ""Yes, dose completed""], ""4"": [""Don't know"", ""Not applicable""]}"
s3cq5d,Vaccine for Measles in the last 12 months,int8,"1=Yes, complete dose, 2=Yes, incomplete dose, 3=No, 4=Not applicable, 5=Not applicable",5,4978,5806,0,0,0,0,EICV1: module s3_health; EICV2: module s3_health,,EICV1: BCG Vaccine in 12 months,"{""1"": [""Yes, complete dose"", ""Yes, dose completed""], ""4"": [""Don't know"", ""Not applicable""]}"
s3cq6,Place of the last vaccination,int8,"1=Hospital, 2=Health center, 3=School, 4=Mobil unit, 5=Vaccination campaign …",7,4978,5799,0,0,0,0,EICV1: module s3_health; EICV2: module s3_health,,EICV1: Location of vaccination,"{""2"": [""Health center"", ""Health centre""], ""4"": [""Mobil unit"", ""Mobile unit""]}"
s3cq7_v2,[EICV1..EICV1 version] Did you pay for vaccination?,int8,"1=Yes, 2=No",2,4978,0,0,0,0,0,,s3cq7 (EICV2),,
s3cq8_v2,[EICV1..EICV1 version] Cost of vaccination,int16,,0,1195,0,0,0,0,0,,s3cq8 (EICV2),,
s3cq9,Why not vaccinated?,int8,"1=Not aware, 2=Absent, 3=No medical centre, 4=Centre too far, 5=Lack of money …",8,168,0,0,0,0,0,EICV1: module s3_health,,,
s3dq1,Id of person interviewed,int8,,0,5132,0,0,0,0,0,EICV1: module s3_health,,,
s3dq2,Post natal care in 12 months?,int8,"1=Yes, 2=No",2,5136,0,0,0,0,0,EICV1: module s3_health,,,
s3dq3,Number of post natal consultations,int8,,0,447,0,0,0,0,0,EICV1: module s3_health,,,
s3dq4,Did you pay for post natal consulation?,int8,"1=Yes, 2=No",2,447,0,0,0,0,0,EICV1: module s3_health,,,
s3dq5,Cost of post natal consultations,int16,,0,349,0,0,0,0,0,EICV1: module s3_health,,,
s3dq6,Did you nurse [person]?,int8,"1=Yes, 2=No",2,5136,0,0,0,0,0,EICV1: module s3_health,,,
s3dq7,Why not nurse?,int8,"1=Mother ill, 2=Mother dead, 3=Mother's wish, 4=Refusal of child, 5=Illness of child",5,62,0,0,0,0,0,EICV1: module s3_health,,,
s3dq8,Did you receive any food or liquid other than breast milk?,int8,"1=Yes, 2=No",2,5136,0,0,0,0,0,EICV1: module s3_health,,,
s3dq9,At what age receive food/liquid other than breast milk?,int8,98=Not yet,1,4480,0,0,0,0,0,EICV1: module s3_health,,,
s3dq10,Did you participate in feeding program?,int8,"1=Yes, 2=No",2,5136,0,0,0,0,0,EICV1: module s3_health,,,
s3dq11,At what age stopped breast feeding?,int8,,0,5135,0,0,0,0,0,EICV1: module s3_health,,,
s3dq12,Diarrhea in last 15 days?,int8,"1=Yes, 2=No",2,5135,0,0,0,0,0,EICV1: module s3_health,,,
s3dq13a,Rehydration by breast milk?,int8,"1=Yes, 2=No, 3=Don't know",3,1028,0,0,0,0,0,EICV1: module s3_health,,,
s3dq13b,Rehydration by cereals?,int8,"1=Yes, 2=No, 3=Don't know",3,1028,0,0,0,0,0,EICV1: module s3_health,,,
s3dq13c,Rehydration by sweetened solutions?,int8,"1=Yes, 2=No, 3=Don't know",3,1028,0,0,0,0,0,EICV1: module s3_health,,,
s3dq13d,"Rehydration by infusions, e.g. tea?",int8,"1=Yes, 2=No, 3=Don't know",3,1028,0,0,0,0,0,EICV1: module s3_health,,,
s3dq13e,Rehydration by curdled milk or yogurt?,int8,"1=Yes, 2=No, 3=Don't know",3,1028,0,0,0,0,0,EICV1: module s3_health,,,
s3dq13f,Rehydration by SRO?,int8,"1=Yes, 2=No, 3=Don't know",3,1028,0,0,0,0,0,EICV1: module s3_health,,,
s3dq13g,Rehydration by water?,int8,"1=Yes, 2=No, 3=Don't know",3,1028,0,0,0,0,0,EICV1: module s3_health,,,
s3dq13h,Rehydration by other?,int8,"1=Yes, 2=No, 3=Don't know",3,1028,0,0,0,0,0,EICV1: module s3_health,,,
s3dq14,Frequency of drink during diarrhea,int8,"1=Less, 2=As much, 3=More",3,1028,0,0,0,0,0,EICV1: module s3_health,,,
s3dq15,Frequency of meals during diarrhea,int8,"1=Less, 2=As much, 3=More",3,1028,0,0,0,0,0,EICV1: module s3_health,,,
s3dq16,Vitamin A supplements?,int8,"1=Yes, 2=No",2,5135,0,0,0,0,0,EICV1: module s3_health,,,
s3dq17,Last Vitamin A supplement given (No. months ago),int8,99=Don't know,1,3212,0,0,0,0,0,EICV1: module s3_health,,,
s3dq18a,Eaten fresh greens during week?,int8,"1=Yes, 2=No, 3=Don't know",3,5135,0,0,0,0,0,EICV1: module s3_health,,,
s3dq18b,Eaten carrots during week?,int8,"1=Yes, 2=No, 3=Don't know",3,5135,0,0,0,0,0,EICV1: module s3_health,,,
s3dq18c,Eaten mangos during week?,int8,"1=Yes, 2=No, 3=Don't know",3,5135,0,0,0,0,0,EICV1: module s3_health,,,
s3dq18d,Other items eaten?,int8,"1=Yes, 2=No, 3=Don't know",3,5135,0,0,0,0,0,EICV1: module s3_health,,,
s3eq2,ID of mother?,int8,99=Not in household,1,4686,0,0,0,0,0,EICV1: module s3_health,,,
s3eq3,Gender,int8,"1=Male, 2=Female",2,4684,0,0,0,0,0,EICV1: module s3_health,,,
s3eq4a,Age (Years),int8,,0,20743,0,0,0,0,0,EICV1: module s3_health,,,
s3eq4b,Age (Months),int8,,0,20743,0,0,0,0,0,EICV1: module s3_health,,,
s3eq5,Has he/she been measured?,int8,"1=Yes, 2=No",2,4688,0,0,0,0,0,EICV1: module s3_health,,,
s3eq6,Weight (kg),int16,,0,4096,0,0,0,0,0,EICV1: module s3_health,,,
s3eq7,Height (cm),int16,,0,4107,0,0,0,0,0,EICV1: module s3_health,,,
s3eq8,Reason not measured?,int8,"1=Absent, 2=Illness, 3=Infirmity, 4=Refusal, 5=Other",5,584,0,0,0,0,0,EICV1: module s3_health,,,
s4aq1_v3,[EICV1..EICV1 version] ID of person interviewed,int8,,0,25128,0,0,0,0,0,,"s4aq1 (EICV4_CS, EICV5_CS, EICV7_CS), s4aq1_v2 (EICV3)",,
s4aq2_v3,[EICV1..EICV1 version] Worked for wages during last 12 months?,int8,"1=Yes, 2=No",2,25128,0,0,0,0,0,,"s4aq2 (EICV4_CS, EICV5_CS, EICV7_CS), s4aq2_v2 (EICV3)",,
s4aq3_v2,[EICV1..EICV1 version] Self-employment income?,int8,"1=Yes, 2=No",2,25128,0,0,0,0,0,,"s4aq3 (EICV4_CS, EICV5_CS, EICV7_CS)",,
s4aq4_v2,[EICV1..EICV1 version] Worked as a farm labourer?,int8,"1=Yes, 2=No",2,25128,0,0,0,0,0,,s4aq4 (EICV3),,
s4aq5_v3,[EICV1..EICV1 version] Worked for a Household enterprise?,int8,"1=Yes, 2=No",2,25128,0,0,0,0,0,,"s4aq5 (EICV4_CS, EICV5_CS), s4aq5_v2 (EICV3)",,
s4aq6_v2,[EICV1..EICV1 version] What kind of work over the last 12 months?,int16,"0=Unknown, 2=Unknown code, 11=Chemist, 16=Unknown code, 22=Civil engineer …",246,25128,0,0,0,0,0,,s4aq6 (EICV3),,
s4aq7,Attended school in the last 12 months,int8,"1=Yes, 2=No",2,15237,0,0,0,47900,52400,EICV1: module eicv1_econbase,"s4aq7_v2 (EICV4_CS), s4aq7_v3 (EICV3)",EICV1: Other work apart from main occupation last 12 mont,
s4aq8_v2,[EICV1..EICV5_CS version] Type of school,int16,"0=Unknown, 1=Public, 2=Private, 3=Free Subsidized, 11=Chemist …",248,2323,0,0,0,21403,0,,"s4aq8 (EICV4_CS, EICV7_CS), s4aq8_v3 (EICV3)",EICV1: Describe type of work; EICV5_CS: Type of school,"{""2"": [""Private"", ""Unknown code""]}"
s4aq9_v3,[EICV1..EICV1 version] Other work concurrent with main occupation?,int8,"1=Yes, 2=No",2,2323,0,0,0,0,0,,"s4aq9 (EICV4_CS, EICV5_CS), s4aq9_v2 (EICV7_CS)",,
s4bq1_v4,[EICV1..EICV1 version] ID of person interviewed,int8,,0,15235,0,0,0,0,0,,"s4bq1 (EICV5_CS, EICV7_CS), s4bq1_v2 (EICV4_CS), s4bq1_v3 (EICV3)",,
s4bq2_v4,"[EICV1..EICV1 version] Trade, service or industry code",int16,"0=Unknown, 111=Crop Cultivation, 112=Industrial Crop (Coffee/tea/quinine/sugar cane/tobacco), 114=Primary Process of Agri Prods (incl. pulping of coffee), 121=Livestock rearing (cows, sheep, goats, poultry etc.) …",107,15236,0,0,0,0,0,,"s4bq2 (EICV5_CS, EICV7_CS), s4bq2_v2 (EICV4_CS), s4bq2_v3 (EICV3)",,
s4bq3a_v2,[EICV1..EICV1 version] Length of time in trade-years?,int8,,0,15234,0,0,0,0,0,,s4bq3a (EICV3),,
s4bq3b_v2,[EICV1..EICV1 version] Length of time in trade-months?,int8,,0,15234,0,0,0,0,0,,s4bq3b (EICV3),,
s4bq4_v3,[EICV1..EICV1 version] Are you still doing the same work?,int8,"1=Yes, 2=No",2,15235,0,0,0,0,0,,"s4bq4 (EICV4_CS, EICV5_CS, EICV7_CS), s4bq4_v2 (EICV3)",,
s4bq5_v5,[EICV1..EICV1 version] Why are you not doing the same work?,int8,"1=Illness, 2=Dismissed, 3=Finished work, 4=Seasonal work, 5=Enterprise closed …",9,212,0,0,0,0,0,,"s4bq5 (EICV7_CS), s4bq5_v2 (EICV5_CS), s4bq5_v3 (EICV4_CS), s4bq5_v4 (EICV3)",,
s4bq6_v5,[EICV1..EICV1 version] Has father/mother done same work?,int8,"1=Yes, Father, 2=Yes, Mother, 3=Yes, Both, 4=No",4,15235,0,0,0,0,0,,"s4bq6 (EICV7_CS), s4bq6_v2 (EICV5_CS), s4bq6_v3 (EICV4_CS), s4bq6_v4 (EICV3)",,
s4bq7a_v2,[EICV1..EICV1 version] How many months did you work?,int8,,0,15235,0,0,0,0,0,,s4bq7a (EICV5_CS),,
s4bq7b,How many weeks did you work?,int8,,0,15235,0,0,0,0,0,EICV1: module s4_occupation,,,
s4bq8_v3,"[EICV1..EICV1 version] During these weeks, how many days worked?",int8,,0,15235,0,0,0,0,0,,"s4bq8 (EICV4_CS, EICV7_CS), s4bq8_v2 (EICV3)",,
s4bq9_v2,[EICV1..EICV1 version] How many hours per day worked (include travel time)?,int8,,0,15235,0,0,0,0,0,,s4bq9 (EICV7_CS),,
s4bq10a,How many hours travelling to work?,int8,,0,15234,0,0,0,0,0,EICV1: module s4_occupation,,,
s4bq10b,How many minutes travelling to work?,int8,,0,15234,0,0,0,0,0,EICV1: module s4_occupation,,,
s4bq11_v2,[EICV1..EICV1 version] Did you receive money for this work?,int8,"1=Yes, 2=No",2,15237,0,0,0,0,0,,s4bq11 (EICV7_CS),,
s4bq12a,Last amount of renumeration,int32,,0,2918,0,0,0,0,0,EICV1: module s4_occupation,,,
s4bq12b,Time unit - last amount received,int8,"1=Day, 2=Week, 3=Months, 4=Year",4,2918,0,0,0,0,0,EICV1: module s4_occupation,,,
s4bq13a_v2,[EICV1..EICV1 version] Number of hours worked for this money?,int16,,0,2918,0,0,0,0,0,,s4bq13a (EICV7_CS),,
s4bq13b_v2,[EICV1..EICV1 version] Time unit - hours worked for this money,int8,"1=Day, 2=Week, 3=Months, 4=Year",4,2918,0,0,0,0,0,,s4bq13b (EICV7_CS),,
s4bq14,Work status,int8,"1=Paid employee, 2=Employer, 3=Self employed, 4=Unpaid family worker, 5=Apprentice …",7,15237,0,0,0,0,0,EICV1: module eicv1_econbase,,,
s4bq15_v2,[EICV1..EICV1 version] Sector worked,int8,"1=Public, 2=Quasi public, 3=Private formal, 4=Private informal",4,2098,0,0,0,0,0,,s4bq15 (EICV7_CS),,
s4bq16_v2,[EICV1..EICV1 version] Taxes deducted from pay?,int8,"1=Yes, 2=No",2,2098,0,0,0,0,0,,s4bq16 (EICV7_CS),,
s4bq17_v2,"[EICV1..EICV1 version] Bonuses, commissions or allowance received?",int8,"1=Yes, 2=No",2,2098,0,0,0,0,0,,s4bq17 (EICV7_CS),,
s4bq18a,"Value of bonuses, commissions or allowances",int32,,0,160,0,0,0,0,0,EICV1: module s4_occupation,,,
s4bq18b,Time unit - bonuses etc.,int8,"1=Day, 2=Week, 3=Month, 4=Year",4,160,0,0,0,0,0,EICV1: module s4_occupation,,,
s4bq19_v2,[EICV1..EICV1 version] Amounts already included in S4BQ12?,int8,"1=Yes, 2=No",2,160,0,0,0,0,0,,s4bq19 (EICV7_CS),,
s4bq20_v2,"[EICV1..EICV1 version] Did you receive payment in food, crop or animals?",int8,"1=Yes, 2=No",2,2098,0,0,0,0,0,,s4bq20 (EICV7_CS),,
s4bq21a,Value of payments in kind,int32,,0,248,0,0,0,0,0,EICV1: module s4_occupation,,,
s4bq21b,Time unit - payments in kind,int8,"1=Day, 2=Week, 3=Month, 4=Year",4,248,0,0,0,0,0,EICV1: module s4_occupation,,,
s4bq22_v2,[EICV1..EICV1 version] Any other forms of payment?,int8,"1=Yes, 2=No",2,2098,0,0,0,0,0,,s4bq22 (EICV7_CS),,
s4bq23a_v2,[EICV1..EICV1 version] Value of other forms of payments,int32,,0,42,0,0,0,0,0,,s4bq23a (EICV7_CS),,
s4bq23b_v2,[EICV1..EICV1 version] Time unit - other forms of payments,int8,"1=Day, 2=Week, 3=Month, 4=Year",4,42,0,0,0,0,0,,s4bq23b (EICV7_CS),,
s4bq24,Did you have a signed contract?,int8,"1=Yes, 2=No",2,2098,0,0,0,0,0,EICV1: module s4_occupation,,,
s4bq25_v2,[EICV1..EICV1 version] Are you in a trade union?,int8,"1=Yes, 2=No",2,2098,0,0,0,0,0,,s4bq25 (EICV7_CS),,
s4bq26_v2,[EICV1..EICV1 version] Entitled to paid holidays?,int8,"1=Yes, 2=No",2,2098,0,0,0,0,0,,s4bq26 (EICV7_CS),,
s4bq27,Entitled to sick leave?,int8,"1=Yes, 2=No",2,2098,0,0,0,0,0,EICV1: module s4_occupation,,,
s4bq28,Entitled to retirement pension?,int8,"1=Yes, 2=No",2,2098,0,0,0,0,0,EICV1: module s4_occupation,,,
s4bq29,Entitled to medical care?,int8,"1=Yes, 2=No",2,2098,0,0,0,0,0,EICV1: module s4_occupation,,,
s4bq30,Entitled to social security?,int8,"1=Yes, 2=No",2,2098,0,0,0,0,0,EICV1: module s4_occupation,,,
s4bq31,Have you received training?,int8,"1=Yes, 2=No",2,2098,0,0,0,0,0,EICV1: module s4_occupation,,,
s4bq32a,Length of training - months?,int8,,0,277,0,0,0,0,0,EICV1: module s4_occupation,,,
s4bq32b,Length of training - weeks?,int8,,0,277,0,0,0,0,0,EICV1: module s4_occupation,,,
s4bq33,Hours per week received training,int8,,0,277,0,0,0,0,0,EICV1: module s4_occupation,,,
s4bq34,Who paid for training?,int8,"1=Self, 2=Employer, 3=Both shared, 4=Institution, 5=Free …",6,277,0,0,0,0,0,EICV1: module s4_occupation,,,
s4bq35,Pay reduced for training?,int8,"1=Yes, 2=No",2,277,0,0,0,0,0,EICV1: module s4_occupation,,,
s4bq36a,Value of reduced pay for training,int32,,0,3,0,0,0,0,0,EICV1: module s4_occupation,,,
s4bq36b,Time unit - reduced pay for training,int8,"1=Day, 2=Week, 3=Month, 4=Year",4,3,0,0,0,0,0,EICV1: module s4_occupation,,,
s4bq37,Subsidized accommodation?,int8,"1=Yes, 2=No",2,2098,0,0,0,0,0,EICV1: module s4_occupation,,,
s4bq38a,Value of subsidized accommodation,int32,,0,558,0,0,0,0,0,EICV1: module s4_occupation,,,
s4bq38b,Time unit - value of subsidized accommodation,int8,"1=Day, 2=Week, 3=Month, 4=Year",4,558,0,0,0,0,0,EICV1: module s4_occupation,,,
s4bq39,Subsidized transport?,int8,"1=Yes, 2=No",2,2098,0,0,0,0,0,EICV1: module s4_occupation,,,
s4bq40a,Value of subsidised transport,int32,,0,159,0,0,0,0,0,EICV1: module s4_occupation,,,
s4bq40b,Time unit - subsidised transport,int8,"1=Day, 2=Week, 3=Month, 4=Year",4,160,0,0,0,0,0,EICV1: module s4_occupation,,,
s4bq41,Do you work locally?,int8,"1=Yes, 2=No",2,15232,0,0,0,0,0,EICV1: module s4_occupation,,,
s4bq42,How far to your place of work? (km),int8,,0,2843,0,0,0,0,0,EICV1: module s4_occupation,,,
s4bq43a,How frequently travel to work?,int8,,0,2847,0,0,0,0,0,EICV1: module s4_occupation,,,
s4bq43b,Time unit - frequency of travel to work,int8,"1=Day, 2=Week, 3=Month, 4=Year",4,2847,0,0,0,0,0,EICV1: module s4_occupation,,,
s4bq44,Means of transport,int8,"1=Walk, 2=Bus, 3=Auto, 4=Dugout (canoe), 5=Motorcycle/bicycle …",6,15210,0,0,0,0,0,EICV1: module s4_occupation,,,
s4bq45,Total number of people at work?,int16,,0,15206,0,0,0,0,0,EICV1: module s4_occupation,,,
s4cq1,"Trade, service or industry code - second occupation",int16,"0=Unknown, 111=Crop Cultivation, 112=Industrial Crop (Coffee/tea/quinine/sugar cane/tobacco), 114=Primary Process of Agri Prods (incl. pulping of coffee), 121=Livestock rearing (cows, sheep, goats, poultry etc.) …",107,2323,0,0,0,0,0,EICV1: module s4_occupation,,,
s4cq2a,Length of time in trade - years? (Second occupation),int8,,0,2323,0,0,0,0,0,EICV1: module s4_occupation,,,
s4cq2b,Length of time in trade - months? (Second occupation),int8,,0,2323,0,0,0,0,0,EICV1: module s4_occupation,,,
s4cq3,Are you still doing the same work? (Second occupation),int8,"1=Yes, 2=No",2,2323,0,0,0,0,0,EICV1: module s4_occupation,,,
s4cq4,Why are you not doing the same work? (Second occupation),int8,"1=Illness, 2=Dismissed, 3=Finished work, 4=Seasonal work, 5=Enterprise closed …",9,186,0,0,0,0,0,EICV1: module s4_occupation,,,
s4cq5,Has father/mother done same work? (Second occupation),int8,"1=Yes, Father, 2=Yes, Mother, 3=Yes, Both, 4=No",4,2323,0,0,0,0,0,EICV1: module s4_occupation,,,
s4cq6a,How many months did you work? (Second occupation),int8,,0,2323,0,0,0,0,0,EICV1: module s4_occupation,,,
s4cq6b,How many weeks did you work? (Second occupation),int8,,0,2323,0,0,0,0,0,EICV1: module s4_occupation,,,
s4cq7,"During last two weeks, how many days worked? (Second occ.)",int8,,0,2323,0,0,0,0,0,EICV1: module s4_occupation,,,
s4cq8,How many hours per day worked (inc travel time)? (Second occ.),int8,,0,2323,0,0,0,0,0,EICV1: module s4_occupation,,,
s4cq9,Did you do this work at same time as main job? (Second occ.),int8,"1=Yes, 2=No",2,2323,0,0,0,0,0,EICV1: module s4_occupation,,,
s4cq10,How many minutes travelling to work? (Second occupation),int8,,0,895,0,0,0,0,0,EICV1: module s4_occupation,,,
s4cq11,Did you receive money for this work? (Second occupation),int8,"1=Yes, 2=No",2,2323,0,0,0,0,0,EICV1: module s4_occupation,,,
s4cq12a,Last amount of remuneration (Second occupation),int32,,0,1505,0,0,0,0,0,EICV1: module s4_occupation,,,
s4cq12b,Time unit - renumeration (Second occupation),int8,"1=Day, 2=Week, 3=Month, 4=Year",4,1505,0,0,0,0,0,EICV1: module s4_occupation,,,
s4cq13a,Hours worked for this money? (Second occupation),int16,,0,1505,0,0,0,0,0,EICV1: module s4_occupation,,,
s4cq13b,Time unit - hours worked (Second occupation),int8,"1=Day, 2=Week, 3=Month, 4=Year",4,1505,0,0,0,0,0,EICV1: module s4_occupation,,,
s4cq14,Work status (Second occupation),int8,"1=Paid employee, 2=Employer, 3=Self employed, 4=Domestic help, 5=Apprentice/trainee",5,2323,0,0,0,0,0,EICV1: module eicv1_econbase,,,
s4cq15,Sector worked (Second occupation),int8,"1=Public, 2=Quasi public, 3=Private formal, 4=Private informal",4,1037,0,0,0,0,0,EICV1: module eicv1_econbase,,,
s4cq16,Taxes deducted from pay? (Second occupation),int8,"1=Yes, 2=No",2,1037,0,0,0,0,0,EICV1: module s4_occupation,,,
s4cq17,"Did you receive payment in food, crops or animals? (Second occ.)",int8,"1=Yes, 2=No",2,1037,0,0,0,0,0,EICV1: module s4_occupation,,,
s4cq18a,Value of payments in kind (Second occupation),int16,,0,117,0,0,0,0,0,EICV1: module s4_occupation,,,
s4cq18b,Time unit - payments in kind (Second occupation),int8,"1=Day, 2=Week, 3=Month, 4=Year",4,117,0,0,0,0,0,EICV1: module s4_occupation,,,
s4cq19,Did you have a signed contract? (Second occupation),int8,"1=Yes, 2=No",2,1037,0,0,0,0,0,EICV1: module s4_occupation,,,
s4cq20,Are you in a trade union? (Second occupation),int8,"1=Yes, 2=No",2,1037,0,0,0,0,0,EICV1: module s4_occupation,,,
s4cq21,Entitled to paid holidays/sick leave? (Second occupation),int8,"1=Yes, 2=No",2,1037,0,0,0,0,0,EICV1: module s4_occupation,,,
s4cq22,Entitled to social security? (Second occupation),int8,"1=Yes, 2=No",2,1037,0,0,0,0,0,EICV1: module s4_occupation,,,
s4cq23,Have you received training? (Second occupation),int8,"1=Yes, 2=No",2,1037,0,0,0,0,0,EICV1: module s4_occupation,,,
s4cq24a,Length of training - months? (Second occupation),int8,,0,16,0,0,0,0,0,EICV1: module s4_occupation,,,
s4cq24b,Length of training - weeks? (Second occupation),int8,,0,16,0,0,0,0,0,EICV1: module s4_occupation,,,
s4cq25,Subsidized accommodation? (Second occupation),int8,"1=Yes, 2=No",2,1037,0,0,0,0,0,EICV1: module s4_occupation,,,
s4cq26a,Value of subsidized accommodation (Second occupation),int16,,0,46,0,0,0,0,0,EICV1: module s4_occupation,,,
s4cq26b,Time unit - subsidized accommodation (Second occupation),int8,"1=Day, 2=Week, 3=Month, 4=Year",4,46,0,0,0,0,0,EICV1: module s4_occupation,,,
s4cq27,Do you work locally? (Second occupation),int8,"1=Yes, 2=No",2,2323,0,0,0,0,0,EICV1: module s4_occupation,,,
s4cq28,How far to your place of work? (km) (Second occupation),int8,,0,748,0,0,0,0,0,EICV1: module s4_occupation,,,
s4cq29a,Frequency of travel (Second occupation),int8,,0,751,0,0,0,0,0,EICV1: module s4_occupation,,,
s4cq29b,Time unit - frequency of travel (Second occupation),int8,"1=Day, 2=Week, 3=Month, 4=Year",4,751,0,0,0,0,0,EICV1: module s4_occupation,,,
s4cq30,Total number of people at work? (Second occupation),int16,,0,2323,0,0,0,0,0,EICV1: module s4_occupation,,,
s4dq1,Weeks unemployed in past 12 months?,int8,,0,15244,0,0,0,0,0,EICV1: module eicv1_econbase,,,
s4dq2,How many weeks actively looking for work?,int8,,0,1699,0,0,0,0,0,EICV1: module eicv1_econbase,,,
s4dq3,Reason for not looking for work?,int8,"1=Illness/injury/handicap, 2=Thought no suitable work available, 3=Awaiting response from employer, 4=Don't know where to look, 5=Personal/domestic reasons …",8,1212,0,0,0,0,0,EICV1: module s4_occupation,,,
s4dq4,Type of work looking for?,int8,"1=Wage/salary, 2=Self-employment, 3=Either",3,1557,0,0,0,0,0,EICV1: module s4_occupation,,,
s4dq5,Did you want to work during the last 12 months?,int8,"1=Yes, 2=No",2,9889,0,0,0,0,0,EICV1: module s4_occupation,,,
s4dq6,How many weeks available for work during last 12 months?,int8,,0,361,0,0,0,0,0,EICV1: module s4_occupation,,,
s4dq7,How many weeks actively looking for work in last 12 months?,int8,,0,361,0,0,0,0,0,EICV1: module s4_occupation,,,
s4dq8,Why did you not look for work during period out of work?,int8,"1=Illness/injury/handicap, 2=Thought no suitable work available, 3=Awaiting response from employer, 4=Don't know where to look, 5=Personal/domestic reasons …",7,185,0,0,0,0,0,EICV1: module s4_occupation,,,
s4dq9,Type of work looking for?,int8,"1=Wage/salary, 2=Self-employment, 3=Either",3,361,0,0,0,0,0,EICV1: module s4_occupation,,,
s4dq10,Are you still looking for work?,int8,"1=Yes, 2=No",2,361,0,0,0,0,0,EICV1: module s4_occupation,,,
s4eq1,During last 7 days which occupation was your main activity?,int8,"1=Occupation 1, 2=Occupation 2, 3=Other occupation, 4=No work",4,15211,0,0,0,0,0,EICV1: module eicv1_econbase,,,
s4eq2,How many hours spent on this occupation during last 7 days?,int16,,0,13624,0,0,0,0,0,EICV1: module eicv1_econbase,,,
s4eq3,Did you want to work more in last 7 days?,int8,"1=Yes, 2=No",2,12292,0,0,0,0,0,EICV1: module s4_occupation,,,
s4eq4,Did you look for alternative work during last 7 days?,int8,"1=Yes, 2=No",2,13619,0,0,0,0,0,EICV1: module s4_occupation,,,
s4eq5,Did you want to work during the last 7 days?,int8,"1=Yes, 2=No",2,9889,0,0,0,0,0,EICV1: module s4_occupation,,,
s4eq6,Did you actively look for work in last seven days?,int8,"1=Yes, 2=No",2,308,0,0,0,0,0,EICV1: module s4_occupation,,,
s4eq7,What type of work looked for in last 7 days?,int8,"1=Wage employment, 2=Self-employment, 3=Either",3,148,0,0,0,0,0,EICV1: module s4_occupation,,,
s4eq8,What sector were you looking for work in last 7 days?,int8,"1=Public, 2=Quasi-public, 3=Private formal, 4=Private informal",4,128,0,0,0,0,0,EICV1: module s4_occupation,,,
s4eq9,What was the main reason for not looking for work?,int8,"1=Illness/injury/handicap, 2=Thought no suitable work available, 3=Awaiting response from employer, 4=Don't know where to look, 5=Personal or domestic grounds …",7,160,0,0,0,0,0,EICV1: module s4_occupation,,,
s4eq10a,Lowest wage willing to work for?,int32,,0,308,0,0,0,0,0,EICV1: module s4_occupation,,,
s4eq10b,Time unit - lowest wage,int8,"1=Day, 2=Week, 3=Month, 4=Year",4,308,0,0,0,0,0,EICV1: module s4_occupation,,,
s4fq1,Occupation Code,int16,"0=Unknown, 2=Unknown code, 11=Chemist, 16=Unknown code, 22=Civil engineer …",246,15195,0,0,0,0,0,EICV1: module s4_occupation,,,
s4fq2,Have you ever worked?,int8,"1=Yes, 2=No",2,9836,0,0,0,0,0,EICV1: module s4_occupation,,,
s4fq3,How many years ago did you last work?,int8,,0,549,0,0,0,0,0,EICV1: module s4_occupation,,,
s4fq4,Type of work last worked in?,int16,"0=Unknown, 2=Unknown code, 11=Chemist, 16=Unknown code, 22=Civil engineer …",246,549,0,0,0,0,0,EICV1: module s4_occupation,,,
s4fq5,What was your main activity before beginning?,int16,"0=Unknown, 2=Unknown code, 11=Chemist, 16=Unknown code, 22=Civil engineer …",246,15164,0,0,0,0,0,EICV1: module s4_occupation,,,
s4fq6,What kind of trade/industry was work related to?,int16,"0=Unknown, 111=Crop Cultivation, 112=Industrial Crop (Coffee/tea/quinine/sugar cane/tobacco), 114=Primary Process of Agri Prods (incl. pulping of coffee), 121=Livestock rearing (cows, sheep, goats, poultry etc.) …",107,1996,0,0,0,0,0,EICV1: module s4_occupation,,,
s4fq7,Employment status of previous job,int8,"1=Salary, 2=Employer, 3=Self-employed, 4=Domestic help, 5=Apprentice/trainee",5,2043,0,0,0,0,0,EICV1: module s4_occupation,,,
s4fq8,In what sector were you working for?,int8,"1=Public, 2=Quasi-public, 3=Private format, 4=Private informal",4,2043,0,0,0,0,0,EICV1: module s4_occupation,,,
s4fq9,Length of time working? (Years),int8,,0,2007,0,0,0,0,0,EICV1: module s4_occupation,,,
s4gq1,Did you fetch wood for household in last 7 days?,int8,"1=Yes, 2=No",2,25134,0,0,0,0,0,EICV1: module eicv1_econbase,,,
s4gq2a,Time spent fetching wood - hours?,int8,,0,9600,0,0,0,0,0,EICV1: module eicv1_econbase,,,
s4gq2b,Time spent fetching wood - minutes?,int8,,0,9600,0,0,0,0,0,EICV1: module eicv1_econbase,,,
s4gq3,Did you fetch water in the last 7 days?,int8,"1=Yes, 2=No",2,25134,0,0,0,0,0,EICV1: module eicv1_econbase,,,
s4gq4a,Time spent fetching water - hours?,int8,,0,13420,0,0,0,0,0,EICV1: module eicv1_econbase,,,
s4gq4b,Time spent fetching water - minutes?,int8,,0,13420,0,0,0,0,0,EICV1: module eicv1_econbase,,,
s4gq5,Did you spend time shopping in last 7 days?,int8,"1=Yes, 2=No",2,25134,0,0,0,0,0,EICV1: module eicv1_econbase,,,
s4gq6a,Time spent shopping - hours?,int8,,0,6072,0,0,0,0,0,EICV1: module eicv1_econbase,,,
s4gq6b,Time spent shopping - minutes?,int8,,0,6072,0,0,0,0,0,EICV1: module eicv1_econbase,,,
s4gq7,Did you spend time cooking in last 7 days?,int8,"1=Yes, 2=No",2,25134,0,0,0,0,0,EICV1: module eicv1_econbase,,,
s4gq8a,Time spent cooking - hours?,int8,,0,11608,0,0,0,0,0,EICV1: module eicv1_econbase,,,
s4gq8b,Time spent cooking - minutes?,int8,,0,11608,0,0,0,0,0,EICV1: module eicv1_econbase,,,
s4gq9,"Did you spend any time cleaning, laundry and child care?",int8,"1=Yes, 2=No",2,25134,0,0,0,0,0,EICV1: module eicv1_econbase,,,
s4gq10a,"Time spent cleaning, laundry and child care - hours?",int8,,0,12232,0,0,0,0,0,EICV1: module eicv1_econbase,,,
s4gq10b,"Time spent cleaning, laundry and child care - minutes?",int8,,0,12232,0,0,0,0,0,EICV1: module eicv1_econbase,,,
as4bq12a,Annual salary in cash,int32,,0,25193,0,0,0,0,0,EICV1: module s4_occupation,,,
as4bq18a,"Annual value of bonuses, allowances etc.",int32,,0,25193,0,0,0,0,0,EICV1: module s4_occupation,,,
as4bq21a,Annual salary in kind,int32,,0,25193,0,0,0,0,0,EICV1: module s4_occupation,,,
as4bq23a,Other types of annual payments,int32,,0,25193,0,0,0,0,0,EICV1: module s4_occupation,,,
as4bq36a,Annual value of deductions for training,int32,,0,25193,0,0,0,0,0,EICV1: module s4_occupation,,,
as4bq38a,Annual allowance for accommodation,int32,,0,25193,0,0,0,0,0,EICV1: module s4_occupation,,,
as4bq40a,Annual allowance for transport,int32,,0,25192,0,0,0,0,0,EICV1: module s4_occupation,,,
s5q1,Id of person interviewed,int8,,0,17674,0,0,0,0,0,EICV1: module s5_migration,,,
s5q2,Have you always live in this community?,int8,"1=Yes, 2=No",2,17674,0,0,0,0,0,EICV1: module s5_migration,,,
s5q3,Have you ever lived away from here for more than six months?,int8,"1=Yes, 2=No",2,6821,0,0,0,0,0,EICV1: module s5_migration,,,
s5q4,How many years ago did you move the first time?,int8,,0,2836,0,0,0,0,0,EICV1: module s5_migration,,,
s5q5a,How long have you been in this community since last return-years?,int8,,0,2836,0,0,0,0,0,EICV1: module s5_migration,,,
s5q5b,How long have you been in this community since last return-months?,int8,,0,2836,0,0,0,0,0,EICV1: module s5_migration,,,
s5q6a,How long have you been in this community-years?,int8,,0,3985,0,0,0,0,0,EICV1: module s5_migration,,,
s5q6b,How long have you been in this community-months?,int8,,0,3985,0,0,0,0,0,EICV1: module s5_migration,,,
s5q7,Where did you reside before coming to this community?,int8,"1=Butare, 2=Byumba, 3=Cyangugu, 4=Gikongoro, 5=Gisenyi …",12,6821,0,0,0,0,0,EICV1: module s5_migration,,,
s5q8a,How long did you live there-years?,int8,,0,6821,0,0,0,0,0,EICV1: module s5_migration,,,
s5q8b,How long did you live there-months?,int8,,0,6821,0,0,0,0,0,EICV1: module s5_migration,,,
s5q9,Type pf place lived before coming to this community?,int8,"1=Capital, 2=Grande ville, 3=Ville, 4=Campagne",4,3612,0,0,0,0,0,EICV1: module s5_migration,,,
s5q10a,Length of time to travel to previous place-days?,int8,,0,3612,0,0,0,0,0,EICV1: module s5_migration,,,
s5q10b,Length of time to travel to previous place-hours?,int8,,0,3612,0,0,0,0,0,EICV1: module s5_migration,,,
s5q10c,Length of time to travel to previous place-minutes?,int8,,0,3612,0,0,0,0,0,EICV1: module s5_migration,,,
s5q10d,Means of transport,int8,"1=Bus/car/truck, 2=Boat/dugout, 3=Plain, 4=Other",4,3612,0,0,0,0,0,EICV1: module s5_migration,,,
s5q11,Distacne in km,double,,0,3612,0,0,0,0,0,EICV1: module s5_migration,,,
s5q12,Occupation in previous residence?,int16,,0,6821,0,0,0,0,0,EICV1: module s5_migration,,,
s5q13,Trade or industry of previous residence?,int16,,0,2119,0,0,0,0,0,EICV1: module s5_migration,,,
s5q14,Employment status in previous residence?,int8,"1=Paid employee, 2=Employer, 3=Self-employment, 4=Domestic help, 5=Apprentice/trainee",5,2119,0,0,0,0,0,EICV1: module s5_migration,,,
s5q15,Sector worked in previous residence?,int8,"1=Public, 2=Quasi-public, 3=Private formal, 4=Private informal",4,2119,0,0,0,0,0,EICV1: module s5_migration,,,
s5q16,Main reason for moving?,int8,"1=Job requirement, 2=Lost job, 3=Parner",3,6821,0,0,0,0,0,EICV1: module s5_migration,,,
id1,Strata,int8,"1=Kigali urban, 2=Other urban, 3=Rural",3,32153,34785,0,0,0,0,EICV1: module eicv1_jobstatus_subsistence1; EICV2: module jobstatus_subsistence1,,,
id2,Province,int8,"1=City of Kigali, 2=Kigali Ngali, 3=Gitarama, 4=Butare, 5=Gikongoro …",12,32153,34785,0,0,0,0,EICV1: module eicv1_jobstatus_subsistence1; EICV2: module jobstatus_subsistence1,,,
hh_wt,Household weight,double,,0,32153,0,0,0,0,0,EICV1: module eicv1_jobstatus_subsistence1,,,
totexp,Undeflated total consumption,double,,0,32153,0,0,0,0,0,EICV1: module eicv1_econbase,,,
cycle,Cycle interviewed,int8,,0,0,0,0,0,0,0,EICV1: module eicv1_econbase,,,
month,Month of interview,int8,,0,32153,0,0,0,0,0,EICV1: module eicv1_econbase,,,
totdefl,Regional price deflator,double,,0,32153,0,0,0,0,0,EICV1: module eicv1_econbase,,,
totexpdef,Deflated total expenditures,double,,0,32153,0,0,0,0,0,EICV1: module eicv1_econbase,,,
hhsize,Household size,int8,,0,32153,27131,0,0,0,0,EICV1: module eicv1_jobstatus_subsistence1; EICV2: module jobstatus_subsistence1,,,
eqad,Equivalent adults,double,,0,32153,27131,0,0,0,0,EICV1: module eicv1_jobstatus_subsistence1; EICV2: module jobstatus_subsistence1,,,
age_5,Age on five year cohorts,int8,"1=Less than five years old, 2=5 to 9 year old, 3=10 to 14 years old, 4=15 to 19 years old, 5=20 to 24 years old …",17,32153,0,0,0,0,0,EICV1: module eicv1_econbase,,,
id_strate,New strata based on census EAs,int8,"1=Urban, 2=Other urban, 3=Rural",3,32153,27131,0,0,0,0,EICV1: module eicv1_jobstatus_subsistence1; EICV2: module jobstatus_subsistence1,,,
e2_prov,Census province,int8,"1=Ville de Kigali, 2=Kigali Ngali, 3=Gitarama, 4=Butare, 5=Gikongoro …",12,32153,0,0,0,0,0,EICV1: module eicv1_jobstatus_subsistence1; EICV2: module jobstatus_subsistence1,,,
pov,Poverty line,int8,"0=Not poor, 1=Poor, 2=Non-poor",3,32153,27131,0,0,0,0,EICV1: module eicv1_jobstatus_subsistence1; EICV2: module jobstatus_subsistence1,,EICV1: poverty incidence,
epov,,int8,,0,32153,0,0,0,0,0,EICV1: module eicv1_jobstatus_subsistence1,,,
quint,Expenditure quintile,int8,"1=1st Quintile, 2=2nd Quintile, 3=3rd Quintile, 4=4th Quintile, 5=5th Quintile",5,32153,27131,0,0,0,0,EICV1: module eicv1_jobstatus_subsistence1; EICV2: module jobstatus_subsistence1,,,
worked12m,Worked in past 12 month period,int8,6=No work,1,25193,0,0,0,0,0,EICV1: module eicv1_econbase,,,
subsistence_v2,[EICV1..EICV1 version] Independent farmer or unpaid family farmer,int8,"0=Main job not subsistence farmer, 1=Main job subsistence farmer",2,15232,0,0,0,0,0,,subsistence (EICV2),,
secsubs_v2,[EICV1..EICV1 version] 2nd job Independent farmer or unpaid family farmer,int8,"0=No, 1=Yes",2,2323,0,0,0,0,0,,secsubs (EICV2),,
ownfarmer,One of jobs subsistence,int8,"0=No, 1=Yes",2,15232,0,0,0,0,0,EICV1: module eicv1_econbase,,,
s8bq1,Does any member of household own land (here or elsewhere)?,int8,"1=Yes, 2=No",2,32153,0,0,0,0,0,EICV1: module eicv1_econbase,,,
s8bq2,Did any member of household own Ag. land during last 12 months?,int8,"1=Yes, 2=No",2,4660,0,0,0,0,0,EICV1: module eicv1_econbase,,,
s8cq0,Did member of household plant any crops on parcels last 12 months?,int8,"1=Yes, 2=No",2,32153,0,0,0,0,0,EICV1: module eicv1_econbase,,,
s8cq4_sum_1,Area held,double,,0,27639,0,0,0,0,0,EICV1: module eicv1_econbase,,,
s8cq4_nu,Number of Parcels,int8,,0,32153,0,0,0,0,0,EICV1: module eicv1_econbase,,,
s8cq5_max,Land irrigated,int8,"1=Yes, 2=No",2,27639,0,0,0,0,0,EICV1: module eicv1_econbase,,,
farmer,Subsistence farmer,int8,"0=No, 1=Yes",2,15232,0,0,0,0,0,EICV1: module eicv1_econbase,,,
mainisic,Main Job Industry Group,int16,"0=Inadequately Described, 11=11 Agriculture, 12=12 Livestock, 13=13 Forestry, 14=14 Fishing & Hunting …",35,25193,0,0,0,0,0,EICV1: module eicv1_econbase,,,
secisic,Industry Group,int16,"0=Inadequately Described, 11=11 Agriculture, 12=12 Livestock, 13=13 Forestry, 14=14 Fishing & Hunting …",35,24505,6117,0,0,0,0,EICV1: module eicv1_econbase; EICV2: module jobstatus_subsistence1,,EICV1: Secondary job Industry Group,
occupation,Occupation - Grouped,int16,"1=Professionals, 2=Senior Officials and Managers, 3=Office Clerks, 4=Commercial and Sales, 5=Skilled Service Sector …",11,25193,16291,0,0,0,0,EICV1: module eicv1_econbase; EICV2: module jobstatus_subsistence1,,EICV1: Main Occupation - Grouped,
secocc_v2,[EICV1..EICV1 version] SecondOccupation - Grouped,int16,999=No job,1,24505,0,0,0,0,0,,secocc (EICV2),,
childages,Child Age Bands,int8,"1=7 to 10, 2=11 to 15, 3=16 to 20, 4=Over 21 years",4,32153,0,0,0,0,0,EICV1: module eicv1_econbase,,,
econstatus,Economic Activity Status,int8,"1=Working, 2=Unemployed, 3=Student, 4=Under 7 years old, 5=Inactive - other",5,32153,27131,0,0,0,0,EICV1: module eicv1_jobstatus_subsistence1; EICV2: module jobstatus_subsistence1,,,
unemployed,Unemployed in last 12 months,int8,,0,361,0,0,0,0,0,EICV1: module eicv1_econbase,,,
seekwork,Seeking work in last 7 days,int8,,0,740,0,0,0,0,0,EICV1: module eicv1_econbase,,,
unempcurr,Unemployed in last 7 days,int8,,0,308,0,0,0,0,0,EICV1: module eicv1_econbase,,,
grpages,Work Age Bands,int8,"1=7 to 10, 2=11 to 14, 3=15 to 20, 4=21 to 30, 5=31 to 40 …",8,32153,0,0,0,0,0,EICV1: module eicv1_econbase,,,
isicshort, ShortIndustry Group,int8,"0=Inadequately described, 1=Agriculture, fishing, forestry, 2=Mining & quarrying, 3=Manufacturing, 4=Utilities …",12,32153,0,0,0,0,0,EICV1: module eicv1_econbase,,,
indfarmer,Independent farmer,int8,,0,6778,0,0,0,0,0,EICV1: module eicv1_econbase,,,
indfarmer_nu,Number Hhd of Ind Farmers,int8,,0,32153,0,0,0,0,0,EICV1: module eicv1_econbase,,,
revworkstats,Revised Work Status,int8,"1=Wage farm, 2=Independent farm head, 3=Unpaid farm worker, 4=Wage non farm, 5=Independent non-farm …",6,15243,0,0,0,0,0,EICV1: module eicv1_econbase,,,
nkey,Anonymized key,int32,,0,0,27131,0,0,0,0,EICV1: module eicv1_econbase; EICV2: module jobstatus_subsistence1,,,
id3,District,int8,,0,0,0,0,0,0,0,EICV1: module eicv1_econbase,,,
id4,Sector,int8,,0,0,0,0,0,0,0,EICV1: module eicv1_econbase,,,
id5,Enumeration area,int8,,0,0,0,0,0,0,0,EICV1: module eicv1_econbase,,,
id6,Household number,int8,,0,0,34785,0,0,0,0,EICV1: module eicv1_econbase; EICV2: module s6abc_employment,,,
subsistence_eicv1_jobstatus_subs,Main Job Subsistence,int8,"0=Not Subsistence, 1=Subsistence farmer",2,14499,0,0,0,0,0,EICV1: module eicv1_jobstatus_subsistence1,,,
secsubs_eicv1_jobstatus_subsiste,2nd job Independent farmer or unpaid family farmer,int8,"0=Not Subsistence, 1=Subsistence farmer",2,14499,0,0,0,0,0,EICV1: module eicv1_jobstatus_subsistence1,,,
mainisic_eicv1_jobstatus_subsist,Main Job Industry Group,int16,999=No job,1,14499,0,0,0,0,0,EICV1: module eicv1_jobstatus_subsistence1,,,
secisic_eicv1_jobstatus_subsiste,Secondary job Industry Group,int16,999=No job,1,14499,0,0,0,0,0,EICV1: module eicv1_jobstatus_subsistence1,,,
occupation_eicv1_jobstatus_subsi,Main Occupation - Grouped,int16,,0,14499,0,0,0,0,0,EICV1: module eicv1_jobstatus_subsistence1,,,
secocc_eicv1_jobstatus_subsisten,SecondOccupation - Grouped,int16,999=No job,1,14499,0,0,0,0,0,EICV1: module eicv1_jobstatus_subsistence1,,,
workstats,Usual Work Status,int8,"1=Wage farm, 2=Independent farm, 3=Unpaid farm worker, 4=Wage non farm, 5=Independent non-farm …",6,14498,16290,0,0,0,0,EICV1: module eicv1_jobstatus_subsistence1; EICV2: module jobstatus_subsistence1,,EICV1: Work Status as EICV2,
subfarmer,Subsistence in either job,int8,"0=Not Subsistence, 1=Subsistence farmer, 2=Subsistence farmer in main & sec job",3,14499,27131,0,0,0,0,EICV1: module eicv1_jobstatus_subsistence1; EICV2: module jobstatus_subsistence1,,,
farmer_type,type of crop farmer,int8,"1=staples only, 2=fruit or veg, 3=tea/coffee",3,12855,23668,0,0,0,0,EICV1: module eicv1_jobstatus_subsistence1; EICV2: module jobstatus_subsistence1,,,
s1q3m,Age (Months),int8,,0,0,6668,12282,10958,10648,9211,,,EICV2: Age in months; EICV5_CS: Age _Months_,
s1q5,Place of birth,int8,"1=Nyarugenge, 2=Gasabo, 3=Kicukiro, 4=Nyanza, 5=Gisagara …",59,0,34784,68398,66081,64314,0,,s1q5_v2 (EICV1),,"{""1"": [""City of Kigali"", ""Nyarugenge""], ""2"": [""Gasabo"", ""Kigali Ngali""], ""3"": [""Gitarama"", ""Kicukiro""], ""4"": [""Butare"", ""Nyanza""], ""5"": [""Gikongoro"", ""Gisagara""], ""6"": [""Cyangugu"", ""Nyaruguru""], ""7"": [""Huye"", ""Kibuye""], ""8"": [""Gisenyi"", ""Nyamagabe""], ""9"": [""Ruhango"", ""Ruhengeri""], ""10"": [""Byumba"", ""Muhanga""], ""11"": [""Kamonyi"", ""Nyarugenge"", ""Umutara""], ""12"": [""Gasabo"", ""Karongi"", ""Kibungo""], ""21"": [""Burundi"", ""Musanze"", ""Nyanza""], ""22"": [""Burera"", ""DRC (Congo)"", ""Gisagara""], ""23"": [""Gicumbi"", ""Nyaruguru"", ""Uganda""], ""24"": [""Huye"", ""Rwamagana"", ""Tanzania""], ""25"": [""Nyagatare"", ""Nyamagabe"", ""Other African country""], ""26"": [""Gatsibo"", ""Other country"", ""Ruhango""], ""13"": [""Kicukiro"", ""Rutsiro""], ""27"": [""Kayonza"", ""Muhanga""], ""28"": [""Kamonyi"", ""Kirehe""], ""42"": [""Gakenke"", ""Gkenke""]}"
s1q6,Nationality,int16,"1=Nigeria, Nigerie, 2=Ethiopia, Ethiopie, 3=Egypt, Egypte, 4=DR Congo, RD Congo,DRC, RDC, 5=Tanzania, Tanzanie …",195,0,34785,68398,66081,64314,62110,,s1q6_v2 (EICV1),,"{""67"": [""Greece, Grece"", ""Other foreign"", ""Other foriegn""], ""20"": [""Mali"", ""Rwandan""], ""21"": [""Burundian"", ""Malawi""], ""22"": [""DRC (Congo)"", ""Zambia, Zambie""], ""23"": [""Senegal"", ""Ugandan""], ""24"": [""Chad, Tchad"", ""Tanzanian""], ""25"": [""Other African"", ""Somalia, Somalie""], ""26"": [""Other foreigner"", ""Zimbabwe""], ""40"": [""Eritrea, Erithree"", ""Rwandese""], ""50"": [""Djibouti"", ""Others""], ""60"": [""Rwandese"", ""Spain, Espagne""], ""61"": [""Burundian"", ""Ukraine""], ""62"": [""Congolese"", ""Poland, Pologne""], ""63"": [""Romania"", ""Ugandan""], ""64"": [""Netherlands, Hollande, Pays bas"", ""Tanzanian""], ""65"": [""Belgium, Belgique"", ""Kenyan""], ""66"": [""Czech Republic (Czechia)"", ""Other African""], ""99"": [""Missing"", ""United States of Amerique, Etats Unis d' \u00c1merique,USA, United States, US""]}"
s1q7,Absent from household in the last 12 months,int8,"1=Yes, 2=No, 9=Missing",3,0,34785,68398,66081,64314,0,,"s1q7_v2 (EICV7_CS), s1q7_v3 (EICV1)",EICV2: Absent during the last 12 months; EICV4_CS: Absent in the last 12 months,
s1q8,primary  reason of absence from household in the last 12 months,int8,"0=Less than one month, 1=Studies, 2=Seasonal work, 3=Working away, 4=For health care …",14,0,2932,9111,12232,12064,7169,,s1q8_v2 (EICV1),EICV2: Length of absence during the last 12 months; EICV3: Length of absence in the last 12 months; EICV4_CS: Length of absence in last 12 months; EICV5_CS: Length of absence in the last 12 months,"{""1"": [""1 month"", ""Studies""], ""2"": [""2 months"", ""Seasonal work""], ""3"": [""3 months"", ""Working away""], ""4"": [""4 months"", ""For health care""], ""5"": [""5 months"", ""Attend ceremony""], ""6"": [""6 months"", ""Visit friends/family""], ""7"": [""7 months"", ""Training""], ""8"": [""8 months"", ""Detention/compulsory Service""], ""9"": [""9 months"", ""Unexplained absence""], ""10"": [""10 months"", ""New member in the HH""], ""11"": [""11 months"", ""Visitor/Guest in this HH""], ""12"": [""12 months"", ""Other, specify""]}"
s1q9,Main reason of absence from household in the last 12 months,int8,"1=Studies, 2=Seasonal work, 3=Working away, 4=For health care, 5=Attend ceremony …",12,0,1119,9111,12232,12064,0,,"s1q9_v2 (EICV7_CS), s1q9_v3 (EICV1)",EICV2: Main reason for absence; EICV4_CS: Reason for absence,"{""1"": [""Studies"", ""Study""], ""3"": [""Usual work"", ""Working away"", ""Working away now""], ""4"": [""For health care"", ""Health care"", ""Other work""], ""5"": [""Attend ceremony"", ""Health""], ""6"": [""Ceremonial"", ""Visit friend or family"", ""Visit friends/family""], ""7"": [""Training"", ""Visit""], ""8"": [""Detention or compulsory service"", ""Detention/compulsory Service"", ""Training""], ""9"": [""Guardianship"", ""Unexplained absence""], ""10"": [""Not yet arrived in the HH"", ""Other""], ""11"": [""Not yet joined the Household"", ""Other, specify""]}"
s1q10_v2,[EICV2..EICV4_CS version] Lived in another HH during absence,int8,"1=Yes, 2=No, 8=Don't Know, 9=Missing",4,0,1118,0,12232,0,0,,"s1q10 (EICV3, EICV5_CS), s1q10_v3 (EICV7_CS), s1q10_v4 (EICV1)",EICV2: Lived in another household during absence; EICV4_CS: Lived in another HH during absence,
s1q11_v3,[EICV2..EICV2 version] Father still living,int8,"1=Yes, in the household, 2=Yes, in another household, 3=No, 4=Don't know",4,0,20227,0,0,0,0,,"s1q11 (EICV3, EICV4_CS, EICV5_CS), s1q11_v2 (EICV1, EICV7_CS)",,
s1q12_v3,[EICV2..EICV2 version] Mother still living,int8,"1=Yes, in the household, 2=Yes, in another household, 3=No, 4=Don't know",4,0,20227,0,0,0,0,,"s1q12 (EICV3, EICV4_CS, EICV5_CS), s1q12_v2 (EICV7_CS), s1q12_v4 (EICV1)",,
dstrat,Design strata,int16,"111=Kigali lowest quartile socio-economic strata, 112=Kigali quartile 2 socio-economic strata, 113=Kigali quartile 3 socio-economic strata, 114=Kigali highest quartile socio-economic strata, 119=Kigali (semi-rural) …",32,0,34785,0,0,0,0,EICV2: module jobstatus_subsistence1,,,
s2aq3_v2,[EICV2..EICV2 version] Highest class attained,int8,"10=First year primary incomplete, 11=Primary 1, 12=Primary 2, 13=Primary 3, 14=Primary 4 …",26,0,22305,0,0,0,0,,"s2aq3 (EICV3), s2aq3_v3 (EICV1)",,
s2aq4_v2,[EICV2..EICV2 version] Certificate or degree received,int8,"1=Primary certificate, 2=Trunk (Junior High) certificate, 3=Vocational certificate, 4=Technical diploma, 5=Humanities …",11,0,22307,0,0,0,0,,"s2aq4 (EICV3), s2aq4_v3 (EICV1)",,
s2aq5,Been to school in the last 12 months,int8,"1=Yes, 2=No",2,0,22307,0,0,0,0,EICV2: module s2_education,s2aq5_v2 (EICV1),,
s2aq6_v2,[EICV2..EICV2 version] Number of days of absent from class in the last week,int8,"8=Vacation, 9=Quit",2,0,9583,0,0,0,0,,"s2aq6 (EICV3), s2aq6_v3 (EICV1)",,
s2aq7_v2,[EICV2..EICV2 version] Cause of absence,int8,"1=Poor health, 2=Hunger, 3=Financial reasons, 4=Family circumstances, 5=Punishment …",6,0,1067,0,0,0,0,,"s2aq7 (EICV1, EICV3)",,
s2aq8a,Time to go to school (one way),int8,,0,0,9583,0,0,0,0,EICV2: module s2_education,,,
s2aq8b,Means of transport to go to school,int8,"1=Foot, 2=Bicycle, 3=Motorcycle, 4=Car, 5=Bus or van …",7,0,8545,0,0,0,0,EICV2: module s2_education,,,
s2aq9,Problems with the school,int8,"1=No problems, 2=Books and supplies unavailable, 3=Mediocre instruction, 4=No teachers available, 5=Poor installation …",7,0,9583,0,0,0,0,EICV2: module s2_education,,,
s2aq10a,Annual registration fees,int32,0=Zero,1,0,9582,0,0,0,0,EICV2: module s2_education,,,
s2aq10b,Annual parental contributions/collection,int32,0=Zero,1,0,9582,0,0,0,0,EICV2: module s2_education,,,
s2aq10c,Annual expenditures on uniforms,int32,0=Zero,1,0,9582,0,0,0,0,EICV2: module s2_education,,,
s2aq10d,Annual expenditure on books and school supplies,int32,0=Zero,1,0,9582,0,0,0,0,EICV2: module s2_education,,,
s2aq10e,Annual school transport expenditures,int32,0=Zero,1,0,9582,0,0,0,0,EICV2: module s2_education,,,
s2aq10f,Annual expenditures for meals (room and board),int32,0=Zero,1,0,9582,0,0,0,0,EICV2: module s2_education,,,
s2aq10g,"Annual expenditures for associations, excursions, clubs etc.",int32,0=Zero,1,0,9582,0,0,0,0,EICV2: module s2_education,,,
s2aq10h,Total education expenditures,int32,0=Zero,1,0,1060,0,0,0,0,EICV2: module s2_education,,,
s2aq11_v2,[EICV2..EICV2 version] Person responsible for payment of education expenditures,int8,"1=Father, 2=Mother, 3=Both parents, 4=Other household member, 5=Other-relative …",10,0,9580,0,0,0,0,,"s2aq11 (EICV3), s2aq11_v3 (EICV1)",,
s2aq12,Dropped out of school,int8,"1=Yes, 2=No, 3=End of studies",3,0,22303,0,0,0,0,EICV2: module s2_education,s2aq12_v2 (EICV1),,
s2bq2,Interruption of studies for one or more trimesters,int8,"1=Yes, 2=No",2,0,22306,0,0,0,0,EICV2: module s2_education,s2bq2_v2 (EICV1),,
s2bq3,Reason for interruption,int8,"1=Cost, 2=Work, 3=Marriage, 4=Change of residence, 5=Excluded …",10,0,2328,0,0,0,0,EICV2: module s2_education,,,
s2bq4,Length of interruption (months),int8,0=Less than one month,1,0,2326,0,0,0,0,EICV2: module s2_education,s2bq4_v2 (EICV1),,
s2bq5,Repeated primary class,int8,"1=Yes, 2=No",2,0,22306,0,0,0,0,EICV2: module s2_education,s2bq5_v2 (EICV1),,
s2bq6,Times repeated class (primary),int8,,0,0,10574,0,0,0,0,EICV2: module s2_education,s2bq6_v2 (EICV1),,
s2bq8,Obtained a certificate of completion for primary school,int8,"1=Yes, 2=No",2,0,22306,0,0,0,0,EICV2: module s2_education,s2bq8_v2 (EICV1),,
s2bq9,Post primary instruction,int8,"1=Secondary, 2=Vocational, 3=None",3,0,6521,0,0,0,0,EICV2: module s2_education,s2bq9_v2 (EICV1),,
s2bq10,Highest class attained in secondary school,int8,"30=1st year secondary-unfinished, 31=1st year of secondary, 32=2nd year of secondary, 33=3rd year of secondary, 34=4th year of secondary …",7,0,2761,0,0,0,0,EICV2: module s2_education,s2bq10_v2 (EICV1),,
s2bq11,Repeated secondary class,int8,"1=Yes, 2=No",2,0,2760,0,0,0,0,EICV2: module s2_education,s2bq11_v2 (EICV1),,
s2bq12,Times repeated class (secondary),int8,,0,0,545,0,0,0,0,EICV2: module s2_education,s2bq12_v2 (EICV1),,
s2bq14,Type of secondary school,int8,"1=Public, 2=Private, 3=Free-subsidized",3,0,2760,0,0,0,0,EICV2: module s2_education,s2bq14_v2 (EICV1),,
s2bq15,Attended post primary or professional (vocational) school,int8,"1=Yes, 2=No",2,0,2725,0,0,0,0,EICV2: module s2_education,s2bq15_v2 (EICV1),,
s2bq16,Highest class attained in professional (vocational) school,int8,"20=1st year vocational-unfinished, 21=1st year of vocational, 22=2nd year of vocational, 23=3rd year of vocational, 24=4th year of vocational …",7,0,832,0,0,0,0,EICV2: module s2_education,s2bq16_v2 (EICV1),,
s2bq18,Type of post primary (vocational) school,int8,"1=Public, 2=Private, 3=Free-subsidized",3,0,832,0,0,0,0,EICV2: module s2_education,s2bq18_v2 (EICV1),,
s2bq19,Attended College or University,int8,"1=Yes, 2=No",2,0,2724,0,0,0,0,EICV2: module s2_education,s2bq19_v2 (EICV1),,
s2bq20,Years attended college or university,int8,,0,0,385,0,0,0,0,EICV2: module s2_education,s2bq20_v2 (EICV1),,
s2bq21,Last institution attended,int8,"1=Ordinary college, 2=University, 3=Technical college, 4=Institute, 5=Other",5,0,385,0,0,0,0,EICV2: module s2_education,s2bq21_v2 (EICV1),,
s2bq22,Type of university or college,int8,"1=Public, 2=Private, 3=Free-subsidized",3,0,385,0,0,0,0,EICV2: module s2_education,,,
s2bq23,Highest level diploma received,int8,"6=Bachelors degree, 7=Professional license, 8=Engineer, 9=Masters Degree, 10=Doctorate degree …",6,0,385,0,0,0,0,EICV2: module s2_education,,,
s2cq1,Capable of reading a letter or small note,int8,"1=Yes, 2=No",2,0,24491,0,0,0,0,EICV2: module s2_education,s2cq1_v2 (EICV1),,
s2cq2_v2,[EICV2..EICV2 version] Reading language,int8,"1=Kinyarwanda, 2=Swahili, 3=French, 4=English, 5=Kinyarwanda and Swahili …",15,0,13211,0,0,0,0,,"s2cq2 (EICV3), s2cq2_v3 (EICV1)",,
s2cq3_v2,[EICV2..EICV2 version] Capable of writing a letter or small note,int8,"1=Yes, 2=No",2,0,13211,0,0,0,0,,"s2cq3 (EICV3), s2cq3_v3 (EICV1)",,
s2cq4_v2,[EICV2..EICV2 version] Writing language,int8,"1=Kinyarwanda, 2=Swahili, 3=French, 4=English, 5=Kinyarwanda and Swahili …",15,0,12350,0,0,0,0,,"s2cq4 (EICV3), s2cq4_v3 (EICV1)",,
s2cq5_v2,[EICV2..EICV2 version] Capable of written calculations,int8,"1=Yes, 2=No",2,0,24489,0,0,0,0,,"s2cq5 (EICV3), s2cq5_v3 (EICV1)",,
s2cq7_v2,[EICV2..EICV2 version] Preferred language for reading,int8,"0=Missing, 1=French, 2=English, 3=French and English, 4=Other",5,0,3527,0,0,0,0,,"s2cq7 (EICV3), s2cq7_v3 (EICV1)",,
s2cq8_v2,[EICV2..EICV2 version] Attended vocational/apprentice courses,int8,"1=Yes, currently, 2=Yes, in the past, 3=No",3,0,28018,0,0,0,0,,s2cq8 (EICV3),,
s2cq9_v2,[EICV2..EICV2 version] Length of time in vocational training,int8,0=Less than 1 month,1,0,2616,0,0,0,0,,"s2cq9 (EICV3), s2cq9_v3 (EICV1)",,
s2cq10,Vocational skill in which trained,int8,"1=Jeweler, 2=Tiling, 3=Calligraphy, 4=Boiler (heater) works, 5=Driver …",36,0,2596,0,0,0,0,EICV2: module s2_education,s2cq10_v2 (EICV1),,
s2cq11,Paid for vocational training,int8,"1=Yes, in-kind, 2=Yes, cash, 3=No",3,0,2602,0,0,0,0,EICV2: module s2_education,s2cq11_v2 (EICV1),,
s2cq12,Attended short term training courses,int8,"1=Yes, 2=No",2,0,28018,0,0,0,0,EICV2: module s2_education,s2cq12_v2 (EICV1),,
s2cq14,Training material related to occupation,int8,"1=Yes, currently, 2=Yes, future, 3=No",3,0,2174,0,0,0,0,EICV2: module s2_education,s2cq14_v2 (EICV1),,
primarylast,Indicator of each last matching case as Primary,int8,"0=Duplicate Case, 1=Primary Case",2,0,28018,0,0,0,0,EICV2: module s2_education,,,
s3aq2_v2,[EICV2..EICV2 version] Suffer from a major disability,int8,"1=No disability, 2=Visual disability, 3=Motion disability, 4=Hearing disability, 5=Psychological problems …",8,0,34676,0,0,0,0,,"s3aq2 (EICV3), s3aq2_v3 (EICV1)",,
s3aq3a,Years disabled,int8,0=Less than a year,1,0,1327,0,0,0,0,EICV2: module s3_health,,,
s3aq3b,Months disabled,int8,0=Less than a month,1,0,1326,0,0,0,0,EICV2: module s3_health,,,
s3aq4,Cause of disability,int8,"1=Illness, 2=Accident, 3=War, 4=Genocide, 5=Land mine …",8,0,1307,2743,0,0,0,EICV2: module s3_health,s3aq4_v2 (EICV1),,"{""1"": [""Congenital"", ""Illness""], ""2"": [""Accident"", ""Sickness""], ""3"": [""Accident"", ""War""], ""4"": [""Genocide"", ""War""], ""5"": [""Genocide"", ""Land mine""], ""6"": [""Age"", ""Mine""], ""8"": [""Do not know"", ""Don't know""]}"
s3aq5,Health problems in the last 2 weeks,int8,"1=Yes, 2=No",2,0,34671,68398,0,0,0,EICV2: module s3_health,s3aq5_v2 (EICV1),EICV2: Experienced health problems in the last two weeks,
s3aq6,Major health problem,int8,"1=Malaria, 2=Internal parasites, 3=Respiratory infection, 4=Skin issues, 5=Accident of injury …",9,0,6731,11955,0,0,0,EICV2: module s3_health,s3aq6_v2 (EICV1),EICV2: Primary health problem,"{""2"": [""Internal parasites"", ""Intestinal parasites""], ""4"": [""Skin disease"", ""Skin issues""], ""5"": [""Accident of injury"", ""Accident or injury""], ""8"": [""Gynecological"", ""Gynecological problem""]}"
s3aq7a,Time suffering from health condition (years),int8,,0,0,6742,0,0,0,0,EICV2: module s3_health,,,
s3aq7b,Time suffering from health condition (months),int8,0=Less than one year,1,0,6736,0,0,0,0,EICV2: module s3_health,,,
s3aq8_v2,[EICV2..EICV2 version] Immobilized due to health condition in the last two week,int8,"1=Yes, 2=No",2,0,6725,0,0,0,0,,"s3aq8 (EICV3), s3aq8_v3 (EICV1)",,
s3aq9_v2,[EICV2..EICV2 version] Number of days immobilized by health condition,int8,,0,0,4850,0,0,0,0,,"s3aq9 (EICV3), s3aq9_v3 (EICV1)",,
s3aq10,Health insurance,int8,"1=RAMA, 2=Mutual insurance, 3=Employer, 4=MMI, 5=Other insurance …",6,0,34661,68398,0,0,0,EICV2: module s3_health,s3aq10_v2 (EICV1),EICV2: Beneficiary of heath insurance,"{""1"": [""RAMA"", ""Rwandan National Insurance (RAMA)""], ""4"": [""MMI"", ""Other insurance""], ""5"": [""No"", ""Other insurance""]}"
s3aq11_v2,[EICV2..EICV2 version] Consulted a physician (health care worker) in the last t,int8,"1=Yes, 2=No, 3=Don't know",3,0,34672,0,0,0,0,,"s3aq11 (EICV3), s3aq11_v3 (EICV1)",,
s3aq13,Person consulted,int8,"1=Doctor, 2=Nurse, 3=Pharmacist, 4=Mid-wife, 5=Community health worker …",10,0,2255,5038,0,0,0,EICV2: module s3_health,s3aq13_v2 (EICV1),,"{""4"": [""Mid-wife"", ""Midwife""], ""5"": [""Community health worker"", ""Healthcare worker""], ""6"": [""Traditional birthing"", ""Tradutional birthing worker""], ""8"": [""Optician"", ""Other""]}"
s3aq14,Place of consultation,int8,"1=Consultant's home, 2=Patient's home, 3=Hosiptal, 4=Pharmacy, 5=Clinic …",8,0,2256,5038,0,0,0,EICV2: module s3_health,s3aq14_v2 (EICV1),,"{""1"": [""Consultant's home"", ""Consultants home""], ""3"": [""Hosiptal"", ""Hospital""], ""7"": [""Health care center"", ""Health care centre""]}"
s3aq15_v2,[EICV2..EICV2 version] Public or private establishment,int8,"1=Public, 2=Private, 3=Semi private",3,0,2256,0,0,0,0,,s3aq15 (EICV3),,
s3aq16,Amount paid for consultation by patient,int32,0=Zero,1,0,2250,3926,0,0,0,EICV2: module s3_health,s3aq16_v2 (EICV1),EICV2: Amount paid for the consultation,
s3aq17,Amount paid for consultation by insurance or employer,int32,0=Zero,1,0,1215,4359,0,0,0,EICV2: module s3_health,s3aq17_v2 (EICV1),EICV2: Amount paid for consultation by health insurance o,
s3aq18,Medical examination or tests in the last 2 weeks,int8,"1=Yes, 2=No, 3=Do not know",3,0,34644,68398,0,0,0,EICV2: module s3_health,s3aq18_v2 (EICV1),EICV2: Undertake medical tests in the last two weeks,"{""3"": [""Do not know"", ""Don't know""]}"
s3aq19,Amount paid or to pay for examinations by patient,int32,0=Zero,1,0,1014,1849,0,0,0,EICV2: module s3_health,s3aq19_v2 (EICV1),EICV2: Amount paid for health exams,
s3aq20,Amount paid for medical examination by insurance or employer,int32,0=Zero,1,0,575,2206,0,0,0,EICV2: module s3_health,s3aq20_v2 (EICV1),EICV2: Amount paid for health exams by health insurance o,
s3aq21_v2,[EICV2..EICV2 version] Hospitalized in the last two weeks,int8,"1=Yes, 2=No, 3=Don't know",3,0,34645,0,0,0,0,,"s3aq21 (EICV3), s3aq21_v3 (EICV1)",,
s3aq22,Amount paid or to pay for medical services by patient,int32,0=Zero,1,0,133,289,0,0,0,EICV2: module s3_health,s3aq22_v2 (EICV1),EICV2: Amount paid for hospitalization,
s3aq23,Amount paid or to pay for medical services by insurance or employer,int32,0=Zero,1,0,67,252,0,0,0,EICV2: module s3_health,s3aq23_v2 (EICV1),EICV2: Amount paid for hospitalization by insurance or em,
s3aq24_v2,[EICV2..EICV2 version] Purchased medication or other health related items,int8,"1=Yes, 2=No, 3=Don't know",3,0,34646,0,0,0,0,,"s3aq24 (EICV3), s3aq24_v3 (EICV1)",,
s3aq25,Amount paid or to  be paid for medicines and medical supplies by patient,int32,0=Zero,1,0,3308,4822,0,0,0,EICV2: module s3_health,s3aq25_v2 (EICV1),EICV2: Amount paid for medication and supplies,
s3aq26,Amount paid for medicines  by insurance or employer,int32,0=Zero,1,0,1338,4369,0,0,0,EICV2: module s3_health,,EICV2: Amount paid for medication by insurance or employe,
s3aq27_v2,[EICV2..EICV2 version] Amount paid for transportation related to health care,int32,0=Zero,1,0,34646,0,0,0,0,,s3aq27 (EICV3),,
s3bq3a,Live births: Boys,int8,,0,0,5180,0,0,0,0,EICV2: module s3_health,,,
s3bq3b,Live births: Girls,int8,,0,0,5180,0,0,0,0,EICV2: module s3_health,,,
s3bq4a_v2,[EICV2..EICV2 version] Children still living: Boys,int8,,0,0,5180,0,0,0,0,,"s3bq4a (EICV3), s3bq4a_v3 (EICV1)",,
s3bq4b_v2,[EICV2..EICV2 version] Children still living: Girls,int8,,0,0,5180,0,0,0,0,,"s3bq4b (EICV3), s3bq4b_v3 (EICV1)",,
s3bq5,Ever had No-live birth,int8,"1=Yes, 2=No",2,0,5180,0,0,0,0,EICV2: module s3_health,,,
s3bq6_v2,[EICV2..EICV2 version] Number of No-living births,int8,,0,0,1349,0,0,0,0,,"s3bq6 (EICV3), s3bq6_v3 (EICV1)",,
s3bq7_v2,[EICV2..EICV2 version] Received prenatal care during last pregnancy,int8,"1=Yes, 2=No",2,0,5174,0,0,0,0,,"s3bq7 (EICV3), s3bq7_v3 (EICV1)",,
s3bq8,Reason not vaccinated,int8,"1=Not informed, 2=Child absent from home, 3=Health centre too far, 4=Lack of money, 5=No vaccines at the clinic …",7,0,264,51,0,0,0,EICV2: module s3_health,s3bq8_v2 (EICV1),EICV2: Reason for not receiving prenatal care,"{""1"": [""Lack of resources"", ""Not informed""], ""2"": [""Child absent from home"", ""No health center""], ""3"": [""Health center too far"", ""Health centre too far""], ""4"": [""Lack of money"", ""Not necessary""], ""5"": [""No vaccines at the clinic"", ""Other""]}"
s3bq9a,First place of prenatal care,int8,"1=Hospital or maternity, 2=Private clinic, 3=Dispensary, 4=Healer, 5=Other",5,0,4899,0,0,0,0,EICV2: module s3_health,,,
s3bq9b,Second place of prenatal care,int8,"1=Hospital or maternity, 2=Private clinic, 3=Dispensary, 4=Healer, 5=Other",5,0,4909,0,0,0,0,EICV2: module s3_health,,,
s3bq10,Use form of birth control,int8,"1=Yes, 2=No",2,0,10299,0,0,0,0,EICV2: module s3_health,s3bq10_v2 (EICV1),,
s3bq11,Method of birth control,int8,"1=Pill, 2=Condom, 3=IUD, 4=Injection, 5=Spermicidal cream …",11,0,1270,0,0,0,0,EICV2: module s3_health,s3bq11_v2 (EICV1),,
s3bq12,Reason for not using birth control,int8,"1=Still want children, 2=Religion, 3=Spousal refusal, 4=Too expensive, 5=Unaware …",11,0,9018,0,0,0,0,EICV2: module s3_health,s3bq12_v2 (EICV1),,
s3cq4a,Recorded vaccine for BCG,int8,"1=Yes, complete dose, 2=Yes, incomplete dose, 3=No, 4=Not applicable",4,0,3929,0,0,0,0,EICV2: module s3_health,s3cq4a_v2 (EICV1),,
s3cq4c,Recorded vaccine for DTC,int8,"1=Yes, complete dose, 2=Yes, incomplete dose, 3=No, 4=Not applicable",4,0,3926,0,0,0,0,EICV2: module s3_health,s3cq4c_v2 (EICV1),,
s3cq4d,Recorded vaccine for measles,int8,"1=Yes, complete dose, 2=Yes, incomplete dose, 3=No, 4=Not applicable",4,0,3924,0,0,0,0,EICV2: module s3_health,s3cq4d_v2 (EICV1),,
s3cq7,Amount paid for the last vaccination,int16,0=Zero,1,0,5808,0,0,0,0,EICV2: module s3_health,s3cq7_v2 (EICV1),,
s3cq8,Reason for not being vaccinated,int8,"1=Not informed, 2=Absent, 3=No health care centre, 4=Centre too far, 5=Lack of money …",8,0,105,0,0,0,0,EICV2: module s3_health,s3cq8_v2 (EICV1),,
s4q1,ID of person interviewed,int8,,0,0,19768,0,0,0,0,EICV2: module s4_migration,,,
s4q2,Always lived in this district,int8,"1=Yes, 2=No",2,0,19769,0,0,0,0,EICV2: module s4_migration,,,
s4q3,Length of stay since last return,int8,0=Less than one year,1,0,10303,0,0,0,0,EICV2: module s4_migration,,,
s4q4,Province or foreign country of previous residence,int8,"1=City of Kigali, 2=Kigali Ngali, 3=Gitarama, 4=Butare, 5=Gikongoro …",18,0,10303,0,0,0,0,EICV2: module s4_migration,,,
s4q5,Type of place of previous residence,int8,"1=Capital, 2=Large city, 3=City, 4=Rural",4,0,10301,0,0,0,0,EICV2: module s4_migration,,,
s4q6,How long resided there,int8,0=Less than one year,1,0,10301,0,0,0,0,EICV2: module s4_migration,,,
s4q7,Main reason for migration,int8,"1=Assigned to post, 2=Loss of employment, 3=Spouse employment, 4=Marriage, 5=Other family reasons …",13,0,10295,0,0,0,0,EICV2: module s4_migration,,,
s4q8,How many stays greater than six months ever done,int8,,0,0,10303,0,0,0,0,EICV2: module s4_migration,,,
s6aq1_v2,[EICV2..EICV2 version] No I D de la personne interviewée,int8,,0,0,28018,0,0,0,0,,"s6aq1 (EICV3, EICV5_CS)",,
s6aq2_v3,[EICV2..EICV2 version] Worked for wages or salary,int8,"1=Yes, 2=No",2,0,28005,0,0,0,0,,"s6aq2 (EICV5_CS, EICV7_CS), s6aq2_v2 (EICV3, EICV4_CS)",,
s6aq3_v4,[EICV2..EICV2 version] Non-farm economic activity,int8,"1=Yes, 2=No",2,0,28005,0,0,0,0,,"s6aq3 (EICV3, EICV4_CS), s6aq3_v2 (EICV7_CS), s6aq3_v3 (EICV5_CS)",,
s6aq4_v2,[EICV2..EICV7_CS version] Carry out any agricultural activity,int8,"1=Yes, 2=No",2,0,28005,0,0,0,52900,,"s6aq4 (EICV3, EICV4_CS, EICV5_CS)","EICV2: Agricultural activity, fishing or forestry; EICV7_CS: Carry out any agricultural activity",
s6aq5_v3,[EICV2..EICV2 version] Non-compensated work for an enterprise,int8,"1=Yes, 2=No",2,0,28003,0,0,0,0,,"s6aq5 (EICV3, EICV4_CS, EICV5_CS), s6aq5_v2 (EICV7_CS)",,
s6aq6_v4,[EICV2..EICV2 version] Current employment status,int8,"1=Employed, 2=Unemployed, 3=Looking for first employment, 4=Household maintenance, 5=Student …",10,0,27994,0,0,0,0,,"s6aq6 (EICV3, EICV5_CS), s6aq6_v2 (EICV7_CS), s6aq6_v3 (EICV4_CS)",,
s6bq1,Atleast 1 hour work  last 7 days,int8,"1=Yes, 2=No",2,0,27997,56116,0,0,0,EICV2: module s6abc_employment; EICV3: module s06ab_occupation,s6bq1_v2 (EICV7_CS),EICV2: Worked at least one hour in the last seven days,
s6bq2,Reason not worked last 7 days,int8,"1=Temporary absence or sickness, 2=Holiday, 3=No work available, 4=Dimissed or terminated, 5=Student …",7,0,11188,26042,0,0,0,EICV2: module s6abc_employment; EICV3: module s06ab_occupation,s6bq2_v2 (EICV7_CS),EICV2: Reason for not working at least one hour in the la,"{""1"": [""Temporary absence (sick leave, regular leave, etc..)"", ""Temporary absence or sickness""], ""2"": [""Holiday"", ""Work finished""], ""3"": [""Fired"", ""No work available""], ""4"": [""Dimissed or terminated"", ""No work""], ""5"": [""Other"", ""Student""]}"
s6bq3_v3,[EICV2..EICV2 version] Desire other work,int8,"1=Yes, 2=No",2,0,27987,0,0,0,0,,"s6bq3 (EICV7_CS), s6bq3_v2 (EICV3)",,
s6bq4,Reason more employment not needed,int8,"1=Work full time, 2=Satisfied urrent situation, 3=Occupied with domestic duties, 4=Discouraged by failure to secure employment, 5=Family reasons …",11,0,18849,38253,0,0,0,EICV2: module s6abc_employment; EICV3: module s06ab_occupation,s6bq4_v2 (EICV7_CS),EICV2: Reason for not finding other work,"{""1"": [""Full time work"", ""Work full time""], ""2"": [""Currently satisfied"", ""Satisfied urrent situation""], ""3"": [""Occupied with domestic duties"", ""Occupied with household maintenance""], ""4"": [""Discouraged by failure to secure employment"", ""Discouraged, unable to find work""], ""9"": [""Student"", ""Studies""], ""10"": [""Sick or Injured (disabled)"", ""Sickness or incapacitation""]}"
s6bq5_v3,[EICV2..EICV2 version] Time since the last search for work,int8,"1=Last seven days, 2=Between 1-4 weeks, 3=Between 1-3 months, 4=More than three (3) months, 5=Never",5,0,9126,0,0,0,0,,"s6bq5 (EICV7_CS), s6bq5_v2 (EICV3)",,
s6bq6a_v2,[EICV2..EICV2 version] Activity 1 undertaken in search of employment,int8,"1=Asked of a relationship, 2=Contest, 3=Spontaneous requests, 4=Listened to radio announcements, 5=Read published announcements …",7,0,5050,0,0,0,0,,s6bq6a (EICV3),,
s6bq6b_v2,[EICV2..EICV2 version] Activity 2 undertaken in search of employment,int8,"1=Asked of a relationship, 2=Contest, 3=Spontaneous requests, 4=Listened to radio announcements, 5=Read published announcements …",7,0,5204,0,0,0,0,,s6bq6b (EICV3),,
s6bq7,Full-time salaried position ever,int8,"1=Yes, 2=No, 3=No",3,0,27564,55131,0,0,0,EICV2: module s6abc_employment; EICV3: module s06ab_occupation,s6bq7_v2 (EICV7_CS),EICV2: Ever been employed for wages or salary full-time,"{""1"": [""Yes"", ""Yes, in the past""], ""2"": [""No"", ""Yes, currently""]}"
s6bq8,Kind of employer in last full-time salaried employment,int16,"1=Government, 2=Public non financial, 3=Public financial, 4=Private non financial (formal), 5=Private non-financial (informal) …",298,0,1350,4932,0,0,0,EICV2: module s6abc_employment; EICV3: module s06ab_occupation,s6bq8_v2 (EICV7_CS),EICV2: Last salary or wage full-time employment,"{""11"": [""Chemists"", ""International agency""], ""12"": [""Other"", ""Physicists""]}"
s6bq9a_v2,[EICV2..EICV2 version] Years since last salaried work,int8,,0,0,1350,0,0,0,0,,s6bq9a (EICV7_CS),,
s6bq9b_v2,[EICV2..EICV2 version] Months since last salaried work,int8,0=Less than one hour,1,0,1336,0,0,0,0,,s6bq9b (EICV7_CS),,
s6cq1_v2,[EICV2..EICV2 version] Gathering wood,int8,"1=Yes, 2=No",2,0,28003,0,0,0,0,,s6cq1 (EICV7_CS),,
s6cq2_v2,[EICV2..EICV2 version] Time spent gathering wood (hours),int8,0=Less than one hour,1,0,10489,0,0,0,0,,s6cq2 (EICV7_CS),,
s6cq3_v2,[EICV2..EICV2 version] Fetching water,int8,"1=Yes, 2=No",2,0,27999,0,0,0,0,,s6cq3 (EICV7_CS),,
s6cq4_v2,[EICV2..EICV2 version] Time spent fetching water (hours),int8,0=Less than one hour,1,0,15581,0,0,0,0,,s6cq4 (EICV7_CS),,
s6cq5_v2,[EICV2..EICV2 version] At the market,int8,"1=Yes, 2=No",2,0,27993,0,0,0,0,,s6cq5 (EICV7_CS),,
s6cq6_v2,[EICV2..EICV2 version] Time spent at the market (hours),int8,0=Less than one hour,1,0,6876,0,0,0,0,,s6cq6 (EICV7_CS),,
s6cq7_v2,[EICV2..EICV2 version] Cooking,int8,"1=Yes, 2=No",2,0,27995,0,0,0,0,,s6cq7 (EICV7_CS),,
s6cq8_v2,[EICV2..EICV2 version] Time spent cooking (hours),int8,0=Less than one hour,1,0,12611,0,0,0,0,,s6cq8 (EICV7_CS),,
s6cq9_v2,[EICV2..EICV2 version] Other household chores,int8,"1=Yes, 2=No",2,0,27984,0,0,0,0,,s6cq9 (EICV7_CS),,
s6cq10_v2,[EICV2..EICV2 version] Time spent at other household chores (hours),int8,0=Less than one hour,1,0,13997,0,0,0,0,,s6cq10 (EICV7_CS),,
filter__,SURVEY = 2 (FILTER),int8,"0=Not Selected, 1=Selected",2,0,23668,0,0,0,0,EICV2: module jobstatus_subsistence1,,,
zdkey,EA key,double,,0,0,27131,0,0,0,0,EICV2: module jobstatus_subsistence1,,,
poverty_v3,[EICV2..EICV2 version] Poor or not (1=poor),int8,,0,0,27131,0,0,0,0,,"poverty (EICV5_CS, EICV7_CS), poverty_v2 (EICV3, EICV4_CS)",,
mainusual,Main job in year,int8,"1=Principal Job, 2=Secondary Job",2,0,16291,0,0,0,0,EICV2: module jobstatus_subsistence1,,,
s6eq4_v3,[EICV2..EICV2 version] Sector,int8,"1=Public, 2=Parastatal, 3=Formal private, 4=Informal private, 5=NGO (Non-governmental organization) …",6,0,3584,0,0,0,0,,"s6eq4 (EICV5_CS), s6eq4_v2 (EICV4_CS)",,
isicgroup,Industry Group,int8,"0=Inadequately Described, 11=11 Agriculture, 12=12 Livestock, 13=13 Forestry, 14=14 Fishing & Hunting …",34,0,16290,0,0,0,0,EICV2: module jobstatus_subsistence1,,,
secocc,Occupation code,int16,"11=Chemists, 12=Physicists, 13=Physical scientists n.e.c., 14=Physical science technicians, 21=Architects and town planners …",288,0,6118,0,0,0,0,EICV2: module jobstatus_subsistence1,secocc_v2 (EICV1),,
secoccgrp,Occupation - Grouped,int8,"1=Professionals, 2=Senior Officials and Managers, 3=Office Clerks, 4=Commercial and Sales, 5=Skilled Service Sector …",10,0,6118,0,0,0,0,EICV2: module jobstatus_subsistence1,,,
secstats,Work Status of Secondary Job,int8,"1=Wage farm, 2=Independent farm, 3=Unpaid farm worker, 4=Wage non farm, 5=Independent non-farm …",6,0,6118,0,0,0,0,EICV2: module jobstatus_subsistence1,,,
secsubs,Sec Job Subsistence,int8,"0=Not Subsistence, 1=Subsistence farmer",2,0,27131,0,0,0,0,EICV2: module jobstatus_subsistence1,secsubs_v2 (EICV1),,
subsistence,Main Job Subsistence,int8,"0=Not Subsistence, 1=Subsistence farmer",2,0,27131,0,0,0,0,EICV2: module jobstatus_subsistence1,subsistence_v2 (EICV1),,
okey,old key,double,,0,0,27131,0,0,0,0,EICV2: module jobstatus_subsistence1,,,
quintile,Quintile,int8,"1=Q1, 2=Q2, 3=Q3, 4=Q4, 5=Q5",5,0,0,68398,66081,64314,0,EICV3: module s06g_timeuse; EICV4_CS: module current_main_activity6,quintile_v2 (EICV7_CS),EICV4_CS: QUINTILE,
poverty_v2,[EICV3..EICV4_CS version] POVERTY,int8,"1=Extremely poor, 2=Poor, 3=Non-poor",3,0,0,68398,66081,0,0,,"poverty (EICV5_CS, EICV7_CS), poverty_v3 (EICV2)",EICV3: Poverty status; EICV4_CS: POVERTY,
s1q4,Marital status,int8,"1=Married monogamously with legal certificate, 2=Married monogamously without legal certificate, 3=Married polygamously, 4=Divorced, 5=Separated …",9,0,0,44217,43681,43240,43529,,"s1q4_v2 (EICV1, EICV2)",,"{""1"": [""Married monogamously"", ""Married monogamously with legal certificate""], ""2"": [""Married monogamously without legal certificate"", ""Married polygamously""], ""3"": [""Living together"", ""Married polygamously""], ""4"": [""Divorced"", ""Living together""], ""5"": [""Divorced"", ""Separated""], ""6"": [""Separated"", ""Single""], ""7"": [""Single"", ""Widow or widower"", ""Widowed""]}"
s1q10,Resident of another household in the last 12 months,int8,"1=Yes, 2=No, 8=Don't Know",3,0,0,9111,0,12064,0,,"s1q10_v2 (EICV2, EICV4_CS), s1q10_v3 (EICV7_CS), s1q10_v4 (EICV1)",,
s1q11,Resident during enumeration period,int8,"1=Yes, 2=No, 8=Don't know, 9=Missing",4,0,0,68398,66081,64314,0,,"s1q11_v2 (EICV1, EICV7_CS), s1q11_v3 (EICV2)",EICV4_CS: Will be resident during enumeration period,
s1q12,Main reason for absence during enumeration,int8,"1=Studies, 2=Seasonal work, 3=Working away now, 4=Health care, 5=Attend ceremony …",11,0,0,2428,2381,2023,0,,"s1q12_v2 (EICV7_CS), s1q12_v3 (EICV2), s1q12_v4 (EICV1)",EICV3: Reason for absence during enumeration; EICV4_CS: Reason for absence,
s1q13,Mother still alive,int8,"1=Yes and resident in household, 2=Yes but residing in another household, 3=No, 4=Do not know, 8=Don't know …",6,0,0,38375,36065,0,27538,,"s1q13_v2 (EICV1, EICV2), s1q13_v3 (EICV5_CS)",EICV3: Father still alive; EICV4_CS: Father still alive,"{""2"": [""Yes but residing in another household"", ""Yes,but residing in another household"", ""Yes,but residing in onother household""], ""1"": [""Yes and resident in household"", ""Yes,and residing in the household""]}"
s1q14,Father still alive,int8,"1=Yes,and residing in the household, 2=Yes,but residing in onother household, 3=No, 4=Do not know, 8=Dont know …",6,0,0,38375,36065,33201,0,,"s1q14_v2 (EICV1, EICV7_CS)",EICV3: Mother still alive; EICV4_CS: Mother still alive,"{""1"": [""Yes and resident in household"", ""Yes,and residing in the household""], ""2"": [""Yes but residing in another household"", ""Yes,but residing in onother household""], ""8"": [""Do not know"", ""Dont know""]}"
s2aq1_v2,[EICV3..EICV3 version] PID of respondent,int32,,0,0,0,56116,0,0,0,,"s2aq1 (EICV1, EICV2)",,
s2aq3,Attended school in the last 12 months,int8,"1=Yes, 2=No",2,0,0,46688,0,0,0,,"s2aq3_v2 (EICV2), s2aq3_v3 (EICV1)",,
s2aq4,Current class,int8,"1=Pre-primary, 11=Primary 1, 12=Primary 2, 13=Primary 3, 14=Primary 4 …",27,0,0,21871,0,0,0,,"s2aq4_v2 (EICV2), s2aq4_v3 (EICV1)",,
s2aq5a,Class attended in 2009,int8,"0=Not in class, 1=Pre-primary, 11=Primary 1, 12=Primary 2, 13=Primary 3 …",28,0,0,21871,0,0,0,,,,
s2aq5b,Class attended in 2010,int8,"0=Not in class, 1=Pre-primary, 11=Primary 1, 12=Primary 2, 13=Primary 3 …",28,0,0,21871,0,0,0,,,,
s2aq6,Reason for repeating class,int8,"1=Failed year examinatios, 2=Sickness, 3=Financial problems, 4=Family problems, 5=Other pecify",5,0,0,4539,0,0,0,,"s2aq6_v2 (EICV2), s2aq6_v3 (EICV1)",,
s2aq8,Cause of absence,int8,"1=Poor health, 2=Hunger, 3=Financial reasons, 4=Family circumstances, 5=Fear of punishment …",7,0,0,9846,0,0,0,,s2aq8_v2 (EICV1),,
s2aq9a,Time required to go to school,int8,"0=Live at school, 95=More than 90 minutes",2,0,0,21871,0,0,0,,s2aq9a_v2 (EICV1),,
s2aq9b,Type of transport used to go to school,int8,"0=Live at school, 1=Foot, 2=Bicycle, 3=Motorcycle, 4=Vehicle …",8,0,0,21871,0,0,0,,s2aq9b_v2 (EICV1),,
s2aq10,Problems with school,int8,"1=No problem, 2=Books and material shortage, 3=Poor instruction, 4=Absent teachers, 5=Too few teachers appointed …",9,0,0,21871,0,0,0,,s2aq10_v2 (EICV1),,
s2aq11,Separate toilet facilities at school,int8,"1=Yes, 2=No, 3=Do not know",3,0,0,21871,0,0,0,,"s2aq11_v2 (EICV2), s2aq11_v3 (EICV1)",,
s2aq12a,"School,tuition and Registration fees",int32,0=Zero,1,0,0,19812,0,0,0,,,,
s2aq12b,Parent contributions,int32,0=Zero,1,0,0,19812,0,0,0,,,,
s2aq12c,School uniforms,int32,0=Zero,1,0,0,19812,0,0,0,,,,
s2aq12d,Books and supplies,int32,0=Zero,1,0,0,19812,0,0,0,,,,
s2aq12e,School transportation expenditures,int32,0=Zero,1,0,0,19812,0,0,0,,,,
s2aq12f,School board and food expenditures,int32,0=Zero,1,0,0,19812,0,0,0,,,,
s2aq12g,Other schooling expenditures,int32,0=Zero,1,0,0,19812,0,0,0,,,,
s2aq12h,Total expenditures on school,int32,0=Zero,1,0,0,2186,0,0,0,,,,
s2aq13_v2,[EICV3..EICV3 version] Responsible for payment of majority of school related ex,int8,"1=Father, 2=Mother, 3=Both parents, 4=Other household members, 5=Other relatives …",11,0,0,21871,0,0,0,,"s2aq13 (EICV1, EICV2)",,
s2aq14,School interuption,int8,"1=Interrupted primary, 2=Interrupted secondary, 3=Interrupted both primary and secondary, 4=Never interrupted",4,0,0,21871,0,0,0,,s2aq14_v2 (EICV1),,
s2aq15,Reason for leaving school,int8,"1=Cost, 2=Work, 3=Marriage, 4=Change of residence, 5=Excluded …",10,0,0,2165,0,0,0,,,,
s2aq16,Length of time of  school interuption,int16,,0,0,0,2165,0,0,0,,,,
s2b1q1,Last primary class successfully attained,int8,"10=No P or S class completed, 11=Primary 1, 12=Primary 2, 13=Primary 3, 14=Primary 4 …",7,0,0,21871,0,0,0,,,,
s2b1q2,Ever repeated primary school class,int8,"1=Yes, 2=No",2,0,0,21871,0,0,0,,,,
s2b1q3,Number of times repeated primary class,int8,,0,0,0,14402,0,0,0,,,,
s2b1q4,Type of primary school attended,int8,"1=Public, 2=Private, 3=Free susdised",3,0,0,21871,0,0,0,,,,
s2b1q5,Currently in primary school,int8,"1=Yes, 2=No he did finish, 3=No he didn't",3,0,0,21871,0,0,0,,,,
s2b1q6,Obtained primary school certificate,int8,"1=Yes, 2=No",2,0,0,4925,0,0,0,,,,
s2b1q7,School joined after primary school,int8,"1=Secondary, 2=Technical or vocationsl, 3=Both secondary and technical, 4=None",4,0,0,4925,0,0,0,,,,
s2b1q8,Highest secondary school class succesfully attained,int8,"30=Did not complete fisrt year primary, 31=Secondary 1, 32=Secondary 2, 33=Secondary 3, 34=Secondary 4 …",7,0,0,4504,0,0,0,,,,
s2b1q9,Ever repeated a secondary school class,int8,"1=Yes, 2=No",2,0,0,4504,0,0,0,,,,
s2b1q10,Number of times repeated secondary school class,int8,,0,0,0,749,0,0,0,,,,
s2b1q11,Highest diploma or class certificate received,int8,"1=Primary completed, 2=Secondary common, 3=Post primary certificate, 4=Diploma A3, D5, D4, 5=Humanities Diploma …",10,0,0,4504,0,0,0,,,,
s2b1q12,Type of secondary school attended,int8,"1=Public, 2=Private, 3=Free or subsidized",3,0,0,4504,0,0,0,,,,
s2b1q13,Currently in secondary school,int8,"1=Yes, 2=No",2,0,0,4504,0,0,0,,,,
s2b2q14,Attended or attending  vocational school or college,int8,"1=Yes, 2=No",2,0,0,1049,0,0,0,,,,
s2b2q15,Highest class succefully attained in  vocational school,int8,"20=Never completed the first year, 21=Post primary 1, 22=Post primary 2, 23=Post primary 3, 24=Post primary 4 …",7,0,0,135,0,0,0,,,,
s2b2q16,Highest vocational certificate obtained,int8,"1=Primary completed, 2=Secondary common, 3=Post primary certificate, 4=Diploma A3, D5, D4, 5=Humanities Diploma …",10,0,0,96,0,0,0,,,,
s2b2q17,Type of vocational school,int8,"1=TechnIcal public, 2=Technical private, 3=Technical private with subsidy, 4=Vocational public, 5=Vocational private …",6,0,0,135,0,0,0,,,,
s2b2q18,Currently attending technical or vocational school,int8,"1=Yes, 2=No",2,0,0,135,0,0,0,,,,
s2b2q19,Attended or attending school of higher learning,int8,"1=Yes, 2=No",2,0,0,953,0,0,0,,,,
s2b2q20,Number of years in school of higher learning,int8,,0,0,0,578,0,0,0,,,,
s2b2q21,Current institution of higher learning attended,int8,"1=College of education, 2=University, 3=Technical College, 4=Institute, 5=Other",5,0,0,583,0,0,0,,,,
s2b2q22,Type of institution,int8,"1=Public, 2=Private, 3=Free or subsidised",3,0,0,583,0,0,0,,,,
s2b2q23,Highset university diploma or certificate obtained,int8,"1=Primary completed, 2=Secondary common, 3=Post primary certificate, 4=Diploma A3, D5, D4, 5=Humanities Diploma …",10,0,0,583,0,0,0,,,,
s2cq1m,When last attended school (Month),int8,,0,0,0,24821,0,0,0,,,,
s2cq1y,When last attended shool (Year),int16,,0,0,0,24821,0,0,0,,,,
s2cq2,Reason for leaving school,int8,"1=Cost, 2=Work, 3=Marriage, 4=Change of residence, 5=Excluded …",12,0,0,26038,0,0,0,,"s2cq2_v2 (EICV2), s2cq2_v3 (EICV1)",,
s2cq3,Highest class succesfully attained in school,int8,"1=Pre-primary, 10=Not complete P1, 11=Primary 1, 12=Primary 2, 13=Primary 3 …",32,0,0,24867,0,0,0,,"s2cq3_v2 (EICV2), s2cq3_v3 (EICV1)",,
s2cq4,Highest school diploma or certificate obtained,int8,"1=Primary completed, 2=Secondary common, 3=Post primary certificate, 4=Diploma A3, D5, D4, 5=Humanities Diploma …",11,0,0,24867,0,0,0,,"s2cq4_v2 (EICV2), s2cq4_v3 (EICV1)",,
s2cq5,Attended any short-term training course<6 months,int8,"1=Yes, 2=No",2,0,0,26038,0,0,0,,"s2cq5_v2 (EICV2), s2cq5_v3 (EICV1)",,
s2cq7,Amount paid on training fees last 12 months,int32,,0,0,0,4589,0,0,0,,"s2cq7_v2 (EICV2), s2cq7_v3 (EICV1)",,
s2cq8,Amount paid on other training costs last 12 months,int32,,0,0,0,4589,0,0,0,,s2cq8_v2 (EICV2),,
s2cq9,Last training related to current employment,int8,"1=Yes, current employment, 2=Yes, future employment, 3=No",3,0,0,4589,0,0,0,,"s2cq9_v2 (EICV2), s2cq9_v3 (EICV1)",,
s2dq1,Able to read a simple written note,int8,"1=Yes, 2=No",2,0,0,41659,0,0,0,,,,
s2dq2,Language able to read,int8,"1=Rwandan, 2=Swahili, 3=French, 4=English, 5=Rwandan and Swahili …",15,0,0,20497,0,0,0,,,,
s2dq3,Able to write a simple letter,int8,"1=Yes, 2=No",2,0,0,20497,0,0,0,,,,
s2dq4,Language able to write,int8,"1=Rwandan, 2=Swahili, 3=French, 4=English, 5=Rwandan and Swahili …",15,0,0,18577,0,0,0,,,,
s2dq5,Attended literacy training courses,int8,"1=Yes, 2=No",2,0,0,41659,0,0,0,,,,
s2dq6,Able to do a written calculation,int8,"1=Yes, 2=No",2,0,0,41659,0,0,0,,,,
s2dq7,Best writting language,int8,"1=French, 2=English, 3=Both, 4=Others, 5=No language",5,0,0,33061,0,0,0,,,,
s2dq8,Ever used a computer,int8,"1=Yes, 2=No",2,0,0,33061,0,0,0,,,,
s2dq9,Confidence to use computer,int8,"1=Yes, 2=No",2,0,0,3748,0,0,0,,,,
s2dq10,Apprenticeship,int8,"1=Yes, currently, 2=Yes, in the past, 3=No",3,0,0,56116,0,0,0,,,,
s2dq11,Length of apprenticeship,int8,"0=Less than one month, 99=Missing",2,0,0,758,0,0,0,,,,
s2dq12,Subject of apprenticeship,int8,"1=Jewelry, 2=Tile setting, 3=Calligraphy, 4= Chaudronnerie, 5=Driver's school …",36,0,0,7272,0,0,0,,,,
s2dq13,Payment of apprenticeship,int8,"1=Yes, in kind payment, 2=Yes, paid cash, 3=No",3,0,0,7272,0,0,0,,,,
s2dq14,Amount paid on fees for apprenticeship last 12 months,int32,,0,0,0,2274,0,0,0,,,,
s2dq15,Amount paid on other costs for apprenticeship last 12 months,int32,,0,0,0,2274,0,0,0,,,,
s3aq1_v2,[EICV3..EICV3 version] PID of respondent,int32,,0,0,0,68398,0,0,0,,"s3aq1 (EICV1, EICV2)",,
s3aq2,Main disability suffered,int8,"1=No disability, 2=Vision disability, 3=Deaf or mute, 4=Disability in the arms, 5=Disability in the legs …",9,0,0,68398,0,0,0,,"s3aq2_v2 (EICV2), s3aq2_v3 (EICV1)",,
s3aq3y,Duration of disability (years),int8,"0=Less than one month, 95=More than 95 years, 97=From birth",3,0,0,3066,0,0,0,,,,
s3aq3m,Duration of disability (months),int8,0=Less than one month,1,0,0,2743,0,0,0,,,,
s3aq7y,Duration of health problem (years),int8,95=Greater than 95 years,1,0,0,11955,0,0,0,,,,
s3aq7m,Duration of health problem (months),int8,0=Less than ome month,1,0,0,11955,0,0,0,,,,
s3aq8,Unable to leave house due to health problem,int8,"1=Yes, 2=No",2,0,0,11955,0,0,0,,"s3aq8_v2 (EICV2), s3aq8_v3 (EICV1)",,
s3aq9,Days unable to leave house,int8,,0,0,0,5957,0,0,0,,"s3aq9_v2 (EICV2), s3aq9_v3 (EICV1)",,
s3aq11,Medical consultation in the last 2 weeks,int8,"1=Yes, 2=No, 3=Don't know",3,0,0,68398,0,0,0,,"s3aq11_v2 (EICV2), s3aq11_v3 (EICV1)",,
s3aq15,Nature of medical establishment,int8,"1=Public, 2=Private, 3=Semi-private",3,0,0,5038,0,0,0,,s3aq15_v2 (EICV2),,
s3aq21,Admition at hospital or any medical establishment in the last 2 weeks,int8,"1=Yes, 2=No, 3=Do not know",3,0,0,68398,0,0,0,,"s3aq21_v2 (EICV2), s3aq21_v3 (EICV1)",,
s3aq24,Purchase of medicines or medical supplies in the last 2 weeks,int8,"1=Yes, 2=No, 3=Do not know",3,0,0,68398,0,0,0,,"s3aq24_v2 (EICV2), s3aq24_v3 (EICV1)",,
s3aq27,Amount paid for transport to and from medical establishment in the last 2 weeks,int32,0=Zero,1,0,0,7024,0,0,0,,s3aq27_v2 (EICV2),,
s3aq28,Amount paid for health care if not possible to itemize,int32,0=Zero,1,0,0,4817,0,0,0,,,,
s3aq29,How much of total expsenses covered by insurance,int32,0=Zero,1,0,0,5445,0,0,0,,,,
s3bq1_v2,[EICV3..EICV3 version] PID of respondent,int32,,0,0,0,10300,0,0,0,,"s3bq1 (EICV1, EICV2)",,
s3bq3,Vaccination card,int8,"1=Yes, 2=No",2,0,0,10249,0,0,0,,s3bq3_v2 (EICV1),,
s3bq4a,Infant vaccination BCG since birth,int8,"1=Yes, complete dose, 2=Yes, incomplete dose, 3=No, 4=Do not know, 5=Not applicable",5,0,0,10249,0,0,0,,"s3bq4a_v2 (EICV2), s3bq4a_v3 (EICV1)",,
s3bq4b,Infant vaccination Polio since birth,int8,"1=Yes, complete dose, 2=Yes, incomplete dose, 3=No, 4=Do not know, 5=Not applicable",5,0,0,10249,0,0,0,,"s3bq4b_v2 (EICV2), s3bq4b_v3 (EICV1)",,
s3bq4c,Infant vaccination DTC since birth,int8,"1=Yes, complete dose, 2=Yes, incomplete dose, 3=No, 4=Do not know, 5=Not applicable",5,0,0,10249,0,0,0,,,,
s3bq4d,Infant vaccination Measles since birth,int8,"1=Yes, complete dose, 2=Yes, incomplete dose, 3=No, 4=Do not know, 5=Not applicable",5,0,0,10249,0,0,0,,,,
s3bq5a,Vaccination BCG last 12 months,int8,"1=Yes, complete dose, 2=Yes, incomplete dose, 3=No, 4=Do not know, 5=Not applicable",5,0,0,10249,0,0,0,,s3bq5a_v2 (EICV1),,
s3bq5b,Vaccination polio last 12 months,int8,"1=Yes, complete dose, 2=Yes, incomplete dose, 3=No, 4=Do not know, 5=Not applicable",5,0,0,10249,0,0,0,,s3bq5b_v2 (EICV1),,
s3bq5c,Vaccination DTC last 12 months,int8,"1=Yes, complete dose, 2=Yes, incomplete dose, 3=No, 4=Do not know, 5=Not applicable",5,0,0,10249,0,0,0,,,,
s3bq5d,Vaccination Measles last 12 months,int8,"1=Yes, complete dose, 2=Yes, incomplete dose, 3=No, 4=Do not know, 5=Not applicable",5,0,0,10249,0,0,0,,,,
s3bq6,Place of last vaccination,int8,"1=Hospital, 2=Health centre, 3=School, 4=Mobile unit, 5=Vaccination campaign …",7,0,0,10249,0,0,0,,"s3bq6_v2 (EICV2), s3bq6_v3 (EICV1)",,
s3bq7,Amount paid or to pay for last vaccination,int32,,0,0,0,10249,0,0,0,,"s3bq7_v2 (EICV2), s3bq7_v3 (EICV1)",,
s4aq1_v2,[EICV3..EICV3 version] PID of respondent,int32,,0,0,0,68398,0,0,0,,"s4aq1 (EICV4_CS, EICV5_CS, EICV7_CS), s4aq1_v3 (EICV1)",,
s4aq2_v2,[EICV3..EICV3 version] Always lived in the district,int8,"1=Yes, 2=No",2,0,0,68398,0,0,0,,"s4aq2 (EICV4_CS, EICV5_CS, EICV7_CS), s4aq2_v3 (EICV1)",,
s4aq3y,Duration since last move (years),int8,0=Less than one year,1,0,0,20640,0,0,0,,,,
s4aq3m,Duration since last move (months0,int8,,0,0,0,20640,0,0,0,,,,
s4aq4,District or foreign country lived prior to current place,int8,"1=Nyarugenge, 2=Gasabo, 3=Kicukiro, 4=Nyanza, 5=Gisagara …",36,0,0,20640,0,0,0,,s4aq4_v2 (EICV1),,
s4aq5_v2,[EICV3..EICV3 version] Kind of place lived prior to current place,int8,"0=Less than one year, 1=Capital, 2=Big city, 3=Other town, 4=Countryside",5,0,0,20640,0,0,0,,"s4aq5 (EICV4_CS, EICV5_CS), s4aq5_v3 (EICV1)",,
s4aq6,Duration lived in the previuos location years,int8,0=Less than one year,1,0,0,20640,0,0,0,,s4aq6_v2 (EICV1),,
s4aq7_v3,[EICV3..EICV3 version] Primary reason for moving,int8,"1=Employment, 2=Loss of employment, 3=Employment of spouse, 4=Marriage, 5=Othe family reasons …",14,0,0,20640,0,0,0,,"s4aq7 (EICV1, EICV5_CS, EICV7_CS), s4aq7_v2 (EICV4_CS)",,
s4aq8_v3,[EICV3..EICV3 version] Who you moved with,int8,"1=Alone, 2=Part of family, 3=All of family",3,0,0,20640,0,0,0,,"s4aq8 (EICV4_CS, EICV7_CS), s4aq8_v2 (EICV1, EICV5_CS)",,
s4bq1_v3,[EICV3..EICV3 version] Take a domestic trip in the mast 12 months,int8,"1=Yes, 2=No",2,0,0,37911,0,0,0,,"s4bq1 (EICV5_CS, EICV7_CS), s4bq1_v2 (EICV4_CS), s4bq1_v4 (EICV1)",,
s4bq2_v3,[EICV3..EICV3 version] How many domestic trips taken in the last 12 month,int8,,0,0,0,15073,0,0,0,,"s4bq2 (EICV5_CS, EICV7_CS), s4bq2_v2 (EICV4_CS), s4bq2_v4 (EICV1)",,
s4bq3a,Day trips taken in the last 12 months,int8,,0,0,0,15073,0,0,0,,s4bq3a_v2 (EICV1),,
s4bq3b,Over night trips taken in the last 12 months,int8,,0,0,0,15073,0,0,0,,s4bq3b_v2 (EICV1),,
s4bq3c,Total number if nights away from home,int16,,0,0,0,15073,0,0,0,,,,
s4bq4_v2,[EICV3..EICV3 version] Principal destination on the last trip,int16,"1=Nyarugenge, 2=Gasabo, 3=Kicukiro, 4=Nyanza, 5=Gisagara …",36,0,0,15073,0,0,0,,"s4bq4 (EICV4_CS, EICV5_CS, EICV7_CS), s4bq4_v3 (EICV1)",,
s4bq5_v4,[EICV3..EICV3 version] Main purpose of the visit,int8,"1=Leisure or vacation, 2=Visiting friends or relatives, 3=Business conference, 4=Medical, 5=Religious …",6,0,0,15073,0,0,0,,"s4bq5 (EICV7_CS), s4bq5_v2 (EICV5_CS), s4bq5_v3 (EICV4_CS), s4bq5_v5 (EICV1)",,
s4bq6_v4,[EICV3..EICV3 version] Nights away on the most recent trip,int8,,0,0,0,15073,0,0,0,,"s4bq6 (EICV7_CS), s4bq6_v2 (EICV5_CS), s4bq6_v3 (EICV4_CS), s4bq6_v5 (EICV1)",,
s4bq7_v4,[EICV3..EICV3 version] Main type of accomodation on the most recent trip,int8,"1=Hotel or similar, 2=Friends or family, 3=Other",3,0,0,9785,0,0,0,,"s4bq7 (EICV7_CS), s4bq7_v2 (EICV5_CS), s4bq7_v3 (EICV4_CS)",,
s4bq8_v2,[EICV3..EICV3 version] Mode of transport,int8,"1=Private transport, 2=Bus or minibus, 3=Motorcycle, 4=Boat, 5=Foot (recoded) …",6,0,0,15073,0,0,0,,"s4bq8 (EICV4_CS, EICV7_CS), s4bq8_v3 (EICV1)",,
s4bq9a_v2,[EICV3..EICV3 version] Amount spent on accomodation,int32,,0,0,0,15073,0,0,0,,s4bq9a (EICV5_CS),,
s4bq9b_v2,[EICV3..EICV3 version] Amount spent on food and beverages,int32,,0,0,0,15073,0,0,0,,s4bq9b (EICV5_CS),,
s4bq9c_v2,[EICV3..EICV3 version] Amount spent on transport,int32,,0,0,0,15073,0,0,0,,s4bq9c (EICV5_CS),,
s4bq9d_v2,[EICV3..EICV3 version] Amount spent on tour guides,int32,,0,0,0,15073,0,0,0,,s4bq9d (EICV5_CS),,
s4bq9e_v2,[EICV3..EICV3 version] Amount spent on recreation or entertainment,int32,,0,0,0,15073,0,0,0,,s4bq9e (EICV5_CS),,
s4bq9f_v2,[EICV3..EICV3 version] Amount spent shopping,int32,,0,0,0,15073,0,0,0,,s4bq9f (EICV5_CS),,
s4bq9g_v2,[EICV3..EICV3 version] Amount spent on other services,int32,,0,0,0,15073,0,0,0,,s4bq9g (EICV5_CS),,
s4bq9h_v2,[EICV3..EICV3 version] Total amount spent on last trip,int32,,0,0,0,4994,0,0,0,,s4bq9h (EICV5_CS),,
s4bq10_v2,[EICV3..EICV3 version] Number of people covered by expenditure,int8,,0,0,0,15073,0,0,0,,s4bq10 (EICV7_CS),,
pid_nisr,NISR person id as shipped (EICV3 PID = hhid*100 + person),double,,0,0,0,68398,0,0,0,,,,
s6aq1,ID number of respondent,int32,,0,0,0,56116,0,53664,0,EICV3: module s06ab_occupation,s6aq1_v2 (EICV2),EICV3: PID of respondent,
s6aq2_v2,[EICV3..EICV4_CS version] Work on own/HH farm (last 12 months),int8,"1=Yes, 2=No, 9=Missing",3,0,0,56116,55079,0,0,,"s6aq2 (EICV5_CS, EICV7_CS), s6aq2_v3 (EICV2)",EICV3: Cultivated own farm in the alsat 12 months; EICV4_CS: Work on own/HH farm (last 12 months),
s6aq3,"Agricultural work for salary, wages, in-kind (last 12 months)",int8,"1=Yes, 2=No, 9=Missing",3,0,0,56116,55079,0,0,EICV3: module s06ab_occupation,"s6aq3_v2 (EICV7_CS), s6aq3_v3 (EICV5_CS), s6aq3_v4 (EICV2)",EICV3: Paid agricultural activity in the last 12 months,
s6aq4,Worked for salary or wages in non-farm sector in the last 12 months,int8,"1=Yes, 2=No, 9=Missing",3,0,0,56116,55079,53666,0,EICV3: module s06ab_occupation,"s6aq4_v2 (EICV2, EICV7_CS)",EICV3: Worked fo salary or wages in non-farm sector in th; EICV4_CS: Non-farm work for salary or wages (last 12 months),
s6aq5,Run a non-farm business for cash or profit in the last 12 months,int8,"1=Yes, 2=No, 9=Missing",3,0,0,56116,55079,53666,0,EICV3: module s06ab_occupation,"s6aq5_v2 (EICV7_CS), s6aq5_v3 (EICV2)",EICV3: Run a non-fram business for cash or profit in the ; EICV4_CS: Non-farm business for cash/profit (last 12 months),
s6aq6,Worked in a non-fam business in the last 12 months,int8,"1=Yes, 2=No, 3=VUP does not exist here",3,0,0,56116,0,53666,0,EICV3: module s06ab_occupation,"s6aq6_v2 (EICV7_CS), s6aq6_v3 (EICV4_CS), s6aq6_v4 (EICV2)",EICV3: Participation in VUP works program in the last 12 ,
s6aq7_v2,[EICV3..EICV3 version] Occupational status over last 12 months,int8,"1=Domestic studies, 2=Student, 3=Retired, 4=Living on investments, 5=Sickness or health …",10,0,0,23477,0,0,0,,s6aq7 (EICV7_CS),,
s6bq3_v2,[EICV3..EICV3 version] Wish of additional or new employment,int8,"1=Yes, 2=No",2,0,0,56116,0,0,0,,"s6bq3 (EICV7_CS), s6bq3_v3 (EICV2)",,
s6bq5_v2,[EICV3..EICV3 version] Number of desired extra work hours per week,int8,,0,0,0,17863,0,0,0,,"s6bq5 (EICV7_CS), s6bq5_v3 (EICV2)",,
s6bq6a,Something done to secure employment-1,int8,"1=Asked a friend or relaitve, 2=Applied for a job, 3=Called in employers, 4=Listened to radio announcements, 5=Read published announcements …",7,0,0,17863,0,0,0,EICV3: module s06ab_occupation,s6bq6a_v2 (EICV2),,
s6bq6b,Something done to secure employment-2,int8,"1=Asked a friend or relaitve, 2=Applied for a job, 3=Called in employers, 4=Listened to radio announcements, 5=Read published announcements …",7,0,0,17863,0,0,0,EICV3: module s06ab_occupation,s6bq6b_v2 (EICV2),,
s6bq9,Still employed at full-time job,int8,"1=Yes, 2=No",2,0,0,4932,0,0,0,EICV3: module s06ab_occupation,,,
s6bq10y,Year stopped working ful time job,int16,,0,0,0,2710,0,0,0,EICV3: module s06ab_occupation,,,
s6bq10m,Month stopped working full time job,int8,0=,1,0,0,2710,0,0,0,EICV3: module s06ab_occupation,,,
s6gq1,Foraging firewood for household last 7 days,int8,"1=Yes, 2=No",2,0,0,56116,0,0,0,EICV3: module s06g_timeuse,,,
s6gq2,Number of hours spent foraging fire wood last 7 days,int8,0=Less than an hour,1,0,0,22313,0,0,0,EICV3: module s06g_timeuse,,,
s6gq3,Fodder serching or grazing for household animals last 7 days,int8,"1=Yes, 2=No",2,0,0,56116,0,0,0,EICV3: module s06g_timeuse,,,
s6gq4,Number of hours spent carring or searching foder,int8,0=Less than an hour,1,0,0,25660,0,0,0,EICV3: module s06g_timeuse,,,
s6gq5,Water searching or fetching last 7 days,int8,"1=Yes, 2=No",2,0,0,56116,0,0,0,EICV3: module s06g_timeuse,,,
s6gq6,Number of hours spent searching for water last 7 days,int8,0=Less than an hour,1,0,0,32600,0,0,0,EICV3: module s06g_timeuse,,,
s6gq7,Going to the market for household last 7 days,int8,"1=Yes, 2=No",2,0,0,56116,0,0,0,EICV3: module s06g_timeuse,,,
s6gq8,Number of hours spent in market last 7 days,int8,0=Less than an hour,1,0,0,14660,0,0,0,EICV3: module s06g_timeuse,,,
s6gq9,Cooking for household last 7 days,int8,"1=Yes, 2=No",2,0,0,56116,0,0,0,EICV3: module s06g_timeuse,,,
s6g10,Number of hours spent cooking over last 7 days,int8,0=Less than an hour,1,0,0,28956,0,0,0,EICV3: module s06g_timeuse,,,
s6gq11,"Other household chores;laundry,cleaning,looking after children,etc last 7 days",int8,"1=Yes, 2=No",2,0,0,56116,0,0,0,EICV3: module s06g_timeuse,,,
s6gq12,Number of hours spent on other househld chores last 7 days,int8,0=Less than an hour,1,0,0,33129,0,0,0,EICV3: module s06g_timeuse,,,
ur2012,Urban/Rural 2012 (4 categories),int8,"1=Urban, 2=Semi urban, 3=Peri urban, 4=Rural",4,0,0,0,66081,0,0,,,,
region,Region,int8,"1=Kigali, 2=Other urban, 3=Southern rural, 4=Western rural, 5=Northern rural …",6,0,0,0,66081,64314,0,,,,"{""1"": [""Kigali"", ""Kigali City""], ""3"": [""Rural Southern"", ""Southern rural""], ""4"": [""Rural Western"", ""Western rural""], ""5"": [""Northern rural"", ""Rural Northern""], ""6"": [""Eastern rural"", ""Rural Eastern""]}"
hhtype,Type of household according to the sample,int8,"1=New sample (cluster>=2000 and cluster<5000), 2=Panel head of households in the same cluster, 3=Panel head of households outside cluster, 4=Panel other relative inside the same cluster, 5=Panel other relative outside cluster …",8,0,0,0,66081,0,0,,,,
s0q19m,Month of interview,int8,,0,0,0,0,66081,0,0,EICV4_CS: module current_main_activity6,,,
s0q19y,Year of interview,int8,,0,0,0,0,66081,0,0,EICV4_CS: module current_main_activity6,,,
pop_wt,Population Weight,double,,0,0,0,0,63040,0,0,,,,
rwanda,All Rwanda,int8,1=All Rwanda,1,0,0,0,66081,0,0,,,,
surveyh,EICV4 survey sample,int8,"1=New Sample, 2=Panel, 3=VUP",3,0,0,0,66081,0,0,,,,
consumption,aggregate consumption/ae in Jan14 Prices,double,,0,0,0,0,66081,0,0,EICV4_CS: module current_main_activity6,,,
s1q15_v2,[EICV4_CS..EICV4_CS version] HH membership,int8,"1=Yes, 2=No",2,0,0,0,66081,0,0,,"s1q15 (EICV5_CS), s1q15_v3 (EICV1)",,
s2q1,ID number of respondent,int32,97=It is not a HH member,1,0,0,0,66025,64314,0,,,EICV4_CS: pid of respondent,
s2q2,Always lived in the district,int8,"1=Yes, 2=No, 9=Missing",3,0,0,0,66033,64314,62110,,,,
s2q3y,Duration since last move (years),int8,"0=Less than one year, 99=Missing",2,0,0,0,21050,18653,18102,,,EICV4_CS: Time since last move (years); EICV5_CS: Duration since last move _years_,
s2q3m,Duration since last move (months),int8,99=Missing,1,0,0,0,21050,18653,2078,,,EICV4_CS: Time since last move (months); EICV5_CS: Duration since last move _months_,
s2q4,District or foreign country lived prior to current place,int8,"11=Nyarugenge, 12=Gasabo, 13=Kicukiro, 21=Nyanza, 22=Gisagara …",38,0,0,0,21050,18653,0,,,EICV4_CS: District or foreign country lived prior to arrival,"{""42"": [""Gakenke"", ""Gkenke""]}"
s2q5,Kind of place lived prior to current place,int8,"1=Capital, 2=Big city, 3=Other town, 4=Countryside",4,0,0,0,14510,14669,15741,,,EICV4_CS: Kind of place lived prior to arrival,
s2q6,Duration lived in the previuos location years,int16,"0=Less than one year, 99=Missing",2,0,0,0,21050,18653,18102,,,EICV4_CS: Duration of stay in the previous location (years),
s2q7,Primary reason for moving,int8,"1=Employment, 2=Loss of employment, 3=Employment of spouse, 4=Marriage, 5=Other family reasons, specify …",17,0,0,0,21050,18653,18102,,,,"{""5"": [""Other family reasons"", ""Other family reasons, specify""], ""7"": [""Disasters"", ""Disasters or conflicts"", ""Disasters or insecurity""], ""8"": [""Bad health"", ""Health""], ""9"": [""House built elsewhere"", ""Live in their Own house built elsewhere""], ""13"": [""Desire to return home"", ""Parent/HH moved""], ""14"": [""Inadequate access to public services/infrastructure"", ""Parent/HH moved""], ""15"": [""Other"", ""Other _specify_"", ""Return home""], ""16"": [""Return home"", ""conflicts""]}"
s2q8,Move alone or with other members of your household,int8,"1=Alone, 2=Part of Household, 3=All of Household, 9=Missing",4,0,0,0,21050,18653,18102,,,EICV4_CS: Moved alone or with other HH members,"{""2"": [""Part of House hold"", ""Part of Household"", ""Part of family""], ""3"": [""All of House hold"", ""All of Household"", ""All of family""]}"
s3q1,ID number of respondent,int32,97=It is not a HH member,1,0,0,0,66001,64314,0,,,EICV4_CS: pid of respondent,
s3q2_v2,[EICV4_CS..EICV4_CS version] Suffers from a major disability,int8,"1=Without Disability, 2=Visual disability, 3=Deaf and/or mute, 4=Disability in the arms, 5=Disability in the legs …",10,0,0,0,66033,0,0,,"s3q2 (EICV5_CS, EICV7_CS)",,
s3q3,Main health insurance carry,int8,"1=CBHI (Mutuelle de Sante), 2=RSSB (former RAMA), 3=MMI, 4=Schools, 5=Employer …",9,0,0,0,66033,0,53149,,s3q3_v2 (EICV5_CS),EICV4_CS: Main health insurance,"{""1"": [""CBHI (Mutuelle de Sante)"", ""RAMA""], ""2"": [""Mutual insurance"", ""RSSB (former RAMA)""], ""3"": [""Employer"", ""MMI""], ""4"": [""MMI"", ""Schools""], ""5"": [""Employer"", ""Other insurance""], ""6"": [""None"", ""Private insurance companies""]}"
s3q4_v3,[EICV4_CS..EICV4_CS version] Suffered from health problem in the last 4 weeks,int8,"1=Yes, 2=No, 9=Missing",3,0,0,0,66033,0,0,,"s3q4 (EICV7_CS), s3q4_v2 (EICV5_CS)",,
s3q5_v2,[EICV4_CS..EICV4_CS version] Nature of the health problem,int8,"1=Malaria, 2=Internal parasites, 3=Respiratory infection, 4=Skin disease, 5=Accident/injury …",10,0,0,0,16807,0,0,,"s3q5 (EICV5_CS, EICV7_CS)",,
s3q6,Main reason for medical consultation,int8,"1=General visit or preventive, 2=Sickness, 3=Injury, 4=Sickness and injury, 5=Vaccination …",9,0,0,0,66033,0,14045,,s3q6_v2 (EICV5_CS),EICV4_CS: Medical consultation over the last 4 weeks,"{""1"": [""General visit or preventive"", ""Yes""], ""2"": [""No"", ""Sickness""], ""8"": [""Don't know"", ""Other (specify)""]}"
s3q7_v2,[EICV4_CS..EICV4_CS version] Reason for medical consultation,int8,"1=General visit or preventive, 2=Sickness, 3=Injury, 4=Sickness and injury, 5=Vaccination …",9,0,0,0,10887,0,0,,"s3q7 (EICV5_CS, EICV7_CS)",,
s4aq1,Ever been to school or organized learning,int8,"1=Yes, 2=No, 9=Missing",3,0,0,0,60442,58701,62110,,"s4aq1_v2 (EICV3), s4aq1_v3 (EICV1)",EICV4_CS: Ever been to school; EICV5_CS: Ever been to school,
s4aq2,Highest class succesfully attended in school,int8,"1=ECD, 2=Nursery, 3=Primary, 4=INGOBOKA /Vocational training, 5=Lower secondary …",35,0,0,0,48328,47900,52400,,"s4aq2_v2 (EICV3), s4aq2_v3 (EICV1)",EICV4_CS: Highest class successfully completed; EICV5_CS: Highest class succesfully attained in school,"{""1"": [""ECD"", ""Pre-primary""]}"
s4aq3,Highest diploma/certificate/ degree you have ever obtained,int8,"1=Primary school certificate, 2=Post primary certificate  (CE/FM/TVET I/TVET II), 3=EMA/ENTA, 4=O' level Certificate, 5=A3/D4/D5 …",17,0,0,0,15936,16634,19554,,s4aq3_v2 (EICV1),EICV4_CS: Highest diploma obtained,"{""6"": [""A2/D6/D7"", ""Baccalaureat _D6+2-3_"", ""Bachelors""], ""7"": [""License"", ""Professional license"", ""TVET certificate III""], ""99"": [""Do not know"", ""Missing"", ""No diploma""], ""1"": [""Primary completed"", ""Primary school certificate""], ""2"": [""Post primary certificate  (CE/FM/TVET I/TVET II)"", ""Secondary common""], ""3"": [""EMA/ENTA"", ""Post primary certificate""], ""4"": [""Diploma A3, D5, D4"", ""O' level Certificate""], ""5"": [""A3/D4/D5"", ""Humanities Diploma""], ""8"": [""Engineer"", ""TVET certificate IV""], ""9"": [""Masters"", ""TVET certificate V""], ""10"": [""Doctorate"", ""TVET advanced diploma (A1""]}"
s4aq4a,Field of education of diploma,string,,0,32153,34785,68398,66081,64314,62110,,,,
s4aq4b,ISCED,int16,"1=Basic programmes, 8=Literacy and numeracy, 9=Personal development, 14=Teacher training and education science, 21=Arts …",27,0,0,0,2641,3359,0,,,EICV4_CS: ISCED code,
s4aq5,Last institution of higher learning you attended,int8,"1=University, 2=Institute/school, 3=Polytechnic, 4=College of Education, 5=Technical College …",8,0,0,0,2576,3297,0,,"s4aq5_v2 (EICV3), s4aq5_v3 (EICV1)",EICV4_CS: Last higher institution attended,
s4aq6a,Class attended in 2022/2023,int8,"0=Not in class, 1=P1, 2=P2, 3=P3, 4=P4 …",38,0,0,0,32860,45207,42142,,,EICV4_CS: Class attended during school year 2012; EICV5_CS: Class attended in 2015,"{""1"": [""P1"", ""Pre-primary""], ""11"": [""Primary 1"", ""S5""], ""12"": [""Primary 2"", ""S6""], ""13"": [""Primary 3"", ""UNIVERSITY""], ""14"": [""Nursery"", ""Primary 4""]}"
s4aq6b,Class attended in 2023/2024,int8,"0=Not in class, 1=P1, 2=P2, 3=P3, 4=P4 …",38,0,0,0,32860,45207,47478,,,EICV4_CS: Class attended during school year 2013; EICV5_CS: Class attended in 2016,"{""1"": [""P1"", ""Pre-primary""], ""11"": [""Primary 1"", ""S5""], ""12"": [""Primary 2"", ""S6""], ""13"": [""Primary 3"", ""UNIVERSITY""], ""14"": [""Nursery"", ""Primary 4""]}"
s4aq7_v2,[EICV4_CS..EICV4_CS version] Attended school in previous 12 months,int8,"1=Yes, 2=No, 9=Missing",3,0,0,0,34734,0,0,,"s4aq7 (EICV1, EICV5_CS, EICV7_CS), s4aq7_v3 (EICV3)",,
s4aq8,Highest level of education attended in last 12 months,int8,"1=ECD, 2=Nursery, 3=Primary, 4=INGOBOKA /Vocational training, 5=Lower secondary …",8,0,0,0,20576,0,23094,,"s4aq8_v2 (EICV1, EICV5_CS), s4aq8_v3 (EICV3)",EICV4_CS: Type of school attended in previous 12 months,"{""1"": [""ECD"", ""Public""], ""2"": [""Nursery"", ""Private""], ""3"": [""Free Subsidized"", ""Primary""]}"
s4aq9,Problems with school,int8,"1=No problem, 2=Books not available, 3=Mediocre teaching, 4=Not enough teachers, 5=Teachers absent …",9,0,0,0,20576,21403,0,,"s4aq9_v2 (EICV7_CS), s4aq9_v3 (EICV1)",EICV4_CS: Problem experienced at school,"{""7"": [""Other (specify)"", ""Other _specify_""], ""8"": [""Don't know"", ""Don\u00e2\u20ac\u2122t know""]}"
s4aq10,Separate toilet facilities at school,int8,"1=Yes, 2=No, 8=Do not know, 9=Missing",4,0,0,0,20576,21403,0,,s4aq10_v2 (EICV7_CS),EICV4_CS: School has separate toilet facilities for boys and,
s4aq11a,Registration and school fees,int32,"0=Zero, 9999999=Missing",2,0,0,0,20750,16584,0,,,,
s4aq11b,Parent contributions,int32,"0=Zero, 999999=Missing",2,0,0,0,20750,16584,0,,,,
s4aq11c,School uniforms,int32,"0=Zero, 999999=Missing",2,0,0,0,20750,16584,0,,,EICV4_CS: School uniforms expenses,
s4aq11d,Books and school supplies,int32,"0=Zero, 9999999=Missing",2,0,0,0,20750,16584,0,,,EICV4_CS: Books and school supplies expenses,
s4aq11e,Transport to and from school,int32,"0=Zero, 9999999=Missing",2,0,0,0,20750,16584,0,,,EICV4_CS: Transport to and from school expenses,
s4aq11f,Room and board _or board only_,int32,"0=Zero, 9999999=Missing",2,0,0,0,20750,16584,0,,,EICV4_CS: Room and board (or board only) expenses,
s4aq11g_v2,[EICV4_CS..EICV4_CS version] Other school expenses,int32,"0=Zero, 999999=Missing",2,0,0,0,20750,0,0,,s4aq11g (EICV5_CS),,
s4aq11h,Total education expenses _non-distributed option_,int32,"0=Zero, 9999999=Missing",2,0,0,0,1700,4819,0,,,EICV4_CS: Total education expenses (non-distributed option),
s4aq12_v2,[EICV4_CS..EICV4_CS version] Who paid school expenses over last 12 months,int8,"1=Father, 2=Mother, 3=Both parents, 4=Other household members, 5=Other relatives …",12,0,0,0,21862,0,0,,s4aq12 (EICV5_CS),,
s4aq13,Miss any day at school last 7 days?,int8,"1=Yes, 2=No, 9=Missing",3,0,0,0,20576,18757,0,,,EICV4_CS: Missed any day at school in the last 7 days?,
s4aq14,Many school days not attend last week,int8,99=Missing,1,0,0,0,8820,9044,0,,,EICV4_CS: Number of school days missed in the last 7 days,
s4aq15,Primary cause of not attending school,int8,"1=Dropped out, 2=Poor health, 3=Hunger, 4=Financial Reasons, 5=Family circumstances …",11,0,0,0,8820,9044,0,,s4aq15_v2 (EICV7_CS),EICV4_CS: Cause of not attending school,"{""10"": [""Other"", ""Other_specify_""]}"
s4aq16,Year did leave school,int16,9999=Missing,1,0,0,0,12282,26497,0,,s4aq16_v2 (EICV7_CS),EICV4_CS: Year left school,
s4aq17,Reason for leaving school,int8,"1=Cost, 2=Work, 3=Marriage, 4=Change of residence, 5=Excluded …",12,0,0,0,13236,27053,0,,s4aq17_v2 (EICV7_CS),,"{""11"": [""Other (Specify)"", ""Other _Specify_""]}"
s4bq1_v2,[EICV4_CS..EICV4_CS version] Post-school/vocational training in last 12 months,int8,"1=Yes, 2=No, 9=Missing",3,0,0,0,47300,0,0,,"s4bq1 (EICV5_CS, EICV7_CS), s4bq1_v3 (EICV3), s4bq1_v4 (EICV1)",,
s4bq2_v2,[EICV4_CS..EICV4_CS version] Expense of post-school/vocational training,int32,"0=Zero, 99999999=Missing",2,0,0,0,971,0,0,,"s4bq2 (EICV5_CS, EICV7_CS), s4bq2_v3 (EICV3), s4bq2_v4 (EICV1)",,
s4bq3_v2,[EICV4_CS..EICV4_CS version] Can read a letter or a simple note,int8,"1=Yes, 2=No, 9=Missing",3,0,0,0,47300,0,0,,"s4bq3 (EICV5_CS, EICV7_CS)",,
s4bq4,Able to read a simple note,int8,"1=Yes, 2=No, 9=Missing",3,0,0,0,34214,46765,46500,,"s4bq4_v2 (EICV3), s4bq4_v3 (EICV1)",EICV4_CS: Can write a letter or a simple note,
s4bq5_v3,[EICV4_CS..EICV4_CS version] Can perform a written calculation,int8,"1=Yes, 2=No, 9=Missing",3,0,0,0,47300,0,0,,"s4bq5 (EICV7_CS), s4bq5_v2 (EICV5_CS), s4bq5_v4 (EICV3), s4bq5_v5 (EICV1)",,
s4bq6_v3,[EICV4_CS..EICV4_CS version] Feels confident about using a computer,int8,"1=Yes, 2=No, 3=No literate, 9=Missing",4,0,0,0,47300,0,0,,"s4bq6 (EICV7_CS), s4bq6_v2 (EICV5_CS), s4bq6_v4 (EICV3), s4bq6_v5 (EICV1)",,
s4bq7_v3,[EICV4_CS..EICV4_CS version] Attended literacy course,int8,"1=Yes, 2=No, 9=Missing",3,0,0,0,47300,0,0,,"s4bq7 (EICV7_CS), s4bq7_v2 (EICV5_CS), s4bq7_v4 (EICV3)",,
s4bq8,Have a mobile telephone,int8,"1=Yes, 2=No, 9=Missing",3,0,0,0,47300,0,46500,,"s4bq8_v2 (EICV3), s4bq8_v3 (EICV1)",EICV4_CS: Has a mobile telephone,
s6aq6_v3,[EICV4_CS..EICV4_CS version] Worked in HH member non-farm business for no paymen,int8,"1=Yes, 2=No, 9=Missing",3,0,0,0,55079,0,0,,"s6aq6 (EICV3, EICV5_CS), s6aq6_v2 (EICV7_CS), s6aq6_v4 (EICV2)",,
s6aq7a,Many jobs over past 12 months,int8,99=Missing,1,0,0,0,55070,32762,0,,,EICV4_CS: Number of jobs over past 12 months,
s6aq7b,Many jobs over past 7 days,int8,9=Missing,1,0,0,0,55079,33145,0,,,EICV4_CS: Number of jobs over past 7 days,
s6aq8,Many months has been occupied during the last 12 months,int8,"1=Unemployed /seeking work, 2=Domestic duties, 3=Student, 4=Retired/old age, 5=Sickness/Health problems/disability …",8,0,0,0,21625,32762,0,,s6aq8_v2 (EICV7_CS),EICV4_CS: Main reason for not working (last 12 months),
s6eq1_v2,[EICV4_CS..EICV4_CS version] Worked for one hour in the last 7 days in S6A activ,int8,"1=Yes, 2=No, 9=Missing",3,0,0,0,55079,0,0,,s6eq1 (EICV5_CS),,
s6eq2_v2,[EICV4_CS..EICV4_CS version] Usually works but absent last week,int8,"1=Yes, absent, 2=No, 9=Missing",3,0,0,0,25232,0,0,,s6eq2 (EICV5_CS),,
s6eq3_v2,[EICV4_CS..EICV4_CS version] Reason for absence from work; last 7 days,int8,"1=Sick/injured, 2=No work, 3=Season, 4=Weather, 5=Leave …",7,0,0,0,3266,0,0,,s6eq3 (EICV5_CS),,
s6eq4_v2,[EICV4_CS..EICV4_CS version] Usual hours worked in job; 7 day period,int8,99=Missing,1,0,0,0,3266,0,0,,"s6eq4 (EICV5_CS), s6eq4_v3 (EICV2)",,
s6eq5_v2,[EICV4_CS..EICV4_CS version] Worked in other activities in the last 7 days,int8,"1=Yes, at least one of them, 2=None of the above, 9=Missing",3,0,0,0,21966,0,0,,s6eq5 (EICV5_CS),,
s6eq6_v2,[EICV4_CS..EICV4_CS version] Reason not working in the last 7 days,int8,"1=Unemployed, 2=Domestic duties, 3=Student, 4=Retired, 5=Sickness/Health problems/disability …",9,0,0,0,20350,0,0,,s6eq6 (EICV5_CS),,
s6eq7,Able to start work if the opportunity existed,int8,"1=Yes, 2=No, 9=Missing",3,0,0,0,8294,0,0,,,,
s6eq8,Seeking a job during the last 4 weeks,int8,"1=Yes, 2=No, 9=Missing",3,0,0,0,8294,0,0,,,,
s6eq9,Steps taken to seek work during last 4 weeks,int8,"1=friend to help, 2=Applied for a job, 3=Called on employers, 4=Listened to radio announcements, 5=Read published announcements …",9,0,0,0,354,0,0,,,,
s6eq10,Desire to work at the present,int8,"1=Yes, 2=No, 9=Missing",3,0,0,0,7940,0,0,,,,
s6eq11,Reason not seeking a job in last 4 weeks,int8,"1=Discouraged seeker, 2=Waiting to start a new job promised, 3=Waiting to create own job, 4=Others (specify), 9=Missing",5,0,0,0,377,0,0,,,,
s6eq12a,Period looking for a job (year),int8,99=Missing,1,0,0,0,712,0,0,,,,
s6eq12b,Period looking for a job (month),int8,"0=No months, 99=Missing",2,0,0,0,712,0,0,,,,
s6eq13,Ever worked before,int8,"1=Yes, 2=No, 9=Missing",3,0,0,0,8294,0,0,,,,
s6eq14,Reason stopped working in last job,int8,"1=Under payment, 2=Late payment, 3=Physical/social harassment, 4=Poor working Conditions, 5=Marital/family commitments …",12,0,0,0,643,0,0,,,,
s6eq15,Employment status last job,int8,"1=Paid employee, 2=Employer, 3=Own account worker, 4=Unpaid family worker, 5=Member of Cooperative …",9,0,0,0,643,0,0,,,,
s6eq16,Kind of establishments in previous employment,int8,"1=Private non-farm, 2=Private farm, 3=Public, 4=Cooperative, 5=NGO (local) …",12,0,0,0,643,0,0,,,,
s6eq17,Wanted additional work,int8,"1=Yes, 2=No, 9=Missing",3,0,0,0,34729,0,0,,,,
s6eq18,Number of additional hours preferred to work in last 7 days,int8,"0=No additional hours, 99=Missing",2,0,0,0,16193,0,0,,,,
s6eq19,Desire to change current job,int8,"1=Yes, 2=No, 9=Missing",3,0,0,0,34729,0,0,,,,
s6eq20,Reason wants to change current job,int8,"1=Wants higher pay, 2=Wants timely pay, 3=Stop harassment, 4=Better environment, 5=Fit in with family commitments …",9,0,0,0,12099,0,0,,,,
s6eq21,Current main job/activity match training,int8,"1=Yes, 2=No different occupation to qualification, 3=No lower job than qualification, 4=No higher job than qualification), 9=Missing",5,0,0,0,34729,0,0,,,,
s6eq0a,ID number,int32,,0,0,0,0,377,0,0,,,,
s6fq1,Fetched water last 7 days,int8,"1=Yes, 2=No, 9=Missing",3,0,0,0,54133,0,0,,,,
s6fq2,Number of hours fetching water last 7 days,int8,"0=Less than an hour, 99=Missing",2,0,0,0,31185,0,0,,,,
s6fq3,Foraged for firewood last 7 days,int8,"1=Yes, 2=No, 9=Missing",3,0,0,0,54133,0,0,,,,
s6fq4,Number of hours foraging for wood last 7 days,int8,"0=Less than an hour, 99=Missing",2,0,0,0,20336,0,0,,,,
s6fq5,Searched fodder last 7 days,int8,"1=Yes, 2=No, 9=Missing",3,0,0,0,54133,0,0,,,,
s6fq6,Number of hours searching fodder last 7 days,int8,"0=Less than an hour, 99=Missing",2,0,0,0,24473,0,0,,,,
s6fq7,Went to the market last 7 days,int8,"1=Yes, 2=No, 9=Missing",3,0,0,0,54133,0,0,,,,
s6fq8,Number of hours going to market last 7 days,int8,"0=Less than an hour, 99=Missing",2,0,0,0,17995,0,0,,,,
s6fq9,Cooked for household last 7 days,int8,"1=Yes, 2=No, 9=Missing",3,0,0,0,54133,0,0,,,,
s6fq10,Number of hours cooking last 7 days,int8,"0=Less than an hour, 99=Missing",2,0,0,0,27542,0,0,,,,
s6fq11,Did other household chores last 7 days,int8,"1=Yes, 2=No, 9=Missing",3,0,0,0,54133,0,0,,,,
s6fq12,Number of hours spent on other household chores last 7 days,int8,"0=Less than an hour, 99=Missing",2,0,0,0,31799,0,0,,,,
eid,,int32,,0,0,0,0,33419,0,0,EICV4_CS: module current_main_activity6,,,
lfs6,Labour force status for 6 years and above,int8,"1=Currently employed, 2=Currently unemployed, 3=Currently economically inactive",3,0,0,0,55061,0,0,EICV4_CS: module current_main_activity6,,,
lfs16,Labour force status for 16 years and above,int8,"1=Currently employed, 2=Currently unemployed, 3=Currently economically inactive",3,0,0,0,36981,0,0,EICV4_CS: module current_main_activity6,,,
ur,Unemployment rate,int8,,0,0,0,0,32341,0,0,EICV4_CS: module current_main_activity6,,,
epr,Employment to population ratio,int8,"0=Not employed, 100= Employed",2,0,0,0,36981,0,0,EICV4_CS: module current_main_activity6,,,
twh,Hours worked in all jobs,int16,,0,0,0,0,31545,0,0,EICV4_CS: module current_main_activity6,,,
truu,Time related underemployment,int8,"0=Not underemployed, 100=Underemployed",2,0,0,0,31213,0,0,EICV4_CS: module current_main_activity6,,,
isco,Current main Occupation,int8,"1=Managers, 2=Professionals, 3=Technicians and associate professionals, 4=Clerical support workers, 5=Service and sales workers …",10,0,0,0,32967,0,0,EICV4_CS: module current_main_activity6,,,
isic,Current main economic activity,int16,"1=Agriculture, forestry and fishing, 2=Mining and quarrying, 3=Manufacturing, 4=Electrivcity, gas, steam and air conditionning supply, 5=Water supply , sewage, waste managment and remediation activ …",21,0,0,0,33125,0,0,EICV4_CS: module current_main_activity6,,,
poverty,Welfare Categories,int8,"1=Severaly Poor, 2=Moderately poor, 3=Non Poor",3,0,0,0,0,64314,62110,EICV7_CS: module s8c_food_away_from_home,"poverty_v2 (EICV3, EICV4_CS), poverty_v3 (EICV2)",EICV5_CS: Welfare categories,"{""1"": [""Severaly Poor"", ""Severely poor""]}"
s1q13_v3,[EICV5_CS..EICV5_CS version] Major disability,int8,"1=Without Disability, 2=Visual disability, 3=Deaf and/or mut, 4=Disability in the arms, 5=Disability in the legs …",9,0,0,0,0,64314,0,,"s1q13 (EICV3, EICV4_CS, EICV7_CS), s1q13_v2 (EICV1, EICV2)",,
s1q15,Mother still alive,int8,"1=Yes and resident in household, 2=Yes but residing in another household, 3=No, 8=Do not know",4,0,0,0,0,33201,0,,"s1q15_v2 (EICV4_CS), s1q15_v3 (EICV1)",,
s1q16,Household membership,int8,"1=Yes, 2=No",2,0,0,0,0,64314,0,,s1q16_v2 (EICV1),,
s3q2,Is [name] currently covered by any health insurance?,int8,"1=Yes, 2=No, 3=Don't know, 4=MMI, 5=Other insurance …",6,0,0,0,0,64314,62110,,s3q2_v2 (EICV4_CS),EICV5_CS: Main health insurance carry,"{""1"": [""RAMA"", ""Yes""], ""2"": [""Mutual insurance"", ""No""], ""3"": [""Don't know"", ""Employer""]}"
s3q3_v2,[EICV5_CS..EICV5_CS version] Suffer from any health problem in the last 4 weeks,int8,"1=Yes, 2=No",2,0,0,0,0,64314,0,,"s3q3 (EICV4_CS, EICV7_CS)",,
s3q4_v2,[EICV5_CS..EICV5_CS version] Medical consultation in the over last 4 weeks,int8,"1=Yes, 2=No, 8=Don't know",3,0,0,0,0,64314,0,,"s3q4 (EICV7_CS), s3q4_v3 (EICV4_CS)",,
s3q5,Medical consultation in the over last 4 weeks,int8,"1=Yes,Medical establishment, 2=Yes,Traditional Healer, 3=No, 4=Don't Know, 5=Vaccination …",8,0,0,0,0,13200,62110,,s3q5_v2 (EICV4_CS),EICV5_CS: Main reason for medical consultation,"{""1"": [""General visit or preventive"", ""Yes,Medical establishment""], ""2"": [""Sickness"", ""Yes,Traditional Healer""], ""3"": [""Injury"", ""No""], ""4"": [""Don't Know"", ""Sickness and injury""]}"
s3q6_v2,[EICV5_CS..EICV5_CS version] Difficulty in seeing,int8,"1=No, no difficulty, 2=Yes, some difficulty, 3=Yes, a lot of difficulty, 4=Yes, cannot see at all",4,0,0,0,0,55179,0,,"s3q6 (EICV4_CS, EICV7_CS)",,
s3q7,Difficulty in seeing,int8,"1=No, no difficulty, 2=Yes, some difficulty, 3=Yes, a lot of difficulty, 4=Yes, cannot see at all",4,0,0,0,0,55179,54439,,s3q7_v2 (EICV4_CS),EICV5_CS: Difficulty hearing,
s3q8,Difficulty hearing,int8,"1=No, no difficulty, 2=Yes, some difficulty, 3=Yes, a lot of difficulty, 4=Yes, cannot see at all",4,0,0,0,0,55179,54439,,,EICV5_CS: Difficulty in moving,"{""4"": [""Yes, cannot move at all"", ""Yes, cannot see at all""]}"
s3q9,Difficulty in moving,int8,"1=No, no difficulty, 2=Yes, some difficulty, 3=Yes, a lot of difficulty, 4=Yes, cannot move at all",4,0,0,0,0,55179,54439,,,EICV5_CS: Difficulty in remembering or concentrating,"{""4"": [""Yes, cannot do  at all"", ""Yes, cannot move at all""]}"
s3q10_v2,[EICV5_CS..EICV5_CS version] Difficulty in speaking/ talking _understanding and,int8,"1=No, no difficulty, 2=Yes, some difficulty, 3=Yes, a lot of difficulty, 4=Yes, cannot  do  at all",4,0,0,0,0,55179,0,,s3q10 (EICV7_CS),,
s3q11_v2,[EICV5_CS..EICV5_CS version] Difficulty in self-care _such as: washing all over,int8,"1=No, no difficulty, 2=Yes, some difficulty, 3=Yes, a lot of difficulty, 4=Yes, cannot do at all",4,0,0,0,0,55179,0,,s3q11 (EICV7_CS),,
s4aq6c_v2,[EICV5_CS..EICV5_CS version] Cause of repeat the 2015 class in 2016,int8,"1=Failed year examinations, 2=Sickness, 3=Financial Problems, 4=Family Problems, 5=Other, specify",5,0,0,0,0,3059,0,,s4aq6c (EICV7_CS),,
s4aq11g,Other schooling expenditures,int32,0=Zero,1,0,0,0,0,16584,0,,s4aq11g_v2 (EICV4_CS),,
s4aq12,Responsible for payment of majority of school related expenditures,int8,"1=Father, 2=Mother, 3=Both parents, 4=Other household members, 5=Other relatives …",11,0,0,0,0,21107,0,,s4aq12_v2 (EICV4_CS),,
s4bq1,attended any vocational training,int8,"1=Yes, in a formal establishment, 2=Yes, in an informal establishment, 3=I did not attend any",3,0,0,0,0,46765,46500,,"s4bq1_v2 (EICV4_CS), s4bq1_v3 (EICV3), s4bq1_v4 (EICV1)",EICV5_CS: Did you attended any vocational training,
s4bq2,"Expense of this training including fees, expenses and accommodation",int32,0=Zero,1,0,0,0,0,702,1131,,"s4bq2_v2 (EICV4_CS), s4bq2_v3 (EICV3), s4bq2_v4 (EICV1)",,
s4bq3,Have you attended a literacy course?,int8,"1=Yes, 2=No",2,0,0,0,0,46765,4207,,s4bq3_v2 (EICV4_CS),,
s4bq5_v2,[EICV5_CS..EICV5_CS version] Able to write a simple note,int8,"1=Yes, 2=No",2,0,0,0,0,34977,0,,"s4bq5 (EICV7_CS), s4bq5_v3 (EICV4_CS), s4bq5_v4 (EICV3), s4bq5_v5 (EICV1)",,
s4bq6_v2,[EICV5_CS..EICV5_CS version] Able to do a written calculation,int8,"1=Yes, 2=No",2,0,0,0,0,46765,0,,"s4bq6 (EICV7_CS), s4bq6_v3 (EICV4_CS), s4bq6_v4 (EICV3), s4bq6_v5 (EICV1)",,
s4bq7_v2,[EICV5_CS..EICV5_CS version] Have a mobile telephone,int8,"1=Yes, 2=No",2,0,0,0,0,46765,0,,"s4bq7 (EICV7_CS), s4bq7_v3 (EICV4_CS), s4bq7_v4 (EICV3)",,
s4bq7a,Phone has radio and/or internet function?,int8,"1=Yes, radio only, 2=Yes, internet only, 3=Yes, radio and internet, 4=None, 5=Don't know",5,0,0,0,0,16633,0,,s4bq7a_v2 (EICV1),,
s4bq8a,Own a computer,int8,"1=Yes, 2=No",2,0,0,0,0,46765,0,,,,
s4bq8b,Computer literacy,int8,"1=Yes, 2=No, 3=Not literate",3,0,0,0,0,46765,0,,,,
s4bq9a,Copying or moving a file or a folder,int8,"1=Yes, 2=No, 3=Not arround",3,0,0,0,0,3394,0,,s4bq9a_v2 (EICV3),,
s4bq9b,Using copy and paste tools to duplicate or move information,int8,"1=Yes, 2=No",2,0,0,0,0,2978,0,,s4bq9b_v2 (EICV3),,
s4bq9c,Sending e-mails with attached files,int8,"1=Yes, 2=No",2,0,0,0,0,2978,0,,s4bq9c_v2 (EICV3),,
s4bq9d,Using basic arithmetic formulae in a spreadsheet,int8,"1=Yes, 2=No",2,0,0,0,0,2978,0,,s4bq9d_v2 (EICV3),,
s4bq9e,Connecting and installing new devices,int8,"1=Yes, 2=No",2,0,0,0,0,2978,0,,s4bq9e_v2 (EICV3),,
s4bq9f,"Finding, downloading, installing and configuring software",int8,"1=Yes, 2=No",2,0,0,0,0,2978,0,,s4bq9f_v2 (EICV3),,
s4bq9g,Creating electronic presentations with presentation software,int8,"1=Yes, 2=No",2,0,0,0,0,2978,0,,s4bq9g_v2 (EICV3),,
s4bq9h,Transferring files between a computer and other devices,int8,"1=Yes, 2=No",2,0,0,0,0,2978,0,,s4bq9h_v2 (EICV3),,
s4bq9i,Writing a computer program using a specialized programming language,int8,"1=Yes, 2=No",2,0,0,0,0,2978,0,,,,
s4bq9j,"Using computers, Smart Phones, Tablets.. to retrieve, access, store, produce, pr",int8,"1=Yes, 2=No",2,0,0,0,0,38681,0,,,,
s4bq9k,Use of the internet in the last three months for finding information about goods,int8,"1=Yes, 2=No",2,0,0,0,0,3381,0,,,,
s4bq9l,Use of internet in the last three months for reading or downloading online news/,int8,"1=Yes, 2=No",2,0,0,0,0,3381,0,,,,
s4bq9m,Use of the internet in the last three months for obtaining information from webs,int8,"1=Yes, 2=No",2,0,0,0,0,3381,0,,,,
s4bq9n,Use of the internet in the last three months for seeking health information,int8,"1=Yes, 2=No",2,0,0,0,0,3381,0,,,,
s6aq2,Worked on own farm no payment,int8,"1=Yes, 2=No",2,0,0,0,0,53666,52900,,"s6aq2_v2 (EICV3, EICV4_CS), s6aq2_v3 (EICV2)",,
s6aq3_v3,[EICV5_CS..EICV5_CS version] Carry out any agricultural activity,int8,"1=Yes, 2=No",2,0,0,0,0,53666,0,,"s6aq3 (EICV3, EICV4_CS), s6aq3_v2 (EICV7_CS), s6aq3_v4 (EICV2)",,
s6aq9_v2,[EICV5_CS..EICV5_CS version] Main reason not working over the last,int8,"1=Unemployed /seeking work, 2=Domestic duties, 3=Student, 4=Retired/old age, 5=Sickness/Health problems/disability …",8,0,0,0,0,20904,0,,s6aq9 (EICV7_CS),,
s6eq1,"Over last 7 days gather, collect or purchase main fuel for cooking",int8,"1=Yes, 2=No",2,0,0,0,0,53664,0,,s6eq1_v2 (EICV4_CS),,
s6eq2,"Total minutes for Gathering, collecting or purchasing the main fuel",int16,,0,0,0,0,0,18579,0,,s6eq2_v2 (EICV4_CS),,
s6eq3,Main fuel and the main cook stove over the last 7 days,int8,"1=Yes, 2=No",2,0,0,0,0,53664,0,,s6eq3_v2 (EICV4_CS),,
s6eq4,Total minutes for main fuel and main cooking stove  7 days period,int16,,0,0,0,0,0,7564,0,,"s6eq4_v2 (EICV4_CS), s6eq4_v3 (EICV2)",,
s6eq5,Cooking on the main cook stove over the last 7 days,int8,"1=Yes, 2=No",2,0,0,0,0,53664,0,,s6eq5_v2 (EICV4_CS),,
s6eq6,Total minutes spent Cooking on the main cook stove,int16,,0,0,0,0,0,25995,0,,s6eq6_v2 (EICV4_CS),,
s0q18m,Month of interview,int8,,0,0,0,0,0,64314,0,,,,
s0q18y,Year of interview,int16,,0,0,0,0,0,64314,0,,,,
s1q5a,country of birth,int16,"1=Nigeria, Nigerie, 2=Ethiopia, Ethiopie, 3=Egypt, Egypte, 4=DR Congo, RD Congo,DRC, RDC, 5=Tanzania, Tanzanie …",195,0,0,0,0,0,62110,,,,
s1q5b,District of birth,int8,"11=Nyarugenge, 12=Gasabo, 13=Kicukiro, 21=Nyanza, 22=Gisagara …",30,0,0,0,0,0,60762,,,,
s1q7a,Absent during past 12 months,int8,"1=Yes, 2=No",2,0,0,0,0,0,62110,,,,
s1q7_v2,[EICV7_CS..EICV7_CS version] how many months has been away from this household d,int8,,0,0,0,0,0,0,7166,,"s1q7 (EICV2, EICV3, EICV4_CS, EICV5_CS), s1q7_v3 (EICV1)",,
s1q9_v2,[EICV7_CS..EICV7_CS version] Resident of another household in the last 12 months,int8,"1=Yes, 2=No",2,0,0,0,0,0,7167,,"s1q9 (EICV2, EICV3, EICV4_CS, EICV5_CS), s1q9_v3 (EICV1)",,
s1q10_v3,[EICV7_CS..EICV7_CS version] Will be resident in the household during the period,int8,"1=Yes, 2=No, 9=Don't know",3,0,0,0,0,0,62110,,"s1q10 (EICV3, EICV5_CS), s1q10_v2 (EICV2, EICV4_CS), s1q10_v4 (EICV1)",,
s1q12_v2,[EICV7_CS..EICV7_CS version] Father still alive,int8,"1=Yes,and residing in the household, 2=Yes,but residing in onother household, 3=No, 4=Don't know",4,0,0,0,0,0,27538,,"s1q12 (EICV3, EICV4_CS, EICV5_CS), s1q12_v3 (EICV2), s1q12_v4 (EICV1)",,
s2q4a,country  lived prior to current place,int16,"1=Nigeria, Nigerie, 2=Ethiopia, Ethiopie, 3=Egypt, Egypte, 4=DR Congo, RD Congo,DRC, RDC, 5=Tanzania, Tanzanie …",195,0,0,0,0,0,18102,,,,
s2q4b,District lived prior to current place,int8,"11=Nyarugenge, 12=Gasabo, 13=Kicukiro, 21=Nyanza, 22=Gisagara …",30,0,0,0,0,0,15741,,,,
s3q4,Suffer from an illness or injury over the last 4weeks,int8,"1=Yes, 2=No",2,0,0,0,0,0,62110,,"s3q4_v2 (EICV5_CS), s3q4_v3 (EICV4_CS)",,
s3q5a,why not consult any Medical profession,int8,"1=Mild illness, 2=Facility too far, 3=Facilities are costly, 4=No qualified staff present, 5=Facility was closed/destroyed …",9,0,0,0,0,0,4826,,,,
s3q10,Difficulty in remembering or concentrating,int8,"1=No, no difficulty, 2=Yes, some difficulty, 3=Yes, a lot of difficulty, 4=Yes, cannot do  at all",4,0,0,0,0,0,54439,,s3q10_v2 (EICV5_CS),,
s3q11,Difficulty communicating,int8,"1=No, no difficulty, 2=Yes, some difficulty, 3=Yes, a lot of difficulty, 4=Yes, cannot  do  at all",4,0,0,0,0,0,54439,,s3q11_v2 (EICV5_CS),,
s3q12,Difficulty in self-care (such as: washing all over or dressing),int8,"1=No, no difficulty, 2=Yes, some difficulty, 3=Yes, a lot of difficulty, 4=Yes, cannot do at all",4,0,0,0,0,0,54439,,,,
s4aq1a,Main reason of never attended school,int8,"1=Too young, 2=Too expensive, 3=Too far away, 4=Had to work (Home or Job), 5=Poor school quality …",16,0,0,0,0,0,9710,,,,
s4aq2a,years of school  complete successfully at that level?,int8,,0,0,0,0,0,0,51063,,,,
s4aq6c,Class attended in 2024/2025,int8,"0=Not in class, 1=P1, 2=P2, 3=P3, 4=P4 …",14,0,0,0,0,0,5336,,s4aq6c_v2 (EICV5_CS),,
s4aq6d,Cause of repeat the 2023 class in 2024,int8,"1=Failed year examinations, 2=Sickness, 3=Financial Problems, 4=Family Problems, 5=Other, specify",5,0,0,0,0,0,3219,,,,
s4aq8a,Highest class attended in last 12 months,int8,"1=P1, 2=P2, 3=P3, 4=P4, 5=P5 …",12,0,0,0,0,0,17993,,,,
s4aq8b,Boarding School,int8,"1=Yes, 2=No",2,0,0,0,0,0,4585,,,,
s4aq9_v2,[EICV7_CS..EICV7_CS version] Age when studying in the Reported class,int8,,0,0,0,0,0,0,17993,,"s4aq9 (EICV4_CS, EICV5_CS), s4aq9_v3 (EICV1)",,
s4aq10_v2,[EICV7_CS..EICV7_CS version] Reason for delaying start the school?,int8,"1=Too young to start school, 2=Drop out and come back to school, 3=Repetition, 4=Sickness/ Own health/disability, 5=Family member illness/disability …",12,0,0,0,0,0,10825,,"s4aq10 (EICV4_CS, EICV5_CS)",,
s4aq11,Type of school,int8,"1=Public, 2=Private, 3=Government subsidized",3,0,0,0,0,0,23094,,,,
s4aq14a,Registration and school fees,int32,0=Zero,1,0,0,0,0,0,21431,,,,
s4aq14b,Parent contributions,int32,0=Zero,1,0,0,0,0,0,21431,,,,
s4aq14c,School uniforms,int32,0=Zero,1,0,0,0,0,0,21431,,,,
s4aq14d,Books and school supplies,int32,0=Zero,1,0,0,0,0,0,21431,,,,
s4aq14e,Transport to and from school,int32,0=Zero,1,0,0,0,0,0,21431,,,,
s4aq14f,Room and board (or board only),int32,0=Zero,1,0,0,0,0,0,21431,,,,
s4aq14g,Other schooling expenditures,int32,0=Zero,1,0,0,0,0,0,21431,,,,
s4aq14h,Total education expenses (non-distributed option),double,0=Zero,1,0,0,0,0,0,1663,,,,
s4aq15_v2,[EICV7_CS..EICV7_CS version] Responsible for payment of majority of school relat,int8,"1=Father, 2=Mother, 3=Both parents, 4=Other household members, 5=Other relatives …",11,0,0,0,0,0,22862,,"s4aq15 (EICV4_CS, EICV5_CS)",,
s4aq15a,school feeding,int8,"1=Yes, 2=No",2,0,0,0,0,0,17993,,,,
s4aq16_v2,[EICV7_CS..EICV7_CS version] Absence at school in last 7 days,int8,"1=Yes, 2=No, 3=In holidays",3,0,0,0,0,0,17993,,"s4aq16 (EICV4_CS, EICV5_CS)",,
s4aq17_v2,[EICV7_CS..EICV7_CS version] School days not attend last week,int8,,0,0,0,0,0,0,2986,,"s4aq17 (EICV4_CS, EICV5_CS)",,
s4aq18,Primary cause of not attending school,int8,"1= Dropped out, 2= Poor health, 3= Hunger, 4=Financial Reasons, 5=Family circumstances …",10,0,0,0,0,0,2986,,,,
s4aq19,Year of lefting school,int16,,0,0,0,0,0,0,12211,,,,
s4aq20,Reason for leaving school,int8,"1=School Cost, 2=Work, 3=Marriage, 4=Orphaned/Death of parent(s), 5=Excluded …",20,0,0,0,0,0,12618,,,,
s4bq5,Can read proposed a sentence,int8,"1=Can not read at all, 2=Can only read a part of the sentence, 3=Can read a whole sentence, 4=His/her language is not in the proposed languages, 5=Can not read due to disability …",6,0,0,0,0,0,37046,,"s4bq5_v2 (EICV5_CS), s4bq5_v3 (EICV4_CS), s4bq5_v4 (EICV3), s4bq5_v5 (EICV1)",,
s4bq6,Able to write a simple note,int8,"1=Yes, 2=No",2,0,0,0,0,0,37046,,"s4bq6_v2 (EICV5_CS), s4bq6_v3 (EICV4_CS), s4bq6_v4 (EICV3), s4bq6_v5 (EICV1)",,
s4bq7,Able to do a written calculation,int8,"1=Yes, 2=No",2,0,0,0,0,0,46500,,"s4bq7_v2 (EICV5_CS), s4bq7_v3 (EICV4_CS), s4bq7_v4 (EICV3)",,
s4bq9,Phone functionalities. Owned by ...,int8,"1=Yes, radio only, 2=Yes, internet only, 3=Yes, radio and internet, 4=None",4,0,0,0,0,0,23240,,s4bq9_v2 (EICV1),,
s4bq10,type of phone do you own?,int8,"1=Basic phone, 2=Smart phone, 3=Both type",3,0,0,0,0,0,23240,,s4bq10_v2 (EICV3),,
s4bq11,reasons for not having a smartphone,int8,"1=No need, 2=Too expensive, 3=Don?t know how to use it",3,0,0,0,0,0,15532,,s4bq11_v2 (EICV1),,
s4bq12,Why does not have a mobile telephone,int8,"1=No mobile coverage, 2=Can?t afford it, 3=Don?t know how to use it, 4=Stolen, 5=Broken …",7,0,0,0,0,0,23260,,,,
s4bq13a,Own a computer,int8,"1=Yes, 2=No",2,0,0,0,0,0,46500,,s4bq13a_v2 (EICV1),,
s4bq13b,Computer literacy,int8,"1=Yes, 2=No, 3=Not literate",3,0,0,0,0,0,46500,,s4bq13b_v2 (EICV1),,
s4bq13c,How often did use a computer in the last three months?,int8,"1=Never, 2=Every day/Almost every day, 3=At least once a week, 4=At least once a month (Not every week), 5=At least once in three Month (Not every month)",5,0,0,0,0,0,4922,,,,
s4bq14a,Copying or moving a file or a folder,int8,"1=Yes, 2=No",2,0,0,0,0,0,2967,,,,
s4bq14b,Using copy and paste tools to duplicate or move information,int8,"1=Yes, 2=No",2,0,0,0,0,0,2967,,,,
s4bq14c,Sending e-mails with attached files,int8,"1=Yes, 2=No",2,0,0,0,0,0,2967,,,,
s4bq14d,Using basic arithmetic formula in a spreadsheet,int8,"1=Yes, 2=No",2,0,0,0,0,0,2967,,,,
s4bq14e,Connecting and installing new devices,int8,"1=Yes, 2=No",2,0,0,0,0,0,2967,,,,
s4bq14f,"Finding, downloading, installing and configuring software",int8,"1=Yes, 2=No",2,0,0,0,0,0,2967,,,,
s4bq14g,Creating electronic presentations with presentation software,int8,"1=Yes, 2=No",2,0,0,0,0,0,2967,,,,
s4bq14h,Transferring files between a computer and other devices,int8,"1=Yes, 2=No",2,0,0,0,0,0,2967,,,,
s4bq14i,Writing a computer program using a specialized programming language,int8,"1=Yes, 2=No",2,0,0,0,0,0,2967,,,,
s4bq15,Used of internet in the last 3 months,int8,"1=Yes, 2=No",2,0,0,0,0,0,42221,,s4bq15_v2 (EICV1),,
s4bq16,Reason for not using internet in the last three months?,int8,"1=No interested, 2=Too expensive, 3=No time/too busy, 4=I don?t know internet, 5=Does not have internet connection …",6,0,0,0,0,0,33840,,s4bq16_v2 (EICV1),,
s4bq17,How often did use the internet in the last three months?,int8,"1=At least once a day, 2=At least once a week, 3=At least once a month, 4=At least once in three months",4,0,0,0,0,0,8381,,s4bq17_v2 (EICV1),,
s4bq18,Use of the internet in the last three months for finding information about goods,int8,"1=Yes, 2=No",2,0,0,0,0,0,8381,,,,
s4bq19,Use of internet in the last three months for reading or downloading online news/,int8,"1=Yes, 2=No",2,0,0,0,0,0,8381,,s4bq19_v2 (EICV1),,
s4bq20,Use of the internet in the last three months for obtaining information from webs,int8,"1=Yes, 2=No",2,0,0,0,0,0,8381,,s4bq20_v2 (EICV1),,
s4bq21,Use of the internet in the last three months for seeking health information,int8,"1=Yes, 2=No",2,0,0,0,0,0,8381,,,,
s4bq22,Use of internet on social media in the last 3 months,int8,"1=Yes, 2=No, 3=Don't know",3,0,0,0,0,0,8381,,s4bq22_v2 (EICV1),,
s4bq23a,Use only USSD code  to access E-services or information,int8,"1=Yes, 2=No",2,0,0,0,0,0,8163,,s4bq23a_v2 (EICV1),,
s4bq23b,Use application based system  to access E-services or information,int8,"1=Yes, 2=No",2,0,0,0,0,0,8163,,s4bq23b_v2 (EICV1),,
s4bq23c,Use mobile financial services(MOMO/AIRTEL MONEY/MOCASH/PUSH AND PULL),int8,"1=Yes, 2=No",2,0,0,0,0,0,8163,,,,
s4bq23d," Use any social media (whatsapp or facebook, or instagram or youtube or twitter",int8,"1=Yes, 2=No",2,0,0,0,0,0,8163,,,,
s4bq23e,Access information through web browser,int8,"1=Yes, 2=No",2,0,0,0,0,0,8163,,,,
s4bq23f,Access IREMBO services,int8,"1=Yes, 2=No",2,0,0,0,0,0,8163,,,,
s4bq23g,Use any E-commerce plaforms,int8,"1=Yes, 2=No",2,0,0,0,0,0,8163,,,,
s4bq23h,Access E-learning platforms,int8,"1=Yes, 2=No",2,0,0,0,0,0,8163,,,,
s4bq25,Use the internet from  in the last 3 months,int8,"1=Home, 2=Workplace, 3=Place of education, 4=Other person?s home person?s home, 5=Community internet access facility …",8,0,0,0,0,0,8163,,s4bq25_v2 (EICV1),,
s4bq26,Type of device used in accessing social media in the last three months,int8,"1=Mudasobwa(Desktop/Laptop), 2=Simatifone(Smart Phone), 3=Ayipadi/tabureti(iPad/Tablet, 4=Other (Specify)",4,0,0,0,0,0,8163,,s4bq26_v2 (EICV1),,
s6aq3_v2,[EICV7_CS..EICV7_CS version] products obtained from this agricultural  activity,int8,"1=Only for sale/barter, 2=Mainly for sale/barter, 3=Mainly for family use, 4=Only for family use",4,0,0,0,0,0,18957,,"s6aq3 (EICV3, EICV4_CS), s6aq3_v3 (EICV5_CS), s6aq3_v4 (EICV2)",,
s6aq5_v2,[EICV7_CS..EICV7_CS version] Worked for salary or wages in non-farm sector,int8,"1=Yes, 2=No",2,0,0,0,0,0,52900,,"s6aq5 (EICV3, EICV4_CS, EICV5_CS), s6aq5_v3 (EICV2)",,
s6aq6_v2,[EICV7_CS..EICV7_CS version] Run a non-farm business for cash or profit,int8,"1=Yes, 2=No",2,0,0,0,0,0,52900,,"s6aq6 (EICV3, EICV5_CS), s6aq6_v3 (EICV4_CS), s6aq6_v4 (EICV2)",,
s6aq7,Worked in a non-fam business,int8,"1=Yes, 2=No",2,0,0,0,0,0,52900,,s6aq7_v2 (EICV3),,
s6aq8_v2,[EICV7_CS..EICV7_CS version] work as an unpaid trainee worker or as a volunteer,int8,"1=Yes, 2=No",2,0,0,0,0,0,52900,,"s6aq8 (EICV4_CS, EICV5_CS)",,
s6aq9,"any economic activity (job, business or agriculture) from which he/she was tempo",int8,"1=Yes, 2=No",2,0,0,0,0,0,22389,,s6aq9_v2 (EICV5_CS),,
s6aq10,Main reason not working over the last 7 days,int8,"1=Sick leave due to own illness or injury, 2=Public holidays, vacation or annual leave, 3=Maternity or paternity leave as specified by legislation, 4=Educational leave, 5=Parental leave/ Care for others and other personal absences …",10,0,0,0,0,0,893,,,,
s6aq11,Receiving an income from his/her economic activity during absence?,int8,"1=Yes, 2=No",2,0,0,0,0,0,450,,,,
s6aq12,to work for a period less than 3 months?,int8,"1=Yes, 2=No, 9=Do not know",3,0,0,0,0,0,361,,,,
s6bq1_v2,[EICV7_CS..EICV7_CS version] Hours usually work in the all economic activities o,int16,,0,0,0,0,0,0,31289,,"s6bq1 (EICV2, EICV3)",,
s6bq2_v2,[EICV7_CS..EICV7_CS version] Hours  actually work in all economic activities las,int16,,0,0,0,0,0,0,31289,,"s6bq2 (EICV2, EICV3)",,
s6bq3, ISCO level 1,int8,"1=Managers, 2= Professionals, 3=Technicians and associate professionals, 4=Clerical Support Workers, 5=Service and Sales Workers …",9,0,0,0,0,0,30353,,"s6bq3_v2 (EICV3), s6bq3_v3 (EICV2)",,
s6bq4_v2,[EICV7_CS..EICV7_CS version]  ISIC level 1,int8,"1=A:Agriculture, Forestry and Fishing, 2=B:Mining and Quarrying, 3=C:Manufacturing, 4=D: Electricity, Gas and Air Conditioning Supply, 5=E: Water Supply,Gas, and Remediation Services …",21,0,0,0,0,0,31289,,"s6bq4 (EICV2, EICV3)",,
s6bq5,What is [NAME]?s institutional sector of the main economic activity?,int8,"1=Public institution/enterprise, 2=Mixed public and private enterprise, 3=Private in non-agriculture activities, 4=Private in agriculture activities, 5=VUP …",9,0,0,0,0,0,31289,,"s6bq5_v2 (EICV3), s6bq5_v3 (EICV2)",,
s6bq6,perform this main economic activity overnight from 6pm to 6 am?,int8,"1=Yes, 6-7h pm., 2=Yes, 7-8h pm, 3=Yes, 8pm-6am, 4=No",4,0,0,0,0,0,2157,,,,
s6bq7_v2,[EICV7_CS..EICV7_CS version] What is [NAME]?s status in economic activity,int8,"1=Employee, 2=Paid apprentice/Internee, 3=Employer (with regular employees), 4=Own account worker (without regular employees), 5=Member of cooperative …",8,0,0,0,0,0,31289,,"s6bq7 (EICV2, EICV3)",,
s6bq8_v2,[EICV7_CS..EICV7_CS version] Nature of [names]s? economic activity contract?,int8,"1=Permanent worker, 2=Fixed-term contract, 3=Casual worker, 4=Seasonal worker, 5=Daily worker …",6,0,0,0,0,0,12008,,"s6bq8 (EICV2, EICV3)",,
s6bq9a,usually earn in this main job (Amount),int32,,0,0,0,0,0,0,16383,,s6bq9a_v2 (EICV2),,
s6bq9b,usually earn in this main job (Unit),int8,"1=HOUR, 2=DAY, 3=WEEK, 4=FORTNIGHT...4, 5=MONTH. …",7,0,0,0,0,0,16383,,s6bq9b_v2 (EICV2),,
s6cq1,"Over the last 7 days, fetch water for the household?",int8,"1=Yes, 2=No",2,0,0,0,0,0,18138,,s6cq1_v2 (EICV2),,
s6cq2,Number of hours spend fetching water over the last 7 days,int8,,0,0,0,0,0,0,12237,,s6cq2_v2 (EICV2),,
s6cq3,"Over the last 7 days,   forage for firewood for the household",int8,"1=Yes, 2=No",2,0,0,0,0,0,18138,,s6cq3_v2 (EICV2),,
s6cq4,How many hours    spend foraging for wood over the last 7 days,int8,,0,0,0,0,0,0,6080,,s6cq4_v2 (EICV2),,
s6cq5,"Over the last 7 days, searching for  fodder or grazing for the household?s anima",int8,"1=Yes, 2=No",2,0,0,0,0,0,18138,,s6cq5_v2 (EICV2),,
s6cq6,How many hours spend  caring for or searching for fodder over the last 7 days?,int8,,0,0,0,0,0,0,5656,,s6cq6_v2 (EICV2),,
s6cq7,"Over the last 7 days, did go to the market for the household for shopping?",int8,"1=Yes, 2=No",2,0,0,0,0,0,18138,,s6cq7_v2 (EICV2),,
s6cq8,How many hours did spend going to market for shopping the last 7 days (to and fr,int8,,0,0,0,0,0,0,2315,,s6cq8_v2 (EICV2),,
s6cq9,"Over the last 7 days, did cook for the household?",int8,"1=Yes, 2=No",2,0,0,0,0,0,18138,,s6cq9_v2 (EICV2),,
s6cq10,How many hours did spend cooking over the last 7 days?,int8,,0,0,0,0,0,0,6685,,s6cq10_v2 (EICV2),,
s6cq11,"Over the last 7 days, did spend any time on other household chores such as laund",int8,"1=Yes, 2=No",2,0,0,0,0,0,18138,,,,
s6cq12,How many hours did spend on other household chores over the last 7 days?,int8,,0,0,0,0,0,0,8875,,,,
strata_id,strata_id,int16,,0,0,0,0,0,0,62110,EICV7_CS: module s8c_food_away_from_home,,,
epov_jan,Extreme Poverty,int8,"0=Non Extreme Poor, 100=Extreme Poor",2,0,0,0,0,0,62110,EICV7_CS: module s8c_food_away_from_home,,,
pov_jan,Poverty Rate,int8,"0=Non Poor, 100=Poor",2,0,0,0,0,0,62110,EICV7_CS: module s8c_food_away_from_home,,,
quintile_v2,[EICV7_CS..EICV7_CS version] Quintiles of real consumption per ae,int8,"1=Q1, 2=Q2, 3=Q3, 4=Q4, 5=Q5",5,0,0,0,0,0,62110,,"quintile (EICV3, EICV4_CS, EICV5_CS)",,
ed_foodgov,Gvt Contribution to School feeding,int16,,0,0,0,0,0,0,62110,,,,
s8cq2_v2,[EICV7_CS..EICV7_CS version] Consumed any food away from home Since my last visi,int8,"1=Yes, 2=No",2,0,0,0,0,0,62110,EICV7_CS: module s8c_food_away_from_home,,,
s8cq4_v2,[EICV7_CS..EICV7_CS version] Amount pay for breakfast away from home (Visit2),int16,,0,0,0,0,0,0,1535,EICV7_CS: module s8c_food_away_from_home,,,
s8cq5_v2,[EICV7_CS..EICV7_CS version] Point of Service,int8,"1=Resitora/Cafetariat, 2=Butike/Cantine, 3=Bar, 4=In another Household, 5=Other",5,0,0,0,0,0,1536,EICV7_CS: module s8c_food_away_from_home,,,
s8cq6_v2,[EICV7_CS..EICV7_CS version] Amount paid for lunch away from home (Visit2),int16,,0,0,0,0,0,0,5714,EICV7_CS: module s8c_food_away_from_home,,,
s8cq7_v2,[EICV7_CS..EICV7_CS version] Point of Service,int8,"1=Resitora/Cafetariat, 2=Butike/Cantine, 3=Bar, 4=In another Household, 5=Other",5,0,0,0,0,0,5718,EICV7_CS: module s8c_food_away_from_home,,,
s8cq8_v2,[EICV7_CS..EICV7_CS version] Amount paid for dinner away from home (Visit2),int16,,0,0,0,0,0,0,2340,EICV7_CS: module s8c_food_away_from_home,,,
s8cq9_v2,[EICV7_CS..EICV7_CS version] Point of Service,int8,"1=Resitora/Cafetariat, 2=Butike/Cantine, 3=Bar, 4=In another Household, 5=Other",5,0,0,0,0,0,2340,EICV7_CS: module s8c_food_away_from_home,,,
s8cq10_v2,[EICV7_CS..EICV7_CS version] Amount paid for food/snacks between meals away from,int16,,0,0,0,0,0,0,1651,EICV7_CS: module s8c_food_away_from_home,,,
s8cq11_v2,[EICV7_CS..EICV7_CS version] Point of Service,int8,"1=Resitora/Cafetariat, 2=Butike/Cantine, 3=Bar, 4=In another Household, 5=Other",5,0,0,0,0,0,1652,EICV7_CS: module s8c_food_away_from_home,,,
s8cq12_v2,[EICV7_CS..EICV7_CS version] Amount paid for any hot beverage away from home (Vi,int16,,0,0,0,0,0,0,680,EICV7_CS: module s8c_food_away_from_home,,,
s8cq13_v2,[EICV7_CS..EICV7_CS version] Point Service,int8,"1=Resitora/Cafetariat, 2=Butike/Cantine, 3=Bar, 4=In another Household, 5=Other",5,0,0,0,0,0,680,EICV7_CS: module s8c_food_away_from_home,,,
s8cq14_v2,[EICV7_CS..EICV7_CS version] Amount paid for any non-alcoholic drinks away from,int16,,0,0,0,0,0,0,2433,EICV7_CS: module s8c_food_away_from_home,,,
s8cq15_v2,[EICV7_CS..EICV7_CS version] Point service,int8,"1=Resitora/Cafetariat, 2=Butike/Cantine, 3=Bar, 4=In another Household, 5=Other",5,0,0,0,0,0,2433,EICV7_CS: module s8c_food_away_from_home,,,
s8cq16_v2,[EICV7_CS..EICV7_CS version] Amount paid for alcoholic drinks taken away from ho,int16,,0,0,0,0,0,0,2908,EICV7_CS: module s8c_food_away_from_home,,,
s8cq17_v2,[EICV7_CS..EICV7_CS version] Point service,int8,"1=Resitora/Cafetariat, 2=Butike/Cantine, 3=Bar, 4=In another Household, 5=Other",5,0,0,0,0,0,2908,EICV7_CS: module s8c_food_away_from_home,,,
s8cq2_v3,[EICV7_CS..EICV7_CS version] Consumed any food away from home Since my last visi,int8,"1=Yes, 2=No",2,0,0,0,0,0,62110,EICV7_CS: module s8c_food_away_from_home,,,
s8cq4_v3,[EICV7_CS..EICV7_CS version] Amount pay for breakfast away from home (Visit3),int16,,0,0,0,0,0,0,1729,EICV7_CS: module s8c_food_away_from_home,,,
s8cq5_v3,[EICV7_CS..EICV7_CS version] Point of Service,int8,"1=Resitora/Cafetariat, 2=Butike/Cantine, 3=Bar, 4=In another Household, 5=Other",5,0,0,0,0,0,1731,EICV7_CS: module s8c_food_away_from_home,,,
s8cq6_v3,[EICV7_CS..EICV7_CS version] Amount paid for lunch away from home (Visit3),int32,,0,0,0,0,0,0,6729,EICV7_CS: module s8c_food_away_from_home,,,
s8cq7_v3,[EICV7_CS..EICV7_CS version] Point of Service,int8,"1=Resitora/Cafetariat, 2=Butike/Cantine, 3=Bar, 4=In another Household, 5=Other",5,0,0,0,0,0,6730,EICV7_CS: module s8c_food_away_from_home,,,
s8cq8_v3,[EICV7_CS..EICV7_CS version] Amount paid for dinner away from home (Visit3),int16,,0,0,0,0,0,0,2981,EICV7_CS: module s8c_food_away_from_home,,,
s8cq9_v3,[EICV7_CS..EICV7_CS version] Point of Service,int8,"1=Resitora/Cafetariat, 2=Butike/Cantine, 3=Bar, 4=In another Household, 5=Other",5,0,0,0,0,0,2981,EICV7_CS: module s8c_food_away_from_home,,,
s8cq10_v3,[EICV7_CS..EICV7_CS version] Amount paid for food/snacks between meals away from,int16,,0,0,0,0,0,0,1853,EICV7_CS: module s8c_food_away_from_home,,,
s8cq11_v3,[EICV7_CS..EICV7_CS version] Point of Service,int8,"1=Resitora/Cafetariat, 2=Butike/Cantine, 3=Bar, 4=In another Household, 5=Other",5,0,0,0,0,0,1853,EICV7_CS: module s8c_food_away_from_home,,,
s8cq12_v3,[EICV7_CS..EICV7_CS version] Amount paid for any hot beverage away from home (Vi,int16,,0,0,0,0,0,0,739,EICV7_CS: module s8c_food_away_from_home,,,
s8cq13_v3,[EICV7_CS..EICV7_CS version] Point Service,int8,"1=Resitora/Cafetariat, 2=Butike/Cantine, 3=Bar, 4=In another Household, 5=Other",5,0,0,0,0,0,739,EICV7_CS: module s8c_food_away_from_home,,,
s8cq14_v3,[EICV7_CS..EICV7_CS version] Amount paid for any non-alcoholic drinks away from,int16,,0,0,0,0,0,0,2843,EICV7_CS: module s8c_food_away_from_home,,,
s8cq15_v3,[EICV7_CS..EICV7_CS version] Point service,int8,"1=Resitora/Cafetariat, 2=Butike/Cantine, 3=Bar, 4=In another Household, 5=Other",5,0,0,0,0,0,2844,EICV7_CS: module s8c_food_away_from_home,,,
s8cq16_v3,[EICV7_CS..EICV7_CS version] Amount paid for alcoholic drinks taken away from ho,int16,,0,0,0,0,0,0,3399,EICV7_CS: module s8c_food_away_from_home,,,
s8cq17_v3,[EICV7_CS..EICV7_CS version] Point service,int8,"1=Resitora/Cafetariat, 2=Butike/Cantine, 3=Bar, 4=In another Household, 5=Other",5,0,0,0,0,0,3399,EICV7_CS: module s8c_food_away_from_home,,,
s8cq2_v4,[EICV7_CS..EICV7_CS version] Consumed any food away from home Since my last visi,int8,"1=Yes, 2=No",2,0,0,0,0,0,62110,EICV7_CS: module s8c_food_away_from_home,,,
s8cq4_v4,[EICV7_CS..EICV7_CS version] Amount pay for breakfast away from home (Visit4),int16,,0,0,0,0,0,0,1625,EICV7_CS: module s8c_food_away_from_home,,,
s8cq5_v4,[EICV7_CS..EICV7_CS version] Point of Service,int8,"1=Resitora/Cafetariat, 2=Butike/Cantine, 3=Bar, 4=In another Household, 5=Other",5,0,0,0,0,0,1625,EICV7_CS: module s8c_food_away_from_home,,,
s8cq6_v4,[EICV7_CS..EICV7_CS version] Amount paid for lunch away from home (Visit4),int32,,0,0,0,0,0,0,6750,EICV7_CS: module s8c_food_away_from_home,,,
s8cq7_v4,[EICV7_CS..EICV7_CS version] Point of Service,int8,"1=Resitora/Cafetariat, 2=Butike/Cantine, 3=Bar, 4=In another Household, 5=Other",5,0,0,0,0,0,6752,EICV7_CS: module s8c_food_away_from_home,,,
s8cq8_v4,[EICV7_CS..EICV7_CS version] Amount paid for dinner away from home (Visit4),int16,,0,0,0,0,0,0,3004,EICV7_CS: module s8c_food_away_from_home,,,
s8cq9_v4,[EICV7_CS..EICV7_CS version] Point of Service,int8,"1=Resitora/Cafetariat, 2=Butike/Cantine, 3=Bar, 4=In another Household, 5=Other",5,0,0,0,0,0,3003,EICV7_CS: module s8c_food_away_from_home,,,
s8cq10_v4,[EICV7_CS..EICV7_CS version] Amount paid for food/snacks between meals away from,int16,,0,0,0,0,0,0,1627,EICV7_CS: module s8c_food_away_from_home,,,
s8cq11_v4,[EICV7_CS..EICV7_CS version] Point of Service,int8,"1=Resitora/Cafetariat, 2=Butike/Cantine, 3=Bar, 4=In another Household, 5=Other",5,0,0,0,0,0,1627,EICV7_CS: module s8c_food_away_from_home,,,
s8cq12_v4,[EICV7_CS..EICV7_CS version] Amount paid for any hot beverage away from home (Vi,int16,,0,0,0,0,0,0,609,EICV7_CS: module s8c_food_away_from_home,,,
s8cq13_v4,[EICV7_CS..EICV7_CS version] Point Service,int8,"1=Resitora/Cafetariat, 2=Butike/Cantine, 3=Bar, 4=In another Household, 5=Other",5,0,0,0,0,0,609,EICV7_CS: module s8c_food_away_from_home,,,
s8cq14_v4,[EICV7_CS..EICV7_CS version] Amount paid for any non-alcoholic drinks away from,int16,,0,0,0,0,0,0,2668,EICV7_CS: module s8c_food_away_from_home,,,
s8cq15_v4,[EICV7_CS..EICV7_CS version] Point service,int8,"1=Resitora/Cafetariat, 2=Butike/Cantine, 3=Bar, 4=In another Household, 5=Other",5,0,0,0,0,0,2669,EICV7_CS: module s8c_food_away_from_home,,,
s8cq16_v4,[EICV7_CS..EICV7_CS version] Amount paid for alcoholic drinks taken away from ho,int16,,0,0,0,0,0,0,3414,EICV7_CS: module s8c_food_away_from_home,,,
s8cq17_v4,[EICV7_CS..EICV7_CS version] Point service,int8,"1=Resitora/Cafetariat, 2=Butike/Cantine, 3=Bar, 4=In another Household, 5=Other",5,0,0,0,0,0,3414,EICV7_CS: module s8c_food_away_from_home,,,
s8cq2_v5,[EICV7_CS..EICV7_CS version] Consumed any food away from home Since my last visi,int8,"1=Yes, 2=No",2,0,0,0,0,0,62110,EICV7_CS: module s8c_food_away_from_home,,,
s8cq4_v5,[EICV7_CS..EICV7_CS version] Amount pay for breakfast away from home (Visit5),int16,,0,0,0,0,0,0,1565,EICV7_CS: module s8c_food_away_from_home,,,
s8cq5_v5,[EICV7_CS..EICV7_CS version] Point of Service,int8,"1=Resitora/Cafetariat, 2=Butike/Cantine, 3=Bar, 4=In another Household, 5=Other",5,0,0,0,0,0,1565,EICV7_CS: module s8c_food_away_from_home,,,
s8cq6_v5,[EICV7_CS..EICV7_CS version] Amount paid for lunch away from home (Visit5),int32,,0,0,0,0,0,0,6803,EICV7_CS: module s8c_food_away_from_home,,,
s8cq7_v5,[EICV7_CS..EICV7_CS version] Point of Service,int8,"1=Resitora/Cafetariat, 2=Butike/Cantine, 3=Bar, 4=In another Household, 5=Other",5,0,0,0,0,0,6804,EICV7_CS: module s8c_food_away_from_home,,,
s8cq8_v5,[EICV7_CS..EICV7_CS version] Amount paid for dinner away from home (Visit5),int16,,0,0,0,0,0,0,3138,EICV7_CS: module s8c_food_away_from_home,,,
s8cq9_v5,[EICV7_CS..EICV7_CS version] Point of Service,int8,"1=Resitora/Cafetariat, 2=Butike/Cantine, 3=Bar, 4=In another Household, 5=Other",5,0,0,0,0,0,3139,EICV7_CS: module s8c_food_away_from_home,,,
s8cq10_v5,[EICV7_CS..EICV7_CS version] Amount paid for food/snacks between meals away from,int16,,0,0,0,0,0,0,1493,EICV7_CS: module s8c_food_away_from_home,,,
s8cq11_v5,[EICV7_CS..EICV7_CS version] Point of Service,int8,"1=Resitora/Cafetariat, 2=Butike/Cantine, 3=Bar, 4=In another Household, 5=Other",5,0,0,0,0,0,1493,EICV7_CS: module s8c_food_away_from_home,,,
s8cq12_v5,[EICV7_CS..EICV7_CS version] Amount paid for any hot beverage away from home (Vi,int16,,0,0,0,0,0,0,632,EICV7_CS: module s8c_food_away_from_home,,,
s8cq13_v5,[EICV7_CS..EICV7_CS version] Point Service,int8,"1=Resitora/Cafetariat, 2=Butike/Cantine, 3=Bar, 4=In another Household, 5=Other",5,0,0,0,0,0,633,EICV7_CS: module s8c_food_away_from_home,,,
s8cq14_v5,[EICV7_CS..EICV7_CS version] Amount paid for any non-alcoholic drinks away from,int16,,0,0,0,0,0,0,2473,EICV7_CS: module s8c_food_away_from_home,,,
s8cq15_v5,[EICV7_CS..EICV7_CS version] Point service,int8,"1=Resitora/Cafetariat, 2=Butike/Cantine, 3=Bar, 4=In another Household, 5=Other",5,0,0,0,0,0,2473,EICV7_CS: module s8c_food_away_from_home,,,
s8cq16_v5,[EICV7_CS..EICV7_CS version] Amount paid for alcoholic drinks taken away from ho,int16,,0,0,0,0,0,0,3319,EICV7_CS: module s8c_food_away_from_home,,,
s8cq17_v5,[EICV7_CS..EICV7_CS version] Point service,int8,"1=Resitora/Cafetariat, 2=Butike/Cantine, 3=Bar, 4=In another Household, 5=Other",5,0,0,0,0,0,3320,EICV7_CS: module s8c_food_away_from_home,,,
