scope,wave,native,clean_name,clean_label,native_label
pooled:LFS_pooled_person.dta,"2017,2018,2019,2020,2021,2022,2023",a02,lfs_relation_to_head_2017_2023,LFS 2017-2023: Relationship to the household head,Relationship
pooled:LFS_pooled_person.dta,"2024,2025",a02_v2,lfs_relation_to_head_2024_2025,"LFS 2024-2025: Relationship to the household head, 14-code list",Relationship
pooled:LFS_pooled_person.dta,"2017,2018,2022,2023,2024,2025",a03m,lfs_birth_month,LFS 2017-2025: Month of birth,Date of birth Month
pooled:LFS_pooled_person.dta,"2017,2018,2022,2023,2024,2025",a03y,lfs_birth_year,LFS 2017-2025: Year of birth,date of birth year
pooled:LFS_pooled_person.dta,"2017,2018,2019,2021,2022,2023,2024,2025",a05,lfs_present_marital_status,LFS 2017-2025: Present marital status as reported,Present marital status
pooled:LFS_pooled_person.dta,"2017,2018,2019,2021,2022,2023,2024,2025",a06,lfs_difficulty_seeing,"LFS 2017-2025: Difficulty seeing, even with glasses (Washington Group)","Do you have difficulty seeing, even if wearing glasses?"
pooled:LFS_pooled_person.dta,"2017,2018,2019,2021,2022,2023,2024,2025",a07,lfs_difficulty_hearing,"LFS 2017-2025: Difficulty hearing, even with a hearing aid (Washington Group)","Do you have difficulty hearing, even if using a hearing aid?"
pooled:LFS_pooled_person.dta,"2017,2018,2019,2021,2022,2023,2024,2025",a08,lfs_difficulty_walking,LFS 2017-2025: Difficulty walking or climbing steps (Washington Group),Do you have difficulty walking or climbing steps?
pooled:LFS_pooled_person.dta,"2017,2018,2019,2021,2022,2023,2024,2025",a09,lfs_difficulty_remembering,LFS 2017-2025: Difficulty remembering or concentrating (Washington Group),Do you have difficulty remembering or concentrating?
pooled:LFS_pooled_person.dta,2020,a0a,lfs_anyone_difficulty_seeing,LFS 2020: Anyone in the household has difficulty seeing,"Does anyone has difficulty seeing, even if wearing glasses in the HH?"
pooled:LFS_pooled_person.dta,2020,a0b,lfs_anyone_difficulty_hearing,LFS 2020: Anyone in the household has difficulty hearing,"Does anyone has difficulty hearing, even if using a hearing aid?"
pooled:LFS_pooled_person.dta,2020,a0c,lfs_anyone_difficulty_walking,LFS 2020: Anyone in the household has difficulty walking or climbing steps,Does anyone has difficulty walking or climbing steps?
pooled:LFS_pooled_person.dta,2020,a0d,lfs_anyone_difficulty_remember,LFS 2020: Anyone in the household has difficulty remembering,Does anyone has difficulty remembering or concentrating?
pooled:LFS_pooled_person.dta,"2017,2018,2019,2021,2022,2023,2024,2025",a10,lfs_difficulty_self_care,LFS 2017-2025: Difficulty with self-care such as washing or dressing,Do you have difficulty (with self-care such as) washing all over or dressing?
pooled:LFS_pooled_person.dta,"2017,2018,2019,2021,2022,2023,2024,2025",a11,lfs_difficulty_communicating,LFS 2017-2025: Difficulty communicating in the usual language,"Using your usual language, do you have difficulty communicating, mple understand"
pooled:LFS_pooled_person.dta,"2017,2018,2019,2021,2022,2023,2024",a12,lfs_nationality_2017_2024,LFS 2017-2024: Nationality,What is nationality?
pooled:LFS_pooled_person.dta,2025,a12_v2,lfs_nationality_2025,LFS 2025: Nationality,What is nationality?
pooled:LFS_pooled_person.dta,"2017,2018,2019,2021,2022,2023,2024,2025",a13,lfs_residential_status,LFS 2017-2025: Residential status in Rwanda,Residential Status in Rwanda
pooled:LFS_pooled_person.dta,"2017,2018,2019,2021,2022,2023,2024",a14a,lfs_country_of_birth_2017_2024,LFS 2017-2024: Country or area of birth,Country/Area of birth
pooled:LFS_pooled_person.dta,2025,a14a_v2,lfs_country_of_birth_2025,LFS 2025: Country or area of birth,Country/Area of birth
pooled:LFS_pooled_person.dta,"2017,2018,2019,2021,2022,2023,2025",a14b,lfs_district_of_birth_2017_2025,LFS 2017-2025: District of birth,District of birth
pooled:LFS_pooled_person.dta,2024,a14b_v2,lfs_district_of_birth_2024,LFS 2024: District of birth; the 2024 file mixes district and sector codes,District of birth -- 2024 file mixes district codes (11-57) and sector codes (1101-5714; district = code // 100)
pooled:LFS_pooled_person.dta,"2019,2022,2023,2024",a15,lfs_always_in_district_2019_2024,LFS 2019-2024: Usual residence always in this district,Has usual place of residence  always been in this district?
pooled:LFS_pooled_person.dta,"2021,2025",a15_v2,lfs_lived_outside_6m_2021_2025,LFS 2021-2025: Lived outside this district for at least 6 months,Did he/she lived outside this district for at least 6 consecutive months?
pooled:LFS_pooled_person.dta,"2019,2021,2022,2023,2024,2025",a16y,lfs_years_since_last_move,LFS 2019-2025: Years since the last move of usual residence,The period of usual place of residence( last move)-Years
pooled:LFS_pooled_person.dta,"2019,2021,2022,2023,2024",a17a,lfs_previous_district_2019_2024,LFS 2019-2024: District or foreign country of previous residence,District or foreign country did he/she live.
pooled:LFS_pooled_person.dta,2025,a17a_v2,lfs_previous_country_2025,LFS 2025: Country of residence before arriving here,In which country(Name) live in prior to arrive here?
pooled:LFS_pooled_person.dta,"2019,2021,2022,2023,2024,2025",a17b,lfs_previous_district_code,LFS 2019-2025: District code of the previous residence,District code
pooled:LFS_pooled_person.dta,"2017,2018,2019,2021,2022,2023",a18,lfs_previous_place_type,LFS 2017-2023: Kind of place of the previous residence,Kind of place he/she lived in prior to arriving here?
pooled:LFS_pooled_person.dta,"2017,2018,2019,2021,2022,2023,2024,2025",a19,lfs_years_previous_location,LFS 2017-2025: Duration of stay in the previous location,How long did he/she live in the previous location prior to arriving here?
pooled:LFS_pooled_person.dta,2020,a1a,lfs_anyone_difficulty_self_care,LFS 2020: Anyone in the household has difficulty with self-care,Does anyone has difficulty (with self-care such as) washing all over or dressing
pooled:LFS_pooled_person.dta,2020,a1b,lfs_anyone_difficulty_communic,LFS 2020: Anyone in the household has difficulty communicating,"Using your usual language, does anyone has difficulty communicating, mple unders"
pooled:LFS_pooled_person.dta,"2017,2018,2019,2021,2022,2023,2024,2025",a20,lfs_reason_for_moving,LFS 2017-2025: Reason for moving to the current location,Reason  for moving to the current location
pooled:LFS_pooled_person.dta,"2017,2018,2019,2021,2022,2023",a21,lfs_away_from_home_12m,LFS 2017-2023: Away from home in the last 12 months,Has he/she been away from home in this last 12 months?
pooled:LFS_pooled_person.dta,"2017,2018,2019,2021,2022,2023",a22,lfs_months_away_12m,LFS 2017-2023: Months away from the household in the last 12 months,Months during the past 12 months has he/she been away from this HH
pooled:LFS_pooled_person.dta,"2017,2018,2019,2021,2022,2023",a23,lfs_member_other_household,LFS 2017-2023: Member of another household while absent,"While absent, is/was he/she a member of another household?"
pooled:LFS_pooled_person.dta,"2017,2018,2019,2021,2022,2023",a24,lfs_household_member,LFS 2017-2023: Is a household member,Is he/she household member?
pooled:LFS_pooled_person.dta,"2017,2019",a25,lfs_child_studying_working,LFS 2017-2019: Child currently studying or working (ages 5-13),Is (NAME) currently studying or working?
pooled:LFS_pooled_person.dta,"2017,2019",a26,lfs_child_type_of_work,LFS 2017-2019: Type of work the child does,What type of work does (NAME) do?
pooled:LFS_pooled_person.dta,"2017,2019",a27,lfs_child_days_per_week,LFS 2017-2019: Days per week the child worked in these activities,How many days per week did [NAME] usually work in these activities?
pooled:LFS_pooled_person.dta,"2017,2019",a28,lfs_child_hours_per_day,LFS 2017-2019: Hours per day the child worked in these activities,How many hours per day did [NAME] usually work in these activities?
pooled:LFS_pooled_person.dta,"2017,2019",a29,lfs_child_hours_firewood,"LFS 2017-2019: Child hours collecting firewood, last 7 days","In the last 7 days, how many hours did [NAME] spend collecting firewood for the"
pooled:LFS_pooled_person.dta,"2017,2019",a30,lfs_child_hours_fetching_water,"LFS 2017-2019: Child hours fetching water, last 7 days","In the last 7 days, how many hours did [NAME] spend fetching water for the house"
pooled:LFS_pooled_person.dta,"2017,2019",a31,lfs_child_hours_fodder,"LFS 2017-2019: Child hours searching fodder or grazing, last 7 days","In the last 7 days, how many hours did [NAME] spend searching for  fodder or gra"
pooled:LFS_pooled_person.dta,"2017,2019",a32,lfs_child_hours_construction,"LFS 2017-2019: Child hours constructing the dwelling, last 7 days","In the last 7 days, how many hours did [NAME] spend constructing your dwelling,"
pooled:LFS_pooled_person.dta,"2017,2019",a33,lfs_child_hours_chores,"LFS 2017-2019: Child hours doing household chores, last 7 days","In the last 7 days, how many hours did [NAME] spend doing household chores inclu"
pooled:LFS_pooled_person.dta,"2017,2019",a34,lfs_child_hours_childcare,"LFS 2017-2019: Child hours looking after children, last 7 days","In the last 7 days, how many  hours did [NAME] spend looking after children and"
pooled:LFS_pooled_person.dta,2017,a35,lfs_child_hours_care_2017,"LFS 2017: Child hours looking after children and the elderly, last 7 days","In the last 7 days, how many  hours did [NAME] spend looking after children and"
pooled:LFS_pooled_person.dta,"2017,2019,2020,2021,2022,2023,2024,2025",act_hrs,lfs_actual_hours_worked,"LFS 2017-2025: Actual hours worked in all jobs, NISR derived",Number of actual hours worked
pooled:LFS_pooled_person.dta,"2017,2019,2020,2021,2022,2023,2024,2025",acthrs,lfs_actual_hours_interval,"LFS 2017-2025: Actual hours worked, interval, NISR derived",Actual hours intervals
pooled:LFS_pooled_person.dta,"2022,2023",agdis,lfs_age_group_5_15_16_plus,"LFS 2022-2023: Age group 5-15 or 16 and over, NISR derived",RECODE of A04 (Age at last birthday)
pooled:LFS_pooled_person.dta,"2017,2018,2019,2020,2021,2022,2023,2024,2025",age,lfs_age,LFS: Age in completed years,Age in years
pooled:LFS_pooled_person.dta,"2019,2020,2021,2022,2023,2024,2025",age10,lfs_age_group_broad,"LFS 2019-2025: Broad age group, NISR derived",Broader age group
pooled:LFS_pooled_person.dta,"2022,2023,2024,2025",age3,lfs_age_group_selected,"LFS 2022-2025: Selected age group, NISR derived",selected age group
pooled:LFS_pooled_person.dta,"2022,2023,2024,2025",age3_16_30,lfs_youth_age_group,"LFS 2022-2025: Youth age group 16-30, NISR derived",Youth age groups
pooled:LFS_pooled_person.dta,"2019,2020,2021,2022,2023,2024,2025",age5,lfs_age_group_five_years,"LFS 2019-2025: Five-year age group, NISR derived",Five years age group
pooled:LFS_pooled_person.dta,"2019,2020,2021,2022,2023,2024,2025",attained,lfs_education_completed,"LFS 2019-2025: Level of education completed, NISR derived",Level of education completed
pooled:LFS_pooled_person.dta,"2017,2018,2019,2021,2022,2023,2024,2025",b01,lfs_student,LFS 2017-2025: Currently a student attending school,IS [NAME] a student(Is he /she attending school or would be attending one if sch
pooled:LFS_pooled_person.dta,"2017,2018,2019,2021,2022,2023,2024,2025",b02a,lfs_education_level_highest,LFS 2017-2025: Highest educational level attended,What is the Highest educational level is/ have [NAME] attending / attended?
pooled:LFS_pooled_person.dta,"2017,2018,2019,2021,2022,2023,2024,2025",b02b,lfs_years_completed_in_level,LFS 2017-2025: Years completed in that level of education,How many years have you completed in that level of education?
pooled:LFS_pooled_person.dta,"2017,2018,2019,2021,2022,2023",b03,lfs_highest_certificate,LFS 2017-2023: Highest certificate obtained,Highest certificate obtained
pooled:LFS_pooled_person.dta,"2017,2018,2019",b04,lfs_place_of_qualification,LFS 2017-2019: Place where the highest qualification was obtained,The place of  the highest qualification attained
pooled:LFS_pooled_person.dta,"2018,2019,2021",b05a,lfs_specialisation_area,LFS 2018-2021: Area of specialisation,Area of specialization
pooled:LFS_pooled_person.dta,"2017,2019,2021",b05b,lfs_esced_code,LFS 2017-2021: ESCED code of the specialisation,ESCED code
pooled:LFS_pooled_person.dta,"2019,2021",b05c,lfs_esced_name,LFS 2019-2021: ESCED name of the specialisation,ESCED name
pooled:LFS_pooled_person.dta,"2017,2018,2019,2021,2022,2023",b06,lfs_read_and_write,LFS 2017-2023: Ability to read and write,Ability to read and write
pooled:LFS_pooled_person.dta,"2017,2018,2019,2021,2022,2023,2024,2025",b07,lfs_attending_tvet,LFS 2017-2025: Currently attending a trade or technical skills school,Currently attending any trade or technical Skills school
pooled:LFS_pooled_person.dta,"2017,2018,2019,2021,2022,2023,2024,2025",b08,lfs_learned_tvet,LFS 2017-2025: Learned a trade or technical vocational course (TVET),Did you learn any Trade or Technical vocational course (TVET)?
pooled:LFS_pooled_person.dta,"2017,2018,2019,2021,2022,2023,2024,2025",b09,lfs_training_duration,LFS 2017-2025: Duration of the training,How long will/did this Training take?
pooled:LFS_pooled_person.dta,"2017,2018,2019,2022,2023,2024",b10,lfs_tvet_skills_type_2017_2024,LFS 2017-2024: Type of technical skills learned,Type of technical skills learned?
pooled:LFS_pooled_person.dta,"2021,2025",b10_v2,lfs_tvet_skills_type_2021_2025,LFS 2021-2025: Type of technical skills learned,Type of technical skills learned?
pooled:LFS_pooled_person.dta,"2017,2018,2019",b11,lfs_skills_acquired_where,LFS 2017-2019: Where the skills were acquired,Where did (NAME) acquire these skills
pooled:LFS_pooled_person.dta,"2017,2018,2019",b12,lfs_course_sponsor,LFS 2017-2019: Main sponsor of the course,Who was the main sponsor for this course?
pooled:LFS_pooled_person.dta,"2017,2019,2022,2023,2024",b13,lfs_course_completed_2017_2024,LFS 2017-2024: Completed the course,Did [NAME] complete the course?
pooled:LFS_pooled_person.dta,"2018,2021,2025",b13_v2,lfs_course_completed_2018_2025,LFS 2018-2025: Completed the course,Did [NAME] complete the course?
pooled:LFS_pooled_person.dta,"2017,2018,2019,2021,2022,2023",b13a,lfs_course_completion_year,LFS 2017-2023: Year of completion of the course,In which year did (Name) complete this course?
pooled:LFS_pooled_person.dta,2025,b13b,lfs_course_completion_year_2025,LFS 2025: Year of completion of the course,In which year did (Name) complete this course?
pooled:LFS_pooled_person.dta,"2017,2018,2019,2022,2023,2024",b14,lfs_after_course_2017_2024,LFS 2017-2024: What happened after completing the course,What happened after you completed the course?
pooled:LFS_pooled_person.dta,"2021,2025",b14_v2,lfs_after_course_2021_2025,LFS 2021-2025: What happened after completing the course,What happened after you completed the course?
pooled:LFS_pooled_person.dta,"2017,2018,2019,2021",b15,lfs_computer_level_2017_2021,LFS 2017-2021: Level of computer use,At what level could you use of computer?
pooled:LFS_pooled_person.dta,2025,b15_v2,lfs_job_after_course_2025,LFS 2025: Time to get a job or start a business after the course,How long did take(Name) to get a job or start own business after completing the
pooled:LFS_pooled_person.dta,"2017,2019",b16a,lfs_english_level_2017_2019,LFS 2017-2019: Level of spoken English,At what level could (Name) speak English
pooled:LFS_pooled_person.dta,2021,b16a_v2,lfs_english_level_2021,LFS 2021: Level of spoken English,At what level could (Name) speak English
pooled:LFS_pooled_person.dta,2018,b16a_v3,lfs_english_level_2018,LFS 2018: Level of spoken English,At what level could (Name) speak English
pooled:LFS_pooled_person.dta,"2017,2019",b16b,lfs_french_level_2017_2019,LFS 2017-2019: Level of spoken French,At what level could (Name) speak French
pooled:LFS_pooled_person.dta,2021,b16b_v2,lfs_french_level_2021,LFS 2021: Level of spoken French,At what level could (Name) speak French
pooled:LFS_pooled_person.dta,2018,b16b_v3,lfs_french_level_2018,LFS 2018: Level of spoken French,At what level could (Name) speak French
pooled:LFS_pooled_person.dta,"2017,2019",b16c,lfs_swahili_level_2017_2019,LFS 2017-2019: Level of spoken Swahili,At what level could (Name) speak Swahili
pooled:LFS_pooled_person.dta,2021,b16c_v2,lfs_swahili_level_2021,LFS 2021: Level of spoken Swahili,At what level could (Name) speak Swahili
pooled:LFS_pooled_person.dta,2018,b16c_v3,lfs_swahili_level_2018,LFS 2018: Level of spoken Swahili,At what level could (Name) speak Swahili
pooled:LFS_pooled_person.dta,2021,b17,lfs_ict_skills_any,"LFS 2021: Able to apply ICT skills, any",Is [Name] able to apply any of the following ICT skills (Choose all applicable s
pooled:LFS_pooled_person.dta,2021,b17_a,lfs_ict_copy_file,LFS 2021: ICT skill: copying or moving a file or folder,Is [Name] able to apply  Copying or moving file or folder
pooled:LFS_pooled_person.dta,2021,b17_b,lfs_ict_copy_paste,LFS 2021: ICT skill: copy and paste,Is [Name] able to apply Using copy and paste to duplicate or move document
pooled:LFS_pooled_person.dta,2021,b17_c,lfs_ict_email_attachment,LFS 2021: ICT skill: sending email with attached files,Is [Name] able to apply Sending email with attached files
pooled:LFS_pooled_person.dta,2021,b17_d,lfs_ict_spreadsheet_formula,LFS 2021: ICT skill: basic arithmetic formulae in a spreadsheet,Is [Name] able to apply Using basic arithmetic formulae in a spreadsheet
pooled:LFS_pooled_person.dta,2021,b17_e,lfs_ict_install_devices,LFS 2021: ICT skill: connecting and installing new devices,"Is [Name] able to apply Connecting and installing new devices (E.g. Modem, print"
pooled:LFS_pooled_person.dta,2021,b17_f,lfs_ict_transfer_files,LFS 2021: ICT skill: transferring files between a computer and devices,Is [Name] able to apply Transferring files between a computer and other devices
pooled:LFS_pooled_person.dta,2021,b17_g,lfs_ict_skills_none,LFS 2021: ICT skills: none,Is [Name] able to apply (NONE)
pooled:LFS_pooled_person.dta,"2021,2022,2023",b18,lfs_used_social_media_3m,LFS 2021-2023: Used social media in the last three months,"Has [Name] in last three months used any social media (facebook, whatsapp, tweet"
pooled:LFS_pooled_person.dta,"2021,2022,2023",b19,lfs_used_internet_3m,LFS 2021-2023: Used the internet in the last three months,Has [Name] in the last three months used intenet? (for individual use not for of
pooled:LFS_pooled_person.dta,"2017,2018,2019,2021,2022,2023,2024,2025",c01,lfs_worked_for_pay_7d,"LFS 2017-2025: Worked for wage, salary, commission or tips, last 7 days","During the last 7 days,did he/she do any work for wage, salary, commission, tips"
pooled:LFS_pooled_person.dta,"2017,2018,2019,2021,2022,2023,2024,2025",c02,lfs_ran_business_7d,"LFS 2017-2025: Ran a business activity, last 7 days","During the past 7 days, did (NAME) run or do any kind of business activity other"
pooled:LFS_pooled_person.dta,2025,c02a,lfs_ran_farming_7d,"LFS 2025: Ran a farming or rearing activity, last 7 days","During the past 7 days, did (NAME) run or do any farming, Rearing farm animals,"
pooled:LFS_pooled_person.dta,"2017,2018,2019,2021,2022,2023,2024,2025",c03,lfs_helped_unpaid_7d,"LFS 2017-2025: Helped unpaid in a household business, last 7 days","During the past 7 days, did (NAME) help unpaid in a business owned by a househol"
pooled:LFS_pooled_person.dta,"2017,2018,2019,2021,2022,2023",c04,lfs_work_in_agriculture,"LFS 2017-2023: Work in agriculture, farming or fishing","Was this work in agriculture, farming or fishing?"
pooled:LFS_pooled_person.dta,"2017,2018,2019,2021,2022,2023,2024,2025",c05,lfs_products_for_sale,LFS 2017-2025: Products of the activity mainly for sale or for own use,"In general, are the products obtained from this activity for sale or for family"
pooled:LFS_pooled_person.dta,"2017,2018,2019,2021,2022,2023,2024,2025",c06,lfs_job_absent_7d,"LFS 2017-2025: Had a paid job or business but was absent, last 7 days","During the last 7 days, did (NAME) have a paid job or a business from which he/s"
pooled:LFS_pooled_person.dta,"2017,2018,2019,2022,2023,2024,2025",c07,lfs_reason_absent_2017_2025,LFS 2017-2025: Main reason for absence from work,What was the main reason (NAME) was absent from work during the last 7 days?
pooled:LFS_pooled_person.dta,2021,c07_v2,lfs_reason_absent_2021,LFS 2021: Main reason for absence from work,What was the main reason (NAME) was absent from work during the last 7 days?
pooled:LFS_pooled_person.dta,"2017,2018,2019,2021,2022,2023,2024,2025",c08,lfs_expected_absence,LFS 2017-2025: Expected total absence from work,What is the expected total absence from work for (NAME)?
pooled:LFS_pooled_person.dta,"2017,2018,2019,2021,2022,2023,2024,2025",c09,lfs_income_during_absence,LFS 2017-2025: Continues to receive income during the absence,Does (NAME) continue receiving an income from his/her job during absence?
pooled:LFS_pooled_person.dta,"2019,2021,2022,2023,2024,2025",c09a,lfs_absence_category,LFS 2019-2025: Category of the situation of the absent person,"Among the following categories, which correspond to the (NAME)'s situation"
pooled:LFS_pooled_person.dta,"2017,2018,2019,2021,2022,2023,2024,2025",c10,lfs_other_paid_job,LFS 2017-2025: Had another paid job or business,Did [NAME] have any other paid job or business or performed any secondary activi
pooled:LFS_pooled_person.dta,"2024,2025",c10a,lfs_number_other_jobs,LFS 2024-2025: Number of jobs other than the main job,How many jobs other than main job do(you/name) posess?
pooled:LFS_pooled_person.dta,"2017,2018,2019,2021,2022,2023,2024,2025",c11a,lfs_usual_hours_main_job,"LFS 2017-2025: Usual hours per week, main job",How many hours does [NAME] usually work per week?Main job/activity
pooled:LFS_pooled_person.dta,"2017,2018,2019,2021,2022,2023,2024,2025",c11b,lfs_usual_hours_second_job,"LFS 2017-2025: Usual hours per week, secondary job",How many hours does [NAME] usually work per week?Secondary job/activity
pooled:LFS_pooled_person.dta,"2017,2018,2019,2021,2022,2023,2024,2025",c12a,lfs_days_worked_main_job,"LFS 2017-2025: Days worked in the main job, last 7 days","During the past 7 days, how many days did (NAME) actually work in Main job/activ"
pooled:LFS_pooled_person.dta,"2017,2018,2019,2021,2022,2023,2024,2025",c12b,lfs_days_worked_second_job,"LFS 2017-2025: Days worked in the secondary job, last 7 days","During the past 7 days, how many days did (NAME) actually work in all Secondary"
pooled:LFS_pooled_person.dta,"2017,2018,2019,2021,2022,2023,2024,2025",c13a,lfs_hours_per_day_main_job,"LFS 2017-2025: Hours per day worked in the main job, last 7 days","During the past 7 days, how many hours per day did (NAME) actually worked in Mai"
pooled:LFS_pooled_person.dta,"2017,2018,2019,2021,2022,2023,2024,2025",c13b,lfs_hours_per_day_second_job,"LFS 2017-2025: Hours per day worked in the secondary job, last 7 days","During the past 7 days, how many hours per day did (NAME) actually worked in all"
pooled:LFS_pooled_person.dta,"2017,2018,2019,2021,2022,2023,2024,2025",c14,lfs_hours_all_jobs_7d,"LFS 2017-2025: Hours usually worked at all jobs, last 7 days",How many hours did [NAME) usually worked at all jobs combined?
pooled:LFS_pooled_person.dta,"2017,2018,2019,2021,2022,2023,2024,2025",c15,lfs_reason_long_hours,LFS 2017-2025: Main reason for working long hours,What was the main reason (NAME) usually worked long hours per week?
pooled:LFS_pooled_person.dta,"2017,2018,2019,2021,2022,2023,2024,2025",c16,lfs_looked_more_work_4w,"LFS 2017-2025: Looked for additional or other work, last 4 weeks","During the last 4 weeks, did (NAME) look for additional or other work?"
pooled:LFS_pooled_person.dta,"2017,2018,2019,2021,2022,2023,2024,2025",c17,lfs_wants_more_hours,LFS 2017-2025: Would want to work more hours per week,Would want to work more hours per week than usualy worked provided the extra hou
pooled:LFS_pooled_person.dta,"2017,2018,2019,2021,2022,2023,2024,2025",c18,lfs_available_more_work,LFS 2017-2025: Available for additional work if an opportunity arose,"If an opportunity for additional work became available, could (NAME) start worki"
pooled:LFS_pooled_person.dta,"2017,2018,2019,2021,2022,2023,2024,2025",c19,lfs_looked_for_job_4w,"LFS 2017-2025: Looked for a paid job or tried to start a business, last 4 weeks","During the last 4 weeks, did [NAME] look for any kind of paid job or try to star"
pooled:LFS_pooled_person.dta,"2024,2025",c19a,lfs_tried_start_business_4w,"LFS 2024-2025: Tried to start a business, last 4 weeks",During the last 4 weeks did(name) try to start a business?
pooled:LFS_pooled_person.dta,"2017,2018,2019,2021,2022,2023,2024,2025",c20,lfs_job_arranged,LFS 2017-2025: Already found a job or arranged to start a business,Has [NAME] already found a job or arranged to start a business in the next 4 wee
pooled:LFS_pooled_person.dta,"2024,2025",c20a,lfs_start_new_job_when,LFS 2024-2025: How soon the person expects to start the new job,How soon Does  [NAME] expect  to start  working in  this new job or  business ?
pooled:LFS_pooled_person.dta,"2019,2020,2021,2022,2023,2024,2025",c21,lfs_job_search_method,"LFS 2019-2025: Main method used to find a job, last 4 weeks",what did [NAME] do  in the last 4 weeks to find a paid job or start a business?
pooled:LFS_pooled_person.dta,"2022,2023",c21_a,lfs_search_financial,"LFS 2022-2023: Search method: arranging financial resources, permits or licences","Arranging for financial ressources,applying for permits,licences"
pooled:LFS_pooled_person.dta,"2022,2023",c21_b,lfs_search_land_premises,"LFS 2022-2023: Search method: looking for land, premises or equipment","Looking for land,premises,machinery,supplies,farming inputs"
pooled:LFS_pooled_person.dta,"2022,2023",c21_c,lfs_search_friends,LFS 2022-2023: Search method: help of friends and relatives,"Seeking the assistance of friends,relatives or other types of intermediaries"
pooled:LFS_pooled_person.dta,"2022,2023",c21_d,lfs_search_employment_agency,LFS 2022-2023: Search method: registering with an employment agency,Registering with or contacting public or private employment services
pooled:LFS_pooled_person.dta,"2022,2023",c21_e,lfs_search_employers_direct,LFS 2022-2023: Search method: applying to employers directly,"Applying to employers directly,checking at worksites,farms,factory gates,markets"
pooled:LFS_pooled_person.dta,"2022,2023",c21_f,lfs_search_newspaper_ads,LFS 2022-2023: Search method: newspaper or internet advertisements,Placing or answering newspaper or online job advertisements
pooled:LFS_pooled_person.dta,"2022,2023",c21_g,lfs_search_online_resume,LFS 2022-2023: Search method: placing or updating online resumes,Placing and updating resumes on professional or social networking sites online
pooled:LFS_pooled_person.dta,"2022,2023",c21_h,lfs_search_no_method,LFS 2022-2023: Search method: none,No method
pooled:LFS_pooled_person.dta,"2022,2023",c21_l,lfs_search_other_text,"LFS 2022-2023: Search method: other, text","Other, specify"
pooled:LFS_pooled_person.dta,"2018,2021",c21a,lfs_search_financial_2018_2021,"LFS 2018-2021: Search method: arranging financial resources, permits or licences","Arranging for financial ressources,applying for permits,licences"
pooled:LFS_pooled_person.dta,"2017,2019",c21a_v2,lfs_search_action_1st_2017_2019,LFS 2017-2019: First job-search action mentioned,what did [NAME] do  in the last 4 weeks to find a paid job or start a business?
pooled:LFS_pooled_person.dta,2024,c21a_v3,lfs_search_apply_employers_2024,LFS 2024: Search method: applying to prospective employers,Apply to prospective Employers
pooled:LFS_pooled_person.dta,"2018,2021",c21b,lfs_search_land_2018_2021,"LFS 2018-2021: Search method: looking for land, premises or equipment","Looking for land,premises,machinery,supplies,farming inputs"
pooled:LFS_pooled_person.dta,"2017,2019",c21b_v2,lfs_search_action_2nd_2017_2019,LFS 2017-2019: Second job-search action mentioned,What did [NAME] do in the last 4 weeks to find a paid job or start a business?
pooled:LFS_pooled_person.dta,2024,c21b_v3,lfs_search_place_advert_2024,LFS 2024: Search method: placing a job advertisement,Place or Answer Job Advertisement
pooled:LFS_pooled_person.dta,"2018,2021",c21c,lfs_search_friends_2018_2021,LFS 2018-2021: Search method: help of friends and relatives,"Seeking the assistance of friends,relatives or other types of intermediaries"
pooled:LFS_pooled_person.dta,"2017,2019",c21c_v2,lfs_search_action_3rd_2017_2019,LFS 2017-2019: Third job-search action mentioned,What did [NAME] do in the last 4 weeks to find a paid job or start a business?
pooled:LFS_pooled_person.dta,2024,c21c_v3,lfs_search_post_resume_2024,LFS 2024: Search method: posting or updating a resume,Post/Update resume on professional/Social networking sites online
pooled:LFS_pooled_person.dta,"2018,2021,2024",c21d,lfs_search_agency_2018_2024,LFS 2018-2024: Search method: registering with an employment agency,Register with Employment center(Public/private)
pooled:LFS_pooled_person.dta,"2017,2019",c21d_v2,lfs_search_action_4th_2017_2019,LFS 2017-2019: Fourth job-search action mentioned,What did [NAME] do in the last 4 weeks to find a paid job or start a business?
pooled:LFS_pooled_person.dta,"2018,2019,2021",c21e,lfs_search_employers_2018_2021,LFS 2018-2021: Search method: applying to employers directly,"Applying to employers directly,checking at worksites,farms,factory gates,markets"
pooled:LFS_pooled_person.dta,2024,c21e_v2,lfs_search_test_interview_2024,LFS 2024: Search method: taking a test or interview,Take a test or Interview
pooled:LFS_pooled_person.dta,"2018,2019,2021",c21f,lfs_search_adverts_2018_2021,LFS 2018-2021: Search method: newspaper or internet advertisements,Placing or answering newspaper or online job advertisements
pooled:LFS_pooled_person.dta,2024,c21f_v2,lfs_search_help_relatives_2024,LFS 2024: Search method: help of relatives,"Seek help from Relatives,friends,Others"
pooled:LFS_pooled_person.dta,"2018,2019,2021",c21g,lfs_search_resume_2018_2021,LFS 2018-2021: Search method: placing or updating online resumes,Placing and updating resumes on professional or social networking sites online
pooled:LFS_pooled_person.dta,2024,c21g_v2,lfs_search_check_worksites_2024,LFS 2024: Search method: checking factories or worksites,Check at Factories worksite
pooled:LFS_pooled_person.dta,"2018,2019,2021",c21h,lfs_search_no_method_2018_2021,LFS 2018-2021: Search method: none,No method
pooled:LFS_pooled_person.dta,2024,c21h_v2,lfs_search_wait_street_2024,LFS 2024: Search method: waiting on the street to be recruited,Wait on the street to be recruited
pooled:LFS_pooled_person.dta,2024,c21i,lfs_search_financial_help_2024,LFS 2024: Search method: seeking financial help to start a business,Seek Financial help to start a business
pooled:LFS_pooled_person.dta,2024,c21j,lfs_search_land_equipment_2024,"LFS 2024: Search method: looking for land, building or equipment","Look for land,building,equipment,Materials to start a business"
pooled:LFS_pooled_person.dta,2024,c21k,lfs_search_permit_licence_2024,LFS 2024: Search method: applying for a permit or licence,Apply for permit or licence to start a business        street to be recruited
pooled:LFS_pooled_person.dta,"2018,2021",c21l,lfs_search_other_2018_2021,LFS 2018-2021: Search method: other,Other
pooled:LFS_pooled_person.dta,2024,c21l_v2,lfs_search_method_item_2024,LFS 2024: Job-search method item as shipped in 2024,No Method
pooled:LFS_pooled_person.dta,2024,c21m,lfs_search_other_text_2024,"LFS 2024: Search method: other, text","Other,specify"
pooled:LFS_pooled_person.dta,"2018,2019,2021,2025",c22,lfs_unemployment_spell_2018_2025,LFS 2018-2025: Duration without work and looking for a job,For how long has [NAME] been without work and trying to find a paid job or start
pooled:LFS_pooled_person.dta,"2017,2022,2023,2024",c22_v2,lfs_unemployment_spell_2017_2024,LFS 2017-2024: Duration without work and looking for a job,For how long has [NAME] been without work and trying to find a paid job or start
pooled:LFS_pooled_person.dta,"2017,2018,2019,2021,2022,2023,2024,2025",c23,lfs_wants_paid_job,LFS 2017-2025: Would want to work if a job or business were available,Would [NAME] want to work if a  paid job or business opportunity became availabl
pooled:LFS_pooled_person.dta,"2017,2018,2019,2022,2023,2024,2025",c24,lfs_reason_not_search_2017_2025,LFS 2017-2025: Main reason for not trying to find a job or start a business,What was the main reason (NAME) did not try to find a paid job or start a busine
pooled:LFS_pooled_person.dta,2021,c24_v2,lfs_reason_not_search_2021,LFS 2021: Main reason for not trying to find a job or start a business,What was the main reason (NAME) did not try to find a paid job or start a busine
pooled:LFS_pooled_person.dta,"2017,2018,2019,2021,2022,2023,2024,2025",c25,lfs_available_to_start,LFS 2017-2025: Available to start if a job or business opportunity arose,"If a paid job or business opportunity become available, could [NAME] have starte"
pooled:LFS_pooled_person.dta,"2017,2018,2019,2021,2022,2023,2024",c26,lfs_reason_no_start_2017_2024,LFS 2017-2024: Main reason the person could not start working,What is the mean reason why (NAME) could not  start working in the last 7 days o
pooled:LFS_pooled_person.dta,2025,c26_v2,lfs_reason_no_start_2025,LFS 2025: Main reason the person could not start working,What is the mean reason why (NAME) could not  start working in the last 7 days o
pooled:LFS_pooled_person.dta,"2017,2018,2020,2022,2023,2024,2025",cash,lfs_monthly_cash_income,"LFS 2017-2025: Monthly income in cash of employees, NISR derived",Monthly income in cash for employees
pooled:LFS_pooled_person.dta,"2017,2018,2019,2020,2021,2022,2023,2024,2025",cluster,lfs_cluster,LFS: Sampling cluster or village identifier,Sampling cluster id (year_psu)
pooled:LFS_pooled_person.dta,"2022,2023",combhrs,lfs_combined_hours,LFS 2022-2023: Combined hours of own-use production and employment,Combined hours for Own use and employment
pooled:LFS_pooled_person.dta,2021,consent,lfs_consent_2021,LFS 2021: Consent to the interview,Consent
pooled:LFS_pooled_person.dta,"2018,2019,2021",d01b2,lfs_main_job_tasks,LFS 2018-2021: Main tasks and duties in the main job,Main tasks and duties(ISCO CODE)
pooled:LFS_pooled_person.dta,"2017,2018,2019",d02,lfs_min_education_for_job,"LFS 2017-2019: Minimum education needed for the main job, opinion",What do you think could be the minimum level of education to carry out the job (
pooled:LFS_pooled_person.dta,"2019,2021,2025",d03a,lfs_workplace_name_2019_2025,LFS 2019-2025: Name of the workplace of the main job,Does the place or business where(you/name) work's have a name?
pooled:LFS_pooled_person.dta,"2022,2023,2024",d03a_v2,lfs_workplace_name_2022_2024,LFS 2022-2024: Name of the workplace of the main job,What is the name of (NAME)?s workplace?
pooled:LFS_pooled_person.dta,"2019,2021",d03a1,lfs_workplace_name_text,"LFS 2019-2021: Name of the workplace of the main job, text",The workplace name
pooled:LFS_pooled_person.dta,"2019,2021",d03b,lfs_main_job_goods_services,LFS 2019-2021: Main goods or services produced at the workplace,What are the main goods or services produced at (NAME)?s place of work or its ma
pooled:LFS_pooled_person.dta,"2019,2021",d03b1,lfs_isic_main_job_2019_2021,LFS 2019-2021: ISIC code of the main job,Main goods and services(ISIC code)
pooled:LFS_pooled_person.dta,2020,d03b1_v2,lfs_isic_main_job_2020,LFS 2020: ISIC code of the main job; two-digit divisions in the 2020 file,"ISIC code of the main job -- 2-digit divisions in the reduced 2020 file (4-digit classes in 2019, 2021)"
pooled:LFS_pooled_person.dta,"2017,2018,2019,2021,2022,2023,2024",d04,lfs_inst_sector_main_2017_2024,LFS 2017-2024: Institutional sector of the main job,Does (Name) work in....
pooled:LFS_pooled_person.dta,2025,d04_v2,lfs_inst_sector_main_2025,LFS 2025: Institutional sector of the main job,Does (Name) work in....
pooled:LFS_pooled_person.dta,"2017,2018,2019,2020,2021,2022,2023,2024",d05,lfs_employment_status_2017_2024,LFS 2017-2024: Status in employment in the main job,"In this job, is  [NAME] working as??"
pooled:LFS_pooled_person.dta,2025,d05_v2,lfs_employment_status_2025,LFS 2025: Status in employment in the main job (ICSE-18),Status of employment according to ICSE-93
pooled:LFS_pooled_person.dta,"2024,2025",d05a,lfs_workplace_size,"LFS 2024-2025: Persons at the workplace including the person, bracket",How many persons including  you at your work place?
pooled:LFS_pooled_person.dta,"2024,2025",d05a1,lfs_workplace_size_number,"LFS 2024-2025: Persons at the workplace including the person, number","Number of  persons including  you at your work place,Less than 10"
pooled:LFS_pooled_person.dta,"2017,2018,2019,2021,2022,2023,2024,2025",d06,lfs_contract_type,LFS 2017-2025: Written contract or oral agreement,(Do/does)(You/Name) have a written contract or oral agreement for the work (You/
pooled:LFS_pooled_person.dta,"2017,2018,2019,2021,2022,2023,2024",d07,lfs_contract_agreement_2017_2024,LFS 2017-2024: Type of contract or agreement,Is [NAME]'s contract or agreement :
pooled:LFS_pooled_person.dta,2025,d07_v2,lfs_contract_agreement_2025,LFS 2025: Type of contract or agreement,Is [NAME]'s contract or agreement :
pooled:LFS_pooled_person.dta,"2017,2018,2019,2021,2022,2023,2024",d08,lfs_contract_duration_2017_2024,LFS 2017-2024: Duration of the contract,The duration of the contract or agreement?
pooled:LFS_pooled_person.dta,2025,d08_v2,lfs_contract_duration_2025,LFS 2025: Duration of the contract,The duration of the contract or agreement?
pooled:LFS_pooled_person.dta,2025,d08a,lfs_minimum_hours_agreed,LFS 2025: Minimum hours or work agreed,Does [NAME] have a minimum amount of hours or work agreed with his/her employer?
pooled:LFS_pooled_person.dta,"2017,2018,2019,2021,2022,2023,2024,2025",d09a,lfs_employer_social_security,LFS 2017-2025: Employer pays social security contributions,Does employer pay contributions on [NAME]?s behalf to social security fund(RSSB)
pooled:LFS_pooled_person.dta,"2017,2018,2019,2021,2022,2023",d09b,lfs_employer_health_insurance,LFS 2017-2023: Employer pays health insurance contributions,Does employer pay contributions on [NAME]?s behalf to health insurance fund
pooled:LFS_pooled_person.dta,2025,d10,lfs_activity_registered_rra,LFS 2025: Economic activity registered with the Rwanda Revenue Authority,Has [NAME] registered his/her economic activity with the Rwanda Revenue Authorit
pooled:LFS_pooled_person.dta,2025,d10_e,lfs_ejo_heza_contributions,LFS 2025: Contributes to the Ejo Heza pension scheme,Does (name) make contributions to the Ejo Heza scheme?
pooled:LFS_pooled_person.dta,"2017,2018,2019,2021,2022,2023,2024,2025",d10a,lfs_paid_annual_leave,LFS 2017-2025: Entitled to paid annual leave,Is (Name) entitled to paid annual leave benefits from employer?
pooled:LFS_pooled_person.dta,"2017,2018,2019,2021,2022,2023,2024,2025",d10b,lfs_paid_sick_leave,LFS 2017-2025: Entitled to paid sick leave,Is (name) entitled to paid sick leave benefits from employer?
pooled:LFS_pooled_person.dta,"2017,2018,2019,2021,2022,2023,2024,2025",d10c,lfs_maternity_paternity_leave,LFS 2017-2025: Entitled to paid maternity or paternity leave,Is (name) entitled to maternity/paternity leave?
pooled:LFS_pooled_person.dta,"2017,2018,2019,2021,2022,2023,2024,2025",d10d,lfs_salary_tax_deducted,LFS 2017-2025: Salary subject to income tax deduction,Is (Name)'s salary subjected to deduction of taxe (PAYE)
pooled:LFS_pooled_person.dta,"2017,2018,2019,2021,2022,2023",d11,lfs_trade_union_member,LFS 2017-2023: Belongs to a trade union or syndicate,Does [NAME] belong to any trade union or syndicate
pooled:LFS_pooled_person.dta,"2017,2021,2022,2023,2024",d12,lfs_earnings_cash_main_job,"LFS 2017-2024: Earnings in cash from the main job, last payment","How much did he/she  earn at main job last time in cash and in kind, before taxe"
pooled:LFS_pooled_person.dta,2025,d12_1,lfs_earnings_money_main_2025,"LFS 2025: Money earned from the main job or business, last payment",How much money did (Name) earn from his/her main job/business the last time ?
pooled:LFS_pooled_person.dta,2025,d12_1a,lfs_earnings_amount_rwf_2025,"LFS 2025: Earnings amount in Rwandan francs, main job",Amount in Rwandan francs
pooled:LFS_pooled_person.dta,"2017,2021,2022,2023",d12a,lfs_earnings_amount_rwf,"LFS 2017-2023: Earnings amount in Rwandan francs, main job",Amount in Rwandan francs
pooled:LFS_pooled_person.dta,"2017,2021,2022,2023",d13,lfs_earnings_period,LFS 2017-2023: Period covered by the earnings,How long did it cover?
pooled:LFS_pooled_person.dta,2025,d13_1,lfs_earnings_period_2025,LFS 2025: Period covered by the earnings,How long did it cover?
pooled:LFS_pooled_person.dta,"2017,2021,2022,2023",d14,lfs_in_kind_payments,LFS 2017-2023: Receives in-kind payments in the main job,"Does [NAME] receive in-kind payments in main job such as food, agricultural prod"
pooled:LFS_pooled_person.dta,2025,d14_1,lfs_average_monthly_earn_2025,LFS 2025: Average money earned per month from the main job,"On average, how much money did (NAME) earn from main job/business per month?"
pooled:LFS_pooled_person.dta,2025,d14_1a,lfs_average_monthly_rwf_2025,LFS 2025: Average monthly earnings in Rwandan francs,Amount in Rwandan francs
pooled:LFS_pooled_person.dta,"2017,2021,2022,2023",d15,lfs_in_kind_value,LFS 2017-2023: Value of the in-kind payments,What is the value of these in-kind payments?
pooled:LFS_pooled_person.dta,"2017,2021,2022,2023",d15a,lfs_in_kind_amount_rwf,LFS 2017-2023: In-kind payments in Rwandan francs,Amount in Rwandan francs
pooled:LFS_pooled_person.dta,"2017,2021,2022,2023",d16,lfs_in_kind_period,LFS 2017-2023: Period covered by the in-kind payments,What period did it cover?
pooled:LFS_pooled_person.dta,"2017,2021,2022,2023",d17,lfs_monthly_earnings_bracket,"LFS 2017-2023: Monthly earnings, cash and in kind, bracket","Taking into account both cash and in kind payments,Would you say the monthly amo"
pooled:LFS_pooled_person.dta,2025,d17_1,lfs_monthly_earnings_brk_2025,"LFS 2025: Monthly earnings, cash and in kind, bracket",Would you say that monthly amount earned the last time  in  (Name) ?s  job/busin
pooled:LFS_pooled_person.dta,2025,d18a,lfs_how_obtained_job_2025,LFS 2025: How the current employment was obtained,How did (you/name) obtain your current employment?
pooled:LFS_pooled_person.dta,2017,d18a_v2,lfs_net_earnings_biz_2017,LFS 2017: Net monthly earnings from the business activity,What is the net monthly earnings of (NAME) from his/her business Activity?
pooled:LFS_pooled_person.dta,2017,d18a1,lfs_net_earnings_biz_rwf_2017,"LFS 2017: Net monthly earnings from the business, Rwandan francs",What is the net monthly earnings of (NAME) from his/her business Activity?(Amoun
pooled:LFS_pooled_person.dta,2025,d18a_other,lfs_how_obtained_job_other,"LFS 2025: How the employment was obtained, other text",D18A_ obtain your current employment?
pooled:LFS_pooled_person.dta,2017,d18b,lfs_net_earnings_biz_brk_2017,"LFS 2017: Net monthly earnings from the business, bracket",What is the net monthly earnings of (NAME) from his/her business or activity?
pooled:LFS_pooled_person.dta,2017,d19,lfs_earnings_vs_average_2017,"LFS 2017: Earnings below, at or above the usual monthly average","Was this below average, above average, or average of monthly earnings during las"
pooled:LFS_pooled_person.dta,"2017,2018,2019,2021,2022,2023,2024,2025",d20,lfs_business_registered,LFS 2017-2025: Business or establishment registered,Is the business/establishment where [NAME] works registered with the RRA or  pay
pooled:LFS_pooled_person.dta,"2017,2018,2019,2021,2022,2023,2024,2025",d21,lfs_business_keeps_accounts,LFS 2017-2025: Business keeps accounts to report to an authority,"In order to report to an authority, does the business/establishment where (NAME)"
pooled:LFS_pooled_person.dta,"2024,2025",d21a,lfs_accounts_type,LFS 2024-2025: Kind of accounts or records kept,What kind of accounts or records deos the (busines/farm) keep?
pooled:LFS_pooled_person.dta,"2017,2018,2019",d22a,lfs_employees_at_workplace,"LFS 2017-2019: Regular employees at the workplace, bracket","How many regular paid or unpaid employees including [NAME], work at [NAME]'s  pl"
pooled:LFS_pooled_person.dta,"2017,2018,2019",d22b,lfs_employees_at_workplace_num,"LFS 2017-2019: Regular employees at the workplace, number","How many regular paid or unpaid employees including [NAME], work at [NAME]'s  pl"
pooled:LFS_pooled_person.dta,"2017,2018,2019,2021,2022,2023,2024",d23,lfs_workplace_type_2017_2024,LFS 2017-2024: Type of place where the person usually works,In what type of place does [NAME] usually work?
pooled:LFS_pooled_person.dta,2025,d23_v2,lfs_workplace_location_2025,LFS 2025: Where the business or work is located,Where is the business where [NAME] work located?
pooled:LFS_pooled_person.dta,2025,d23a,lfs_commute_transport_2025,LFS 2025: Main means of transport to work,What means of transportation do you mainly use to commute to your place of work?
pooled:LFS_pooled_person.dta,2024,d23a_v2,lfs_commute_transport_2024,LFS 2024: Main means of transport to work,What means of transportation do you mainly use to commute to your place of work?
pooled:LFS_pooled_person.dta,"2024,2025",d23b,lfs_commute_time,LFS 2024-2025: Time to get to work,How long does it normally take you to get to work?
pooled:LFS_pooled_person.dta,"2017,2019,2020",d24,lfs_work_experience_2017_2020,LFS 2017-2020: Total work experience,How long have [NAME] been working (total experience)?
pooled:LFS_pooled_person.dta,"2024,2025",d24_v2,lfs_work_experience_2024_2025,LFS 2024-2025: Total work experience in years,"Total work experience in years (2025 questionnaire D24; 2017 = duration bands, 2019-2023 = d24a)"
pooled:LFS_pooled_person.dta,"2019,2021,2022,2023",d24a,lfs_work_experience_years,LFS 2019-2023: Total work experience in years,How long have [NAME] been working (total experience)-Years?
pooled:LFS_pooled_person.dta,2025,d24b,lfs_months_worked_per_year,LFS 2025: Months worked in a year in the main job,"In your main job or business, how many months do you typically work in a year?"
pooled:LFS_pooled_person.dta,"2017,2018,2019",d25,lfs_computer_needed_at_work,LFS 2017-2019: Needs a computer in day-to-day work,In day to day work does [NAME] need the computer to perform his/her duties?
pooled:LFS_pooled_person.dta,"2024,2025",d25a,lfs_works_in_own_district,LFS 2024-2025: Works in the district of residence,Is this District the same as the District where (Name) performs his/her main job
pooled:LFS_pooled_person.dta,"2024,2025",d25b,lfs_district_of_work,LFS 2024-2025: District where the main job is performed,In which district do (You/Name) mainly perform this work?
pooled:LFS_pooled_person.dta,"2017,2018,2019",d26,lfs_uses_computer_at_work,LFS 2017-2019: Uses a computer in day-to-day work,Does (name) use computer in his/her day to day work?
pooled:LFS_pooled_person.dta,"2018,2019,2021,2022,2023",d27,lfs_has_secondary_job,LFS 2018-2023: Secondary paid job or business reported,Is a secondary paid job or business/activity reported
pooled:LFS_pooled_person.dta,2021,d28,lfs_injured_at_work_12m,"LFS 2021: Hurt in an accident while working, last 12 months","In the past 12 months, has (NAME)  ever been hurt in an accident while working t"
pooled:LFS_pooled_person.dta,2021,d29,lfs_injury_absence,LFS 2021: Injury caused absence or inability to work,"Did this injury result in (NAME)  being absent or unable to work, for at least o"
pooled:LFS_pooled_person.dta,2021,d30a,lfs_injury_absence_duration,LFS 2021: Time away from work because of the injury,How long(NAME)  were  away from work (or are likely to be) because of the injury
pooled:LFS_pooled_person.dta,2021,d30b,lfs_injury_absence_unit,LFS 2021: Unit of the time away from work because of the injury,How long(NAME)  were  away from work (or are likely to be) because of the injury
pooled:LFS_pooled_person.dta,2021,d31,lfs_injury_reported,LFS 2021: Injury reported to management,Did (NAME)  report the injury to the management?
pooled:LFS_pooled_person.dta,2021,d32,lfs_injury_compensation,LFS 2021: Received financial compensation for the injury,Did you receive any financial compensation for the injury?
pooled:LFS_pooled_person.dta,2021,decode,lfs_data_entry_code_2021,LFS 2021: Data entry code,Data entry code
pooled:LFS_pooled_person.dta,"2022,2023,2024,2025",dg01,lfs_own_use_firewood,"LFS 2022-2025: Own-use production: fetching firewood, NISR derived",fetch firewood
pooled:LFS_pooled_person.dta,"2022,2023,2024,2025",dg02,lfs_own_use_water,"LFS 2022-2025: Own-use production: fetching water, NISR derived",fetch water
pooled:LFS_pooled_person.dta,"2022,2023,2024,2025",dg03,lfs_own_use_fodder,"LFS 2022-2025: Own-use production: searching fodder or grazing, NISR derived",searching fooder or grazing
pooled:LFS_pooled_person.dta,"2022,2023,2024,2025",dg04,lfs_own_use_goods,"LFS 2022-2025: Own-use production: manufacturing household goods, NISR derived",manufacturing household goods
pooled:LFS_pooled_person.dta,"2022,2023,2024,2025",dg05,lfs_own_use_repairs,"LFS 2022-2025: Own-use production: repairing the dwelling, NISR derived",repairing household
pooled:LFS_pooled_person.dta,"2022,2023,2024,2025",dg06,lfs_own_use_cooking,"LFS 2022-2025: Own-use production: cooking and shopping, NISR derived",Cooking and shopping
pooled:LFS_pooled_person.dta,"2022,2023,2024,2025",dg07,lfs_own_use_care,LFS 2022-2025: Own-use production: looking after children and elderly (NISR),Looking after children and aldery
pooled:LFS_pooled_person.dta,"2018,2019,2021,2022,2023,2024,2025",disable,lfs_disability,"LFS 2018-2025: Person with disability, NISR derived",person with disability
pooled:LFS_pooled_person.dta,"2018,2019,2021,2022,2023,2024,2025",discourage,lfs_discouraged_jobseeker,"LFS 2018-2025: Discouraged jobseeker, NISR derived",Discouraged jobseekers
pooled:LFS_pooled_person.dta,"2017,2018,2019,2020,2021,2022,2023,2024,2025",dist,lfs_district,"LFS: District, NISR code 11-57","District (11-57, NISR codes)"
pooled:LFS_pooled_person.dta,2025,ds07,lfs_works_as_2025,"LFS 2025: Works as employee, in own business or helping",(Do/Does) (You/Name) work...?
pooled:LFS_pooled_person.dta,2025,ds08,lfs_business_decisions_maker,LFS 2025: Who makes the decisions about running the business,Who usually makes the decisions about the running of the family/household busine
pooled:LFS_pooled_person.dta,2025,ds09,lfs_business_hires_paid,LFS 2025: Business hires paid employees regularly,Does the business hire/have any paid employees on a regular basis?
pooled:LFS_pooled_person.dta,2025,ds09_a,lfs_income_half_one_client,LFS 2025: More than half of the income comes from one client,Does more than half of the income from [NAME]?s business/activity come from ?.?
pooled:LFS_pooled_person.dta,2025,ds09_b,lfs_customers_via_company,LFS 2025: Gets customers through another company or platform,"Does [NAME] get customers, clients or buyers through someone else, for example f"
pooled:LFS_pooled_person.dta,2025,ds09_c,lfs_business_activity_item,LFS 2025: Business activity item as shipped,In this business /activity Does [NAME]??
pooled:LFS_pooled_person.dta,2025,ds09_d,lfs_client_sets_terms,LFS 2025: Client company sets prices or working conditions,In [NAME]?s business/activity does client/company/intermediary/or other person??
pooled:LFS_pooled_person.dta,2025,ds09aa,lfs_business_registered_rdb,LFS 2025: Business registered with the Rwanda Development Board,Is (NAME)'s business registered with RDB?
pooled:LFS_pooled_person.dta,2025,ds09aaa,lfs_business_registered_other,LFS 2025: Business registered with another institution,Is (Name)'s business registered as....?
pooled:LFS_pooled_person.dta,2025,ds10a,lfs_pay_types_received,LFS 2025: Types of pay received for the work,Which of the following types of pay (do/does) (you/name) receive for this work?
pooled:LFS_pooled_person.dta,"2018,2019,2021",e01b1,lfs_second_job_tasks,LFS 2018-2021: Main tasks and duties in the secondary job,Main tasks and duties(ISCO CODE)
pooled:LFS_pooled_person.dta,2018,e02,lfs_second_job_workplace,LFS 2018: Name of the workplace of the secondary job,What is the name of (NAME)?s workplace at his/her secondary job/activity?
pooled:LFS_pooled_person.dta,"2019,2021",e02b1,lfs_second_job_isic,LFS 2019-2021: ISIC code of the secondary job,Main goods or services(ISIC CODE)
pooled:LFS_pooled_person.dta,"2017,2018,2019",e03,lfs_second_job_activity,LFS 2017-2019: Activity of the secondary job,"In his/her secondary job/activity, does (NAME) work in ??"
pooled:LFS_pooled_person.dta,"2017,2018,2019",e04,lfs_second_job_business,LFS 2017-2019: Business of the secondary job,"In his/her secondary job/business, does (NAME) work as ??"
pooled:LFS_pooled_person.dta,"2017,2018,2019",e05a,lfs_second_job_social_security,"LFS 2017-2019: Employer pays social security, secondary job",Does the employer pay contributions on (Name)'s behalf to social security fund?
pooled:LFS_pooled_person.dta,"2017,2018,2019",e05b,lfs_second_job_health_insurance,"LFS 2017-2019: Employer pays health insurance, secondary job",Does the employer pay contributions on (Name)'sbehalf  to health insurance?
pooled:LFS_pooled_person.dta,"2017,2018,2019",e06a,lfs_second_job_annual_leave,LFS 2017-2019: Paid annual leave in the secondary job,Is (Name) paid annual leave
pooled:LFS_pooled_person.dta,"2017,2018,2019",e06b,lfs_second_job_sick_leave,LFS 2017-2019: Paid sick leave in the secondary job,Is (Name) paid sick leave.
pooled:LFS_pooled_person.dta,"2017,2018,2019",e06c,lfs_second_job_maternity_leave,LFS 2017-2019: Paid maternity or paternity leave in the secondary job,Is (NAME)Paid maternity/paternity leave?
pooled:LFS_pooled_person.dta,"2017,2018,2019",e07,lfs_second_job_registered,LFS 2017-2019: Business of the secondary job registered,Is the business/establishment where (Name) works for registered with the RRA or
pooled:LFS_pooled_person.dta,"2017,2018,2019",e08,lfs_second_job_keeps_accounts,LFS 2017-2019: Employer of the secondary job keeps written accounts,Does [NAME]'s employer keep any written records or accounts?
pooled:LFS_pooled_person.dta,"2017,2018,2019",e09a,lfs_second_job_employees,"LFS 2017-2019: Employees at the secondary workplace, bracket",Including (Name) how many regular paid or unpaid employees(less than 10)
pooled:LFS_pooled_person.dta,"2017,2018,2019",e09b,lfs_second_job_employees_num,"LFS 2017-2019: Employees at the secondary workplace, number",Including (Name) how many regular paid or unpaid employees(More than 10)
pooled:LFS_pooled_person.dta,"2017,2018,2019",e10,lfs_second_job_workplace_type,LFS 2017-2019: Type of place of the secondary job,In what type of place does (Name) usually work?
pooled:LFS_pooled_person.dta,"2017,2018,2019,2021,2022,2023",e11,lfs_other_jobs_count,LFS 2017-2023: Number of jobs apart from the main job,Apart from the main job:how many Job did(Name) had in the last 7 days?
pooled:LFS_pooled_person.dta,"2017,2021,2022,2023",e12,lfs_earnings_other_jobs,"LFS 2017-2023: Earnings from other jobs, cash and in kind",How much did (Name) earn from other jobs or activities had last week in cash?
pooled:LFS_pooled_person.dta,"2017,2021,2022,2023",e12b,lfs_earnings_other_jobs_rwf,LFS 2017-2023: Earnings from other jobs in Rwandan francs,Amount in Rwandan francs
pooled:LFS_pooled_person.dta,"2017,2021,2022,2023",e13,lfs_earnings_other_jobs_period,LFS 2017-2023: Period covered by the earnings from other jobs,How long did it cover?
pooled:LFS_pooled_person.dta,"2017,2018,2019,2020,2021,2022,2023,2024,2025",employed16,lfs_employment_ratio_base,"LFS: Employment-to-population ratio base, NISR indicator",Employment to population ratio
pooled:LFS_pooled_person.dta,"2024,2025",en01,lfs_lighting_energy_2024_2025,LFS 2024-2025: Main source of energy for lighting,main source of energy that your household uses for lighting?
pooled:LFS_pooled_person.dta,"2024,2025",en01_others,lfs_lighting_energy_other_text,"LFS 2024-2025: Main source of energy for lighting, other text",Main source of energy Others
pooled:LFS_pooled_person.dta,"2017,2018,2019,2021,2022,2023",f01,lfs_worked_previously,LFS 2017-2023: Ever worked for a wage or in a business,"Has [NAME]ever worked previously for a wage, salary or for other income in cash"
pooled:LFS_pooled_person.dta,2025,f01a,lfs_ever_paid_job_2025,LFS 2025: Ever had a paid job or another income activity,"(Have/Has) (you/name) ever had a paid job or another income-generating activity,"
pooled:LFS_pooled_person.dta,2025,f01b,lfs_time_since_last_job,LFS 2025: Time since the person stopped working,How long ago was it that(you/name) last stop working?
pooled:LFS_pooled_person.dta,"2017,2018,2019,2021,2022,2023,2024",f02,lfs_reason_stopped_2017_2024,LFS 2017-2024: Main reason for stopping the last job,The main reason to stop working in his/her last paid job / business?
pooled:LFS_pooled_person.dta,2025,f02_v2,lfs_reason_stopped_2025,LFS 2025: Main reason for stopping the last job,The main reason to stop working in his/her last paid job / business?
pooled:LFS_pooled_person.dta,2019,f03b,lfs_last_job_tasks_text,"LFS 2019: Main tasks and duties in the last job, text",What were (NAME)?s main tasks and duties?
pooled:LFS_pooled_person.dta,"2019,2021",f03b1,lfs_last_job_tasks,LFS 2019-2021: Main tasks and duties in the last job,Main tasks and duties(ISCO CODE)
pooled:LFS_pooled_person.dta,2018,f04a,lfs_last_job_workplace,LFS 2018: Name of the workplace of the last job,What was the name of (NAME)?s workplace at his/her job/activity?
pooled:LFS_pooled_person.dta,"2019,2021",f04b,lfs_last_job_goods_services,LFS 2019-2021: Main goods or services produced at the last workplace,What were the main goods or services produced at (NAME)?s workplace  in his/her
pooled:LFS_pooled_person.dta,"2019,2021",f04b1,lfs_last_job_isic,LFS 2019-2021: ISIC code of the last job,Main goods and services(ISIC CODE)
pooled:LFS_pooled_person.dta,"2017,2018,2019,2021,2022,2023,2024,2025",f05,lfs_main_income_source,LFS 2017-2025: Main source of income at present,What is (Name) main source of income at present?
pooled:LFS_pooled_person.dta,"2017,2018",f06,lfs_status_opinion_2017_2018,LFS 2017-2018: Self-described main status at present,"In your opinion, which of the following best describes your main status at prese"
pooled:LFS_pooled_person.dta,2019,f06_v2,lfs_status_opinion_2019,LFS 2019: Self-described main status at present,"In your opinion, which of the following best describes your main status at prese"
pooled:LFS_pooled_person.dta,"2017,2018",f07,lfs_competencies_2017_2018,LFS 2017-2018: Competencies needed to increase employability,What Competencies do you need to increase your employment opportunities?
pooled:LFS_pooled_person.dta,2019,f07_v2,lfs_competencies_2019,LFS 2019: Competencies needed to increase employability,What Competencies do you need to increase your employment opportunities?
pooled:LFS_pooled_person.dta,"2017,2018,2019,2021,2022,2023,2024,2025",g01,lfs_hours_firewood,"LFS 2017-2025: Hours collecting firewood, last 7 days","In the last 7 days, how many  hours did [NAME] spend collecting firewood for the"
pooled:LFS_pooled_person.dta,"2021,2022,2023,2024,2025",g01a,lfs_any_time_firewood,"LFS 2021-2025: Spent time collecting firewood, last 7 days","In the last 7 days,  did [NAME] spend time collecting firewood for the household"
pooled:LFS_pooled_person.dta,"2017,2018,2019,2021,2022,2023,2024,2025",g02,lfs_hours_fetching_water,"LFS 2017-2025: Hours fetching water, last 7 days","In the last 7 days, how many hours did [NAME] spend fetching water for the house"
pooled:LFS_pooled_person.dta,"2021,2022,2023,2024,2025",g02a,lfs_any_time_fetching_water,"LFS 2021-2025: Spent time fetching water, last 7 days","In the last 7 days, Did [Name] spent time on fetching water for the household?"
pooled:LFS_pooled_person.dta,"2017,2018,2019,2021,2022,2023,2024,2025",g03,lfs_hours_fodder,"LFS 2017-2025: Hours searching fodder or grazing livestock, last 7 days","In the last 7 days, how many hours did [NAME] spend searching for  fodder or gra"
pooled:LFS_pooled_person.dta,"2021,2022,2023,2024,2025",g03a,lfs_any_time_fodder,"LFS 2021-2025: Spent time grazing or feeding livestock, last 7 days","In the last 7 days, Did [Name] spent time on grazing or feeding hiusehold animal"
pooled:LFS_pooled_person.dta,"2017,2018,2019,2021,2022,2023,2024,2025",g04,lfs_hours_making_goods,"LFS 2017-2025: Hours manufacturing household goods, last 7 days","In the last 7 days, how many hours did [NAME] spend manufacturing household good"
pooled:LFS_pooled_person.dta,"2021,2022,2023,2024,2025",g04a,lfs_any_time_making_goods,"LFS 2021-2025: Spent time manufacturing household goods, last 7 days","In the last 7 days, Did [Name] spent time on manufacturing of goods for family u"
pooled:LFS_pooled_person.dta,"2017,2018,2019,2021,2022,2023,2024,2025",g05,lfs_hours_construction,"LFS 2017-2025: Hours constructing or repairing the dwelling, last 7 days","In the last 7 days, how many hours did [NAME] spend constructing your dwelling,"
pooled:LFS_pooled_person.dta,"2021,2022,2023,2024,2025",g05a,lfs_any_time_construction,"LFS 2021-2025: Spent time on construction or building, last 7 days","In the last 7 days, Did [Name] spent time on construction of own building?"
pooled:LFS_pooled_person.dta,"2017,2018,2019,2021,2022,2023,2024,2025",g06,lfs_hours_household_chores,"LFS 2017-2025: Hours doing household chores, last 7 days","In the last 7 days, how many hours did [NAME] spend doing household chores inclu"
pooled:LFS_pooled_person.dta,"2021,2022,2023,2024,2025",g06a,lfs_any_time_household_chores,"LFS 2021-2025: Spent time doing household chores, last 7 days","In the last 7 days, Did [Name] spent time on doing household chores?"
pooled:LFS_pooled_person.dta,"2017,2018,2019,2021,2022,2023,2024,2025",g07,lfs_hours_care,"LFS 2017-2025: Hours looking after children or adults, last 7 days","In the last 7 days, how many hours did [NAME] spend looking after children and e"
pooled:LFS_pooled_person.dta,"2021,2022,2023,2024,2025",g07a,lfs_any_time_care,"LFS 2021-2025: Spent time looking after children or adults, last 7 days","In the last 7 days, Did [Name] tooktime to look under children or adults"
pooled:LFS_pooled_person.dta,2017,gid,lfs_section_g_serial_2017,LFS 2017: Serial number for section G as shipped,Serian Number for Section G
pooled:LFS_pooled_person.dta,"2021,2022,2023",h00,lfs_labour_situation,LFS 2021-2023: Description of the situation in the labour market,How would you describe your main situation on labour market at present?
pooled:LFS_pooled_person.dta,"2017,2018,2019,2021,2022,2023,2024,2025",h01,lfs_own_use_work_4w,LFS 2017-2025: Did work mainly for own use in the last four weeks,During the last four weeks did he/she do any of the following  work mainly for o
pooled:LFS_pooled_person.dta,"2017,2018,2019,2024,2025",h02,lfs_own_use_days_week_2017_2025,LFS 2017-2025: Days per week in own-use production,How many days per week has [NAME] usualy worked in these activities?
pooled:LFS_pooled_person.dta,"2021,2022,2023",h02_v2,lfs_own_use_hours_week_2021_2023,"LFS 2021-2023: Hours per week in own-use production, last 7 days",How many days per week did [NAME] usually worked in these activities?
pooled:LFS_pooled_person.dta,"2017,2018,2019,2024,2025",h03,lfs_own_use_hours_day_2017_2025,LFS 2017-2025: Hours per day in own-use production,How many hours per week does [NAME] usually work in these activities?
pooled:LFS_pooled_person.dta,"2021,2022,2023",h03_v2,lfs_own_use_usual_2021_2023,LFS 2021-2023: Usual hours per week in own-use production,How many hours per day has [NAME] usually worked in these activities?
pooled:LFS_pooled_person.dta,"2017,2018,2019,2022,2023",h04,lfs_own_use_item_h04,"LFS 2017-2023: Own-use production item H04 as shipped, no label",
pooled:LFS_pooled_person.dta,"2017,2018,2019,2021,2022,2023,2024,2025",h05,lfs_sells_farm_products,LFS 2017-2025: Household sells or barters part of its farm products,"In general, did the household sell or barter any part of the goods obtained from"
pooled:LFS_pooled_person.dta,"2017,2018,2019,2021,2022,2023,2024,2025",h06,lfs_share_of_products_sold,LFS 2017-2025: Share of the farm products regularly sold,About how much does the household regularly sell?
pooled:LFS_pooled_person.dta,"2017,2018,2019",h07,lfs_farm_net_value,"LFS 2017-2019: Net value of the agricultural activities, bracket",What was the net Value in Frw the household get from agricultural activities dur
pooled:LFS_pooled_person.dta,"2017,2018,2019",h08,lfs_season_vs_average,"LFS 2017-2019: Previous season below, at or above average",Was the previous season below/above average or an average season for your househ
pooled:LFS_pooled_person.dta,"2017,2018,2019,2021,2022,2023,2024,2025",h09,lfs_farm_hires_paid_workers,LFS 2017-2025: Engages paid employees in the farming activity,Do you regularly or sometimes engage paid employee in the farming activity?
pooled:LFS_pooled_person.dta,"2017,2018,2019,2021,2022,2023,2024,2025",h10,lfs_farm_paid_workers_bracket,"LFS 2017-2025: Paid employees engaged in farming, bracket","Excluding family members, how many paid employees do you usually  engage in thes"
pooled:LFS_pooled_person.dta,"2017,2018,2019",h11a,lfs_land_leased,LFS 2017-2019: Access to land by leasing,Did you get access to the land for the agricultural work by leasing (have land t
pooled:LFS_pooled_person.dta,"2017,2018,2019",h11b,lfs_land_sharecropped,LFS 2017-2019: Access to land by renting against a share of the produce,Did you get access to the land for the agricultural work by Renting (share-cropp
pooled:LFS_pooled_person.dta,"2017,2018,2019",h11c,lfs_land_fixed_rent,LFS 2017-2019: Access to land by renting at a fixed rent,Did you get access to the land for the agricultural work by renting (fixed rent)
pooled:LFS_pooled_person.dta,"2017,2018,2019",h11d,lfs_land_free_of_charge,LFS 2017-2019: Access to land free of charge,Did you get access to the land for the agricultural work by renting (free of cha
pooled:LFS_pooled_person.dta,"2017,2018,2019",h11e,lfs_land_communal_rights,LFS 2017-2019: Access to land through communal rights,Did you get access to the land for the agricultural work by communal rights/publ
pooled:LFS_pooled_person.dta,"2022,2023,2024,2025",head,lfs_household_head_flag,"LFS 2022-2025: Head of the household, NISR derived",Head of the household
pooled:LFS_pooled_person.dta,2021,hhgac,lfs_group_acceptance_count,LFS 2021: Number of group acceptance as shipped,Number of Group Acceptance
pooled:LFS_pooled_person.dta,2021,hhgap,lfs_group_appearance_count,LFS 2021: Number of group appearance as shipped,Number of Group Appearance
pooled:LFS_pooled_person.dta,"2017,2018,2019,2020,2021,2022,2023,2024,2025",hhid,lfs_household_id,LFS: Household identifier,Household id = PSU*100 + household number (unique with year + interview)
pooled:LFS_pooled_person.dta,"2021,2022,2023,2024,2025",hhid_nisr,lfs_nisr_household_id,LFS 2021-2025: NISR household identifier as shipped,NISR household id as shipped (HHID)
pooled:LFS_pooled_person.dta,"2017,2018,2021",hhrg,lfs_rotation_group,LFS 2017-2021: Rotation group of the household,Rotation Group
pooled:LFS_pooled_person.dta,"2022,2023,2024,2025",hhsize,lfs_household_size,LFS 2022-2025: Household size (persons in the roster),Household size
pooled:LFS_pooled_person.dta,"2021,2022,2023,2024",hr_cash,lfs_hourly_wage,"LFS 2021-2024: Hourly wage of employees, NISR derived",Hourly wage of employees
pooled:LFS_pooled_person.dta,"2021,2022,2023,2024",hr_cshmain,lfs_hourly_wage_main_job,"LFS 2021-2024: Hourly wage of employees in the main job, NISR derived",Hourly wage of employees in main job
pooled:LFS_pooled_person.dta,"2022,2023,2024,2025",hr_own,lfs_own_use_hours_total,"LFS 2022-2025: Total hours in own-use production, NISR derived",Total hours in own use
pooled:LFS_pooled_person.dta,"2017,2021,2022,2023",i01_a,lfs_roof_material_2017_2023,LFS 2017-2023: Main material of the roof,Main material used in building this house for roof
pooled:LFS_pooled_person.dta,2019,i01_a_v2,lfs_building_material_2019,LFS 2019: Main material used in building the house,Main material used in building this house for roof
pooled:LFS_pooled_person.dta,"2017,2019,2021,2022,2023",i01_b,lfs_wall_material,LFS 2017-2023: Main material of the exterior walls,Main material used in building this house for exterior walls
pooled:LFS_pooled_person.dta,"2017,2019,2021,2022,2023",i01_c,lfs_floor_material,LFS 2017-2023: Main material of the floor,Main material used in building this house for floor
pooled:LFS_pooled_person.dta,"2017,2019,2021,2022,2023",i02,lfs_rooms_for_sleeping,LFS 2017-2023: Rooms used for sleeping,How many rooms in your household are used for sleeping?
pooled:LFS_pooled_person.dta,"2017,2019,2021,2022,2023",i03,lfs_toilet_type,LFS 2017-2023: Type of toilet,What type of toilet does your household have?
pooled:LFS_pooled_person.dta,"2017,2019,2021,2022,2023",i04,lfs_lighting_energy,LFS 2017-2023: Main source of energy for lighting,What is the main source of energy in your household for lighting?
pooled:LFS_pooled_person.dta,"2017,2019,2021,2022,2023",i05,lfs_cooking_energy,LFS 2017-2023: Main source of energy for cooking,What is the main source of energy in your household for cooking?
pooled:LFS_pooled_person.dta,"2017,2019,2022,2023",i06a,lfs_drinking_water_2017_2023,LFS 2017-2023: Main source of drinking water,What is the main source of water in your household for drinking?
pooled:LFS_pooled_person.dta,2021,i06a_v2,lfs_drinking_water_2021,LFS 2021: Main source of drinking water,What is the main source of water in your household for drinking?
pooled:LFS_pooled_person.dta,"2017,2019,2022,2023",i06b,lfs_other_water_source_2017_2023,LFS 2017-2023: Main source of water for other uses,What is the main source of water in your household for other uses?
pooled:LFS_pooled_person.dta,2021,i06b_v2,lfs_other_water_source_2021,LFS 2021: Main source of water for other uses,What is the main source of water in your household for other uses?
pooled:LFS_pooled_person.dta,"2017,2019,2021,2022,2023",i07a,lfs_owns_refrigerator,LFS 2017-2023: Household owns a refrigerator or freezer,Does this household own Refrigerator/Freezer?
pooled:LFS_pooled_person.dta,"2017,2019,2021,2022,2023",i07b,lfs_owns_radio,LFS 2017-2023: Household owns a radio,Does this household own radio?
pooled:LFS_pooled_person.dta,"2017,2019,2021,2022,2023",i07c,lfs_owns_tv,LFS 2017-2023: Household owns a television set,Does this household own TV set?
pooled:LFS_pooled_person.dta,"2017,2019,2021,2022,2023",i07d,lfs_owns_satellite_dish,LFS 2017-2023: Household owns a parabolic antenna,Does this household own parabolic antena?
pooled:LFS_pooled_person.dta,"2017,2019,2021,2022,2023",i07e,lfs_owns_dvd_player,LFS 2017-2023: Household owns a video or DVD player,Does this household own Video/DVD player?
pooled:LFS_pooled_person.dta,"2017,2019,2021,2022,2023",i07f,lfs_owns_computer,LFS 2017-2023: Household owns a computer,Does this household own Computer and accessories?
pooled:LFS_pooled_person.dta,"2017,2019,2021,2022,2023",i07g,lfs_owns_music_system,LFS 2017-2023: Household owns a music system,Does this household own Music system?
pooled:LFS_pooled_person.dta,"2017,2019,2021,2022,2023",i07h,lfs_owns_cooker,LFS 2017-2023: Household owns a cooker,Does this household own Cooker?
pooled:LFS_pooled_person.dta,"2017,2019,2021,2022,2023",i07i,lfs_owns_sewing_machine,LFS 2017-2023: Household owns a sewing machine,Does this household own Sewing machine?
pooled:LFS_pooled_person.dta,"2017,2019,2021,2022,2023",i07j,lfs_owns_washing_machine,LFS 2017-2023: Household owns a laundry machine,Does this household own Laundry machine?
pooled:LFS_pooled_person.dta,"2017,2019,2021,2022,2023",i07k,lfs_owns_electric_fan,LFS 2017-2023: Household owns an electric fan,Does this household own Electric fan?
pooled:LFS_pooled_person.dta,"2017,2019,2021,2022,2023",i07l,lfs_owns_camera,LFS 2017-2023: Household owns a camera,Does this household own Camera?
pooled:LFS_pooled_person.dta,"2017,2019,2021,2022,2023",i07m,lfs_owns_mobile_phone,LFS 2017-2023: Household owns a mobile phone,Does this household own Mobile phone?
pooled:LFS_pooled_person.dta,"2017,2019,2021,2022,2023",i07n,lfs_owns_car,LFS 2017-2023: Household owns a car,Does this household own Car ?
pooled:LFS_pooled_person.dta,"2017,2019,2021,2022,2023",i07o,lfs_owns_bicycle,LFS 2017-2023: Household owns a bicycle,Does this household own Bicycle  ?
pooled:LFS_pooled_person.dta,"2017,2019,2021,2022,2023",i07p,lfs_owns_motorcycle,LFS 2017-2023: Household owns a motorcycle,Does this household own Motorcycle  ?
pooled:LFS_pooled_person.dta,"2017,2019,2021,2022,2023",i07q,lfs_has_internet_connection,LFS 2017-2023: Household has an internet connection,Does this household own internet connection ?
pooled:LFS_pooled_person.dta,"2019,2020",i08,lfs_members_used_internet,LFS 2019-2020: Members who used the internet in the last 12 months,How many of this household members used internet in the last 12 months?
pooled:LFS_pooled_person.dta,"2019,2020",i09,lfs_members_mobile_phone,LFS 2019-2020: Members having a mobile phone,How many of this household members having mobile phone?
pooled:LFS_pooled_person.dta,"2019,2020",i10,lfs_members_computer,LFS 2019-2020: Members having a personal computer,How many of this household members having personal computer?
pooled:LFS_pooled_person.dta,"2019,2020",i11,lfs_members_social_media,LFS 2019-2020: Members using social media,How many of this household members using social media
pooled:LFS_pooled_person.dta,"2019,2020",i12,lfs_members_used_computer,"LFS 2019-2020: Members aged 10 and over who used a computer, last 12 months",How many of this household members aged 10 and above who used a computer in the
pooled:LFS_pooled_person.dta,2019,i13,lfs_members_ict_skilled,LFS 2019: Members aged 10 and over who can use at least one ICT skill,How many of this household members aged 10 and above who know to use at least on
pooled:LFS_pooled_person.dta,2025,icse18a,lfs_employment_status_icse18,"LFS 2025: Status in employment by type of authority, ICSE-18",5 Main categories of Status in employment by type of authority
pooled:LFS_pooled_person.dta,2017,ie,lfs_formal_employment_2017,"LFS 2017: Formal or informal employment in the main job, NISR derived",Formal and Informal employment for main job
pooled:LFS_pooled_person.dta,"2018,2019,2021,2022,2023,2024,2025",iev2,lfs_formal_employment,"LFS 2018-2025: Formal or informal employment in the main job, NISR derived",Formal and Informal employment for main job
pooled:LFS_pooled_person.dta,"2017,2018,2019,2021,2022,2023,2024,2025",indb05,lfs_education_field,"LFS 2017-2025: Field of education, NISR derived",Field of education
pooled:LFS_pooled_person.dta,"2019,2021,2022,2023,2024,2025",indb1,lfs_years_of_schooling,"LFS 2019-2025: Years of schooling, NISR derived",Years of schooling
pooled:LFS_pooled_person.dta,"2017,2018,2019,2021,2022,2023,2024,2025",indd01,lfs_isco_major_main_job,LFS 2017-2025: ISCO major group of the main job,ISCO High level
pooled:LFS_pooled_person.dta,"2017,2018,2019,2020,2021,2022,2023,2024,2025",indd03,lfs_isic_section_main_job,LFS: ISIC section of the main job,ISIC High level
pooled:LFS_pooled_person.dta,"2017,2018",inde01,lfs_isco_major_second_job,LFS 2017-2018: ISCO major group of the secondary job,ISCO High level_secondary
pooled:LFS_pooled_person.dta,"2017,2018,2021,2022,2023",inde02,lfs_isic_section_second_job,LFS 2017-2023: ISIC section of the secondary job,ISIC High level_secondary
pooled:LFS_pooled_person.dta,"2017,2018",indf03,lfs_isco_major_last_job,LFS 2017-2018: ISCO major group of the last job,ISCO High level_past
pooled:LFS_pooled_person.dta,"2017,2018",indf04,lfs_isic_section_last_job,LFS 2017-2018: ISIC section of the last job,ISIC High level_past
pooled:LFS_pooled_person.dta,"2022,2023,2024",intcash,lfs_income_interval_2022_2024,"LFS 2022-2024: Income interval, NISR derived",Income interval
pooled:LFS_pooled_person.dta,2025,intcash_v2,lfs_income_interval_2025,"LFS 2025: Income interval, NISR derived",Cash Income interval for employees
pooled:LFS_pooled_person.dta,"2017,2018,2019,2020,2021,2022,2023,2024,2025",interview,lfs_interview,LFS: Interview number of the household in the year,"Interview number of the household within the year (1, 2): rank of the quarter where known; order of appearance in the file in 2022"
pooled:LFS_pooled_person.dta,2021,is,lfs_formal_sector_2021,"LFS 2021: Formal or informal sector of employment, NISR derived",Informal&Formal sector employment
pooled:LFS_pooled_person.dta,"2017,2018",isco2d,lfs_isco_2digit_main_2017_2018,LFS 2017-2018: ISCO two-digit group of the main job,Isco_2digits_mainjob
pooled:LFS_pooled_person.dta,"2022,2023,2024,2025",isco2digit,lfs_isco_two_digit_main_job,LFS 2022-2025: ISCO two-digit group of the main job,occupation activity at two digit
pooled:LFS_pooled_person.dta,"2017,2018",isco2e,lfs_isco_two_digit_second_job,LFS 2017-2018: ISCO two-digit group of the secondary job,Isco_2digits_secondjob
pooled:LFS_pooled_person.dta,"2017,2018",isco2f,lfs_isco_two_digit_last_job,LFS 2017-2018: ISCO two-digit group of the last job,Isco_2digits_pastjob
pooled:LFS_pooled_person.dta,"2017,2018",isic2d,lfs_isic_2digit_main_2017_2018,LFS 2017-2018: ISIC two-digit division of the main job,Isic_2digits_mainjob
pooled:LFS_pooled_person.dta,"2022,2023,2024,2025",isic2digitdigit,lfs_isic_two_digit_main_job,LFS 2022-2025: ISIC two-digit division of the main job,economic activity at two digit
pooled:LFS_pooled_person.dta,"2017,2018",isic2e,lfs_isic_two_digit_second_job,LFS 2017-2018: ISIC two-digit division of the secondary job,Isic_2digits_secondjob
pooled:LFS_pooled_person.dta,"2017,2018",isic2f,lfs_isic_two_digit_last_job,LFS 2017-2018: ISIC two-digit division of the last job,Isic_2digits_pastjob
pooled:LFS_pooled_person.dta,"2018,2020",jobsearch,lfs_not_employed_searching,"LFS 2018-2020: Not employed and searching for a job, NISR derived",Not employed with jobseach
pooled:LFS_pooled_person.dta,"2017,2018,2019,2020,2021,2022,2023,2024,2025",lfpr,lfs_participation_rate_base,"LFS: Labour force participation rate base, NISR indicator",Labour force particiaption rate
pooled:LFS_pooled_person.dta,2021,lfs_round,lfs_round_code_shipped_2021,LFS 2021: Data collection round code as shipped by NISR,LFS_rounds
pooled:LFS_pooled_person.dta,2020,lfs_round_v2,lfs_round_code_shipped_2020,LFS 2020: Data collection round code as shipped by NISR,LFS_rounds
pooled:LFS_pooled_person.dta,"2024,2025",lfs_strata,lfs_stratum_shipped,"LFS 2024-2025: Sampling stratum as shipped, district by area",strata for LFS
pooled:LFS_pooled_person.dta,2019,lfs_workforce,lfs_agricultural_work_2019,"LFS 2019: Works in agriculture or outside agriculture, NISR derived",LFS_workforce
pooled:LFS_pooled_person.dta,"2020,2021,2022,2023,2024,2025",lfs_year,lfs_data_collection_year,LFS 2020-2025: LFS data collection year as shipped,LFS data collection year
pooled:LFS_pooled_person.dta,"2018,2019,2022,2023,2024,2025",lu2,lfs_underutilisation_lu2,LFS 2018-2025: LU2: unemployment and time-related underemployment rate,LU2 - Combined rate of unemployment and time-related underemployment(%)
pooled:LFS_pooled_person.dta,"2018,2019,2022,2023,2024,2025",lu3,lfs_underutilisation_lu3,LFS 2018-2025: LU3: unemployment and potential labour force rate,LU3 - Combined rate of unemployment and potential labour force(%)
pooled:LFS_pooled_person.dta,"2022,2023,2024,2025",lu4,lfs_underutilisation_lu4,LFS 2022-2025: LU4: composite measure of labour underutilisation,LU4 - Composite measure of labour underutilization(%)
pooled:LFS_pooled_person.dta,"2017,2018,2019,2021,2022,2023,2024,2025",luu,lfs_labour_underutilisation,"LFS 2017-2025: Labour underutilisation category, NISR derived",Labour underutilization
pooled:LFS_pooled_person.dta,"2017,2018,2019,2021,2022,2023,2024",luur,lfs_underutilisation_rate,"LFS 2017-2024: Labour underutilisation rate, NISR derived",Labour underulilation rate
pooled:LFS_pooled_person.dta,"2020,2021,2022,2023,2024,2025",main_sect,lfs_economic_sector,"LFS 2020-2025: Economic sector: agriculture, industry, services",Economic sector
pooled:LFS_pooled_person.dta,"2018,2019,2021,2022,2023,2024,2025",migrant,lfs_recent_migration,LFS 2018-2025: Recent migration: internal or international,Recent migration
pooled:LFS_pooled_person.dta,2021,more_person,lfs_more_persons_flag_2021,LFS 2021: More persons flag as shipped,More person
pooled:LFS_pooled_person.dta,"2019,2021,2022,2023,2024,2025",neetyoung,lfs_neet_16_30,"LFS 2019-2025: Not in employment, education or training, aged 16-30",NEET 16-30
pooled:LFS_pooled_person.dta,"2022,2023,2024,2025",neetyouth,lfs_neet_16_24,"LFS 2022-2025: Not in employment, education or training, aged 16-24",NEET 16-24
pooled:LFS_pooled_person.dta,"2017,2018",phase,lfs_phase,"LFS 2017-2018: Data collection phase: 1 February round, 2 August round",Data collection round
pooled:LFS_pooled_person.dta,"2017,2018,2019,2020,2021,2022,2023,2024,2025",pid,lfs_person_id,LFS: Person number within the household,Person number within the household (2025: row order within the household-interview; no person id shipped)
pooled:LFS_pooled_person.dta,"2017,2018,2019,2020,2021,2022,2023,2024",pid_nisr,lfs_nisr_person_id,LFS 2017-2024: NISR person identifier as shipped,NISR person id as shipped (pid / pkey)
pooled:LFS_pooled_person.dta,2019,pkey,lfs_nisr_person_key_2019,LFS 2019: NISR person key as shipped,identifier
pooled:LFS_pooled_person.dta,"2017,2019,2020,2021,2022,2023,2024,2025",plf,lfs_potential_labour_force,"LFS 2017-2025: Potential labour force category, NISR derived",Potential labour force
pooled:LFS_pooled_person.dta,2021,pop,lfs_population_count_2021,LFS 2021: Total population indicator as shipped,Total population
pooled:LFS_pooled_person.dta,"2017,2018",prod_sec,lfs_production_sector_2017_2018,"LFS 2017-2018: Production sector: informal, formal, household",Informal&Formal& household sector employment
pooled:LFS_pooled_person.dta,"2019,2021,2022,2023,2024,2025",prod_unit,lfs_production_sector,"LFS 2019-2025: Production sector unit: informal, formal, household",Production sector unit
pooled:LFS_pooled_person.dta,"2017,2018,2019,2020,2021,2022,2023,2024,2025",prov,lfs_province,"LFS: Province, NISR code 1-5","Province (1-5, NISR codes)"
pooled:LFS_pooled_person.dta,"2017,2018,2019,2020,2021,2022,2023,2024,2025",psu,lfs_psu,LFS: Primary sampling unit,Primary sampling unit number (NISR PSU_NO; anonymised)
pooled:LFS_pooled_person.dta,2021,psu_id,lfs_psu_identifier_2021,LFS 2021: Primary sampling unit identifier as shipped,Primary Sampling Unit
pooled:LFS_pooled_person.dta,"2017,2018,2020,2021,2022,2023,2024,2025",psu_no,lfs_psu_number_shipped,LFS 2017-2025: Primary sampling unit number as shipped by NISR,Primary Sampling Unit
pooled:LFS_pooled_person.dta,"2021,2022,2023,2024,2025",qh_no,lfs_household_number_in_psu,LFS 2021-2025: Household number within the primary sampling unit as shipped,QUESTIONNAIRE  NUMBER
pooled:LFS_pooled_person.dta,"2017,2018,2019,2020,2021,2022,2023,2024,2025",quarter,lfs_quarter,LFS: Quarter of the round,"Quarter (1 Feb, 2 May, 3 Aug, 4 Nov): from the round to 2021, from the file's block structure in 2023-2025; missing in 2022"
pooled:LFS_pooled_person.dta,2021,quintile,lfs_wealth_quintile_2021,LFS 2021: Wealth quintile as shipped,quintiles
pooled:LFS_pooled_person.dta,"2017,2018,2019,2020,2021,2022,2023,2024,2025",round,lfs_round,LFS: Data collection round,Data-collection round as labelled by NISR (FEB17 ... NOV21); empty in 2022-2025 (not shipped)
pooled:LFS_pooled_person.dta,2017,ryear,lfs_nisr_year_variable_2017,LFS 2017: NISR variable named year as shipped,Year
pooled:LFS_pooled_person.dta,"2017,2018",samehh,lfs_same_household_visited,LFS 2017-2018: Same household as visited last time,The same Household Visited last time?
pooled:LFS_pooled_person.dta,"2017,2018,2019,2020,2021,2022,2023,2024,2025",sex,lfs_sex,"LFS: Sex: 1 male, 2 female","Sex (1 male, 2 female)"
pooled:LFS_pooled_person.dta,2021,sihh,lfs_still_in_household_2021,LFS 2021: Still in the household,Still in the Household
pooled:LFS_pooled_person.dta,"2021,2022,2023",sm,lfs_search_methods_2021_2023,"LFS 2021-2023: Job-search methods, NISR summary",Search methods
pooled:LFS_pooled_person.dta,"2017,2018,2019,2020,2021,2022,2023,2024,2025",status1,lfs_labour_force_status,"LFS: Labour force status, NISR derived: 1 employed, 2 unemployed","Labour force status (NISR derived; population aged 14+: 1 employed, 2 unemployed, 3 outside the labour force)"
pooled:LFS_pooled_person.dta,"2017,2018,2020,2021,2022,2023,2024,2025",sub,lfs_subsistence_producer,"LFS 2017-2025: Subsistence foodstuff producer, NISR derived",Subsistance foodstaff producers
pooled:LFS_pooled_person.dta,"2024,2025",subhrs,lfs_subsistence_hours_2024_2025,"LFS 2024-2025: Hours in subsistence activities, NISR derived",Time spent in subsistance activities
pooled:LFS_pooled_person.dta,"2022,2023",subhrs_v2,lfs_subsistence_hours_2022_2023,"LFS 2022-2023: NISR subsistence hours, product of two weekly measures","NISR subsistence hours = h02 x h03; in 2022-2023 both inputs are weekly hours, so this is NOT hours per week"
pooled:LFS_pooled_person.dta,"2017,2018,2019,2020,2021,2022,2023,2024,2025",survey,lfs_survey,LFS: Source survey,Source survey
pooled:LFS_pooled_person.dta,"2022,2023,2024,2025",timegood,lfs_own_use_hours_goods,LFS 2022-2025: Time spent producing goods for own use,Time spent in production of good
pooled:LFS_pooled_person.dta,"2022,2023,2024,2025",timeservice,lfs_own_use_hours_services,LFS 2022-2025: Time spent producing services for own use,Time spent in production of services
pooled:LFS_pooled_person.dta,"2017,2018,2019,2021,2022,2023,2024,2025",tru,lfs_time_underemployed,"LFS 2017-2025: Time-related underemployment, NISR derived",Time related underemployment
pooled:LFS_pooled_person.dta,"2018,2019,2022,2023,2024,2025",trur,lfs_time_underemployment_rate,"LFS 2018-2025: Time-related underemployment rate, NISR derived",Time related underemployment rate(%)
pooled:LFS_pooled_person.dta,"2022,2023",tvet3,lfs_tvet_completion_type,LFS 2022-2023: Formal or non-formal TVET completion,TVET Completion
pooled:LFS_pooled_person.dta,"2020,2022,2023,2024,2025",tvt,lfs_attended_tvet,"LFS 2020-2025: Attended TVET or not, NISR derived",Attended TVT or not
pooled:LFS_pooled_person.dta,"2019,2021,2022,2023,2024,2025",tvt2,lfs_general_or_tvet_attainment,"LFS 2019-2025: General or TVET attainment, NISR derived",General or TVET attainemnt
pooled:LFS_pooled_person.dta,"2019,2021,2022,2023,2024,2025",ud,lfs_unemployment_duration,"LFS 2019-2025: Unemployment duration bracket, NISR derived",Unemployment duration
pooled:LFS_pooled_person.dta,"2017,2018,2019,2020,2021,2022,2023,2024,2025",ur1,lfs_unemployment_rate_base,"LFS: Unemployment rate base, NISR indicator",Unemployment rate
pooled:LFS_pooled_person.dta,"2017,2018,2019,2020,2021,2022,2023,2024,2025",urban,lfs_urban,"LFS: Area of residence: 1 urban, 2 rural","Area of residence (1 urban, 2 rural)"
pooled:LFS_pooled_person.dta,"2017,2019,2020,2021,2022,2023,2024,2025",usual_h,lfs_usual_hours_number,"LFS 2017-2025: Number of usual hours worked, NISR derived",Number of usual hours
pooled:LFS_pooled_person.dta,2020,usualhc,lfs_child_hours_worked_2020,"LFS 2020: Hours worked by children, NISR derived",Hours worked by children
pooled:LFS_pooled_person.dta,"2017,2019,2020,2021,2022,2023,2024,2025",usualhrs,lfs_usual_hours_interval,"LFS 2017-2025: Usual hours worked, interval, NISR derived",Usually working hours
pooled:LFS_pooled_person.dta,2020,usualhrsc,lfs_child_hours_interval_2020,"LFS 2020: Hours worked by children, interval, NISR derived",Hours worked by child_interval
pooled:LFS_pooled_person.dta,"2017,2018,2019,2020,2021,2022,2023,2024,2025",wap16,lfs_working_age_16_plus,"LFS: Working-age population 16 and over, NISR indicator base",Working age population
pooled:LFS_pooled_person.dta,"2017,2018,2019,2020,2021,2022,2023,2024,2025",wave,lfs_wave,LFS: Wave identifier,Wave (survey year)
pooled:LFS_pooled_person.dta,"2018,2022,2023,2024,2025",willing,lfs_willing_non_seeker,"LFS 2018-2025: Willing non-seeker not available, NISR derived",Willing non seeker and not available
pooled:LFS_pooled_person.dta,"2018,2019",work_agr,lfs_agricultural_work_type,"LFS 2018-2019: Type of work in agriculture, NISR derived",work in agriculture
pooled:LFS_pooled_person.dta,"2017,2018,2019,2020,2021,2022,2023,2024,2025",wt,lfs_weight,LFS: Sampling weight,Annual person weight (sums to population)
pooled:LFS_pooled_person.dta,"2017,2018,2019,2020,2021,2022,2023,2024,2025",wt_round,lfs_round_weight,LFS: Round weight,Round weight (where released)
pooled:LFS_pooled_person.dta,"2020,2021,2022,2023,2024,2025",ya,lfs_young_or_adult,LFS 2020-2025: Young 16-30 or adult 31 and over,Young/adult
pooled:LFS_pooled_person.dta,"2017,2018,2019,2020,2021,2022,2023,2024,2025",year,lfs_year,LFS: Survey year,Survey year
pooled:LFS_pooled_person.dta,"2020,2022,2023,2024,2025",young,lfs_young_16_30,"LFS 2020-2025: Young aged 16 to 30, NISR derived",Young 16 to 30 years old
pooled:LFS_pooled_person.dta,"2022,2023,2024,2025",youngs,lfs_young_status,"LFS 2022-2025: Status of the young: education, employment, both or neither",Young status
pooled:LFS_pooled_person.dta,"2020,2022,2023,2024,2025",youth,lfs_youth_16_24,"LFS 2020-2025: Youth aged 16 to 24, NISR derived",Youth 16 to 24 years old
pooled:LFS_pooled_person.dta,"2022,2023,2024,2025",yur1,lfs_youth_unemployment_rate,"LFS 2022-2025: Youth unemployment rate base, NISR indicator",Youth unemployment rate
pooled:LFS_pooled_household.dta,"2017,2018,2019,2020,2021,2022,2023,2024,2025",survey,lfs_survey,LFS: Source survey,Source survey
pooled:LFS_pooled_household.dta,"2017,2018,2019,2020,2021,2022,2023,2024,2025",year,lfs_year,LFS: Survey year,Survey year
pooled:LFS_pooled_household.dta,"2017,2018,2019,2020,2021,2022,2023,2024,2025",wave,lfs_wave,LFS: Wave identifier,Wave (survey year)
pooled:LFS_pooled_household.dta,"2017,2018,2019,2020,2021,2022,2023,2024,2025",round,lfs_round,LFS: Data collection round,Data-collection round as labelled by NISR (FEB17 ... NOV21); empty in 2022-2025 (not shipped)
pooled:LFS_pooled_household.dta,"2017,2018,2019,2020,2021,2022,2023,2024,2025",quarter,lfs_quarter,LFS: Quarter of the round,"Quarter (1 Feb, 2 May, 3 Aug, 4 Nov): from the round to 2021, from the file's block structure in 2023-2025; missing in 2022"
pooled:LFS_pooled_household.dta,"2017,2018,2019,2020,2021,2022,2023,2024,2025",interview,lfs_interview,LFS: Interview number of the household in the year,"Interview number of the household within the year (1, 2): rank of the quarter where known; order of appearance in the file in 2022"
pooled:LFS_pooled_household.dta,"2017,2018,2019,2020,2021,2022,2023,2024,2025",prov,lfs_province,"LFS: Province, NISR code 1-5","Province (1-5, NISR codes)"
pooled:LFS_pooled_household.dta,"2017,2018,2019,2020,2021,2022,2023,2024,2025",dist,lfs_district,"LFS: District, NISR code 11-57","District (11-57, NISR codes)"
pooled:LFS_pooled_household.dta,"2017,2018,2019,2020,2021,2022,2023,2024,2025",urban,lfs_urban,"LFS: Area of residence: 1 urban, 2 rural","Area of residence (1 urban, 2 rural)"
pooled:LFS_pooled_household.dta,"2017,2018,2019,2020,2021,2022,2023,2024,2025",cluster,lfs_cluster,LFS: Sampling cluster or village identifier,Sampling cluster id (year_psu)
pooled:LFS_pooled_household.dta,"2017,2018,2019,2020,2021,2022,2023,2024,2025",psu,lfs_psu,LFS: Primary sampling unit,Primary sampling unit number (NISR PSU_NO; anonymised)
pooled:LFS_pooled_household.dta,"2017,2018,2019,2020,2021,2022,2023,2024,2025",hhid,lfs_household_id,LFS: Household identifier,Household id = PSU*100 + household number (unique with year + interview)
pooled:LFS_pooled_household.dta,"2017,2018,2019,2020,2021,2022,2023,2024,2025",wt,lfs_weight,LFS: Sampling weight,Annual person weight (sums to population)
pooled:LFS_pooled_household.dta,"2017,2018,2019,2020,2021,2022,2023,2024,2025",wt_round,lfs_round_weight,LFS: Round weight,Round weight (where released)
pooled:LFS_pooled_household.dta,"2017,2018,2020,2021,2022,2023,2024,2025",psu_no,lfs_psu_number_shipped,LFS 2017-2025: Primary sampling unit number as shipped by NISR,Primary Sampling Unit
pooled:LFS_pooled_household.dta,"2017,2018",phase,lfs_phase,"LFS 2017-2018: Data collection phase: 1 February round, 2 August round",Data collection round
pooled:LFS_pooled_household.dta,"2017,2018",samehh,lfs_same_household_visited,LFS 2017-2018: Same household as visited last time,The same Household Visited last time?
pooled:LFS_pooled_household.dta,"2017,2018,2021",hhrg,lfs_rotation_group,LFS 2017-2021: Rotation group of the household,Rotation Group
pooled:LFS_pooled_household.dta,2017,ryear,lfs_nisr_year_variable_2017,LFS 2017: NISR variable named year as shipped,Year
pooled:LFS_pooled_household.dta,"2017,2018,2019,2021,2022,2023",a24,lfs_household_member,LFS 2017-2023: Is a household member,Is he/she household member?
pooled:LFS_pooled_household.dta,"2017,2018,2019,2022,2023",h04,lfs_own_use_item_h04,"LFS 2017-2023: Own-use production item H04 as shipped, no label",
pooled:LFS_pooled_household.dta,"2017,2018,2019,2021,2022,2023,2024,2025",h06,lfs_share_of_products_sold,LFS 2017-2025: Share of the farm products regularly sold,About how much does the household regularly sell?
pooled:LFS_pooled_household.dta,"2017,2018,2019",h07,lfs_farm_net_value,"LFS 2017-2019: Net value of the agricultural activities, bracket",What was the net Value in Frw the household get from agricultural activities dur
pooled:LFS_pooled_household.dta,"2017,2018,2019",h08,lfs_season_vs_average,"LFS 2017-2019: Previous season below, at or above average",Was the previous season below/above average or an average season for your househ
pooled:LFS_pooled_household.dta,"2017,2018,2019,2021,2022,2023,2024,2025",h09,lfs_farm_hires_paid_workers,LFS 2017-2025: Engages paid employees in the farming activity,Do you regularly or sometimes engage paid employee in the farming activity?
pooled:LFS_pooled_household.dta,"2017,2018,2019,2021,2022,2023,2024,2025",h10,lfs_farm_paid_workers_bracket,"LFS 2017-2025: Paid employees engaged in farming, bracket","Excluding family members, how many paid employees do you usually  engage in thes"
pooled:LFS_pooled_household.dta,"2017,2018,2019",h11a,lfs_land_leased,LFS 2017-2019: Access to land by leasing,Did you get access to the land for the agricultural work by leasing (have land t
pooled:LFS_pooled_household.dta,"2017,2018,2019",h11b,lfs_land_sharecropped,LFS 2017-2019: Access to land by renting against a share of the produce,Did you get access to the land for the agricultural work by Renting (share-cropp
pooled:LFS_pooled_household.dta,"2017,2018,2019",h11c,lfs_land_fixed_rent,LFS 2017-2019: Access to land by renting at a fixed rent,Did you get access to the land for the agricultural work by renting (fixed rent)
pooled:LFS_pooled_household.dta,"2017,2018,2019",h11d,lfs_land_free_of_charge,LFS 2017-2019: Access to land free of charge,Did you get access to the land for the agricultural work by renting (free of cha
pooled:LFS_pooled_household.dta,"2017,2018,2019",h11e,lfs_land_communal_rights,LFS 2017-2019: Access to land through communal rights,Did you get access to the land for the agricultural work by communal rights/publ
pooled:LFS_pooled_household.dta,"2017,2021,2022,2023",i01_a,lfs_roof_material_2017_2023,LFS 2017-2023: Main material of the roof,Main material used in building this house for roof
pooled:LFS_pooled_household.dta,"2017,2019,2021,2022,2023",i01_b,lfs_wall_material,LFS 2017-2023: Main material of the exterior walls,Main material used in building this house for exterior walls
pooled:LFS_pooled_household.dta,"2017,2019,2021,2022,2023",i01_c,lfs_floor_material,LFS 2017-2023: Main material of the floor,Main material used in building this house for floor
pooled:LFS_pooled_household.dta,"2017,2019,2021,2022,2023",i02,lfs_rooms_for_sleeping,LFS 2017-2023: Rooms used for sleeping,How many rooms in your household are used for sleeping?
pooled:LFS_pooled_household.dta,"2017,2019,2021,2022,2023",i03,lfs_toilet_type,LFS 2017-2023: Type of toilet,What type of toilet does your household have?
pooled:LFS_pooled_household.dta,"2017,2019,2021,2022,2023",i04,lfs_lighting_energy,LFS 2017-2023: Main source of energy for lighting,What is the main source of energy in your household for lighting?
pooled:LFS_pooled_household.dta,"2017,2019,2021,2022,2023",i05,lfs_cooking_energy,LFS 2017-2023: Main source of energy for cooking,What is the main source of energy in your household for cooking?
pooled:LFS_pooled_household.dta,"2017,2019,2022,2023",i06a,lfs_drinking_water_2017_2023,LFS 2017-2023: Main source of drinking water,What is the main source of water in your household for drinking?
pooled:LFS_pooled_household.dta,"2017,2019,2022,2023",i06b,lfs_other_water_source_2017_2023,LFS 2017-2023: Main source of water for other uses,What is the main source of water in your household for other uses?
pooled:LFS_pooled_household.dta,"2017,2019,2021,2022,2023",i07a,lfs_owns_refrigerator,LFS 2017-2023: Household owns a refrigerator or freezer,Does this household own Refrigerator/Freezer?
pooled:LFS_pooled_household.dta,"2017,2019,2021,2022,2023",i07b,lfs_owns_radio,LFS 2017-2023: Household owns a radio,Does this household own radio?
pooled:LFS_pooled_household.dta,"2017,2019,2021,2022,2023",i07c,lfs_owns_tv,LFS 2017-2023: Household owns a television set,Does this household own TV set?
pooled:LFS_pooled_household.dta,"2017,2019,2021,2022,2023",i07d,lfs_owns_satellite_dish,LFS 2017-2023: Household owns a parabolic antenna,Does this household own parabolic antena?
pooled:LFS_pooled_household.dta,"2017,2019,2021,2022,2023",i07e,lfs_owns_dvd_player,LFS 2017-2023: Household owns a video or DVD player,Does this household own Video/DVD player?
pooled:LFS_pooled_household.dta,"2017,2019,2021,2022,2023",i07f,lfs_owns_computer,LFS 2017-2023: Household owns a computer,Does this household own Computer and accessories?
pooled:LFS_pooled_household.dta,"2017,2019,2021,2022,2023",i07g,lfs_owns_music_system,LFS 2017-2023: Household owns a music system,Does this household own Music system?
pooled:LFS_pooled_household.dta,"2017,2019,2021,2022,2023",i07h,lfs_owns_cooker,LFS 2017-2023: Household owns a cooker,Does this household own Cooker?
pooled:LFS_pooled_household.dta,"2017,2019,2021,2022,2023",i07i,lfs_owns_sewing_machine,LFS 2017-2023: Household owns a sewing machine,Does this household own Sewing machine?
pooled:LFS_pooled_household.dta,"2017,2019,2021,2022,2023",i07j,lfs_owns_washing_machine,LFS 2017-2023: Household owns a laundry machine,Does this household own Laundry machine?
pooled:LFS_pooled_household.dta,"2017,2019,2021,2022,2023",i07k,lfs_owns_electric_fan,LFS 2017-2023: Household owns an electric fan,Does this household own Electric fan?
pooled:LFS_pooled_household.dta,"2017,2019,2021,2022,2023",i07l,lfs_owns_camera,LFS 2017-2023: Household owns a camera,Does this household own Camera?
pooled:LFS_pooled_household.dta,"2017,2019,2021,2022,2023",i07m,lfs_owns_mobile_phone,LFS 2017-2023: Household owns a mobile phone,Does this household own Mobile phone?
pooled:LFS_pooled_household.dta,"2017,2019,2021,2022,2023",i07n,lfs_owns_car,LFS 2017-2023: Household owns a car,Does this household own Car ?
pooled:LFS_pooled_household.dta,"2017,2019,2021,2022,2023",i07o,lfs_owns_bicycle,LFS 2017-2023: Household owns a bicycle,Does this household own Bicycle  ?
pooled:LFS_pooled_household.dta,"2017,2019,2021,2022,2023",i07p,lfs_owns_motorcycle,LFS 2017-2023: Household owns a motorcycle,Does this household own Motorcycle  ?
pooled:LFS_pooled_household.dta,"2017,2019,2021,2022,2023",i07q,lfs_has_internet_connection,LFS 2017-2023: Household has an internet connection,Does this household own internet connection ?
pooled:LFS_pooled_household.dta,"2022,2023,2024,2025",hhsize,lfs_household_size,LFS 2022-2025: Household size (persons in the roster),Household size
pooled:LFS_pooled_household.dta,,head_sex,lfs_head_sex,LFS: Sex of the household head,
pooled:LFS_pooled_household.dta,,head_age,lfs_head_age,LFS: Age of the household head,
pooled:LFS_pooled_household.dta,"2017,2019,2020",d24,lfs_work_experience_2017_2020,LFS 2017-2020: Total work experience,How long have [NAME] been working (total experience)?
pooled:LFS_pooled_household.dta,2019,f03b,lfs_last_job_tasks_text,"LFS 2019: Main tasks and duties in the last job, text",What were (NAME)?s main tasks and duties?
pooled:LFS_pooled_household.dta,2019,f06_v2,lfs_status_opinion_2019,LFS 2019: Self-described main status at present,"In your opinion, which of the following best describes your main status at prese"
pooled:LFS_pooled_household.dta,"2017,2018,2019,2021,2022,2023,2024,2025",h05,lfs_sells_farm_products,LFS 2017-2025: Household sells or barters part of its farm products,"In general, did the household sell or barter any part of the goods obtained from"
pooled:LFS_pooled_household.dta,2020,usualhrsc,lfs_child_hours_interval_2020,"LFS 2020: Hours worked by children, interval, NISR derived",Hours worked by child_interval
pooled:LFS_pooled_household.dta,2020,usualhc,lfs_child_hours_worked_2020,"LFS 2020: Hours worked by children, NISR derived",Hours worked by children
pooled:LFS_pooled_household.dta,2020,lfs_round_v2,lfs_round_code_shipped_2020,LFS 2020: Data collection round code as shipped by NISR,LFS_rounds
pooled:LFS_pooled_household.dta,2020,a0a,lfs_anyone_difficulty_seeing,LFS 2020: Anyone in the household has difficulty seeing,"Does anyone has difficulty seeing, even if wearing glasses in the HH?"
pooled:LFS_pooled_household.dta,2020,a0b,lfs_anyone_difficulty_hearing,LFS 2020: Anyone in the household has difficulty hearing,"Does anyone has difficulty hearing, even if using a hearing aid?"
pooled:LFS_pooled_household.dta,2020,a0c,lfs_anyone_difficulty_walking,LFS 2020: Anyone in the household has difficulty walking or climbing steps,Does anyone has difficulty walking or climbing steps?
pooled:LFS_pooled_household.dta,2020,a0d,lfs_anyone_difficulty_remember,LFS 2020: Anyone in the household has difficulty remembering,Does anyone has difficulty remembering or concentrating?
pooled:LFS_pooled_household.dta,2020,a1a,lfs_anyone_difficulty_self_care,LFS 2020: Anyone in the household has difficulty with self-care,Does anyone has difficulty (with self-care such as) washing all over or dressing
pooled:LFS_pooled_household.dta,2020,a1b,lfs_anyone_difficulty_communic,LFS 2020: Anyone in the household has difficulty communicating,"Using your usual language, does anyone has difficulty communicating, mple unders"
pooled:LFS_pooled_household.dta,"2019,2020",i08,lfs_members_used_internet,LFS 2019-2020: Members who used the internet in the last 12 months,How many of this household members used internet in the last 12 months?
pooled:LFS_pooled_household.dta,"2019,2020",i09,lfs_members_mobile_phone,LFS 2019-2020: Members having a mobile phone,How many of this household members having mobile phone?
pooled:LFS_pooled_household.dta,"2019,2020",i10,lfs_members_computer,LFS 2019-2020: Members having a personal computer,How many of this household members having personal computer?
pooled:LFS_pooled_household.dta,"2019,2020",i11,lfs_members_social_media,LFS 2019-2020: Members using social media,How many of this household members using social media
pooled:LFS_pooled_household.dta,"2019,2020",i12,lfs_members_used_computer,"LFS 2019-2020: Members aged 10 and over who used a computer, last 12 months",How many of this household members aged 10 and above who used a computer in the
pooled:LFS_pooled_household.dta,"2020,2021,2022,2023,2024,2025",lfs_year,lfs_data_collection_year,LFS 2020-2025: LFS data collection year as shipped,LFS data collection year
pooled:LFS_pooled_household.dta,2021,psu_id,lfs_psu_identifier_2021,LFS 2021: Primary sampling unit identifier as shipped,Primary Sampling Unit
pooled:LFS_pooled_household.dta,"2021,2022,2023,2024,2025",qh_no,lfs_household_number_in_psu,LFS 2021-2025: Household number within the primary sampling unit as shipped,QUESTIONNAIRE  NUMBER
pooled:LFS_pooled_household.dta,2021,hhgap,lfs_group_appearance_count,LFS 2021: Number of group appearance as shipped,Number of Group Appearance
pooled:LFS_pooled_household.dta,2021,hhgac,lfs_group_acceptance_count,LFS 2021: Number of group acceptance as shipped,Number of Group Acceptance
pooled:LFS_pooled_household.dta,2021,consent,lfs_consent_2021,LFS 2021: Consent to the interview,Consent
pooled:LFS_pooled_household.dta,2021,decode,lfs_data_entry_code_2021,LFS 2021: Data entry code,Data entry code
pooled:LFS_pooled_household.dta,2021,sihh,lfs_still_in_household_2021,LFS 2021: Still in the household,Still in the Household
pooled:LFS_pooled_household.dta,2021,i06a_v2,lfs_drinking_water_2021,LFS 2021: Main source of drinking water,What is the main source of water in your household for drinking?
pooled:LFS_pooled_household.dta,2021,i06b_v2,lfs_other_water_source_2021,LFS 2021: Main source of water for other uses,What is the main source of water in your household for other uses?
pooled:LFS_pooled_household.dta,2021,lfs_round,lfs_round_code_shipped_2021,LFS 2021: Data collection round code as shipped by NISR,LFS_rounds
pooled:LFS_pooled_household.dta,2021,pop,lfs_population_count_2021,LFS 2021: Total population indicator as shipped,Total population
pooled:LFS_pooled_household.dta,"2021,2022,2023,2024,2025",hhid_nisr,lfs_nisr_household_id,LFS 2021-2025: NISR household identifier as shipped,NISR household id as shipped (HHID)
pooled:LFS_pooled_household.dta,"2024,2025",lfs_strata,lfs_stratum_shipped,"LFS 2024-2025: Sampling stratum as shipped, district by area",strata for LFS
pooled:LFS_pooled_household.dta,"2024,2025",en01,lfs_lighting_energy_2024_2025,LFS 2024-2025: Main source of energy for lighting,main source of energy that your household uses for lighting?
pooled:LFS_pooled_household.dta,"2024,2025",en01_others,lfs_lighting_energy_other_text,"LFS 2024-2025: Main source of energy for lighting, other text",Main source of energy Others
pooled:LFS_pooled_household.dta,2025,d10_e,lfs_ejo_heza_contributions,LFS 2025: Contributes to the Ejo Heza pension scheme,Does (name) make contributions to the Ejo Heza scheme?
pooled:LFS_pooled_household.dta,2025,d12_1a,lfs_earnings_amount_rwf_2025,"LFS 2025: Earnings amount in Rwandan francs, main job",Amount in Rwandan francs
pooled:LFS_pooled_household.dta,2025,d14_1a,lfs_average_monthly_rwf_2025,LFS 2025: Average monthly earnings in Rwandan francs,Amount in Rwandan francs
wave:2017,2017,survey,lfs_survey,LFS: Source survey,Source survey
wave:2017,2017,year,lfs_year,LFS: Survey year,Survey year
wave:2017,2017,wave,lfs_wave,LFS: Wave identifier,Wave (survey year)
wave:2017,2017,round,lfs_round,LFS: Data collection round,Data-collection round as labelled by NISR (FEB17 ... NOV21); empty in 2022-2025 (not shipped)
wave:2017,2017,quarter,lfs_quarter,LFS: Quarter of the round,"Quarter (1 Feb, 2 May, 3 Aug, 4 Nov): from the round to 2021, from the file's block structure in 2023-2025; missing in 2022"
wave:2017,2017,interview,lfs_interview,LFS: Interview number of the household in the year,"Interview number of the household within the year (1, 2): rank of the quarter where known; order of appearance in the file in 2022"
wave:2017,2017,prov,lfs_province,"LFS: Province, NISR code 1-5","Province (1-5, NISR codes)"
wave:2017,2017,dist,lfs_district,"LFS: District, NISR code 11-57","District (11-57, NISR codes)"
wave:2017,2017,urban,lfs_urban,"LFS: Area of residence: 1 urban, 2 rural","Area of residence (1 urban, 2 rural)"
wave:2017,2017,cluster,lfs_cluster,LFS: Sampling cluster or village identifier,Sampling cluster id (year_psu)
wave:2017,2017,psu,lfs_psu,LFS: Primary sampling unit,Primary sampling unit number (NISR PSU_NO; anonymised)
wave:2017,2017,hhid,lfs_household_id,LFS: Household identifier,Household id = PSU*100 + household number (unique with year + interview)
wave:2017,2017,pid,lfs_person_id,LFS: Person number within the household,Person number within the household (2025: row order within the household-interview; no person id shipped)
wave:2017,2017,sex,lfs_sex,"LFS: Sex: 1 male, 2 female","Sex (1 male, 2 female)"
wave:2017,2017,age,lfs_age,LFS: Age in completed years,Age in years
wave:2017,2017,wt,lfs_weight,LFS: Sampling weight,Annual person weight (sums to population)
wave:2017,2017,wt_round,lfs_round_weight,LFS: Round weight,Round weight (where released)
wave:2017,2017,psu_no,lfs_psu_number_shipped,LFS 2017-2025: Primary sampling unit number as shipped by NISR,PSU NUMBER
wave:2017,2017,phase,lfs_phase,"LFS 2017-2018: Data collection phase: 1 February round, 2 August round",Data collection round
wave:2017,2017,samehh,lfs_same_household_visited,LFS 2017-2018: Same household as visited last time,The same Household Visited last time?
wave:2017,2017,hhrg,lfs_rotation_group,LFS 2017-2021: Rotation group of the household,Rotation Group
wave:2017,2017,ryear,lfs_nisr_year_variable_2017,LFS 2017: NISR variable named year as shipped,Year
wave:2017,2017,a02,lfs_relation_to_head_2017_2023,LFS 2017-2023: Relationship to the household head,Relationship
wave:2017,2017,a03m,lfs_birth_month,LFS 2017-2025: Month of birth,Date of birth Month
wave:2017,2017,a03y,lfs_birth_year,LFS 2017-2025: Year of birth,date of birth year
wave:2017,2017,a05,lfs_present_marital_status,LFS 2017-2025: Present marital status as reported,Present marital status
wave:2017,2017,a06,lfs_difficulty_seeing,"LFS 2017-2025: Difficulty seeing, even with glasses (Washington Group)","Do you have difficulty seeing, even if wearing glasses?"
wave:2017,2017,a07,lfs_difficulty_hearing,"LFS 2017-2025: Difficulty hearing, even with a hearing aid (Washington Group)","Do you have difficulty hearing, even if using a hearing aid?"
wave:2017,2017,a08,lfs_difficulty_walking,LFS 2017-2025: Difficulty walking or climbing steps (Washington Group),Do you have difficulty walking or climbing steps?
wave:2017,2017,a09,lfs_difficulty_remembering,LFS 2017-2025: Difficulty remembering or concentrating (Washington Group),Do you have difficulty remembering or concentrating?
wave:2017,2017,a10,lfs_difficulty_self_care,LFS 2017-2025: Difficulty with self-care such as washing or dressing,Do you have difficulty (with self-care such as) washing all over or dressing?
wave:2017,2017,a11,lfs_difficulty_communicating,LFS 2017-2025: Difficulty communicating in the usual language,"Using your usual language, do you have difficulty communicating, mple understand"
wave:2017,2017,a12,lfs_nationality_2017_2024,LFS 2017-2024: Nationality,What is nationality?
wave:2017,2017,a13,lfs_residential_status,LFS 2017-2025: Residential status in Rwanda,Residential Status in Rwanda
wave:2017,2017,a14a,lfs_country_of_birth_2017_2024,LFS 2017-2024: Country or area of birth,Country/Area of birth
wave:2017,2017,a14b,lfs_district_of_birth_2017_2025,LFS 2017-2025: District of birth,District of birth
wave:2017,2017,a18,lfs_previous_place_type,LFS 2017-2023: Kind of place of the previous residence,Kind of place he/she lived in prior to arriving here?
wave:2017,2017,a19,lfs_years_previous_location,LFS 2017-2025: Duration of stay in the previous location,How long did he/she live in the previous location prior to arriving here?
wave:2017,2017,a20,lfs_reason_for_moving,LFS 2017-2025: Reason for moving to the current location,Reason to move away from previous location
wave:2017,2017,a21,lfs_away_from_home_12m,LFS 2017-2023: Away from home in the last 12 months,Has he/she been away from home in this last 12 months?
wave:2017,2017,a22,lfs_months_away_12m,LFS 2017-2023: Months away from the household in the last 12 months,Months during the past 12 months has he/she been away from this HH
wave:2017,2017,a23,lfs_member_other_household,LFS 2017-2023: Member of another household while absent,"While absent, is/was he/she a member of another household?"
wave:2017,2017,a24,lfs_household_member,LFS 2017-2023: Is a household member,Is he/she household member?
wave:2017,2017,a25,lfs_child_studying_working,LFS 2017-2019: Child currently studying or working (ages 5-13),Is (NAME) currently studying or working?
wave:2017,2017,a26,lfs_child_type_of_work,LFS 2017-2019: Type of work the child does,What type of work does (NAME) do?
wave:2017,2017,a27,lfs_child_days_per_week,LFS 2017-2019: Days per week the child worked in these activities,How many days per week did [NAME] usually work in these activities?
wave:2017,2017,a28,lfs_child_hours_per_day,LFS 2017-2019: Hours per day the child worked in these activities,How many hours per day did [NAME] usually work in these activities?
wave:2017,2017,a29,lfs_child_hours_firewood,"LFS 2017-2019: Child hours collecting firewood, last 7 days","In the last 7 days, how many hours did [NAME] spend collecting firewood for the"
wave:2017,2017,a30,lfs_child_hours_fetching_water,"LFS 2017-2019: Child hours fetching water, last 7 days","In the last 7 days, how many hours did [NAME] spend fetching water for the house"
wave:2017,2017,a31,lfs_child_hours_fodder,"LFS 2017-2019: Child hours searching fodder or grazing, last 7 days","In the last 7 days, how many hours did [NAME] spend searching for  fodder or gra"
wave:2017,2017,a32,lfs_child_hours_construction,"LFS 2017-2019: Child hours constructing the dwelling, last 7 days","In the last 7 days ,how many hours did[NAME]spend manifacturing household goods"
wave:2017,2017,a33,lfs_child_hours_chores,"LFS 2017-2019: Child hours doing household chores, last 7 days","In the last 7 days, how many hours did [NAME] spend constructing your dwelling,"
wave:2017,2017,a34,lfs_child_hours_childcare,"LFS 2017-2019: Child hours looking after children, last 7 days","In the last 7 days, how many hours did [NAME] spend doing household chores inclu"
wave:2017,2017,a35,lfs_child_hours_care_2017,"LFS 2017: Child hours looking after children and the elderly, last 7 days","In the last 7 days, how many  hours did [NAME] spend looking after children and"
wave:2017,2017,b01,lfs_student,LFS 2017-2025: Currently a student attending school,IS [NAME] currently studying?
wave:2017,2017,b02a,lfs_education_level_highest,LFS 2017-2025: Highest educational level attended,What is the Highest educational level is/ have [NAME] attending / attended?
wave:2017,2017,b02b,lfs_years_completed_in_level,LFS 2017-2025: Years completed in that level of education,How many years have you completed in that level of education?
wave:2017,2017,b03,lfs_highest_certificate,LFS 2017-2023: Highest certificate obtained,Highest certificate obtained
wave:2017,2017,b04,lfs_place_of_qualification,LFS 2017-2019: Place where the highest qualification was obtained,The place of  the highest qualification attained
wave:2017,2017,b05b,lfs_esced_code,LFS 2017-2021: ESCED code of the specialisation,ESCED code
wave:2017,2017,b06,lfs_read_and_write,LFS 2017-2023: Ability to read and write,Ability to read and write
wave:2017,2017,b07,lfs_attending_tvet,LFS 2017-2025: Currently attending a trade or technical skills school,Currently attending any trade or technical Skills school
wave:2017,2017,b08,lfs_learned_tvet,LFS 2017-2025: Learned a trade or technical vocational course (TVET),Did you learn any Trade or Technical vocational course (TVET)?
wave:2017,2017,b09,lfs_training_duration,LFS 2017-2025: Duration of the training,How long will/did this Training take?
wave:2017,2017,b10,lfs_tvet_skills_type_2017_2024,LFS 2017-2024: Type of technical skills learned,Type of technical skills learned?
wave:2017,2017,b11,lfs_skills_acquired_where,LFS 2017-2019: Where the skills were acquired,Where did (NAME) acquire these skills
wave:2017,2017,b12,lfs_course_sponsor,LFS 2017-2019: Main sponsor of the course,Who was the main sponsor for this course?
wave:2017,2017,b13,lfs_course_completed_2017_2024,LFS 2017-2024: Completed the course,Did [NAME] complete the course?
wave:2017,2017,b13a,lfs_course_completion_year,LFS 2017-2023: Year of completion of the course,In which year did (Name) complete this course?
wave:2017,2017,b14,lfs_after_course_2017_2024,LFS 2017-2024: What happened after completing the course,What happened after you completed the course?
wave:2017,2017,b15,lfs_computer_level_2017_2021,LFS 2017-2021: Level of computer use,At what level could you use of computer?
wave:2017,2017,b16a,lfs_english_level_2017_2019,LFS 2017-2019: Level of spoken English,At what level could (Name) speak English
wave:2017,2017,b16b,lfs_french_level_2017_2019,LFS 2017-2019: Level of spoken French,At what level could (Name) speak French
wave:2017,2017,b16c,lfs_swahili_level_2017_2019,LFS 2017-2019: Level of spoken Swahili,At what level could (Name) speak Swahili
wave:2017,2017,c01,lfs_worked_for_pay_7d,"LFS 2017-2025: Worked for wage, salary, commission or tips, last 7 days","During the last 7 days,did he/she do any work for wage, salary, commission, tips"
wave:2017,2017,c02,lfs_ran_business_7d,"LFS 2017-2025: Ran a business activity, last 7 days","During the past 7 days, did (NAME) run or do any kind of business, farming or ot"
wave:2017,2017,c03,lfs_helped_unpaid_7d,"LFS 2017-2025: Helped unpaid in a household business, last 7 days","During the past 7 days, did (NAME) help unpaid in a business owned by a househol"
wave:2017,2017,c04,lfs_work_in_agriculture,"LFS 2017-2023: Work in agriculture, farming or fishing","Was this work in agriculture, farming or fishing?"
wave:2017,2017,c05,lfs_products_for_sale,LFS 2017-2025: Products of the activity mainly for sale or for own use,"In general, are the products obtained from this activity for sale or for family"
wave:2017,2017,c06,lfs_job_absent_7d,"LFS 2017-2025: Had a paid job or business but was absent, last 7 days","During the last 7 days, did (NAME) have a paid job or a business from which he/s"
wave:2017,2017,c07,lfs_reason_absent_2017_2025,LFS 2017-2025: Main reason for absence from work,What was the main reason (NAME) was absent from work during the last 7 days?
wave:2017,2017,c08,lfs_expected_absence,LFS 2017-2025: Expected total absence from work,What is the expected total absence from work for (NAME)?
wave:2017,2017,c09,lfs_income_during_absence,LFS 2017-2025: Continues to receive income during the absence,Does (NAME) continue receiving an income from his/her job during absence?
wave:2017,2017,c10,lfs_other_paid_job,LFS 2017-2025: Had another paid job or business,Did [NAME] have any other paid job or business or performed any secondary activi
wave:2017,2017,c11a,lfs_usual_hours_main_job,"LFS 2017-2025: Usual hours per week, main job",How many hours does [NAME] usually work per week?Main job/activity
wave:2017,2017,c11b,lfs_usual_hours_second_job,"LFS 2017-2025: Usual hours per week, secondary job",How many hours does [NAME] usually work per week?Secondary job/activity
wave:2017,2017,c12a,lfs_days_worked_main_job,"LFS 2017-2025: Days worked in the main job, last 7 days","During the past 7 days, how many days did (NAME) actually work?Main job/activity"
wave:2017,2017,c12b,lfs_days_worked_second_job,"LFS 2017-2025: Days worked in the secondary job, last 7 days","During the past 7 days, how many days did (NAME) actually work?Secondary job/act"
wave:2017,2017,c13a,lfs_hours_per_day_main_job,"LFS 2017-2025: Hours per day worked in the main job, last 7 days","During the past 7 days, how many hours per day did (NAME) actually worked?Main j"
wave:2017,2017,c13b,lfs_hours_per_day_second_job,"LFS 2017-2025: Hours per day worked in the secondary job, last 7 days","During the past 7 days, how many hours per day did (NAME) actually worked?second"
wave:2017,2017,c14,lfs_hours_all_jobs_7d,"LFS 2017-2025: Hours usually worked at all jobs, last 7 days",How many hours did [NAME) usually worked at all jobs combined during the last 7
wave:2017,2017,c15,lfs_reason_long_hours,LFS 2017-2025: Main reason for working long hours,What was the main reason (NAME) usually worked long hours per week?
wave:2017,2017,c16,lfs_looked_more_work_4w,"LFS 2017-2025: Looked for additional or other work, last 4 weeks","During the last 4 weeks, did (NAME) look for additional or other work?"
wave:2017,2017,c17,lfs_wants_more_hours,LFS 2017-2025: Would want to work more hours per week,Would want to work more hours per week than usualy worked provided the extra hou
wave:2017,2017,c18,lfs_available_more_work,LFS 2017-2025: Available for additional work if an opportunity arose,"If an opportunity for additional work became available, could (NAME) start worki"
wave:2017,2017,c19,lfs_looked_for_job_4w,"LFS 2017-2025: Looked for a paid job or tried to start a business, last 4 weeks","During the last 4 weeks, did [NAME] look for any kind of paid job or try to star"
wave:2017,2017,c20,lfs_job_arranged,LFS 2017-2025: Already found a job or arranged to start a business,Has [NAME] already found a job or arranged to start a business in the next 4 wee
wave:2017,2017,c21a,lfs_search_action_1st_2017_2019,LFS 2017-2019: First job-search action mentioned,what did [NAME] do  in the last 4 weeks to find a paid job or start a business?
wave:2017,2017,c21b,lfs_search_action_2nd_2017_2019,LFS 2017-2019: Second job-search action mentioned,What did [NAME] do in the last 4 weeks to find a paid job or start a business?
wave:2017,2017,c21c,lfs_search_action_3rd_2017_2019,LFS 2017-2019: Third job-search action mentioned,What did [NAME] do in the last 4 weeks to find a paid job or start a business?
wave:2017,2017,c21d,lfs_search_action_4th_2017_2019,LFS 2017-2019: Fourth job-search action mentioned,What did [NAME] do in the last 4 weeks to find a paid job or start a business?
wave:2017,2017,c22,lfs_unemployment_spell_2017_2024,LFS 2017-2024: Duration without work and looking for a job,For how long has [NAME] been without work and trying to find a paid job or start
wave:2017,2017,c23,lfs_wants_paid_job,LFS 2017-2025: Would want to work if a job or business were available,Would [NAME] want to work if a  paid job or business opportunity became availabl
wave:2017,2017,c24,lfs_reason_not_search_2017_2025,LFS 2017-2025: Main reason for not trying to find a job or start a business,What was the main reason (NAME) did not try to find a paid job or start a busine
wave:2017,2017,c25,lfs_available_to_start,LFS 2017-2025: Available to start if a job or business opportunity arose,"If a paid job or business opportunity become available, could [NAME] have starte"
wave:2017,2017,c26,lfs_reason_no_start_2017_2024,LFS 2017-2024: Main reason the person could not start working,What is the mean reason why (NAME) could not  start working in the last 7 days o
wave:2017,2017,indd01,lfs_isco_major_main_job,LFS 2017-2025: ISCO major group of the main job, ISCO High level
wave:2017,2017,isco2d,lfs_isco_2digit_main_2017_2018,LFS 2017-2018: ISCO two-digit group of the main job,Isco_2digits_mainjob
wave:2017,2017,d02,lfs_min_education_for_job,"LFS 2017-2019: Minimum education needed for the main job, opinion",What do you think could be the minimum level of education to carry out the job (
wave:2017,2017,indd03,lfs_isic_section_main_job,LFS: ISIC section of the main job, ISIC High level
wave:2017,2017,isic2d,lfs_isic_2digit_main_2017_2018,LFS 2017-2018: ISIC two-digit division of the main job,Isic_2digits_mainjob
wave:2017,2017,d04,lfs_inst_sector_main_2017_2024,LFS 2017-2024: Institutional sector of the main job,Does (Name) work in....
wave:2017,2017,d05,lfs_employment_status_2017_2024,LFS 2017-2024: Status in employment in the main job,"In this job, is  [NAME] working as??"
wave:2017,2017,d06,lfs_contract_type,LFS 2017-2025: Written contract or oral agreement,Have [NAME] been employed on the basis of:
wave:2017,2017,d07,lfs_contract_agreement_2017_2024,LFS 2017-2024: Type of contract or agreement,Is [NAME]'s contract or agreement :
wave:2017,2017,d08,lfs_contract_duration_2017_2024,LFS 2017-2024: Duration of the contract,The duration of the contract or agreement?
wave:2017,2017,d09a,lfs_employer_social_security,LFS 2017-2025: Employer pays social security contributions,Does employer pay contributions on [NAME]?s behalf to social security fund
wave:2017,2017,d09b,lfs_employer_health_insurance,LFS 2017-2023: Employer pays health insurance contributions,Does employer pay contributions on [NAME]?s behalf to health insurance fund
wave:2017,2017,d10a,lfs_paid_annual_leave,LFS 2017-2025: Entitled to paid annual leave,Benefits paid for annual leave
wave:2017,2017,d10b,lfs_paid_sick_leave,LFS 2017-2025: Entitled to paid sick leave,Benefits  paid for sick leave
wave:2017,2017,d10c,lfs_maternity_paternity_leave,LFS 2017-2025: Entitled to paid maternity or paternity leave,Benefits  paid for maternity/paternity leave
wave:2017,2017,d10d,lfs_salary_tax_deducted,LFS 2017-2025: Salary subject to income tax deduction,Is (Name)'s salary subjected to deduction of taxe (PAYE)
wave:2017,2017,d11,lfs_trade_union_member,LFS 2017-2023: Belongs to a trade union or syndicate,Does [NAME] belong to any trade union or syndicate
wave:2017,2017,d12,lfs_earnings_cash_main_job,"LFS 2017-2024: Earnings in cash from the main job, last payment","How much did he/she  earn at main job last time in cash and in kind, before taxe"
wave:2017,2017,d12a,lfs_earnings_amount_rwf,"LFS 2017-2023: Earnings amount in Rwandan francs, main job",Amount in Rwandan francs
wave:2017,2017,d13,lfs_earnings_period,LFS 2017-2023: Period covered by the earnings,How long did it cover?
wave:2017,2017,d14,lfs_in_kind_payments,LFS 2017-2023: Receives in-kind payments in the main job,"Does [NAME] receive in-kind payments in main job such as food, agricultural prod"
wave:2017,2017,d15,lfs_in_kind_value,LFS 2017-2023: Value of the in-kind payments,What is the value of these in-kind payments?
wave:2017,2017,d15a,lfs_in_kind_amount_rwf,LFS 2017-2023: In-kind payments in Rwandan francs,Amount in Rwandan francs
wave:2017,2017,d16,lfs_in_kind_period,LFS 2017-2023: Period covered by the in-kind payments,What period did it cover?
wave:2017,2017,d17,lfs_monthly_earnings_bracket,"LFS 2017-2023: Monthly earnings, cash and in kind, bracket","Taking into account both cash and in kind payments,Would you say the monthly amo"
wave:2017,2017,d18a,lfs_net_earnings_biz_2017,LFS 2017: Net monthly earnings from the business activity,What is the net monthly earnings of (NAME) from his/her business Activity?
wave:2017,2017,d18a1,lfs_net_earnings_biz_rwf_2017,"LFS 2017: Net monthly earnings from the business, Rwandan francs",What is the net monthly earnings of (NAME) from his/her business Activity?(Amoun
wave:2017,2017,d18b,lfs_net_earnings_biz_brk_2017,"LFS 2017: Net monthly earnings from the business, bracket",What is the net monthly earnings of (NAME) from his/her business or activity?
wave:2017,2017,d19,lfs_earnings_vs_average_2017,"LFS 2017: Earnings below, at or above the usual monthly average","Was this below average, above average, or average of monthly earnings during las"
wave:2017,2017,d20,lfs_business_registered,LFS 2017-2025: Business or establishment registered,Is the business/establishment where [NAME] works registered with the RRA or  pay
wave:2017,2017,d21,lfs_business_keeps_accounts,LFS 2017-2025: Business keeps accounts to report to an authority,"In order to report to an authority, does the business/establishment where (NAME)"
wave:2017,2017,d22a,lfs_employees_at_workplace,"LFS 2017-2019: Regular employees at the workplace, bracket","How many regular paid or unpaid employees including [NAME], work at [NAME]'s  pl"
wave:2017,2017,d22b,lfs_employees_at_workplace_num,"LFS 2017-2019: Regular employees at the workplace, number","How many regular paid or unpaid employees including [NAME], work at [NAME]'s  pl"
wave:2017,2017,d23,lfs_workplace_type_2017_2024,LFS 2017-2024: Type of place where the person usually works,In what type of place does [NAME] usually work?
wave:2017,2017,d24,lfs_work_experience_2017_2020,LFS 2017-2020: Total work experience,How long have [NAME] been working (total experience)?
wave:2017,2017,d25,lfs_computer_needed_at_work,LFS 2017-2019: Needs a computer in day-to-day work,In day to day work does [NAME] need the computer to perform his/her duties?
wave:2017,2017,d26,lfs_uses_computer_at_work,LFS 2017-2019: Uses a computer in day-to-day work,Does (name) use computer in his/her day to day work?
wave:2017,2017,inde01,lfs_isco_major_second_job,LFS 2017-2018: ISCO major group of the secondary job, ISCO High level_secondary
wave:2017,2017,isco2e,lfs_isco_two_digit_second_job,LFS 2017-2018: ISCO two-digit group of the secondary job,Isco_2digits_secondjob
wave:2017,2017,inde02,lfs_isic_section_second_job,LFS 2017-2023: ISIC section of the secondary job, ISIC High level_secondary
wave:2017,2017,isic2e,lfs_isic_two_digit_second_job,LFS 2017-2018: ISIC two-digit division of the secondary job,Isic_2digits_secondjob
wave:2017,2017,e03,lfs_second_job_activity,LFS 2017-2019: Activity of the secondary job,"In his/her secondary job/activity, does (NAME) work in ??"
wave:2017,2017,e04,lfs_second_job_business,LFS 2017-2019: Business of the secondary job,"In his/her secondary job/business, does (NAME) work as ??"
wave:2017,2017,e05a,lfs_second_job_social_security,"LFS 2017-2019: Employer pays social security, secondary job",Does the employer pay contributions on (Name)'s behalf to social security fund?
wave:2017,2017,e05b,lfs_second_job_health_insurance,"LFS 2017-2019: Employer pays health insurance, secondary job",Does the employer pay contributions on (Name)'sbehalf  to health insurance?
wave:2017,2017,e06a,lfs_second_job_annual_leave,LFS 2017-2019: Paid annual leave in the secondary job,Is (Name) paid annual leave
wave:2017,2017,e06b,lfs_second_job_sick_leave,LFS 2017-2019: Paid sick leave in the secondary job,Is (Name) paid sick leave.
wave:2017,2017,e06c,lfs_second_job_maternity_leave,LFS 2017-2019: Paid maternity or paternity leave in the secondary job,Is (NAME)Paid maternity/paternity leave?
wave:2017,2017,e07,lfs_second_job_registered,LFS 2017-2019: Business of the secondary job registered,Is the business/establishment where (Name) works for registered with the RRA or
wave:2017,2017,e08,lfs_second_job_keeps_accounts,LFS 2017-2019: Employer of the secondary job keeps written accounts,Does [NAME]'s employer keep any written records or accounts?
wave:2017,2017,e09a,lfs_second_job_employees,"LFS 2017-2019: Employees at the secondary workplace, bracket",Including (Name) how many regular paid or unpaid employees(less than 10)
wave:2017,2017,e09b,lfs_second_job_employees_num,"LFS 2017-2019: Employees at the secondary workplace, number",Including (Name) how many regular paid or unpaid employees(More than 10)
wave:2017,2017,e10,lfs_second_job_workplace_type,LFS 2017-2019: Type of place of the secondary job,In what type of place does (Name) usually work?
wave:2017,2017,e11,lfs_other_jobs_count,LFS 2017-2023: Number of jobs apart from the main job,Apart from the main job:how many Job did(Name) had in the last 7 days?
wave:2017,2017,e12,lfs_earnings_other_jobs,"LFS 2017-2023: Earnings from other jobs, cash and in kind",How much did (Name) earn from other jobs or activities had last week in cash?
wave:2017,2017,e12b,lfs_earnings_other_jobs_rwf,LFS 2017-2023: Earnings from other jobs in Rwandan francs,Amount in Rwandan francs
wave:2017,2017,e13,lfs_earnings_other_jobs_period,LFS 2017-2023: Period covered by the earnings from other jobs,How long did it cover?
wave:2017,2017,indf03,lfs_isco_major_last_job,LFS 2017-2018: ISCO major group of the last job, ISCO High level_past
wave:2017,2017,isco2f,lfs_isco_two_digit_last_job,LFS 2017-2018: ISCO two-digit group of the last job,Isco_2digits_pastjob
wave:2017,2017,indf04,lfs_isic_section_last_job,LFS 2017-2018: ISIC section of the last job, ISIC High level_past
wave:2017,2017,isic2f,lfs_isic_two_digit_last_job,LFS 2017-2018: ISIC two-digit division of the last job,Isic_2digits_pastjob
wave:2017,2017,f01,lfs_worked_previously,LFS 2017-2023: Ever worked for a wage or in a business,"Has [NAME]ever worked previously for a wage, salary or for other income in cash"
wave:2017,2017,f02,lfs_reason_stopped_2017_2024,LFS 2017-2024: Main reason for stopping the last job,The main reason to stop working in his/her last paid job / business?
wave:2017,2017,f05,lfs_main_income_source,LFS 2017-2025: Main source of income at present,What is (Name) main source of income at present?
wave:2017,2017,f06,lfs_status_opinion_2017_2018,LFS 2017-2018: Self-described main status at present,"In your opinion, which of the following best describes your main status at prese"
wave:2017,2017,f07,lfs_competencies_2017_2018,LFS 2017-2018: Competencies needed to increase employability,What Competencies do you need to increase your employment opportunities?
wave:2017,2017,gid,lfs_section_g_serial_2017,LFS 2017: Serial number for section G as shipped,Serian Number for Section G
wave:2017,2017,g01,lfs_hours_firewood,"LFS 2017-2025: Hours collecting firewood, last 7 days","In the last 7 days, how many  hours did [NAME] spend collecting firewood for the"
wave:2017,2017,g02,lfs_hours_fetching_water,"LFS 2017-2025: Hours fetching water, last 7 days","In the last 7 days, how many hours did [NAME] spend fetching water for the house"
wave:2017,2017,g03,lfs_hours_fodder,"LFS 2017-2025: Hours searching fodder or grazing livestock, last 7 days","In the last 7 days, how many hours did [NAME] spend searching for  fodder or gra"
wave:2017,2017,g04,lfs_hours_making_goods,"LFS 2017-2025: Hours manufacturing household goods, last 7 days","In the last 7 days, how many hours did [NAME] spend manufacturing household good"
wave:2017,2017,g05,lfs_hours_construction,"LFS 2017-2025: Hours constructing or repairing the dwelling, last 7 days","In the last 7 days, how many hours did [NAME] spend constructing your dwelling,"
wave:2017,2017,g06,lfs_hours_household_chores,"LFS 2017-2025: Hours doing household chores, last 7 days","In the last 7 days, how many hours did [NAME] spend doing household chores inclu"
wave:2017,2017,g07,lfs_hours_care,"LFS 2017-2025: Hours looking after children or adults, last 7 days","In the last 7 days, how many hours did [NAME] spend looking after children and e"
wave:2017,2017,h01,lfs_own_use_work_4w,LFS 2017-2025: Did work mainly for own use in the last four weeks,During the last four weeks did he/she do any of the following  work mainly for o
wave:2017,2017,h02,lfs_own_use_days_week_2017_2025,LFS 2017-2025: Days per week in own-use production,How many days per week did [NAME] usually worked in these activities?
wave:2017,2017,h03,lfs_own_use_hours_day_2017_2025,LFS 2017-2025: Hours per day in own-use production,How many hours per day has [NAME] usually worked in these activities?
wave:2017,2017,h04,lfs_own_use_item_h04,"LFS 2017-2023: Own-use production item H04 as shipped, no label",HAS DONE ANY AGRICULTURAL ACTIVITY ?
wave:2017,2017,h05,lfs_sells_farm_products,LFS 2017-2025: Household sells or barters part of its farm products,"In general, did the household sell or barter any part of the goods obtained from"
wave:2017,2017,h06,lfs_share_of_products_sold,LFS 2017-2025: Share of the farm products regularly sold,About how much does the household regularly sell?
wave:2017,2017,h07,lfs_farm_net_value,"LFS 2017-2019: Net value of the agricultural activities, bracket",What was the net Value in Frw the household get from agricultural activities dur
wave:2017,2017,h08,lfs_season_vs_average,"LFS 2017-2019: Previous season below, at or above average",Compared to  previous season Was the production  below/above average or an avera
wave:2017,2017,h09,lfs_farm_hires_paid_workers,LFS 2017-2025: Engages paid employees in the farming activity,Do you regularly or sometimes engage paid employee in the farming activity?
wave:2017,2017,h10,lfs_farm_paid_workers_bracket,"LFS 2017-2025: Paid employees engaged in farming, bracket","Excluding family members, how many paid employees do you usually  engage in thes"
wave:2017,2017,h11a,lfs_land_leased,LFS 2017-2019: Access to land by leasing,Did you get access to the land for the agricultural work by leasing (have land t
wave:2017,2017,h11b,lfs_land_sharecropped,LFS 2017-2019: Access to land by renting against a share of the produce,Did you get access to the land for the agricultural work by Renting (share-cropp
wave:2017,2017,h11c,lfs_land_fixed_rent,LFS 2017-2019: Access to land by renting at a fixed rent,Did you get access to the land for the agricultural work by renting (fixed rent)
wave:2017,2017,h11d,lfs_land_free_of_charge,LFS 2017-2019: Access to land free of charge,Did you get access to the land for the agricultural work by renting (free of cha
wave:2017,2017,h11e,lfs_land_communal_rights,LFS 2017-2019: Access to land through communal rights,Did you get access to the land for the agricultural work by communal rights/publ
wave:2017,2017,i01_a,lfs_roof_material_2017_2023,LFS 2017-2023: Main material of the roof,Main material used in building this house for roof
wave:2017,2017,i01_b,lfs_wall_material,LFS 2017-2023: Main material of the exterior walls,Main material used in building this house for exterior walls
wave:2017,2017,i01_c,lfs_floor_material,LFS 2017-2023: Main material of the floor,Main material used in building this house for floor
wave:2017,2017,i02,lfs_rooms_for_sleeping,LFS 2017-2023: Rooms used for sleeping,How many rooms in your household are used for sleeping?
wave:2017,2017,i03,lfs_toilet_type,LFS 2017-2023: Type of toilet,What type of toilet does your household have?
wave:2017,2017,i04,lfs_lighting_energy,LFS 2017-2023: Main source of energy for lighting,What is the main source of energy in your household for lighting?
wave:2017,2017,i05,lfs_cooking_energy,LFS 2017-2023: Main source of energy for cooking,What is the main source of energy in your household for cooking?
wave:2017,2017,i06a,lfs_drinking_water_2017_2023,LFS 2017-2023: Main source of drinking water,What is the main source of water in your household for drinking?
wave:2017,2017,i06b,lfs_other_water_source_2017_2023,LFS 2017-2023: Main source of water for other uses,What is the main source of water in your household for other uses?
wave:2017,2017,i07a,lfs_owns_refrigerator,LFS 2017-2023: Household owns a refrigerator or freezer,Does this household own Refrigerator/Freezer?
wave:2017,2017,i07b,lfs_owns_radio,LFS 2017-2023: Household owns a radio,Does this household own radio?
wave:2017,2017,i07c,lfs_owns_tv,LFS 2017-2023: Household owns a television set,Does this household own TV set?
wave:2017,2017,i07d,lfs_owns_satellite_dish,LFS 2017-2023: Household owns a parabolic antenna,Does this household own parabolic antena?
wave:2017,2017,i07e,lfs_owns_dvd_player,LFS 2017-2023: Household owns a video or DVD player,Does this household own Video/DVD player?
wave:2017,2017,i07f,lfs_owns_computer,LFS 2017-2023: Household owns a computer,Does this household own Computer and accessories?
wave:2017,2017,i07g,lfs_owns_music_system,LFS 2017-2023: Household owns a music system,Does this household own Music system?
wave:2017,2017,i07h,lfs_owns_cooker,LFS 2017-2023: Household owns a cooker,Does this household own Cooker?
wave:2017,2017,i07i,lfs_owns_sewing_machine,LFS 2017-2023: Household owns a sewing machine,Does this household own Sewing machine?
wave:2017,2017,i07j,lfs_owns_washing_machine,LFS 2017-2023: Household owns a laundry machine,Does this household own Laundry machine?
wave:2017,2017,i07k,lfs_owns_electric_fan,LFS 2017-2023: Household owns an electric fan,Does this household own Electric fan?
wave:2017,2017,i07l,lfs_owns_camera,LFS 2017-2023: Household owns a camera,Does this household own Camera?
wave:2017,2017,i07m,lfs_owns_mobile_phone,LFS 2017-2023: Household owns a mobile phone,Does this household own Mobile phone?
wave:2017,2017,i07n,lfs_owns_car,LFS 2017-2023: Household owns a car,Does this household own Car ?
wave:2017,2017,i07o,lfs_owns_bicycle,LFS 2017-2023: Household owns a bicycle,Does this household own Bicycle  ?
wave:2017,2017,i07p,lfs_owns_motorcycle,LFS 2017-2023: Household owns a motorcycle,Does this household own Motorcycle  ?
wave:2017,2017,i07q,lfs_has_internet_connection,LFS 2017-2023: Household has an internet connection,Does this household own internet connection ?
wave:2017,2017,indb05,lfs_education_field,"LFS 2017-2025: Field of education, NISR derived",Field of education
wave:2017,2017,status1,lfs_labour_force_status,"LFS: Labour force status, NISR derived: 1 employed, 2 unemployed","Labour force status (NISR derived; population aged 16+: 1 employed, 2 unemployed, 3 outside the labour force)"
wave:2017,2017,wap16,lfs_working_age_16_plus,"LFS: Working-age population 16 and over, NISR indicator base",Working age population
wave:2017,2017,employed16,lfs_employment_ratio_base,"LFS: Employment-to-population ratio base, NISR indicator",Employment to population ratio
wave:2017,2017,ur1,lfs_unemployment_rate_base,"LFS: Unemployment rate base, NISR indicator",Unemployment rate
wave:2017,2017,lfpr,lfs_participation_rate_base,"LFS: Labour force participation rate base, NISR indicator",Labour force particiaption rate
wave:2017,2017,sub,lfs_subsistence_producer,"LFS 2017-2025: Subsistence foodstuff producer, NISR derived",Subsistance_foodstaff_producers
wave:2017,2017,tru,lfs_time_underemployed,"LFS 2017-2025: Time-related underemployment, NISR derived",Time related underemployment
wave:2017,2017,plf,lfs_potential_labour_force,"LFS 2017-2025: Potential labour force category, NISR derived",Potential labour force
wave:2017,2017,luu,lfs_labour_underutilisation,"LFS 2017-2025: Labour underutilisation category, NISR derived",Labour underutilisation
wave:2017,2017,luur,lfs_underutilisation_rate,"LFS 2017-2024: Labour underutilisation rate, NISR derived", Labour underulilation rate
wave:2017,2017,ie,lfs_formal_employment_2017,"LFS 2017: Formal or informal employment in the main job, NISR derived",Formal and Informal employment for main job
wave:2017,2017,cash,lfs_monthly_cash_income,"LFS 2017-2025: Monthly income in cash of employees, NISR derived",Monthly income in cash for employees
wave:2017,2017,usualhrs,lfs_usual_hours_interval,"LFS 2017-2025: Usual hours worked, interval, NISR derived",Usually working hours
wave:2017,2017,usual_h,lfs_usual_hours_number,"LFS 2017-2025: Number of usual hours worked, NISR derived",Number of usual hours
wave:2017,2017,act_hrs,lfs_actual_hours_worked,"LFS 2017-2025: Actual hours worked in all jobs, NISR derived",Number of actual hours worked
wave:2017,2017,acthrs,lfs_actual_hours_interval,"LFS 2017-2025: Actual hours worked, interval, NISR derived",Actual hours intervals
wave:2017,2017,prod_sec,lfs_production_sector_2017_2018,"LFS 2017-2018: Production sector: informal, formal, household",Formal_Informal_HH
wave:2017,2017,pid_nisr,lfs_nisr_person_id,LFS 2017-2024: NISR person identifier as shipped,NISR person id as shipped (pid / pkey)
wave:2018,2018,survey,lfs_survey,LFS: Source survey,Source survey
wave:2018,2018,year,lfs_year,LFS: Survey year,Survey year
wave:2018,2018,wave,lfs_wave,LFS: Wave identifier,Wave (survey year)
wave:2018,2018,round,lfs_round,LFS: Data collection round,Data-collection round as labelled by NISR (FEB17 ... NOV21); empty in 2022-2025 (not shipped)
wave:2018,2018,quarter,lfs_quarter,LFS: Quarter of the round,"Quarter (1 Feb, 2 May, 3 Aug, 4 Nov): from the round to 2021, from the file's block structure in 2023-2025; missing in 2022"
wave:2018,2018,interview,lfs_interview,LFS: Interview number of the household in the year,"Interview number of the household within the year (1, 2): rank of the quarter where known; order of appearance in the file in 2022"
wave:2018,2018,prov,lfs_province,"LFS: Province, NISR code 1-5","Province (1-5, NISR codes)"
wave:2018,2018,dist,lfs_district,"LFS: District, NISR code 11-57","District (11-57, NISR codes)"
wave:2018,2018,urban,lfs_urban,"LFS: Area of residence: 1 urban, 2 rural","Area of residence (1 urban, 2 rural)"
wave:2018,2018,cluster,lfs_cluster,LFS: Sampling cluster or village identifier,Sampling cluster id (year_psu)
wave:2018,2018,psu,lfs_psu,LFS: Primary sampling unit,Primary sampling unit number (NISR PSU_NO; anonymised)
wave:2018,2018,hhid,lfs_household_id,LFS: Household identifier,Household id = PSU*100 + household number (unique with year + interview)
wave:2018,2018,pid,lfs_person_id,LFS: Person number within the household,Person number within the household (2025: row order within the household-interview; no person id shipped)
wave:2018,2018,sex,lfs_sex,"LFS: Sex: 1 male, 2 female","Sex (1 male, 2 female)"
wave:2018,2018,age,lfs_age,LFS: Age in completed years,Age in years
wave:2018,2018,wt,lfs_weight,LFS: Sampling weight,Annual person weight (sums to population)
wave:2018,2018,wt_round,lfs_round_weight,LFS: Round weight,Round weight (where released)
wave:2018,2018,psu_no,lfs_psu_number_shipped,LFS 2017-2025: Primary sampling unit number as shipped by NISR,PSU NUMBER
wave:2018,2018,phase,lfs_phase,"LFS 2017-2018: Data collection phase: 1 February round, 2 August round",Data collection round
wave:2018,2018,samehh,lfs_same_household_visited,LFS 2017-2018: Same household as visited last time,The same Household Visited last time?
wave:2018,2018,hhrg,lfs_rotation_group,LFS 2017-2021: Rotation group of the household,Rotation Group
wave:2018,2018,a02,lfs_relation_to_head_2017_2023,LFS 2017-2023: Relationship to the household head,Relationship
wave:2018,2018,a03m,lfs_birth_month,LFS 2017-2025: Month of birth,Date of birth Month
wave:2018,2018,a03y,lfs_birth_year,LFS 2017-2025: Year of birth,date of birth year
wave:2018,2018,a05,lfs_present_marital_status,LFS 2017-2025: Present marital status as reported,Present marital status
wave:2018,2018,a06,lfs_difficulty_seeing,"LFS 2017-2025: Difficulty seeing, even with glasses (Washington Group)","Do you have difficulty seeing, even if wearing glasses?"
wave:2018,2018,a07,lfs_difficulty_hearing,"LFS 2017-2025: Difficulty hearing, even with a hearing aid (Washington Group)","Do you have difficulty hearing, even if using a hearing aid?"
wave:2018,2018,a08,lfs_difficulty_walking,LFS 2017-2025: Difficulty walking or climbing steps (Washington Group),Do you have difficulty walking or climbing steps?
wave:2018,2018,a09,lfs_difficulty_remembering,LFS 2017-2025: Difficulty remembering or concentrating (Washington Group),Do you have difficulty remembering or concentrating?
wave:2018,2018,a10,lfs_difficulty_self_care,LFS 2017-2025: Difficulty with self-care such as washing or dressing,Do you have difficulty (with self-care such as) washing all over or dressing?
wave:2018,2018,a11,lfs_difficulty_communicating,LFS 2017-2025: Difficulty communicating in the usual language,"Using your usual language, do you have difficulty communicating, mple understand"
wave:2018,2018,a12,lfs_nationality_2017_2024,LFS 2017-2024: Nationality,What is nationality?
wave:2018,2018,a13,lfs_residential_status,LFS 2017-2025: Residential status in Rwanda,Residential Status in Rwanda
wave:2018,2018,a14a,lfs_country_of_birth_2017_2024,LFS 2017-2024: Country or area of birth,Country/Area of birth
wave:2018,2018,a14b,lfs_district_of_birth_2017_2025,LFS 2017-2025: District of birth,District of birth
wave:2018,2018,a18,lfs_previous_place_type,LFS 2017-2023: Kind of place of the previous residence,Kind of place he/she lived in prior to arriving here?
wave:2018,2018,a19,lfs_years_previous_location,LFS 2017-2025: Duration of stay in the previous location,How long did he/she live in the previous location prior to arriving here?
wave:2018,2018,a20,lfs_reason_for_moving,LFS 2017-2025: Reason for moving to the current location,Reason to move away from previous location
wave:2018,2018,a21,lfs_away_from_home_12m,LFS 2017-2023: Away from home in the last 12 months,Has he/she been away from home in this last 12 months?
wave:2018,2018,a22,lfs_months_away_12m,LFS 2017-2023: Months away from the household in the last 12 months,Months during the past 12 months has he/she been away from this HH
wave:2018,2018,a23,lfs_member_other_household,LFS 2017-2023: Member of another household while absent,"While absent, is/was he/she a member of another household?"
wave:2018,2018,a24,lfs_household_member,LFS 2017-2023: Is a household member,Is he/she household member?
wave:2018,2018,b01,lfs_student,LFS 2017-2025: Currently a student attending school,IS [NAME] currently studying?
wave:2018,2018,b02a,lfs_education_level_highest,LFS 2017-2025: Highest educational level attended,What is the Highest educational level is/ have [NAME] attending / attended?
wave:2018,2018,b02b,lfs_years_completed_in_level,LFS 2017-2025: Years completed in that level of education,How many years have you completed in that level of education?
wave:2018,2018,b03,lfs_highest_certificate,LFS 2017-2023: Highest certificate obtained,Highest certificate obtained
wave:2018,2018,b04,lfs_place_of_qualification,LFS 2017-2019: Place where the highest qualification was obtained,The place of  the highest qualification attained
wave:2018,2018,b05a,lfs_specialisation_area,LFS 2018-2021: Area of specialisation,Area of specialization
wave:2018,2018,b06,lfs_read_and_write,LFS 2017-2023: Ability to read and write,Ability to read and write
wave:2018,2018,b07,lfs_attending_tvet,LFS 2017-2025: Currently attending a trade or technical skills school,Currently attending any trade or technical Skills school
wave:2018,2018,b08,lfs_learned_tvet,LFS 2017-2025: Learned a trade or technical vocational course (TVET),Did you learn any Trade or Technical vocational course (TVET)?
wave:2018,2018,b09,lfs_training_duration,LFS 2017-2025: Duration of the training,How long will/did this Training take?
wave:2018,2018,b10,lfs_tvet_skills_type_2017_2024,LFS 2017-2024: Type of technical skills learned,Type of technical skills learned?
wave:2018,2018,b11,lfs_skills_acquired_where,LFS 2017-2019: Where the skills were acquired,Where did (NAME) acquire these skills
wave:2018,2018,b12,lfs_course_sponsor,LFS 2017-2019: Main sponsor of the course,Who was the main sponsor for this course?
wave:2018,2018,b13,lfs_course_completed_2018_2025,LFS 2018-2025: Completed the course,Did [NAME] complete the course?
wave:2018,2018,b13a,lfs_course_completion_year,LFS 2017-2023: Year of completion of the course,In which year did (Name) complete this course?
wave:2018,2018,b14,lfs_after_course_2017_2024,LFS 2017-2024: What happened after completing the course,What happened after you completed the course?
wave:2018,2018,b15,lfs_computer_level_2017_2021,LFS 2017-2021: Level of computer use,At what level could you use of computer?
wave:2018,2018,b16a,lfs_english_level_2018,LFS 2018: Level of spoken English,At what level could (Name) speak English
wave:2018,2018,b16b,lfs_french_level_2018,LFS 2018: Level of spoken French,At what level could (Name) speak French
wave:2018,2018,b16c,lfs_swahili_level_2018,LFS 2018: Level of spoken Swahili,At what level could (Name) speak Swahili
wave:2018,2018,c01,lfs_worked_for_pay_7d,"LFS 2017-2025: Worked for wage, salary, commission or tips, last 7 days","During the last 7 days,did he/she do any work for wage, salary, commission, tips"
wave:2018,2018,c02,lfs_ran_business_7d,"LFS 2017-2025: Ran a business activity, last 7 days","During the past 7 days, did (NAME) run or do any kind of business, farming or ot"
wave:2018,2018,c03,lfs_helped_unpaid_7d,"LFS 2017-2025: Helped unpaid in a household business, last 7 days","During the past 7 days, did (NAME) help unpaid in a business owned by a househol"
wave:2018,2018,c04,lfs_work_in_agriculture,"LFS 2017-2023: Work in agriculture, farming or fishing","Was this work in agriculture, farming or fishing?"
wave:2018,2018,c05,lfs_products_for_sale,LFS 2017-2025: Products of the activity mainly for sale or for own use,"In general, are the products obtained from this activity for sale or for family"
wave:2018,2018,c06,lfs_job_absent_7d,"LFS 2017-2025: Had a paid job or business but was absent, last 7 days","During the last 7 days, did (NAME) have a paid job or a business from which he/s"
wave:2018,2018,c07,lfs_reason_absent_2017_2025,LFS 2017-2025: Main reason for absence from work,What was the main reason (NAME) was absent from work during the last 7 days?
wave:2018,2018,c08,lfs_expected_absence,LFS 2017-2025: Expected total absence from work,What is the expected total absence from work for (NAME)?
wave:2018,2018,c09,lfs_income_during_absence,LFS 2017-2025: Continues to receive income during the absence,Does (NAME) continue receiving an income from his/her job during absence?
wave:2018,2018,c10,lfs_other_paid_job,LFS 2017-2025: Had another paid job or business,Did [NAME] have any other paid job or business or performed any secondary activi
wave:2018,2018,c11a,lfs_usual_hours_main_job,"LFS 2017-2025: Usual hours per week, main job",How many hours does [NAME] usually work per week?Main job/activity
wave:2018,2018,c11b,lfs_usual_hours_second_job,"LFS 2017-2025: Usual hours per week, secondary job",How many hours does [NAME] usually work per week?Secondary job/activity
wave:2018,2018,c12a,lfs_days_worked_main_job,"LFS 2017-2025: Days worked in the main job, last 7 days","During the past 7 days, how many days did (NAME) actually work?Main job/activity"
wave:2018,2018,c12b,lfs_days_worked_second_job,"LFS 2017-2025: Days worked in the secondary job, last 7 days","During the past 7 days, how many days did (NAME) actually work?Secondary job/act"
wave:2018,2018,c13a,lfs_hours_per_day_main_job,"LFS 2017-2025: Hours per day worked in the main job, last 7 days","During the past 7 days, how many hours per day did (NAME) actually worked?Main j"
wave:2018,2018,c13b,lfs_hours_per_day_second_job,"LFS 2017-2025: Hours per day worked in the secondary job, last 7 days","During the past 7 days, how many hours per day did (NAME) actually worked?second"
wave:2018,2018,c14,lfs_hours_all_jobs_7d,"LFS 2017-2025: Hours usually worked at all jobs, last 7 days",How many hours did [NAME) usually worked at all jobs combined?
wave:2018,2018,c15,lfs_reason_long_hours,LFS 2017-2025: Main reason for working long hours,What was the main reason (NAME) usually worked long hours per week?
wave:2018,2018,c16,lfs_looked_more_work_4w,"LFS 2017-2025: Looked for additional or other work, last 4 weeks","During the last 4 weeks, did (NAME) look for additional or other work?"
wave:2018,2018,c17,lfs_wants_more_hours,LFS 2017-2025: Would want to work more hours per week,Would want to work more hours per week than usualy worked provided the extra hou
wave:2018,2018,c18,lfs_available_more_work,LFS 2017-2025: Available for additional work if an opportunity arose,"If an opportunity for additional work became available, could (NAME) start worki"
wave:2018,2018,c19,lfs_looked_for_job_4w,"LFS 2017-2025: Looked for a paid job or tried to start a business, last 4 weeks","During the last 4 weeks, did [NAME] look for any kind of paid job or try to star"
wave:2018,2018,c20,lfs_job_arranged,LFS 2017-2025: Already found a job or arranged to start a business,Has [NAME] already found a job or arranged to start a business in the next 4 wee
wave:2018,2018,c21a,lfs_search_financial_2018_2021,"LFS 2018-2021: Search method: arranging financial resources, permits or licences","Arranging for financial ressources,applying for permits,licences"
wave:2018,2018,c21c,lfs_search_friends_2018_2021,LFS 2018-2021: Search method: help of friends and relatives,"Seeking the assistance of friends,relatives or other types of intermediaries"
wave:2018,2018,c21d,lfs_search_agency_2018_2024,LFS 2018-2024: Search method: registering with an employment agency,Registering with or contacting public or private employment services
wave:2018,2018,c21e,lfs_search_employers_2018_2021,LFS 2018-2021: Search method: applying to employers directly,"Applying to employers directly,checking at worksites,farms,factory gates,markets"
wave:2018,2018,c21f,lfs_search_adverts_2018_2021,LFS 2018-2021: Search method: newspaper or internet advertisements,Placing or answering newspaper or online job advertisements
wave:2018,2018,c21g,lfs_search_resume_2018_2021,LFS 2018-2021: Search method: placing or updating online resumes,Placing and updating resumes on professional or social networking sites online
wave:2018,2018,c21h,lfs_search_no_method_2018_2021,LFS 2018-2021: Search method: none,No method
wave:2018,2018,c21l,lfs_search_other_2018_2021,LFS 2018-2021: Search method: other,Other
wave:2018,2018,c22,lfs_unemployment_spell_2018_2025,LFS 2018-2025: Duration without work and looking for a job,For how long has [NAME] been without work and trying to find a paid job or start
wave:2018,2018,c23,lfs_wants_paid_job,LFS 2017-2025: Would want to work if a job or business were available,Would [NAME] want to work if a  paid job or business opportunity became availabl
wave:2018,2018,c24,lfs_reason_not_search_2017_2025,LFS 2017-2025: Main reason for not trying to find a job or start a business,What was the main reason (NAME) did not try to find a paid job or start a busine
wave:2018,2018,c25,lfs_available_to_start,LFS 2017-2025: Available to start if a job or business opportunity arose,"If a paid job or business opportunity become available, could [NAME] have starte"
wave:2018,2018,c26,lfs_reason_no_start_2017_2024,LFS 2017-2024: Main reason the person could not start working,What is the mean reason why (NAME) could not  start working in the last 7 days o
wave:2018,2018,indd01,lfs_isco_major_main_job,LFS 2017-2025: ISCO major group of the main job, ISCO High level
wave:2018,2018,isco2d,lfs_isco_2digit_main_2017_2018,LFS 2017-2018: ISCO two-digit group of the main job,Isco_2digits_mainjob
wave:2018,2018,c21b,lfs_search_land_2018_2021,"LFS 2018-2021: Search method: looking for land, premises or equipment","Looking for land,premises,machinery,supplies,farming inputs"
wave:2018,2018,d01b2,lfs_main_job_tasks,LFS 2018-2021: Main tasks and duties in the main job,Main tasks and duties(ISCO CODE)
wave:2018,2018,d02,lfs_min_education_for_job,"LFS 2017-2019: Minimum education needed for the main job, opinion",What do you think could be the minimum level of education to carry out the job (
wave:2018,2018,indd03,lfs_isic_section_main_job,LFS: ISIC section of the main job, ISIC High level
wave:2018,2018,isic2d,lfs_isic_2digit_main_2017_2018,LFS 2017-2018: ISIC two-digit division of the main job,Isic_2digits_mainjob
wave:2018,2018,d04,lfs_inst_sector_main_2017_2024,LFS 2017-2024: Institutional sector of the main job,Does (Name) work in....
wave:2018,2018,d05,lfs_employment_status_2017_2024,LFS 2017-2024: Status in employment in the main job,"In this job, is  [NAME] working as??"
wave:2018,2018,d06,lfs_contract_type,LFS 2017-2025: Written contract or oral agreement,Have [NAME] been employed on the basis of:
wave:2018,2018,d07,lfs_contract_agreement_2017_2024,LFS 2017-2024: Type of contract or agreement,Is [NAME]'s contract or agreement :
wave:2018,2018,d08,lfs_contract_duration_2017_2024,LFS 2017-2024: Duration of the contract,The duration of the contract or agreement?
wave:2018,2018,d09a,lfs_employer_social_security,LFS 2017-2025: Employer pays social security contributions,Does employer pay contributions on [NAME]?s behalf to social security fund
wave:2018,2018,d09b,lfs_employer_health_insurance,LFS 2017-2023: Employer pays health insurance contributions,Does employer pay contributions on [NAME]?s behalf to health insurance fund
wave:2018,2018,d10a,lfs_paid_annual_leave,LFS 2017-2025: Entitled to paid annual leave,Benefits paid for annual leave
wave:2018,2018,d10b,lfs_paid_sick_leave,LFS 2017-2025: Entitled to paid sick leave,Benefits  paid for sick leave
wave:2018,2018,d10c,lfs_maternity_paternity_leave,LFS 2017-2025: Entitled to paid maternity or paternity leave,Benefits  paid for maternity/paternity leave
wave:2018,2018,d10d,lfs_salary_tax_deducted,LFS 2017-2025: Salary subject to income tax deduction,Is (Name)'s salary subjected to deduction of taxe (PAYE)
wave:2018,2018,d11,lfs_trade_union_member,LFS 2017-2023: Belongs to a trade union or syndicate,Does [NAME] belong to any trade union or syndicate
wave:2018,2018,d20,lfs_business_registered,LFS 2017-2025: Business or establishment registered,Is the business/establishment where [NAME] works registered with the RRA or  pay
wave:2018,2018,d21,lfs_business_keeps_accounts,LFS 2017-2025: Business keeps accounts to report to an authority,"In order to report to an authority, does the business/establishment where (NAME)"
wave:2018,2018,d22a,lfs_employees_at_workplace,"LFS 2017-2019: Regular employees at the workplace, bracket","How many regular paid or unpaid employees including [NAME], work at [NAME]'s  pl"
wave:2018,2018,d22b,lfs_employees_at_workplace_num,"LFS 2017-2019: Regular employees at the workplace, number","How many regular paid or unpaid employees including [NAME], work at [NAME]'s  pl"
wave:2018,2018,d23,lfs_workplace_type_2017_2024,LFS 2017-2024: Type of place where the person usually works,In what type of place does [NAME] usually work?
wave:2018,2018,d25,lfs_computer_needed_at_work,LFS 2017-2019: Needs a computer in day-to-day work,In day to day work does [NAME] need the computer to perform his/her duties?
wave:2018,2018,d26,lfs_uses_computer_at_work,LFS 2017-2019: Uses a computer in day-to-day work,Does (name) use computer in his/her day to day work?
wave:2018,2018,inde01,lfs_isco_major_second_job,LFS 2017-2018: ISCO major group of the secondary job, ISCO High level_secondary
wave:2018,2018,isco2e,lfs_isco_two_digit_second_job,LFS 2017-2018: ISCO two-digit group of the secondary job,Isco_2digits_secondjob
wave:2018,2018,inde02,lfs_isic_section_second_job,LFS 2017-2023: ISIC section of the secondary job, ISIC High level_secondary
wave:2018,2018,isic2e,lfs_isic_two_digit_second_job,LFS 2017-2018: ISIC two-digit division of the secondary job,Isic_2digits_secondjob
wave:2018,2018,d27,lfs_has_secondary_job,LFS 2018-2023: Secondary paid job or business reported,Is a secondary paid job or business/activity reported
wave:2018,2018,e01b1,lfs_second_job_tasks,LFS 2018-2021: Main tasks and duties in the secondary job,Main tasks and duties(ISCO CODE)
wave:2018,2018,e02,lfs_second_job_workplace,LFS 2018: Name of the workplace of the secondary job,What is the name of (NAME)?s workplace at his/her secondary job/activity?
wave:2018,2018,e03,lfs_second_job_activity,LFS 2017-2019: Activity of the secondary job,"In his/her secondary job/activity, does (NAME) work in ??"
wave:2018,2018,e04,lfs_second_job_business,LFS 2017-2019: Business of the secondary job,"In his/her secondary job/business, does (NAME) work as ??"
wave:2018,2018,e05a,lfs_second_job_social_security,"LFS 2017-2019: Employer pays social security, secondary job",Does the employer pay contributions on (Name)'s behalf to social security fund?
wave:2018,2018,e05b,lfs_second_job_health_insurance,"LFS 2017-2019: Employer pays health insurance, secondary job",Does the employer pay contributions on (Name)'sbehalf  to health insurance?
wave:2018,2018,e06a,lfs_second_job_annual_leave,LFS 2017-2019: Paid annual leave in the secondary job,Is (Name) paid annual leave
wave:2018,2018,e06b,lfs_second_job_sick_leave,LFS 2017-2019: Paid sick leave in the secondary job,Is (Name) paid sick leave.
wave:2018,2018,e06c,lfs_second_job_maternity_leave,LFS 2017-2019: Paid maternity or paternity leave in the secondary job,Is (NAME)Paid maternity/paternity leave?
wave:2018,2018,e07,lfs_second_job_registered,LFS 2017-2019: Business of the secondary job registered,Is the business/establishment where (Name) works for registered with the RRA or
wave:2018,2018,e08,lfs_second_job_keeps_accounts,LFS 2017-2019: Employer of the secondary job keeps written accounts,Does [NAME]'s employer keep any written records or accounts?
wave:2018,2018,e09a,lfs_second_job_employees,"LFS 2017-2019: Employees at the secondary workplace, bracket",Including (Name) how many regular paid or unpaid employees(less than 10)
wave:2018,2018,e09b,lfs_second_job_employees_num,"LFS 2017-2019: Employees at the secondary workplace, number",Including (Name) how many regular paid or unpaid employees(More than 10)
wave:2018,2018,e10,lfs_second_job_workplace_type,LFS 2017-2019: Type of place of the secondary job,In what type of place does (Name) usually work?
wave:2018,2018,e11,lfs_other_jobs_count,LFS 2017-2023: Number of jobs apart from the main job,Apart from the main job:how many Job did(Name) had in the last 7 days?
wave:2018,2018,indf03,lfs_isco_major_last_job,LFS 2017-2018: ISCO major group of the last job, ISCO High level_past
wave:2018,2018,isco2f,lfs_isco_two_digit_last_job,LFS 2017-2018: ISCO two-digit group of the last job,Isco_2digits_pastjob
wave:2018,2018,indf04,lfs_isic_section_last_job,LFS 2017-2018: ISIC section of the last job, ISIC High level_past
wave:2018,2018,isic2f,lfs_isic_two_digit_last_job,LFS 2017-2018: ISIC two-digit division of the last job,Isic_2digits_pastjob
wave:2018,2018,f01,lfs_worked_previously,LFS 2017-2023: Ever worked for a wage or in a business,"Has [NAME]ever worked previously for a wage, salary or for other income in cash"
wave:2018,2018,f02,lfs_reason_stopped_2017_2024,LFS 2017-2024: Main reason for stopping the last job,The main reason to stop working in his/her last paid job / business?
wave:2018,2018,f04a,lfs_last_job_workplace,LFS 2018: Name of the workplace of the last job,What was the name of (NAME)?s workplace at his/her job/activity?
wave:2018,2018,f05,lfs_main_income_source,LFS 2017-2025: Main source of income at present,What is (Name) main source of income at present?
wave:2018,2018,f06,lfs_status_opinion_2017_2018,LFS 2017-2018: Self-described main status at present,"In your opinion, which of the following best describes your main status at prese"
wave:2018,2018,f07,lfs_competencies_2017_2018,LFS 2017-2018: Competencies needed to increase employability,What Competencies do you need to increase your employment opportunities?
wave:2018,2018,g01,lfs_hours_firewood,"LFS 2017-2025: Hours collecting firewood, last 7 days","In the last 7 days, how many  hours did [NAME] spend collecting firewood for the"
wave:2018,2018,g02,lfs_hours_fetching_water,"LFS 2017-2025: Hours fetching water, last 7 days","In the last 7 days, how many hours did [NAME] spend fetching water for the house"
wave:2018,2018,g03,lfs_hours_fodder,"LFS 2017-2025: Hours searching fodder or grazing livestock, last 7 days","In the last 7 days, how many hours did [NAME] spend searching for  fodder or gra"
wave:2018,2018,g04,lfs_hours_making_goods,"LFS 2017-2025: Hours manufacturing household goods, last 7 days","In the last 7 days, how many hours did [NAME] spend manufacturing household good"
wave:2018,2018,g05,lfs_hours_construction,"LFS 2017-2025: Hours constructing or repairing the dwelling, last 7 days","In the last 7 days, how many hours did [NAME] spend constructing your dwelling,"
wave:2018,2018,g06,lfs_hours_household_chores,"LFS 2017-2025: Hours doing household chores, last 7 days","In the last 7 days, how many hours did [NAME] spend doing household chores inclu"
wave:2018,2018,g07,lfs_hours_care,"LFS 2017-2025: Hours looking after children or adults, last 7 days","In the last 7 days, how many hours did [NAME] spend looking after children and e"
wave:2018,2018,h01,lfs_own_use_work_4w,LFS 2017-2025: Did work mainly for own use in the last four weeks,During the last four weeks did he/she do any of the following  work mainly for o
wave:2018,2018,h02,lfs_own_use_days_week_2017_2025,LFS 2017-2025: Days per week in own-use production,How many days per week did [NAME] usually worked in these activities?
wave:2018,2018,h03,lfs_own_use_hours_day_2017_2025,LFS 2017-2025: Hours per day in own-use production,How many hours per day has [NAME] usually worked in these activities?
wave:2018,2018,h04,lfs_own_use_item_h04,"LFS 2017-2023: Own-use production item H04 as shipped, no label",HAS DONE ANY AGRICULTURAL ACTIVITY ?
wave:2018,2018,h05,lfs_sells_farm_products,LFS 2017-2025: Household sells or barters part of its farm products,"In general, did the household sell or barter any part of the goods obtained from"
wave:2018,2018,h06,lfs_share_of_products_sold,LFS 2017-2025: Share of the farm products regularly sold,About how much does the household regularly sell?
wave:2018,2018,h07,lfs_farm_net_value,"LFS 2017-2019: Net value of the agricultural activities, bracket",What was the net Value in Frw the household get from agricultural activities dur
wave:2018,2018,h08,lfs_season_vs_average,"LFS 2017-2019: Previous season below, at or above average",Compared to  previous season Was the production  below/above average or an avera
wave:2018,2018,h09,lfs_farm_hires_paid_workers,LFS 2017-2025: Engages paid employees in the farming activity,Do you regularly or sometimes engage paid employee in the farming activity?
wave:2018,2018,h10,lfs_farm_paid_workers_bracket,"LFS 2017-2025: Paid employees engaged in farming, bracket","Excluding family members, how many paid employees do you usually  engage in thes"
wave:2018,2018,h11a,lfs_land_leased,LFS 2017-2019: Access to land by leasing,Did you get access to the land for the agricultural work by leasing (have land t
wave:2018,2018,h11b,lfs_land_sharecropped,LFS 2017-2019: Access to land by renting against a share of the produce,Did you get access to the land for the agricultural work by Renting (share-cropp
wave:2018,2018,h11c,lfs_land_fixed_rent,LFS 2017-2019: Access to land by renting at a fixed rent,Did you get access to the land for the agricultural work by renting (fixed rent)
wave:2018,2018,h11d,lfs_land_free_of_charge,LFS 2017-2019: Access to land free of charge,Did you get access to the land for the agricultural work by renting (free of cha
wave:2018,2018,h11e,lfs_land_communal_rights,LFS 2017-2019: Access to land through communal rights,Did you get access to the land for the agricultural work by communal rights/publ
wave:2018,2018,indb05,lfs_education_field,"LFS 2017-2025: Field of education, NISR derived",Field of education
wave:2018,2018,status1,lfs_labour_force_status,"LFS: Labour force status, NISR derived: 1 employed, 2 unemployed","Labour force status (NISR derived; population aged 16+: 1 employed, 2 unemployed, 3 outside the labour force)"
wave:2018,2018,wap16,lfs_working_age_16_plus,"LFS: Working-age population 16 and over, NISR indicator base",Working age population
wave:2018,2018,employed16,lfs_employment_ratio_base,"LFS: Employment-to-population ratio base, NISR indicator",Employment to population ratio
wave:2018,2018,ur1,lfs_unemployment_rate_base,"LFS: Unemployment rate base, NISR indicator",Unemployment rate
wave:2018,2018,lfpr,lfs_participation_rate_base,"LFS: Labour force participation rate base, NISR indicator",Labour force particiaption rate
wave:2018,2018,sub,lfs_subsistence_producer,"LFS 2017-2025: Subsistence foodstuff producer, NISR derived",Subsistance_foodstaff_producers
wave:2018,2018,tru,lfs_time_underemployed,"LFS 2017-2025: Time-related underemployment, NISR derived",Time related underemployment
wave:2018,2018,jobsearch,lfs_not_employed_searching,"LFS 2018-2020: Not employed and searching for a job, NISR derived",Not employed with jobseach
wave:2018,2018,disable,lfs_disability,"LFS 2018-2025: Person with disability, NISR derived",person with disability
wave:2018,2018,discourage,lfs_discouraged_jobseeker,"LFS 2018-2025: Discouraged jobseeker, NISR derived",Discouraged jobseekers
wave:2018,2018,willing,lfs_willing_non_seeker,"LFS 2018-2025: Willing non-seeker not available, NISR derived",Willing non seeker and not available
wave:2018,2018,migrant,lfs_recent_migration,LFS 2018-2025: Recent migration: internal or international,Recent migration
wave:2018,2018,iev2,lfs_formal_employment,"LFS 2018-2025: Formal or informal employment in the main job, NISR derived",Formal and Informal employment for main job
wave:2018,2018,cash,lfs_monthly_cash_income,"LFS 2017-2025: Monthly income in cash of employees, NISR derived",Monthly income in cash for employees
wave:2018,2018,luu,lfs_labour_underutilisation,"LFS 2017-2025: Labour underutilisation category, NISR derived",Labour underutilisation
wave:2018,2018,luur,lfs_underutilisation_rate,"LFS 2017-2024: Labour underutilisation rate, NISR derived", Labour underulilation rate
wave:2018,2018,lu2,lfs_underutilisation_lu2,LFS 2018-2025: LU2: unemployment and time-related underemployment rate,Combined rate of TRU and unempoyment
wave:2018,2018,lu3,lfs_underutilisation_lu3,LFS 2018-2025: LU3: unemployment and potential labour force rate,Combined rate of unemployment and potential labour force
wave:2018,2018,trur,lfs_time_underemployment_rate,"LFS 2018-2025: Time-related underemployment rate, NISR derived",Time related underumployment
wave:2018,2018,work_agr,lfs_agricultural_work_type,"LFS 2018-2019: Type of work in agriculture, NISR derived",work in agriculture
wave:2018,2018,prod_sec,lfs_production_sector_2017_2018,"LFS 2017-2018: Production sector: informal, formal, household",Informal&Formal& household sector employment
wave:2018,2018,pid_nisr,lfs_nisr_person_id,LFS 2017-2024: NISR person identifier as shipped,NISR person id as shipped (pid / pkey)
wave:2019,2019,survey,lfs_survey,LFS: Source survey,Source survey
wave:2019,2019,year,lfs_year,LFS: Survey year,Survey year
wave:2019,2019,wave,lfs_wave,LFS: Wave identifier,Wave (survey year)
wave:2019,2019,round,lfs_round,LFS: Data collection round,Data-collection round as labelled by NISR (FEB17 ... NOV21); empty in 2022-2025 (not shipped)
wave:2019,2019,quarter,lfs_quarter,LFS: Quarter of the round,"Quarter (1 Feb, 2 May, 3 Aug, 4 Nov): from the round to 2021, from the file's block structure in 2023-2025; missing in 2022"
wave:2019,2019,interview,lfs_interview,LFS: Interview number of the household in the year,"Interview number of the household within the year (1, 2): rank of the quarter where known; order of appearance in the file in 2022"
wave:2019,2019,prov,lfs_province,"LFS: Province, NISR code 1-5","Province (1-5, NISR codes)"
wave:2019,2019,dist,lfs_district,"LFS: District, NISR code 11-57","District (11-57, NISR codes)"
wave:2019,2019,urban,lfs_urban,"LFS: Area of residence: 1 urban, 2 rural","Area of residence (1 urban, 2 rural)"
wave:2019,2019,cluster,lfs_cluster,LFS: Sampling cluster or village identifier,Sampling cluster id (year_psu)
wave:2019,2019,psu,lfs_psu,LFS: Primary sampling unit,Primary sampling unit number (NISR PSU_NO; anonymised)
wave:2019,2019,hhid,lfs_household_id,LFS: Household identifier,Household id = PSU*100 + household number (unique with year + interview)
wave:2019,2019,pid,lfs_person_id,LFS: Person number within the household,Person number within the household (2025: row order within the household-interview; no person id shipped)
wave:2019,2019,sex,lfs_sex,"LFS: Sex: 1 male, 2 female","Sex (1 male, 2 female)"
wave:2019,2019,age,lfs_age,LFS: Age in completed years,Age in years
wave:2019,2019,wt,lfs_weight,LFS: Sampling weight,Annual person weight (sums to population)
wave:2019,2019,wt_round,lfs_round_weight,LFS: Round weight,Round weight (where released)
wave:2019,2019,pkey,lfs_nisr_person_key_2019,LFS 2019: NISR person key as shipped,identifier
wave:2019,2019,a02,lfs_relation_to_head_2017_2023,LFS 2017-2023: Relationship to the household head,Relationship
wave:2019,2019,a05,lfs_present_marital_status,LFS 2017-2025: Present marital status as reported,Present marital status
wave:2019,2019,a06,lfs_difficulty_seeing,"LFS 2017-2025: Difficulty seeing, even with glasses (Washington Group)","Do you have difficulty seeing, even if wearing glasses?"
wave:2019,2019,a07,lfs_difficulty_hearing,"LFS 2017-2025: Difficulty hearing, even with a hearing aid (Washington Group)","Do you have difficulty hearing, even if using a hearing aid?"
wave:2019,2019,a08,lfs_difficulty_walking,LFS 2017-2025: Difficulty walking or climbing steps (Washington Group),Do you have difficulty walking or climbing steps?
wave:2019,2019,a09,lfs_difficulty_remembering,LFS 2017-2025: Difficulty remembering or concentrating (Washington Group),Do you have difficulty remembering or concentrating?
wave:2019,2019,a10,lfs_difficulty_self_care,LFS 2017-2025: Difficulty with self-care such as washing or dressing,Do you have difficulty (with self-care such as) washing all over or dressing?
wave:2019,2019,a11,lfs_difficulty_communicating,LFS 2017-2025: Difficulty communicating in the usual language,"Using your usual language, do you have difficulty communicating, mple understand"
wave:2019,2019,a12,lfs_nationality_2017_2024,LFS 2017-2024: Nationality,What is nationality?
wave:2019,2019,a13,lfs_residential_status,LFS 2017-2025: Residential status in Rwanda,Residential Status in Rwanda
wave:2019,2019,a14a,lfs_country_of_birth_2017_2024,LFS 2017-2024: Country or area of birth,Country/Area of birth
wave:2019,2019,a14b,lfs_district_of_birth_2017_2025,LFS 2017-2025: District of birth,District of birth
wave:2019,2019,a15,lfs_always_in_district_2019_2024,LFS 2019-2024: Usual residence always in this district,Has usual place of residence  always been in this district?
wave:2019,2019,a16y,lfs_years_since_last_move,LFS 2019-2025: Years since the last move of usual residence,The period of usual place of residence( last move)-Years
wave:2019,2019,a17a,lfs_previous_district_2019_2024,LFS 2019-2024: District or foreign country of previous residence,District or foreign country did he/she live.
wave:2019,2019,a17b,lfs_previous_district_code,LFS 2019-2025: District code of the previous residence,District code
wave:2019,2019,a18,lfs_previous_place_type,LFS 2017-2023: Kind of place of the previous residence,Kind of place he/she lived in prior to arriving here?
wave:2019,2019,a19,lfs_years_previous_location,LFS 2017-2025: Duration of stay in the previous location,How long did he/she live in the previous location prior to arriving here?
wave:2019,2019,a20,lfs_reason_for_moving,LFS 2017-2025: Reason for moving to the current location,Reason to move away from previous location
wave:2019,2019,a21,lfs_away_from_home_12m,LFS 2017-2023: Away from home in the last 12 months,Has he/she been away from home in this last 12 months?
wave:2019,2019,a22,lfs_months_away_12m,LFS 2017-2023: Months away from the household in the last 12 months,Months during the past 12 months has he/she been away from this HH
wave:2019,2019,a23,lfs_member_other_household,LFS 2017-2023: Member of another household while absent,"While absent, is/was he/she a member of another household?"
wave:2019,2019,a24,lfs_household_member,LFS 2017-2023: Is a household member,Is he/she household member?
wave:2019,2019,a25,lfs_child_studying_working,LFS 2017-2019: Child currently studying or working (ages 5-13),Is (NAME) currently studying or working?
wave:2019,2019,a26,lfs_child_type_of_work,LFS 2017-2019: Type of work the child does,What type of work does (NAME) do?
wave:2019,2019,a27,lfs_child_days_per_week,LFS 2017-2019: Days per week the child worked in these activities,How many days per week did [NAME] usually work in these activities?
wave:2019,2019,a28,lfs_child_hours_per_day,LFS 2017-2019: Hours per day the child worked in these activities,How many hours per day did [NAME] usually work in these activities?
wave:2019,2019,a29,lfs_child_hours_firewood,"LFS 2017-2019: Child hours collecting firewood, last 7 days","In the last 7 days, how many hours did [NAME] spend collecting firewood for the"
wave:2019,2019,a30,lfs_child_hours_fetching_water,"LFS 2017-2019: Child hours fetching water, last 7 days","In the last 7 days, how many hours did [NAME] spend fetching water for the house"
wave:2019,2019,a31,lfs_child_hours_fodder,"LFS 2017-2019: Child hours searching fodder or grazing, last 7 days","In the last 7 days, how many hours did [NAME] spend searching for  fodder or gra"
wave:2019,2019,a32,lfs_child_hours_construction,"LFS 2017-2019: Child hours constructing the dwelling, last 7 days","In the last 7 days, how many hours did [NAME] spend constructing your dwelling,"
wave:2019,2019,a33,lfs_child_hours_chores,"LFS 2017-2019: Child hours doing household chores, last 7 days","In the last 7 days, how many hours did [NAME] spend doing household chores inclu"
wave:2019,2019,a34,lfs_child_hours_childcare,"LFS 2017-2019: Child hours looking after children, last 7 days","In the last 7 days, how many  hours did [NAME] spend looking after children and"
wave:2019,2019,b01,lfs_student,LFS 2017-2025: Currently a student attending school,IS [NAME] currently studying?
wave:2019,2019,b02a,lfs_education_level_highest,LFS 2017-2025: Highest educational level attended,What is the Highest educational level is/ have [NAME] attending / attended?
wave:2019,2019,b02b,lfs_years_completed_in_level,LFS 2017-2025: Years completed in that level of education,How many years have you completed in that level of education?
wave:2019,2019,b03,lfs_highest_certificate,LFS 2017-2023: Highest certificate obtained,Highest certificate obtained
wave:2019,2019,b04,lfs_place_of_qualification,LFS 2017-2019: Place where the highest qualification was obtained,The place of  the highest qualification attained
wave:2019,2019,b05a,lfs_specialisation_area,LFS 2018-2021: Area of specialisation,Area of specialization
wave:2019,2019,b05b,lfs_esced_code,LFS 2017-2021: ESCED code of the specialisation,ESCED code
wave:2019,2019,b05c,lfs_esced_name,LFS 2019-2021: ESCED name of the specialisation,ESCED name
wave:2019,2019,b06,lfs_read_and_write,LFS 2017-2023: Ability to read and write,Ability to read and write
wave:2019,2019,b07,lfs_attending_tvet,LFS 2017-2025: Currently attending a trade or technical skills school,Currently attending any trade or technical Skills school
wave:2019,2019,b08,lfs_learned_tvet,LFS 2017-2025: Learned a trade or technical vocational course (TVET),Did you learn any Trade or Technical vocational course (TVET)?
wave:2019,2019,b09,lfs_training_duration,LFS 2017-2025: Duration of the training,How long will/did this Training take?
wave:2019,2019,b10,lfs_tvet_skills_type_2017_2024,LFS 2017-2024: Type of technical skills learned,Type of technical skills learned?
wave:2019,2019,b11,lfs_skills_acquired_where,LFS 2017-2019: Where the skills were acquired,Where did (NAME) acquire these skills
wave:2019,2019,b12,lfs_course_sponsor,LFS 2017-2019: Main sponsor of the course,Who was the main sponsor for this course?
wave:2019,2019,b13,lfs_course_completed_2017_2024,LFS 2017-2024: Completed the course,Did [NAME] complete the course?
wave:2019,2019,b13a,lfs_course_completion_year,LFS 2017-2023: Year of completion of the course,In which year did (Name) complete this course?
wave:2019,2019,b14,lfs_after_course_2017_2024,LFS 2017-2024: What happened after completing the course,What happened after you completed the course?
wave:2019,2019,b15,lfs_computer_level_2017_2021,LFS 2017-2021: Level of computer use,At what level could you use of computer?
wave:2019,2019,b16a,lfs_english_level_2017_2019,LFS 2017-2019: Level of spoken English,At what level could (Name) speak English
wave:2019,2019,b16b,lfs_french_level_2017_2019,LFS 2017-2019: Level of spoken French,At what level could (Name) speak French
wave:2019,2019,b16c,lfs_swahili_level_2017_2019,LFS 2017-2019: Level of spoken Swahili,At what level could (Name) speak Swahili
wave:2019,2019,c01,lfs_worked_for_pay_7d,"LFS 2017-2025: Worked for wage, salary, commission or tips, last 7 days","During the last 7 days,did he/she do any work for wage, salary, commission, tips"
wave:2019,2019,c02,lfs_ran_business_7d,"LFS 2017-2025: Ran a business activity, last 7 days","During the past 7 days, did (NAME) run or do any kind of business, farming or ot"
wave:2019,2019,c03,lfs_helped_unpaid_7d,"LFS 2017-2025: Helped unpaid in a household business, last 7 days","During the past 7 days, did (NAME) help unpaid in a business owned by a househol"
wave:2019,2019,c04,lfs_work_in_agriculture,"LFS 2017-2023: Work in agriculture, farming or fishing","Was this work in agriculture, farming or fishing?"
wave:2019,2019,c05,lfs_products_for_sale,LFS 2017-2025: Products of the activity mainly for sale or for own use,"In general, are the products obtained from this activity for sale or for family"
wave:2019,2019,c06,lfs_job_absent_7d,"LFS 2017-2025: Had a paid job or business but was absent, last 7 days","During the last 7 days, did (NAME) have a paid job or a business from which he/s"
wave:2019,2019,c07,lfs_reason_absent_2017_2025,LFS 2017-2025: Main reason for absence from work,What was the main reason (NAME) was absent from work during the last 7 days?
wave:2019,2019,c08,lfs_expected_absence,LFS 2017-2025: Expected total absence from work,What is the expected total absence from work for (NAME)?
wave:2019,2019,c09a,lfs_absence_category,LFS 2019-2025: Category of the situation of the absent person,"Among the following categories, which correspond to the (NAME)'s situation"
wave:2019,2019,c09,lfs_income_during_absence,LFS 2017-2025: Continues to receive income during the absence,Does (NAME) continue receiving an income from his/her job during absence?
wave:2019,2019,c10,lfs_other_paid_job,LFS 2017-2025: Had another paid job or business,Did [NAME] have any other paid job or business or performed any secondary activi
wave:2019,2019,c11a,lfs_usual_hours_main_job,"LFS 2017-2025: Usual hours per week, main job",How many hours does [NAME] usually work per week?Main job/activity
wave:2019,2019,c11b,lfs_usual_hours_second_job,"LFS 2017-2025: Usual hours per week, secondary job",How many hours does [NAME] usually work per week?Secondary job/activity
wave:2019,2019,c12a,lfs_days_worked_main_job,"LFS 2017-2025: Days worked in the main job, last 7 days","During the past 7 days, how many days did (NAME) actually work?Main job/activity"
wave:2019,2019,c12b,lfs_days_worked_second_job,"LFS 2017-2025: Days worked in the secondary job, last 7 days","During the past 7 days, how many days did (NAME) actually work?Secondary job/act"
wave:2019,2019,c13a,lfs_hours_per_day_main_job,"LFS 2017-2025: Hours per day worked in the main job, last 7 days","During the past 7 days, how many hours per day did (NAME) actually worked?Main j"
wave:2019,2019,c13b,lfs_hours_per_day_second_job,"LFS 2017-2025: Hours per day worked in the secondary job, last 7 days","During the past 7 days, how many hours per day did (NAME) actually worked?second"
wave:2019,2019,c14,lfs_hours_all_jobs_7d,"LFS 2017-2025: Hours usually worked at all jobs, last 7 days",How many hours did [NAME) usually worked at all jobs combined during the last 7
wave:2019,2019,c15,lfs_reason_long_hours,LFS 2017-2025: Main reason for working long hours,What was the main reason (NAME) usually worked long hours per week?
wave:2019,2019,c16,lfs_looked_more_work_4w,"LFS 2017-2025: Looked for additional or other work, last 4 weeks","During the last 4 weeks, did (NAME) look for additional or other work?"
wave:2019,2019,c17,lfs_wants_more_hours,LFS 2017-2025: Would want to work more hours per week,Would want to work more hours per week than usualy worked provided the extra hou
wave:2019,2019,c18,lfs_available_more_work,LFS 2017-2025: Available for additional work if an opportunity arose,"If an opportunity for additional work became available, could (NAME) start worki"
wave:2019,2019,c19,lfs_looked_for_job_4w,"LFS 2017-2025: Looked for a paid job or tried to start a business, last 4 weeks","During the last 4 weeks, did [NAME] look for any kind of paid job or try to star"
wave:2019,2019,c20,lfs_job_arranged,LFS 2017-2025: Already found a job or arranged to start a business,Has [NAME] already found a job or arranged to start a business in the next 4 wee
wave:2019,2019,c21,lfs_job_search_method,"LFS 2019-2025: Main method used to find a job, last 4 weeks",what did [NAME] do  in the last 4 weeks to find a paid job or start a business?
wave:2019,2019,c21a,lfs_search_action_1st_2017_2019,LFS 2017-2019: First job-search action mentioned,what did [NAME] do  in the last 4 weeks to find a paid job or start a business?
wave:2019,2019,c21b,lfs_search_action_2nd_2017_2019,LFS 2017-2019: Second job-search action mentioned,What did [NAME] do in the last 4 weeks to find a paid job or start a business?
wave:2019,2019,c21c,lfs_search_action_3rd_2017_2019,LFS 2017-2019: Third job-search action mentioned,What did [NAME] do in the last 4 weeks to find a paid job or start a business?
wave:2019,2019,c21d,lfs_search_action_4th_2017_2019,LFS 2017-2019: Fourth job-search action mentioned,What did [NAME] do in the last 4 weeks to find a paid job or start a business?
wave:2019,2019,c21e,lfs_search_employers_2018_2021,LFS 2018-2021: Search method: applying to employers directly,"Applying to employers directly,checking at worksites,farms,factory gates,markets"
wave:2019,2019,c21f,lfs_search_adverts_2018_2021,LFS 2018-2021: Search method: newspaper or internet advertisements,Placing or answering newspaper or online job advertisements
wave:2019,2019,c21g,lfs_search_resume_2018_2021,LFS 2018-2021: Search method: placing or updating online resumes,Placing and updating resumes on professional or social networking sites online
wave:2019,2019,c21h,lfs_search_no_method_2018_2021,LFS 2018-2021: Search method: none,No method
wave:2019,2019,c22,lfs_unemployment_spell_2018_2025,LFS 2018-2025: Duration without work and looking for a job,For how long has [NAME] been without work and trying to find a paid job or start
wave:2019,2019,c23,lfs_wants_paid_job,LFS 2017-2025: Would want to work if a job or business were available,Would [NAME] want to work if a  paid job or business opportunity became availabl
wave:2019,2019,c24,lfs_reason_not_search_2017_2025,LFS 2017-2025: Main reason for not trying to find a job or start a business,What was the main reason (NAME) did not try to find a paid job or start a busine
wave:2019,2019,c25,lfs_available_to_start,LFS 2017-2025: Available to start if a job or business opportunity arose,"If a paid job or business opportunity become available, could [NAME] have starte"
wave:2019,2019,c26,lfs_reason_no_start_2017_2024,LFS 2017-2024: Main reason the person could not start working,What is the mean reason why (NAME) could not  start working in the last 7 days o
wave:2019,2019,d01b2,lfs_main_job_tasks,LFS 2018-2021: Main tasks and duties in the main job,Main tasks and duties(ISCO CODE)
wave:2019,2019,d02,lfs_min_education_for_job,"LFS 2017-2019: Minimum education needed for the main job, opinion",What do you think could be the minimum level of education to carry out the job (
wave:2019,2019,d03a,lfs_workplace_name_2019_2025,LFS 2019-2025: Name of the workplace of the main job,What is the name of (NAME)?s workplace?
wave:2019,2019,d03a1,lfs_workplace_name_text,"LFS 2019-2021: Name of the workplace of the main job, text",The workplace name
wave:2019,2019,d03b,lfs_main_job_goods_services,LFS 2019-2021: Main goods or services produced at the workplace,What are the main goods or services produced at (NAME)?s place of work or its ma
wave:2019,2019,d03b1,lfs_isic_main_job_2019_2021,LFS 2019-2021: ISIC code of the main job,Main goods and services(ISIC code)
wave:2019,2019,d04,lfs_inst_sector_main_2017_2024,LFS 2017-2024: Institutional sector of the main job,Does (Name) work in....
wave:2019,2019,d05,lfs_employment_status_2017_2024,LFS 2017-2024: Status in employment in the main job,"In this job, is  [NAME] working as??"
wave:2019,2019,d06,lfs_contract_type,LFS 2017-2025: Written contract or oral agreement,Have [NAME] been employed on the basis of:
wave:2019,2019,d07,lfs_contract_agreement_2017_2024,LFS 2017-2024: Type of contract or agreement,Is [NAME]'s contract or agreement :
wave:2019,2019,d08,lfs_contract_duration_2017_2024,LFS 2017-2024: Duration of the contract,The duration of the contract or agreement?
wave:2019,2019,d09a,lfs_employer_social_security,LFS 2017-2025: Employer pays social security contributions,Does employer pay contributions on [NAME]?s behalf to social security fund
wave:2019,2019,d09b,lfs_employer_health_insurance,LFS 2017-2023: Employer pays health insurance contributions,Does employer pay contributions on [NAME]?s behalf to health insurance fund
wave:2019,2019,d10a,lfs_paid_annual_leave,LFS 2017-2025: Entitled to paid annual leave,Benefits paid for annual leave
wave:2019,2019,d10b,lfs_paid_sick_leave,LFS 2017-2025: Entitled to paid sick leave,Benefits  paid for sick leave
wave:2019,2019,d10c,lfs_maternity_paternity_leave,LFS 2017-2025: Entitled to paid maternity or paternity leave,Benefits  paid for maternity/paternity leave
wave:2019,2019,d10d,lfs_salary_tax_deducted,LFS 2017-2025: Salary subject to income tax deduction,Is (Name)'s salary subjected to deduction of taxe (PAYE)
wave:2019,2019,d11,lfs_trade_union_member,LFS 2017-2023: Belongs to a trade union or syndicate,Does [NAME] belong to any trade union or syndicate
wave:2019,2019,d20,lfs_business_registered,LFS 2017-2025: Business or establishment registered,Is the business/establishment where [NAME] works registered with the RRA or  pay
wave:2019,2019,d21,lfs_business_keeps_accounts,LFS 2017-2025: Business keeps accounts to report to an authority,"In order to report to an authority, does the business/establishment where (NAME)"
wave:2019,2019,d22a,lfs_employees_at_workplace,"LFS 2017-2019: Regular employees at the workplace, bracket","How many regular paid or unpaid employees including [NAME], work at [NAME]'s  pl"
wave:2019,2019,d22b,lfs_employees_at_workplace_num,"LFS 2017-2019: Regular employees at the workplace, number","How many regular paid or unpaid employees including [NAME], work at [NAME]'s  pl"
wave:2019,2019,d23,lfs_workplace_type_2017_2024,LFS 2017-2024: Type of place where the person usually works,In what type of place does [NAME] usually work?
wave:2019,2019,d24a,lfs_work_experience_years,LFS 2019-2023: Total work experience in years,How long have [NAME] been working (total experience)-Years?
wave:2019,2019,d24,lfs_work_experience_2017_2020,LFS 2017-2020: Total work experience,How long have [NAME] been working (total experience)?
wave:2019,2019,d25,lfs_computer_needed_at_work,LFS 2017-2019: Needs a computer in day-to-day work,In day to day work does [NAME] need the computer to perform his/her duties?
wave:2019,2019,d26,lfs_uses_computer_at_work,LFS 2017-2019: Uses a computer in day-to-day work,Does (name) use computer in his/her day to day work?
wave:2019,2019,d27,lfs_has_secondary_job,LFS 2018-2023: Secondary paid job or business reported,Is a secondary paid job or business/activity reported
wave:2019,2019,e01b1,lfs_second_job_tasks,LFS 2018-2021: Main tasks and duties in the secondary job,Main tasks and duties(ISCO CODE)
wave:2019,2019,e02b1,lfs_second_job_isic,LFS 2019-2021: ISIC code of the secondary job,Main goods or services(ISIC CODE)
wave:2019,2019,e03,lfs_second_job_activity,LFS 2017-2019: Activity of the secondary job,"In his/her secondary job/activity, does (NAME) work in ??"
wave:2019,2019,e04,lfs_second_job_business,LFS 2017-2019: Business of the secondary job,"In his/her secondary job/business, does (NAME) work as ??"
wave:2019,2019,e05a,lfs_second_job_social_security,"LFS 2017-2019: Employer pays social security, secondary job",Does the employer pay contributions on (Name)'s behalf to social security fund?
wave:2019,2019,e05b,lfs_second_job_health_insurance,"LFS 2017-2019: Employer pays health insurance, secondary job",Does the employer pay contributions on (Name)'sbehalf  to health insurance?
wave:2019,2019,e06a,lfs_second_job_annual_leave,LFS 2017-2019: Paid annual leave in the secondary job,Is (Name) paid annual leave
wave:2019,2019,e06b,lfs_second_job_sick_leave,LFS 2017-2019: Paid sick leave in the secondary job,Is (Name) paid sick leave.
wave:2019,2019,e06c,lfs_second_job_maternity_leave,LFS 2017-2019: Paid maternity or paternity leave in the secondary job,Is (NAME)Paid maternity/paternity leave?
wave:2019,2019,e07,lfs_second_job_registered,LFS 2017-2019: Business of the secondary job registered,Is the business/establishment where (Name) works for registered with the RRA or
wave:2019,2019,e08,lfs_second_job_keeps_accounts,LFS 2017-2019: Employer of the secondary job keeps written accounts,Does [NAME]'s employer keep any written records or accounts?
wave:2019,2019,e09a,lfs_second_job_employees,"LFS 2017-2019: Employees at the secondary workplace, bracket",Including (Name) how many regular paid or unpaid employees(less than 10)
wave:2019,2019,e09b,lfs_second_job_employees_num,"LFS 2017-2019: Employees at the secondary workplace, number",Including (Name) how many regular paid or unpaid employees(More than 10)
wave:2019,2019,e10,lfs_second_job_workplace_type,LFS 2017-2019: Type of place of the secondary job,In what type of place does (Name) usually work?
wave:2019,2019,e11,lfs_other_jobs_count,LFS 2017-2023: Number of jobs apart from the main job,Apart from the main job:how many Job did(Name) had in the last 7 days?
wave:2019,2019,f01,lfs_worked_previously,LFS 2017-2023: Ever worked for a wage or in a business,"Has [NAME]ever worked previously for a wage, salary or for other income in cash"
wave:2019,2019,f02,lfs_reason_stopped_2017_2024,LFS 2017-2024: Main reason for stopping the last job,The main reason to stop working in his/her last paid job / business?
wave:2019,2019,f03b,lfs_last_job_tasks_text,"LFS 2019: Main tasks and duties in the last job, text",What were (NAME)?s main tasks and duties?
wave:2019,2019,f03b1,lfs_last_job_tasks,LFS 2019-2021: Main tasks and duties in the last job,Main tasks and duties(ISCO CODE)
wave:2019,2019,f04b,lfs_last_job_goods_services,LFS 2019-2021: Main goods or services produced at the last workplace,What were the main goods or services produced at (NAME)?s workplace  in his/her
wave:2019,2019,f04b1,lfs_last_job_isic,LFS 2019-2021: ISIC code of the last job,Main goods and services(ISIC CODE)
wave:2019,2019,f05,lfs_main_income_source,LFS 2017-2025: Main source of income at present,What is (Name) main source of income at present?
wave:2019,2019,f06,lfs_status_opinion_2019,LFS 2019: Self-described main status at present,"In your opinion, which of the following best describes your main status at prese"
wave:2019,2019,f07,lfs_competencies_2019,LFS 2019: Competencies needed to increase employability,What Competencies do you need to increase your employment opportunities?
wave:2019,2019,g01,lfs_hours_firewood,"LFS 2017-2025: Hours collecting firewood, last 7 days","In the last 7 days, how many  hours did [NAME] spend collecting firewood for the"
wave:2019,2019,g02,lfs_hours_fetching_water,"LFS 2017-2025: Hours fetching water, last 7 days","In the last 7 days, how many hours did [NAME] spend fetching water for the house"
wave:2019,2019,g03,lfs_hours_fodder,"LFS 2017-2025: Hours searching fodder or grazing livestock, last 7 days","In the last 7 days, how many hours did [NAME] spend searching for  fodder or gra"
wave:2019,2019,g04,lfs_hours_making_goods,"LFS 2017-2025: Hours manufacturing household goods, last 7 days","In the last 7 days, how many hours did [NAME] spend constructing your dwelling,"
wave:2019,2019,g05,lfs_hours_construction,"LFS 2017-2025: Hours constructing or repairing the dwelling, last 7 days","In the last 7 days, how many hours did [NAME] spend manufacturing household good"
wave:2019,2019,g06,lfs_hours_household_chores,"LFS 2017-2025: Hours doing household chores, last 7 days","In the last 7 days, how many hours did [NAME] spend doing household chores inclu"
wave:2019,2019,g07,lfs_hours_care,"LFS 2017-2025: Hours looking after children or adults, last 7 days","In the last 7 days, how many hours did [NAME] spend looking after children and e"
wave:2019,2019,h01,lfs_own_use_work_4w,LFS 2017-2025: Did work mainly for own use in the last four weeks,During the last four weeks did he/she do any of the following  work mainly for o
wave:2019,2019,h02,lfs_own_use_days_week_2017_2025,LFS 2017-2025: Days per week in own-use production,How many days per week did [NAME] usually worked in these activities?
wave:2019,2019,h03,lfs_own_use_hours_day_2017_2025,LFS 2017-2025: Hours per day in own-use production,How many hours per day has [NAME] usually worked in these activities?
wave:2019,2019,h04,lfs_own_use_item_h04,"LFS 2017-2023: Own-use production item H04 as shipped, no label",HAS DONE ANY AGRICULTURAL ACTIVITY ?
wave:2019,2019,h05,lfs_sells_farm_products,LFS 2017-2025: Household sells or barters part of its farm products,"In general, did the household sell or barter any part of the goods obtained from"
wave:2019,2019,h06,lfs_share_of_products_sold,LFS 2017-2025: Share of the farm products regularly sold,About how much does the household regularly sell?
wave:2019,2019,h07,lfs_farm_net_value,"LFS 2017-2019: Net value of the agricultural activities, bracket",What was the net Value in Frw the household get from agricultural activities dur
wave:2019,2019,h08,lfs_season_vs_average,"LFS 2017-2019: Previous season below, at or above average",Was the previous season below/above average or an average season for your househ
wave:2019,2019,h09,lfs_farm_hires_paid_workers,LFS 2017-2025: Engages paid employees in the farming activity,Do you regularly or sometimes engage paid employee in the farming activity?
wave:2019,2019,h10,lfs_farm_paid_workers_bracket,"LFS 2017-2025: Paid employees engaged in farming, bracket","Excluding family members, how many paid employees do you usually  engage in thes"
wave:2019,2019,h11a,lfs_land_leased,LFS 2017-2019: Access to land by leasing,Did you get access to the land for the agricultural work by leasing (have land t
wave:2019,2019,h11b,lfs_land_sharecropped,LFS 2017-2019: Access to land by renting against a share of the produce,Did you get access to the land for the agricultural work by Renting (share-cropp
wave:2019,2019,h11c,lfs_land_fixed_rent,LFS 2017-2019: Access to land by renting at a fixed rent,Did you get access to the land for the agricultural work by renting (fixed rent)
wave:2019,2019,h11d,lfs_land_free_of_charge,LFS 2017-2019: Access to land free of charge,Did you get access to the land for the agricultural work by renting (free of cha
wave:2019,2019,h11e,lfs_land_communal_rights,LFS 2017-2019: Access to land through communal rights,Did you get access to the land for the agricultural work by communal rights/publ
wave:2019,2019,i01_a,lfs_building_material_2019,LFS 2019: Main material used in building the house,Main material used in building this house for roof
wave:2019,2019,i01_b,lfs_wall_material,LFS 2017-2023: Main material of the exterior walls,Main material used in building this house for exterior walls
wave:2019,2019,i01_c,lfs_floor_material,LFS 2017-2023: Main material of the floor,Main material used in building this house for floor
wave:2019,2019,i02,lfs_rooms_for_sleeping,LFS 2017-2023: Rooms used for sleeping,How many rooms in your household are used for sleeping?
wave:2019,2019,i03,lfs_toilet_type,LFS 2017-2023: Type of toilet,What type of toilet does your household have?
wave:2019,2019,i04,lfs_lighting_energy,LFS 2017-2023: Main source of energy for lighting,What is the main source of energy in your household for lighting?
wave:2019,2019,i05,lfs_cooking_energy,LFS 2017-2023: Main source of energy for cooking,What is the main source of energy in your household for cooking?
wave:2019,2019,i06a,lfs_drinking_water_2017_2023,LFS 2017-2023: Main source of drinking water,What is the main source of water in your household for drinking?
wave:2019,2019,i06b,lfs_other_water_source_2017_2023,LFS 2017-2023: Main source of water for other uses,What is the main source of water in your household for other uses?
wave:2019,2019,i07a,lfs_owns_refrigerator,LFS 2017-2023: Household owns a refrigerator or freezer,Does this household own Refrigerator/Freezer?
wave:2019,2019,i07b,lfs_owns_radio,LFS 2017-2023: Household owns a radio,Does this household own radio?
wave:2019,2019,i07c,lfs_owns_tv,LFS 2017-2023: Household owns a television set,Does this household own TV set?
wave:2019,2019,i07d,lfs_owns_satellite_dish,LFS 2017-2023: Household owns a parabolic antenna,Does this household own parabolic antena?
wave:2019,2019,i07e,lfs_owns_dvd_player,LFS 2017-2023: Household owns a video or DVD player,Does this household own Video/DVD player?
wave:2019,2019,i07f,lfs_owns_computer,LFS 2017-2023: Household owns a computer,Does this household own Computer and accessories?
wave:2019,2019,i07g,lfs_owns_music_system,LFS 2017-2023: Household owns a music system,Does this household own Music system?
wave:2019,2019,i07h,lfs_owns_cooker,LFS 2017-2023: Household owns a cooker,Does this household own Cooker?
wave:2019,2019,i07i,lfs_owns_sewing_machine,LFS 2017-2023: Household owns a sewing machine,Does this household own Sewing machine?
wave:2019,2019,i07j,lfs_owns_washing_machine,LFS 2017-2023: Household owns a laundry machine,Does this household own Laundry machine?
wave:2019,2019,i07k,lfs_owns_electric_fan,LFS 2017-2023: Household owns an electric fan,Does this household own Electric fan?
wave:2019,2019,i07l,lfs_owns_camera,LFS 2017-2023: Household owns a camera,Does this household own Camera?
wave:2019,2019,i07m,lfs_owns_mobile_phone,LFS 2017-2023: Household owns a mobile phone,Does this household own Mobile phone?
wave:2019,2019,i07n,lfs_owns_car,LFS 2017-2023: Household owns a car,Does this household own Car ?
wave:2019,2019,i07o,lfs_owns_bicycle,LFS 2017-2023: Household owns a bicycle,Does this household own Bicycle  ?
wave:2019,2019,i07p,lfs_owns_motorcycle,LFS 2017-2023: Household owns a motorcycle,Does this household own Motorcycle  ?
wave:2019,2019,i07q,lfs_has_internet_connection,LFS 2017-2023: Household has an internet connection,Does this household own internet connection ?
wave:2019,2019,i08,lfs_members_used_internet,LFS 2019-2020: Members who used the internet in the last 12 months,How many of this household members used internet in the last 12 months?
wave:2019,2019,i09,lfs_members_mobile_phone,LFS 2019-2020: Members having a mobile phone,How many of this household members having mobile phone?
wave:2019,2019,i10,lfs_members_computer,LFS 2019-2020: Members having a personal computer,How many of this household members having personal computer?
wave:2019,2019,i11,lfs_members_social_media,LFS 2019-2020: Members using social media,How many of this household members using social media
wave:2019,2019,i12,lfs_members_used_computer,"LFS 2019-2020: Members aged 10 and over who used a computer, last 12 months",How many of this household members aged 10 and above who used a computer in the
wave:2019,2019,i13,lfs_members_ict_skilled,LFS 2019: Members aged 10 and over who can use at least one ICT skill,How many of this household members aged 10 and above who know to use at least on
wave:2019,2019,indd01,lfs_isco_major_main_job,LFS 2017-2025: ISCO major group of the main job, ISCO High level
wave:2019,2019,indd03,lfs_isic_section_main_job,LFS: ISIC section of the main job, ISIC High level
wave:2019,2019,lu2,lfs_underutilisation_lu2,LFS 2018-2025: LU2: unemployment and time-related underemployment rate,Combined rate of TRU and unempoyment
wave:2019,2019,lu3,lfs_underutilisation_lu3,LFS 2018-2025: LU3: unemployment and potential labour force rate,Combined rate of unemployment and potential labour force
wave:2019,2019,trur,lfs_time_underemployment_rate,"LFS 2018-2025: Time-related underemployment rate, NISR derived",Time related underumployment
wave:2019,2019,status1,lfs_labour_force_status,"LFS: Labour force status, NISR derived: 1 employed, 2 unemployed","Labour force status (NISR derived; population aged 16+: 1 employed, 2 unemployed, 3 outside the labour force)"
wave:2019,2019,indb05,lfs_education_field,"LFS 2017-2025: Field of education, NISR derived",Field of education
wave:2019,2019,wap16,lfs_working_age_16_plus,"LFS: Working-age population 16 and over, NISR indicator base",Working age population
wave:2019,2019,employed16,lfs_employment_ratio_base,"LFS: Employment-to-population ratio base, NISR indicator",Employment to population ratio
wave:2019,2019,ur1,lfs_unemployment_rate_base,"LFS: Unemployment rate base, NISR indicator",Unemployment rate
wave:2019,2019,lfpr,lfs_participation_rate_base,"LFS: Labour force participation rate base, NISR indicator",Labour force particiaption rate
wave:2019,2019,tru,lfs_time_underemployed,"LFS 2017-2025: Time-related underemployment, NISR derived",Time related underemployment
wave:2019,2019,plf,lfs_potential_labour_force,"LFS 2017-2025: Potential labour force category, NISR derived",Potential labour force
wave:2019,2019,luu,lfs_labour_underutilisation,"LFS 2017-2025: Labour underutilisation category, NISR derived",Labour underutilisation
wave:2019,2019,luur,lfs_underutilisation_rate,"LFS 2017-2024: Labour underutilisation rate, NISR derived", Labour underulilation rate
wave:2019,2019,disable,lfs_disability,"LFS 2018-2025: Person with disability, NISR derived",person with disability
wave:2019,2019,discourage,lfs_discouraged_jobseeker,"LFS 2018-2025: Discouraged jobseeker, NISR derived",Discouraged jobseekers
wave:2019,2019,migrant,lfs_recent_migration,LFS 2018-2025: Recent migration: internal or international,Recent migration
wave:2019,2019,neetyoung,lfs_neet_16_30,"LFS 2019-2025: Not in employment, education or training, aged 16-30",NEET 16-30
wave:2019,2019,prod_unit,lfs_production_sector,"LFS 2019-2025: Production sector unit: informal, formal, household",Production sector unit
wave:2019,2019,iev2,lfs_formal_employment,"LFS 2018-2025: Formal or informal employment in the main job, NISR derived",Formal and Informal employment for main job
wave:2019,2019,indb1,lfs_years_of_schooling,"LFS 2019-2025: Years of schooling, NISR derived",Years of schooling
wave:2019,2019,attained,lfs_education_completed,"LFS 2019-2025: Level of education completed, NISR derived",Level of education completed
wave:2019,2019,age5,lfs_age_group_five_years,"LFS 2019-2025: Five-year age group, NISR derived",Five years age group
wave:2019,2019,age10,lfs_age_group_broad,"LFS 2019-2025: Broad age group, NISR derived",Broader age group
wave:2019,2019,usualhrs,lfs_usual_hours_interval,"LFS 2017-2025: Usual hours worked, interval, NISR derived",Usually working hours
wave:2019,2019,usual_h,lfs_usual_hours_number,"LFS 2017-2025: Number of usual hours worked, NISR derived",Number of usual hours
wave:2019,2019,act_hrs,lfs_actual_hours_worked,"LFS 2017-2025: Actual hours worked in all jobs, NISR derived",Number of actual hours worked
wave:2019,2019,acthrs,lfs_actual_hours_interval,"LFS 2017-2025: Actual hours worked, interval, NISR derived",Actual hours intervals
wave:2019,2019,tvt2,lfs_general_or_tvet_attainment,"LFS 2019-2025: General or TVET attainment, NISR derived",General or TVET attainemnt
wave:2019,2019,ud,lfs_unemployment_duration,"LFS 2019-2025: Unemployment duration bracket, NISR derived",Unemployment duration
wave:2019,2019,work_agr,lfs_agricultural_work_type,"LFS 2018-2019: Type of work in agriculture, NISR derived",work in agriculture
wave:2019,2019,lfs_workforce,lfs_agricultural_work_2019,"LFS 2019: Works in agriculture or outside agriculture, NISR derived",LFS_workforce
wave:2019,2019,pid_nisr,lfs_nisr_person_id,LFS 2017-2024: NISR person identifier as shipped,NISR person id as shipped (pid / pkey)
wave:2020,2020,survey,lfs_survey,LFS: Source survey,Source survey
wave:2020,2020,year,lfs_year,LFS: Survey year,Survey year
wave:2020,2020,wave,lfs_wave,LFS: Wave identifier,Wave (survey year)
wave:2020,2020,round,lfs_round,LFS: Data collection round,Data-collection round as labelled by NISR (FEB17 ... NOV21); empty in 2022-2025 (not shipped)
wave:2020,2020,quarter,lfs_quarter,LFS: Quarter of the round,"Quarter (1 Feb, 2 May, 3 Aug, 4 Nov): from the round to 2021, from the file's block structure in 2023-2025; missing in 2022"
wave:2020,2020,interview,lfs_interview,LFS: Interview number of the household in the year,"Interview number of the household within the year (1, 2): rank of the quarter where known; order of appearance in the file in 2022"
wave:2020,2020,prov,lfs_province,"LFS: Province, NISR code 1-5","Province (1-5, NISR codes)"
wave:2020,2020,dist,lfs_district,"LFS: District, NISR code 11-57","District (11-57, NISR codes)"
wave:2020,2020,urban,lfs_urban,"LFS: Area of residence: 1 urban, 2 rural","Area of residence (1 urban, 2 rural)"
wave:2020,2020,cluster,lfs_cluster,LFS: Sampling cluster or village identifier,Sampling cluster id (year_psu)
wave:2020,2020,psu,lfs_psu,LFS: Primary sampling unit,Primary sampling unit number (NISR PSU_NO; anonymised)
wave:2020,2020,hhid,lfs_household_id,LFS: Household identifier,Household id = PSU*100 + household number (unique with year + interview)
wave:2020,2020,pid,lfs_person_id,LFS: Person number within the household,Person number within the household (2025: row order within the household-interview; no person id shipped)
wave:2020,2020,sex,lfs_sex,"LFS: Sex: 1 male, 2 female","Sex (1 male, 2 female)"
wave:2020,2020,age,lfs_age,LFS: Age in completed years,Age in years
wave:2020,2020,wt,lfs_weight,LFS: Sampling weight,Annual person weight (sums to population)
wave:2020,2020,wt_round,lfs_round_weight,LFS: Round weight,Round weight (where released)
wave:2020,2020,psu_no,lfs_psu_number_shipped,LFS 2017-2025: Primary sampling unit number as shipped by NISR,PSU NUMBER
wave:2020,2020,a02,lfs_relation_to_head_2017_2023,LFS 2017-2023: Relationship to the household head,Relationship
wave:2020,2020,d05,lfs_employment_status_2017_2024,LFS 2017-2024: Status in employment in the main job,"In this job, is  [NAME] working as??"
wave:2020,2020,d24,lfs_work_experience_2017_2020,LFS 2017-2020: Total work experience,How long have [NAME] been working (total experience)?
wave:2020,2020,indd03,lfs_isic_section_main_job,LFS: ISIC section of the main job, ISIC High level
wave:2020,2020,wap16,lfs_working_age_16_plus,"LFS: Working-age population 16 and over, NISR indicator base",Working age population
wave:2020,2020,employed16,lfs_employment_ratio_base,"LFS: Employment-to-population ratio base, NISR indicator",Employment to population ratio
wave:2020,2020,ur1,lfs_unemployment_rate_base,"LFS: Unemployment rate base, NISR indicator",Unemployment rate
wave:2020,2020,lfpr,lfs_participation_rate_base,"LFS: Labour force participation rate base, NISR indicator",Labour force particiaption rate
wave:2020,2020,sub,lfs_subsistence_producer,"LFS 2017-2025: Subsistence foodstuff producer, NISR derived",Subsistance foodstaff producers
wave:2020,2020,jobsearch,lfs_not_employed_searching,"LFS 2018-2020: Not employed and searching for a job, NISR derived",Not employed with jobseach
wave:2020,2020,plf,lfs_potential_labour_force,"LFS 2017-2025: Potential labour force category, NISR derived",Potential labour force
wave:2020,2020,youth,lfs_youth_16_24,"LFS 2020-2025: Youth aged 16 to 24, NISR derived",Youth 16 to 24 years old
wave:2020,2020,young,lfs_young_16_30,"LFS 2020-2025: Young aged 16 to 30, NISR derived",Young 16 to 30 years old
wave:2020,2020,main_sect,lfs_economic_sector,"LFS 2020-2025: Economic sector: agriculture, industry, services",Economic sector
wave:2020,2020,attained,lfs_education_completed,"LFS 2019-2025: Level of education completed, NISR derived",Level of education completed
wave:2020,2020,cash,lfs_monthly_cash_income,"LFS 2017-2025: Monthly income in cash of employees, NISR derived",Monthly income in cash for employees
wave:2020,2020,age5,lfs_age_group_five_years,"LFS 2019-2025: Five-year age group, NISR derived",Five years age group
wave:2020,2020,age10,lfs_age_group_broad,"LFS 2019-2025: Broad age group, NISR derived",Broader age group
wave:2020,2020,usualhrs,lfs_usual_hours_interval,"LFS 2017-2025: Usual hours worked, interval, NISR derived",Usually working hours
wave:2020,2020,usual_h,lfs_usual_hours_number,"LFS 2017-2025: Number of usual hours worked, NISR derived",Number of usual hours
wave:2020,2020,act_hrs,lfs_actual_hours_worked,"LFS 2017-2025: Actual hours worked in all jobs, NISR derived",Number of actual hours worked
wave:2020,2020,acthrs,lfs_actual_hours_interval,"LFS 2017-2025: Actual hours worked, interval, NISR derived",Actual hours intervals
wave:2020,2020,ya,lfs_young_or_adult,LFS 2020-2025: Young 16-30 or adult 31 and over,Young/adult
wave:2020,2020,usualhrsc,lfs_child_hours_interval_2020,"LFS 2020: Hours worked by children, interval, NISR derived",Hours worked by child_interval
wave:2020,2020,usualhc,lfs_child_hours_worked_2020,"LFS 2020: Hours worked by children, NISR derived",Hours worked by children
wave:2020,2020,status1,lfs_labour_force_status,"LFS: Labour force status, NISR derived: 1 employed, 2 unemployed","Labour force status (NISR derived; population aged 14+: 1 employed, 2 unemployed, 3 outside the labour force)"
wave:2020,2020,lfs_round,lfs_round_code_shipped_2020,LFS 2020: Data collection round code as shipped by NISR,LFS_rounds
wave:2020,2020,c21,lfs_job_search_method,"LFS 2019-2025: Main method used to find a job, last 4 weeks",what did [NAME] do  in the last 4 weeks to find a paid job or start a business?
wave:2020,2020,tvt,lfs_attended_tvet,"LFS 2020-2025: Attended TVET or not, NISR derived",Attended TVT or not
wave:2020,2020,a0a,lfs_anyone_difficulty_seeing,LFS 2020: Anyone in the household has difficulty seeing,"Does anyone has difficulty seeing, even if wearing glasses in the HH?"
wave:2020,2020,a0b,lfs_anyone_difficulty_hearing,LFS 2020: Anyone in the household has difficulty hearing,"Does anyone has difficulty hearing, even if using a hearing aid?"
wave:2020,2020,a0c,lfs_anyone_difficulty_walking,LFS 2020: Anyone in the household has difficulty walking or climbing steps,Does anyone has difficulty walking or climbing steps?
wave:2020,2020,a0d,lfs_anyone_difficulty_remember,LFS 2020: Anyone in the household has difficulty remembering,Does anyone has difficulty remembering or concentrating?
wave:2020,2020,a1a,lfs_anyone_difficulty_self_care,LFS 2020: Anyone in the household has difficulty with self-care,Does anyone has difficulty (with self-care such as) washing all over or dressing
wave:2020,2020,a1b,lfs_anyone_difficulty_communic,LFS 2020: Anyone in the household has difficulty communicating,"Using your usual language, does anyone has difficulty communicating, mple unders"
wave:2020,2020,i08,lfs_members_used_internet,LFS 2019-2020: Members who used the internet in the last 12 months,How many of this household members used internet in the last 12 months?
wave:2020,2020,i09,lfs_members_mobile_phone,LFS 2019-2020: Members having a mobile phone,How many of this household members having mobile phone?
wave:2020,2020,i10,lfs_members_computer,LFS 2019-2020: Members having a personal computer,How many of this household members having personal computer?
wave:2020,2020,i11,lfs_members_social_media,LFS 2019-2020: Members using social media,How many of this household members using social media
wave:2020,2020,i12,lfs_members_used_computer,"LFS 2019-2020: Members aged 10 and over who used a computer, last 12 months",How many of this household members aged 10 and above who used a computer in the
wave:2020,2020,lfs_year,lfs_data_collection_year,LFS 2020-2025: LFS data collection year as shipped,LFS data collection year
wave:2020,2020,d03b1,lfs_isic_main_job_2020,LFS 2020: ISIC code of the main job; two-digit divisions in the 2020 file,"ISIC code of the main job -- 2-digit divisions in the reduced 2020 file (4-digit classes in 2019, 2021)"
wave:2020,2020,pid_nisr,lfs_nisr_person_id,LFS 2017-2024: NISR person identifier as shipped,NISR person id as shipped (pid / pkey)
wave:2021,2021,survey,lfs_survey,LFS: Source survey,Source survey
wave:2021,2021,year,lfs_year,LFS: Survey year,Survey year
wave:2021,2021,wave,lfs_wave,LFS: Wave identifier,Wave (survey year)
wave:2021,2021,round,lfs_round,LFS: Data collection round,Data-collection round as labelled by NISR (FEB17 ... NOV21); empty in 2022-2025 (not shipped)
wave:2021,2021,quarter,lfs_quarter,LFS: Quarter of the round,"Quarter (1 Feb, 2 May, 3 Aug, 4 Nov): from the round to 2021, from the file's block structure in 2023-2025; missing in 2022"
wave:2021,2021,interview,lfs_interview,LFS: Interview number of the household in the year,"Interview number of the household within the year (1, 2): rank of the quarter where known; order of appearance in the file in 2022"
wave:2021,2021,prov,lfs_province,"LFS: Province, NISR code 1-5","Province (1-5, NISR codes)"
wave:2021,2021,dist,lfs_district,"LFS: District, NISR code 11-57","District (11-57, NISR codes)"
wave:2021,2021,urban,lfs_urban,"LFS: Area of residence: 1 urban, 2 rural","Area of residence (1 urban, 2 rural)"
wave:2021,2021,cluster,lfs_cluster,LFS: Sampling cluster or village identifier,Sampling cluster id (year_psu)
wave:2021,2021,psu,lfs_psu,LFS: Primary sampling unit,Primary sampling unit number (NISR PSU_NO; anonymised)
wave:2021,2021,hhid,lfs_household_id,LFS: Household identifier,Household id = PSU*100 + household number (unique with year + interview)
wave:2021,2021,pid,lfs_person_id,LFS: Person number within the household,Person number within the household (2025: row order within the household-interview; no person id shipped)
wave:2021,2021,sex,lfs_sex,"LFS: Sex: 1 male, 2 female","Sex (1 male, 2 female)"
wave:2021,2021,age,lfs_age,LFS: Age in completed years,Age in years
wave:2021,2021,wt,lfs_weight,LFS: Sampling weight,Annual person weight (sums to population)
wave:2021,2021,wt_round,lfs_round_weight,LFS: Round weight,Round weight (where released)
wave:2021,2021,psu_id,lfs_psu_identifier_2021,LFS 2021: Primary sampling unit identifier as shipped,Primary Sampling Unit
wave:2021,2021,psu_no,lfs_psu_number_shipped,LFS 2017-2025: Primary sampling unit number as shipped by NISR,PSU NUMBER
wave:2021,2021,qh_no,lfs_household_number_in_psu,LFS 2021-2025: Household number within the primary sampling unit as shipped,QUESTIONNAIRE  NUMBER
wave:2021,2021,hhrg,lfs_rotation_group,LFS 2017-2021: Rotation group of the household,Rotation Group
wave:2021,2021,hhgap,lfs_group_appearance_count,LFS 2021: Number of group appearance as shipped,Number of Group Appearance
wave:2021,2021,hhgac,lfs_group_acceptance_count,LFS 2021: Number of group acceptance as shipped,Number of Group Acceptance
wave:2021,2021,consent,lfs_consent_2021,LFS 2021: Consent to the interview,Consent
wave:2021,2021,decode,lfs_data_entry_code_2021,LFS 2021: Data entry code,Data entry code
wave:2021,2021,sihh,lfs_still_in_household_2021,LFS 2021: Still in the household,Still in the Household
wave:2021,2021,a02,lfs_relation_to_head_2017_2023,LFS 2017-2023: Relationship to the household head,Relationship
wave:2021,2021,a05,lfs_present_marital_status,LFS 2017-2025: Present marital status as reported,Present marital status
wave:2021,2021,more_person,lfs_more_persons_flag_2021,LFS 2021: More persons flag as shipped,More person
wave:2021,2021,a12,lfs_nationality_2017_2024,LFS 2017-2024: Nationality,What is nationality?
wave:2021,2021,a13,lfs_residential_status,LFS 2017-2025: Residential status in Rwanda,Residential Status in Rwanda
wave:2021,2021,a14a,lfs_country_of_birth_2017_2024,LFS 2017-2024: Country or area of birth,Country/Area of birth
wave:2021,2021,a14b,lfs_district_of_birth_2017_2025,LFS 2017-2025: District of birth,District of birth
wave:2021,2021,a15,lfs_lived_outside_6m_2021_2025,LFS 2021-2025: Lived outside this district for at least 6 months,Since birth Has  ived in another district for 6 consecutive months?
wave:2021,2021,a16y,lfs_years_since_last_move,LFS 2019-2025: Years since the last move of usual residence,The period of usual place of residence( last move)-Years
wave:2021,2021,a17a,lfs_previous_district_2019_2024,LFS 2019-2024: District or foreign country of previous residence,District or foreign country did he/she live.
wave:2021,2021,a17b,lfs_previous_district_code,LFS 2019-2025: District code of the previous residence,District code
wave:2021,2021,a18,lfs_previous_place_type,LFS 2017-2023: Kind of place of the previous residence,Kind of place he/she lived in prior to arriving here?
wave:2021,2021,a19,lfs_years_previous_location,LFS 2017-2025: Duration of stay in the previous location,How long did he/she live in the previous location prior to arriving here?
wave:2021,2021,a20,lfs_reason_for_moving,LFS 2017-2025: Reason for moving to the current location,Reason to move away from previous location
wave:2021,2021,a21,lfs_away_from_home_12m,LFS 2017-2023: Away from home in the last 12 months,Has he/she been away from home in this last 12 months?
wave:2021,2021,a22,lfs_months_away_12m,LFS 2017-2023: Months away from the household in the last 12 months,Months during the past 12 months has he/she been away from this HH
wave:2021,2021,a23,lfs_member_other_household,LFS 2017-2023: Member of another household while absent,"While absent, is/was he/she a member of another household?"
wave:2021,2021,a24,lfs_household_member,LFS 2017-2023: Is a household member,Is he/she household member?
wave:2021,2021,a06,lfs_difficulty_seeing,"LFS 2017-2025: Difficulty seeing, even with glasses (Washington Group)","Do you have difficulty seeing, even if wearing glasses?"
wave:2021,2021,a07,lfs_difficulty_hearing,"LFS 2017-2025: Difficulty hearing, even with a hearing aid (Washington Group)","Do you have difficulty hearing, even if using a hearing aid?"
wave:2021,2021,a08,lfs_difficulty_walking,LFS 2017-2025: Difficulty walking or climbing steps (Washington Group),Do you have difficulty walking or climbing steps?
wave:2021,2021,a09,lfs_difficulty_remembering,LFS 2017-2025: Difficulty remembering or concentrating (Washington Group),Do you have difficulty remembering or concentrating?
wave:2021,2021,a10,lfs_difficulty_self_care,LFS 2017-2025: Difficulty with self-care such as washing or dressing,Do you have difficulty (with self-care such as) washing all over or dressing?
wave:2021,2021,a11,lfs_difficulty_communicating,LFS 2017-2025: Difficulty communicating in the usual language,"Using your usual language, do you have difficulty communicating, mple understand"
wave:2021,2021,b01,lfs_student,LFS 2017-2025: Currently a student attending school,IS [NAME] a student(Is he /she attending school or would be attending one if sch
wave:2021,2021,b02a,lfs_education_level_highest,LFS 2017-2025: Highest educational level attended,What is the Highest educational level is/ have [NAME] attending / attended?
wave:2021,2021,b02b,lfs_years_completed_in_level,LFS 2017-2025: Years completed in that level of education,How many years have you completed in that level of education?
wave:2021,2021,b03,lfs_highest_certificate,LFS 2017-2023: Highest certificate obtained,Highest certificate obtained
wave:2021,2021,b05a,lfs_specialisation_area,LFS 2018-2021: Area of specialisation,Area of specialization
wave:2021,2021,b05b,lfs_esced_code,LFS 2017-2021: ESCED code of the specialisation,ESCED code
wave:2021,2021,b05c,lfs_esced_name,LFS 2019-2021: ESCED name of the specialisation,ESCED name
wave:2021,2021,b06,lfs_read_and_write,LFS 2017-2023: Ability to read and write,Ability to read and write
wave:2021,2021,b07,lfs_attending_tvet,LFS 2017-2025: Currently attending a trade or technical skills school,Currently attending any trade or technical Skills school
wave:2021,2021,b08,lfs_learned_tvet,LFS 2017-2025: Learned a trade or technical vocational course (TVET),Did you learn any Trade or Technical vocational course (TVET)?
wave:2021,2021,b09,lfs_training_duration,LFS 2017-2025: Duration of the training,How long will/did this Training take?
wave:2021,2021,b10,lfs_tvet_skills_type_2021_2025,LFS 2021-2025: Type of technical skills learned,Type of technical skills learned?
wave:2021,2021,b13,lfs_course_completed_2018_2025,LFS 2018-2025: Completed the course,Did [NAME] complete the course?
wave:2021,2021,b13a,lfs_course_completion_year,LFS 2017-2023: Year of completion of the course,In which year did (Name) complete this course?
wave:2021,2021,b14,lfs_after_course_2021_2025,LFS 2021-2025: What happened after completing the course,What happened after you completed the course?
wave:2021,2021,b15,lfs_computer_level_2017_2021,LFS 2017-2021: Level of computer use,At what level could you use of computer?
wave:2021,2021,b16a,lfs_english_level_2021,LFS 2021: Level of spoken English,At what level could (Name) speak English
wave:2021,2021,b16b,lfs_french_level_2021,LFS 2021: Level of spoken French,At what level could (Name) speak French
wave:2021,2021,b16c,lfs_swahili_level_2021,LFS 2021: Level of spoken Swahili,At what level could (Name) speak Swahili
wave:2021,2021,b17,lfs_ict_skills_any,"LFS 2021: Able to apply ICT skills, any",Is [Name] able to apply any of the following ICT skills (Choose all applicable s
wave:2021,2021,b17_a,lfs_ict_copy_file,LFS 2021: ICT skill: copying or moving a file or folder,Is [Name] able to apply  Copying or moving file or folder
wave:2021,2021,b17_b,lfs_ict_copy_paste,LFS 2021: ICT skill: copy and paste,Is [Name] able to apply Using copy and paste to duplicate or move document
wave:2021,2021,b17_c,lfs_ict_email_attachment,LFS 2021: ICT skill: sending email with attached files,Is [Name] able to apply Sending email with attached files
wave:2021,2021,b17_d,lfs_ict_spreadsheet_formula,LFS 2021: ICT skill: basic arithmetic formulae in a spreadsheet,Is [Name] able to apply Using basic arithmetic formulae in a spreadsheet
wave:2021,2021,b17_e,lfs_ict_install_devices,LFS 2021: ICT skill: connecting and installing new devices,"Is [Name] able to apply Connecting and installing new devices (E.g. Modem, print"
wave:2021,2021,b17_f,lfs_ict_transfer_files,LFS 2021: ICT skill: transferring files between a computer and devices,Is [Name] able to apply Transferring files between a computer and other devices
wave:2021,2021,b17_g,lfs_ict_skills_none,LFS 2021: ICT skills: none,Is [Name] able to apply (NONE)
wave:2021,2021,b18,lfs_used_social_media_3m,LFS 2021-2023: Used social media in the last three months,"Has [Name] in last three months used any social media (facebook, whatsapp, tweet"
wave:2021,2021,b19,lfs_used_internet_3m,LFS 2021-2023: Used the internet in the last three months,Has [Name] in the last three months used intenet? (for individual use not for of
wave:2021,2021,c01,lfs_worked_for_pay_7d,"LFS 2017-2025: Worked for wage, salary, commission or tips, last 7 days","During the last 7 days,did he/she do any work for wage, salary, commission, tips"
wave:2021,2021,c02,lfs_ran_business_7d,"LFS 2017-2025: Ran a business activity, last 7 days","During the past 7 days, did (NAME) run or do any kind of business, farming or ot"
wave:2021,2021,c03,lfs_helped_unpaid_7d,"LFS 2017-2025: Helped unpaid in a household business, last 7 days","During the past 7 days, did (NAME) help unpaid in a business owned by a househol"
wave:2021,2021,c04,lfs_work_in_agriculture,"LFS 2017-2023: Work in agriculture, farming or fishing","Was this work in agriculture, farming or fishing?"
wave:2021,2021,c05,lfs_products_for_sale,LFS 2017-2025: Products of the activity mainly for sale or for own use,"In general, are the products obtained from this activity for sale or for family"
wave:2021,2021,c06,lfs_job_absent_7d,"LFS 2017-2025: Had a paid job or business but was absent, last 7 days","During the last 7 days, did (NAME) have a paid job or a business from which he/s"
wave:2021,2021,c07,lfs_reason_absent_2021,LFS 2021: Main reason for absence from work,What was the main reason (NAME) was absent from work during the last 7 days?
wave:2021,2021,c08,lfs_expected_absence,LFS 2017-2025: Expected total absence from work,What is the expected total absence from work for (NAME)?
wave:2021,2021,c09,lfs_income_during_absence,LFS 2017-2025: Continues to receive income during the absence,Does (NAME) continue receiving an income from his/her job during absence?
wave:2021,2021,c09a,lfs_absence_category,LFS 2019-2025: Category of the situation of the absent person,"Among the following categories, which correspond to the (NAME)'s situation"
wave:2021,2021,c10,lfs_other_paid_job,LFS 2017-2025: Had another paid job or business,Did [NAME] have any other paid job or business or performed any secondary activi
wave:2021,2021,c11a,lfs_usual_hours_main_job,"LFS 2017-2025: Usual hours per week, main job",How many hours does [NAME] usually work per week?Main job/activity
wave:2021,2021,c11b,lfs_usual_hours_second_job,"LFS 2017-2025: Usual hours per week, secondary job",How many hours does [NAME] usually work per week?Secondary job/activity
wave:2021,2021,c12a,lfs_days_worked_main_job,"LFS 2017-2025: Days worked in the main job, last 7 days","During the past 7 days, how many days did (NAME) actually work?Main job/activity"
wave:2021,2021,c12b,lfs_days_worked_second_job,"LFS 2017-2025: Days worked in the secondary job, last 7 days","During the past 7 days, how many days did (NAME) actually work?Secondary job/act"
wave:2021,2021,c13a,lfs_hours_per_day_main_job,"LFS 2017-2025: Hours per day worked in the main job, last 7 days","During the past 7 days, how many hours per day did (NAME) actually worked?Main j"
wave:2021,2021,c13b,lfs_hours_per_day_second_job,"LFS 2017-2025: Hours per day worked in the secondary job, last 7 days","During the past 7 days, how many hours per day did (NAME) actually worked?second"
wave:2021,2021,c14,lfs_hours_all_jobs_7d,"LFS 2017-2025: Hours usually worked at all jobs, last 7 days",How many hours did [NAME) usually worked at all jobs combined?
wave:2021,2021,c15,lfs_reason_long_hours,LFS 2017-2025: Main reason for working long hours,What was the main reason (NAME) usually worked long hours per week?
wave:2021,2021,c16,lfs_looked_more_work_4w,"LFS 2017-2025: Looked for additional or other work, last 4 weeks","During the last 4 weeks, did (NAME) look for additional or other work?"
wave:2021,2021,c17,lfs_wants_more_hours,LFS 2017-2025: Would want to work more hours per week,Would want to work more hours per week than usualy worked provided the extra hou
wave:2021,2021,c18,lfs_available_more_work,LFS 2017-2025: Available for additional work if an opportunity arose,"If an opportunity for additional work became available, could (NAME) start worki"
wave:2021,2021,c19,lfs_looked_for_job_4w,"LFS 2017-2025: Looked for a paid job or tried to start a business, last 4 weeks","During the last 4 weeks, did [NAME] look for any kind of paid job or try to star"
wave:2021,2021,c20,lfs_job_arranged,LFS 2017-2025: Already found a job or arranged to start a business,Has [NAME] already found a job or arranged to start a business in the next 4 wee
wave:2021,2021,c21,lfs_job_search_method,"LFS 2019-2025: Main method used to find a job, last 4 weeks",what did [NAME] do  in the last 4 weeks to find a paid job or start a business?
wave:2021,2021,c22,lfs_unemployment_spell_2018_2025,LFS 2018-2025: Duration without work and looking for a job,For how long has [NAME] been without work and trying to find a paid job or start
wave:2021,2021,c23,lfs_wants_paid_job,LFS 2017-2025: Would want to work if a job or business were available,Would [NAME] want to work if a  paid job or business opportunity became availabl
wave:2021,2021,c24,lfs_reason_not_search_2021,LFS 2021: Main reason for not trying to find a job or start a business,What was the main reason (NAME) did not try to find a paid job or start a busine
wave:2021,2021,c25,lfs_available_to_start,LFS 2017-2025: Available to start if a job or business opportunity arose,"If a paid job or business opportunity become available, could [NAME] have starte"
wave:2021,2021,c26,lfs_reason_no_start_2017_2024,LFS 2017-2024: Main reason the person could not start working,What is the mean reason why (NAME) could not  start working in the last 7 days o
wave:2021,2021,c21a,lfs_search_financial_2018_2021,"LFS 2018-2021: Search method: arranging financial resources, permits or licences","Arranging for financial ressources,applying for permits,licences"
wave:2021,2021,c21b,lfs_search_land_2018_2021,"LFS 2018-2021: Search method: looking for land, premises or equipment","Looking for land,premises,machinery,supplies,farming inputs"
wave:2021,2021,c21c,lfs_search_friends_2018_2021,LFS 2018-2021: Search method: help of friends and relatives,"Seeking the assistance of friends,relatives or other types of intermediaries"
wave:2021,2021,c21d,lfs_search_agency_2018_2024,LFS 2018-2024: Search method: registering with an employment agency,Registering with or contacting public or private employment services
wave:2021,2021,c21e,lfs_search_employers_2018_2021,LFS 2018-2021: Search method: applying to employers directly,"Applying to employers directly,checking at worksites,farms,factory gates,markets"
wave:2021,2021,c21f,lfs_search_adverts_2018_2021,LFS 2018-2021: Search method: newspaper or internet advertisements,Placing or answering newspaper or online job advertisements
wave:2021,2021,c21g,lfs_search_resume_2018_2021,LFS 2018-2021: Search method: placing or updating online resumes,Placing and updating resumes on professional or social networking sites online
wave:2021,2021,c21h,lfs_search_no_method_2018_2021,LFS 2018-2021: Search method: none,No method
wave:2021,2021,c21l,lfs_search_other_2018_2021,LFS 2018-2021: Search method: other,Other
wave:2021,2021,d01b2,lfs_main_job_tasks,LFS 2018-2021: Main tasks and duties in the main job,Main tasks and duties(ISCO CODE)
wave:2021,2021,d03a,lfs_workplace_name_2019_2025,LFS 2019-2025: Name of the workplace of the main job,What is the name of (NAME)?s workplace?
wave:2021,2021,d03a1,lfs_workplace_name_text,"LFS 2019-2021: Name of the workplace of the main job, text",The workplace name
wave:2021,2021,d03b,lfs_main_job_goods_services,LFS 2019-2021: Main goods or services produced at the workplace,What are the main goods or services produced at (NAME)?s place of work or its ma
wave:2021,2021,d03b1,lfs_isic_main_job_2019_2021,LFS 2019-2021: ISIC code of the main job,Main goods and services(ISIC code)
wave:2021,2021,d04,lfs_inst_sector_main_2017_2024,LFS 2017-2024: Institutional sector of the main job,Does (Name) work in....
wave:2021,2021,d05,lfs_employment_status_2017_2024,LFS 2017-2024: Status in employment in the main job,"In this job, is  [NAME] working as??"
wave:2021,2021,d06,lfs_contract_type,LFS 2017-2025: Written contract or oral agreement,Have [NAME] been employed on the basis of:
wave:2021,2021,d07,lfs_contract_agreement_2017_2024,LFS 2017-2024: Type of contract or agreement,Is [NAME]'s contract or agreement :
wave:2021,2021,d08,lfs_contract_duration_2017_2024,LFS 2017-2024: Duration of the contract,The duration of the contract or agreement?
wave:2021,2021,d09a,lfs_employer_social_security,LFS 2017-2025: Employer pays social security contributions,Does employer pay contributions on [NAME]?s behalf to social security fund
wave:2021,2021,d09b,lfs_employer_health_insurance,LFS 2017-2023: Employer pays health insurance contributions,Does employer pay contributions on [NAME]?s behalf to health insurance fund
wave:2021,2021,d10a,lfs_paid_annual_leave,LFS 2017-2025: Entitled to paid annual leave,Benefits paid for annual leave
wave:2021,2021,d10b,lfs_paid_sick_leave,LFS 2017-2025: Entitled to paid sick leave,Benefits  paid for sick leave
wave:2021,2021,d10c,lfs_maternity_paternity_leave,LFS 2017-2025: Entitled to paid maternity or paternity leave,Benefits  paid for maternity/paternity leave
wave:2021,2021,d10d,lfs_salary_tax_deducted,LFS 2017-2025: Salary subject to income tax deduction,Is (Name)'s salary subjected to deduction of taxe (PAYE)
wave:2021,2021,d11,lfs_trade_union_member,LFS 2017-2023: Belongs to a trade union or syndicate,Does [NAME] belong to any trade union or syndicate
wave:2021,2021,d12,lfs_earnings_cash_main_job,"LFS 2017-2024: Earnings in cash from the main job, last payment","How much did he/she  earn at main job last time in cash and in kind, before taxe"
wave:2021,2021,d12a,lfs_earnings_amount_rwf,"LFS 2017-2023: Earnings amount in Rwandan francs, main job",Amount in Rwandan francs
wave:2021,2021,d13,lfs_earnings_period,LFS 2017-2023: Period covered by the earnings,How long did it cover?
wave:2021,2021,d14,lfs_in_kind_payments,LFS 2017-2023: Receives in-kind payments in the main job,"Does [NAME] receive in-kind payments in main job such as food, agricultural prod"
wave:2021,2021,d15,lfs_in_kind_value,LFS 2017-2023: Value of the in-kind payments,What is the value of these in-kind payments?
wave:2021,2021,d15a,lfs_in_kind_amount_rwf,LFS 2017-2023: In-kind payments in Rwandan francs,Amount in Rwandan francs
wave:2021,2021,d16,lfs_in_kind_period,LFS 2017-2023: Period covered by the in-kind payments,What period did it cover?
wave:2021,2021,d17,lfs_monthly_earnings_bracket,"LFS 2017-2023: Monthly earnings, cash and in kind, bracket","Taking into account both cash and in kind payments,Would you say the monthly amo"
wave:2021,2021,d20,lfs_business_registered,LFS 2017-2025: Business or establishment registered,Is the business/establishment where [NAME] works registered with the RRA or  pay
wave:2021,2021,d21,lfs_business_keeps_accounts,LFS 2017-2025: Business keeps accounts to report to an authority,"In order to report to an authority, does the business/establishment where (NAME)"
wave:2021,2021,d23,lfs_workplace_type_2017_2024,LFS 2017-2024: Type of place where the person usually works,In what type of place does [NAME] usually work?
wave:2021,2021,d24a,lfs_work_experience_years,LFS 2019-2023: Total work experience in years,How long have [NAME] been working (total experience)-Years?
wave:2021,2021,d28,lfs_injured_at_work_12m,"LFS 2021: Hurt in an accident while working, last 12 months","In the past 12 months, has (NAME)  ever been hurt in an accident while working t"
wave:2021,2021,d29,lfs_injury_absence,LFS 2021: Injury caused absence or inability to work,"Did this injury result in (NAME)  being absent or unable to work, for at least o"
wave:2021,2021,d30a,lfs_injury_absence_duration,LFS 2021: Time away from work because of the injury,How long(NAME)  were  away from work (or are likely to be) because of the injury
wave:2021,2021,d30b,lfs_injury_absence_unit,LFS 2021: Unit of the time away from work because of the injury,How long(NAME)  were  away from work (or are likely to be) because of the injury
wave:2021,2021,d31,lfs_injury_reported,LFS 2021: Injury reported to management,Did (NAME)  report the injury to the management?
wave:2021,2021,d32,lfs_injury_compensation,LFS 2021: Received financial compensation for the injury,Did you receive any financial compensation for the injury?
wave:2021,2021,d27,lfs_has_secondary_job,LFS 2018-2023: Secondary paid job or business reported,INTERVIEWER: Check on question C10 whether a secondary paid job or business/acti
wave:2021,2021,e01b1,lfs_second_job_tasks,LFS 2018-2021: Main tasks and duties in the secondary job,Main tasks and duties(ISCO CODE)
wave:2021,2021,e02b1,lfs_second_job_isic,LFS 2019-2021: ISIC code of the secondary job,Main goods or services(ISIC CODE)
wave:2021,2021,e11,lfs_other_jobs_count,LFS 2017-2023: Number of jobs apart from the main job,Apart from the main job:how many Job did(Name) had in the last 7 days?
wave:2021,2021,e12,lfs_earnings_other_jobs,"LFS 2017-2023: Earnings from other jobs, cash and in kind",How much did (Name) earn from other jobs or activities had last week in cash?
wave:2021,2021,e12b,lfs_earnings_other_jobs_rwf,LFS 2017-2023: Earnings from other jobs in Rwandan francs,Amount in Rwandan francs
wave:2021,2021,e13,lfs_earnings_other_jobs_period,LFS 2017-2023: Period covered by the earnings from other jobs,How long did it cover?
wave:2021,2021,f01,lfs_worked_previously,LFS 2017-2023: Ever worked for a wage or in a business,"Has [NAME]ever worked previously for a wage, salary or for other income in cash"
wave:2021,2021,f02,lfs_reason_stopped_2017_2024,LFS 2017-2024: Main reason for stopping the last job,The main reason to stop working in his/her last paid job / business?
wave:2021,2021,f03b1,lfs_last_job_tasks,LFS 2019-2021: Main tasks and duties in the last job,Main tasks and duties(ISCO CODE)
wave:2021,2021,f04b,lfs_last_job_goods_services,LFS 2019-2021: Main goods or services produced at the last workplace,What were the main goods or services produced at (NAME)?s workplace  in his/her
wave:2021,2021,f04b1,lfs_last_job_isic,LFS 2019-2021: ISIC code of the last job,Main goods and services(ISIC CODE)
wave:2021,2021,f05,lfs_main_income_source,LFS 2017-2025: Main source of income at present,What is (Name) main source of income at present?
wave:2021,2021,g01a,lfs_any_time_firewood,"LFS 2021-2025: Spent time collecting firewood, last 7 days","In the last 7 days,  did [NAME] spend time collecting firewood for the household"
wave:2021,2021,g01,lfs_hours_firewood,"LFS 2017-2025: Hours collecting firewood, last 7 days","In the last 7 days, how many  hours did [NAME] spend collecting firewood for the"
wave:2021,2021,g02a,lfs_any_time_fetching_water,"LFS 2021-2025: Spent time fetching water, last 7 days","In the last 7 days, Did [Name] spent time on fetching water for the household?"
wave:2021,2021,g02,lfs_hours_fetching_water,"LFS 2017-2025: Hours fetching water, last 7 days","In the last 7 days, how many hours did [NAME] spend fetching water for the house"
wave:2021,2021,g03a,lfs_any_time_fodder,"LFS 2021-2025: Spent time grazing or feeding livestock, last 7 days","In the last 7 days, Did [Name] spent time on grazing or feeding hiusehold animal"
wave:2021,2021,g03,lfs_hours_fodder,"LFS 2017-2025: Hours searching fodder or grazing livestock, last 7 days","In the last 7 days, how many hours did [NAME] spend searching for  fodder or gra"
wave:2021,2021,g04a,lfs_any_time_making_goods,"LFS 2021-2025: Spent time manufacturing household goods, last 7 days","In the last 7 days, Did [Name] spent time on manufacturing of goods for family u"
wave:2021,2021,g04,lfs_hours_making_goods,"LFS 2017-2025: Hours manufacturing household goods, last 7 days","In the last 7 days, how many hours did [NAME] spend manufacturing household good"
wave:2021,2021,g05a,lfs_any_time_construction,"LFS 2021-2025: Spent time on construction or building, last 7 days","In the last 7 days, Did [Name] spent time on construction of own building?"
wave:2021,2021,g05,lfs_hours_construction,"LFS 2017-2025: Hours constructing or repairing the dwelling, last 7 days","In the last 7 days, how many hours did [NAME] spend constructing your dwelling,"
wave:2021,2021,g06a,lfs_any_time_household_chores,"LFS 2021-2025: Spent time doing household chores, last 7 days","In the last 7 days, Did [Name] spent time on doing household chores?"
wave:2021,2021,g06,lfs_hours_household_chores,"LFS 2017-2025: Hours doing household chores, last 7 days","In the last 7 days, how many hours did [NAME] spend doing household chores inclu"
wave:2021,2021,g07a,lfs_any_time_care,"LFS 2021-2025: Spent time looking after children or adults, last 7 days","In the last 7 days, Did [Name] tooktime to look under children or adults"
wave:2021,2021,g07,lfs_hours_care,"LFS 2017-2025: Hours looking after children or adults, last 7 days","In the last 7 days, how many hours did [NAME] spend looking after children and e"
wave:2021,2021,h00,lfs_labour_situation,LFS 2021-2023: Description of the situation in the labour market,How would you describe your main situation on labour market at present?
wave:2021,2021,h01,lfs_own_use_work_4w,LFS 2017-2025: Did work mainly for own use in the last four weeks,During the last four weeks did he/she do any of the following  work mainly for o
wave:2021,2021,h02,lfs_own_use_hours_week_2021_2023,"LFS 2021-2023: Hours per week in own-use production, last 7 days",How many hours per week has [NAME]  worked in these activities in the last 7days
wave:2021,2021,h03,lfs_own_use_usual_2021_2023,LFS 2021-2023: Usual hours per week in own-use production,How many hours per week does [NAME] usually work in these activities?
wave:2021,2021,h05,lfs_sells_farm_products,LFS 2017-2025: Household sells or barters part of its farm products,"In general, did the household sell or barter any part of the goods obtained from"
wave:2021,2021,h06,lfs_share_of_products_sold,LFS 2017-2025: Share of the farm products regularly sold,About how much does the household regularly sell?
wave:2021,2021,h09,lfs_farm_hires_paid_workers,LFS 2017-2025: Engages paid employees in the farming activity,Do you regularly or sometimes engage paid employee in the farming activity?
wave:2021,2021,h10,lfs_farm_paid_workers_bracket,"LFS 2017-2025: Paid employees engaged in farming, bracket","Excluding family members, how many paid employees do you usually  engage in thes"
wave:2021,2021,i01_a,lfs_roof_material_2017_2023,LFS 2017-2023: Main material of the roof,Main material used in building this house for roof
wave:2021,2021,i01_b,lfs_wall_material,LFS 2017-2023: Main material of the exterior walls,Main material used in building this house for exterior walls
wave:2021,2021,i01_c,lfs_floor_material,LFS 2017-2023: Main material of the floor,Main material used in building this house for floor
wave:2021,2021,i02,lfs_rooms_for_sleeping,LFS 2017-2023: Rooms used for sleeping,How many rooms in your household are used for sleeping?
wave:2021,2021,i03,lfs_toilet_type,LFS 2017-2023: Type of toilet,What type of toilet does your household have?
wave:2021,2021,i04,lfs_lighting_energy,LFS 2017-2023: Main source of energy for lighting,What is the main source of energy in your household for lighting?
wave:2021,2021,i05,lfs_cooking_energy,LFS 2017-2023: Main source of energy for cooking,What is the main source of energy in your household for cooking?
wave:2021,2021,i06a,lfs_drinking_water_2021,LFS 2021: Main source of drinking water,What is the main source of water in your household for drinking?
wave:2021,2021,i06b,lfs_other_water_source_2021,LFS 2021: Main source of water for other uses,What is the main source of water in your household for other uses?
wave:2021,2021,i07a,lfs_owns_refrigerator,LFS 2017-2023: Household owns a refrigerator or freezer,Does this household own Refrigerator/Freezer?
wave:2021,2021,i07b,lfs_owns_radio,LFS 2017-2023: Household owns a radio,Does this household own radio?
wave:2021,2021,i07c,lfs_owns_tv,LFS 2017-2023: Household owns a television set,Does this household own TV set?
wave:2021,2021,i07d,lfs_owns_satellite_dish,LFS 2017-2023: Household owns a parabolic antenna,Does this household own parabolic antena?
wave:2021,2021,i07e,lfs_owns_dvd_player,LFS 2017-2023: Household owns a video or DVD player,Does this household own Video/DVD player?
wave:2021,2021,i07f,lfs_owns_computer,LFS 2017-2023: Household owns a computer,Does this household own Computer and accessories?
wave:2021,2021,i07g,lfs_owns_music_system,LFS 2017-2023: Household owns a music system,Does this household own Music system?
wave:2021,2021,i07h,lfs_owns_cooker,LFS 2017-2023: Household owns a cooker,Does this household own Cooker?
wave:2021,2021,i07i,lfs_owns_sewing_machine,LFS 2017-2023: Household owns a sewing machine,Does this household own Sewing machine?
wave:2021,2021,i07j,lfs_owns_washing_machine,LFS 2017-2023: Household owns a laundry machine,Does this household own Laundry machine?
wave:2021,2021,i07k,lfs_owns_electric_fan,LFS 2017-2023: Household owns an electric fan,Does this household own Electric fan?
wave:2021,2021,i07l,lfs_owns_camera,LFS 2017-2023: Household owns a camera,Does this household own Camera?
wave:2021,2021,i07m,lfs_owns_mobile_phone,LFS 2017-2023: Household owns a mobile phone,Does this household own Mobile phone?
wave:2021,2021,i07n,lfs_owns_car,LFS 2017-2023: Household owns a car,Does this household own Car ?
wave:2021,2021,i07o,lfs_owns_bicycle,LFS 2017-2023: Household owns a bicycle,Does this household own Bicycle  ?
wave:2021,2021,i07p,lfs_owns_motorcycle,LFS 2017-2023: Household owns a motorcycle,Does this household own Motorcycle  ?
wave:2021,2021,i07q,lfs_has_internet_connection,LFS 2017-2023: Household has an internet connection,Does this household own internet connection ?
wave:2021,2021,lfs_round,lfs_round_code_shipped_2021,LFS 2021: Data collection round code as shipped by NISR,LFS_rounds
wave:2021,2021,lfs_year,lfs_data_collection_year,LFS 2020-2025: LFS data collection year as shipped,
wave:2021,2021,indd01,lfs_isco_major_main_job,LFS 2017-2025: ISCO major group of the main job, ISCO High level
wave:2021,2021,indd03,lfs_isic_section_main_job,LFS: ISIC section of the main job, ISIC High level
wave:2021,2021,status1,lfs_labour_force_status,"LFS: Labour force status, NISR derived: 1 employed, 2 unemployed","Labour force status (NISR derived; population aged 14+: 1 employed, 2 unemployed, 3 outside the labour force)"
wave:2021,2021,indb05,lfs_education_field,"LFS 2017-2025: Field of education, NISR derived",Field of education
wave:2021,2021,inde02,lfs_isic_section_second_job,LFS 2017-2023: ISIC section of the secondary job, ISIC High level_secondary
wave:2021,2021,wap16,lfs_working_age_16_plus,"LFS: Working-age population 16 and over, NISR indicator base",Working age population
wave:2021,2021,employed16,lfs_employment_ratio_base,"LFS: Employment-to-population ratio base, NISR indicator",Employment to population ratio
wave:2021,2021,ur1,lfs_unemployment_rate_base,"LFS: Unemployment rate base, NISR indicator",Unemployment rate
wave:2021,2021,lfpr,lfs_participation_rate_base,"LFS: Labour force participation rate base, NISR indicator",Labour force particiaption rate
wave:2021,2021,sub,lfs_subsistence_producer,"LFS 2017-2025: Subsistence foodstuff producer, NISR derived", Dimunished Subsistance foodstaff producers
wave:2021,2021,tru,lfs_time_underemployed,"LFS 2017-2025: Time-related underemployment, NISR derived",Time related underemployment
wave:2021,2021,plf,lfs_potential_labour_force,"LFS 2017-2025: Potential labour force category, NISR derived",Potential labour force
wave:2021,2021,luu,lfs_labour_underutilisation,"LFS 2017-2025: Labour underutilisation category, NISR derived",Labour underutilisation
wave:2021,2021,luur,lfs_underutilisation_rate,"LFS 2017-2024: Labour underutilisation rate, NISR derived", Labour underulilation rate
wave:2021,2021,disable,lfs_disability,"LFS 2018-2025: Person with disability, NISR derived",person with disability
wave:2021,2021,discourage,lfs_discouraged_jobseeker,"LFS 2018-2025: Discouraged jobseeker, NISR derived",Discouraged jobseekers
wave:2021,2021,migrant,lfs_recent_migration,LFS 2018-2025: Recent migration: internal or international,Recent migration
wave:2021,2021,neetyoung,lfs_neet_16_30,"LFS 2019-2025: Not in employment, education or training, aged 16-30",NEET 16-30
wave:2021,2021,is,lfs_formal_sector_2021,"LFS 2021: Formal or informal sector of employment, NISR derived",Informal&Formal sector employment
wave:2021,2021,prod_unit,lfs_production_sector,"LFS 2019-2025: Production sector unit: informal, formal, household",Production sector unit
wave:2021,2021,iev2,lfs_formal_employment,"LFS 2018-2025: Formal or informal employment in the main job, NISR derived",Formal and Informal employment for main job
wave:2021,2021,main_sect,lfs_economic_sector,"LFS 2020-2025: Economic sector: agriculture, industry, services",Economic sector
wave:2021,2021,indb1,lfs_years_of_schooling,"LFS 2019-2025: Years of schooling, NISR derived",Years of schooling
wave:2021,2021,attained,lfs_education_completed,"LFS 2019-2025: Level of education completed, NISR derived",Level of education completed
wave:2021,2021,age5,lfs_age_group_five_years,"LFS 2019-2025: Five-year age group, NISR derived",Five years age group
wave:2021,2021,age10,lfs_age_group_broad,"LFS 2019-2025: Broad age group, NISR derived",Broader age group
wave:2021,2021,usualhrs,lfs_usual_hours_interval,"LFS 2017-2025: Usual hours worked, interval, NISR derived",Usually working hours
wave:2021,2021,usual_h,lfs_usual_hours_number,"LFS 2017-2025: Number of usual hours worked, NISR derived",Number of usual hours
wave:2021,2021,act_hrs,lfs_actual_hours_worked,"LFS 2017-2025: Actual hours worked in all jobs, NISR derived",Number of actual hours worked
wave:2021,2021,acthrs,lfs_actual_hours_interval,"LFS 2017-2025: Actual hours worked, interval, NISR derived",Actual hours intervals
wave:2021,2021,ya,lfs_young_or_adult,LFS 2020-2025: Young 16-30 or adult 31 and over,Young/adult
wave:2021,2021,quintile,lfs_wealth_quintile_2021,LFS 2021: Wealth quintile as shipped,quintiles
wave:2021,2021,hr_cshmain,lfs_hourly_wage_main_job,"LFS 2021-2024: Hourly wage of employees in the main job, NISR derived",Hourly wage of employees in main job
wave:2021,2021,hr_cash,lfs_hourly_wage,"LFS 2021-2024: Hourly wage of employees, NISR derived",Hourly wage of employees
wave:2021,2021,pop,lfs_population_count_2021,LFS 2021: Total population indicator as shipped,Total population
wave:2021,2021,tvt2,lfs_general_or_tvet_attainment,"LFS 2019-2025: General or TVET attainment, NISR derived",General or TVET attainemnt
wave:2021,2021,sm,lfs_search_methods_2021_2023,"LFS 2021-2023: Job-search methods, NISR summary",Search methods
wave:2021,2021,ud,lfs_unemployment_duration,"LFS 2019-2025: Unemployment duration bracket, NISR derived",Unemployment duration
wave:2021,2021,hhid_nisr,lfs_nisr_household_id,LFS 2021-2025: NISR household identifier as shipped,NISR household id as shipped (HHID)
wave:2021,2021,pid_nisr,lfs_nisr_person_id,LFS 2017-2024: NISR person identifier as shipped,NISR person id as shipped (pid / pkey)
wave:2022,2022,survey,lfs_survey,LFS: Source survey,Source survey
wave:2022,2022,year,lfs_year,LFS: Survey year,Survey year
wave:2022,2022,wave,lfs_wave,LFS: Wave identifier,Wave (survey year)
wave:2022,2022,round,lfs_round,LFS: Data collection round,Data-collection round as labelled by NISR (FEB17 ... NOV21); empty in 2022-2025 (not shipped)
wave:2022,2022,quarter,lfs_quarter,LFS: Quarter of the round,"Quarter (1 Feb, 2 May, 3 Aug, 4 Nov): from the round to 2021, from the file's block structure in 2023-2025; missing in 2022"
wave:2022,2022,interview,lfs_interview,LFS: Interview number of the household in the year,"Interview number of the household within the year (1, 2): rank of the quarter where known; order of appearance in the file in 2022"
wave:2022,2022,prov,lfs_province,"LFS: Province, NISR code 1-5","Province (1-5, NISR codes)"
wave:2022,2022,dist,lfs_district,"LFS: District, NISR code 11-57","District (11-57, NISR codes)"
wave:2022,2022,urban,lfs_urban,"LFS: Area of residence: 1 urban, 2 rural","Area of residence (1 urban, 2 rural)"
wave:2022,2022,cluster,lfs_cluster,LFS: Sampling cluster or village identifier,Sampling cluster id (year_psu)
wave:2022,2022,psu,lfs_psu,LFS: Primary sampling unit,Primary sampling unit number (NISR PSU_NO; anonymised)
wave:2022,2022,hhid,lfs_household_id,LFS: Household identifier,Household id = PSU*100 + household number (unique with year + interview)
wave:2022,2022,pid,lfs_person_id,LFS: Person number within the household,Person number within the household (2025: row order within the household-interview; no person id shipped)
wave:2022,2022,sex,lfs_sex,"LFS: Sex: 1 male, 2 female","Sex (1 male, 2 female)"
wave:2022,2022,age,lfs_age,LFS: Age in completed years,Age in years
wave:2022,2022,wt,lfs_weight,LFS: Sampling weight,Annual person weight (sums to population)
wave:2022,2022,wt_round,lfs_round_weight,LFS: Round weight,Round weight (where released)
wave:2022,2022,psu_no,lfs_psu_number_shipped,LFS 2017-2025: Primary sampling unit number as shipped by NISR,Primary Sampling Unit-quarterly
wave:2022,2022,qh_no,lfs_household_number_in_psu,LFS 2021-2025: Household number within the primary sampling unit as shipped,QUESTIONNAIRE  NUMBER
wave:2022,2022,lfs_year,lfs_data_collection_year,LFS 2020-2025: LFS data collection year as shipped,LFS data collection year
wave:2022,2022,a02,lfs_relation_to_head_2017_2023,LFS 2017-2023: Relationship to the household head,Relationship
wave:2022,2022,a03m,lfs_birth_month,LFS 2017-2025: Month of birth,Date of birth Month
wave:2022,2022,a03y,lfs_birth_year,LFS 2017-2025: Year of birth,date of birth year
wave:2022,2022,a05,lfs_present_marital_status,LFS 2017-2025: Present marital status as reported,Present marital status
wave:2022,2022,a06,lfs_difficulty_seeing,"LFS 2017-2025: Difficulty seeing, even with glasses (Washington Group)","Do you have difficulty seeing, even if wearing glasses?"
wave:2022,2022,a07,lfs_difficulty_hearing,"LFS 2017-2025: Difficulty hearing, even with a hearing aid (Washington Group)","Do you have difficulty hearing, even if using a hearing aid?"
wave:2022,2022,a08,lfs_difficulty_walking,LFS 2017-2025: Difficulty walking or climbing steps (Washington Group),Do you have difficulty walking or climbing steps?
wave:2022,2022,a09,lfs_difficulty_remembering,LFS 2017-2025: Difficulty remembering or concentrating (Washington Group),Do you have difficulty remembering or concentrating?
wave:2022,2022,a10,lfs_difficulty_self_care,LFS 2017-2025: Difficulty with self-care such as washing or dressing,Do you have difficulty (with self-care such as) washing all over or dressing?
wave:2022,2022,a11,lfs_difficulty_communicating,LFS 2017-2025: Difficulty communicating in the usual language,"Using your usual language, do you have difficulty communicating, mple understand"
wave:2022,2022,a12,lfs_nationality_2017_2024,LFS 2017-2024: Nationality,What is nationality?
wave:2022,2022,a13,lfs_residential_status,LFS 2017-2025: Residential status in Rwanda,Residential Status in Rwanda
wave:2022,2022,a14a,lfs_country_of_birth_2017_2024,LFS 2017-2024: Country or area of birth,Country/Area of birth
wave:2022,2022,a14b,lfs_district_of_birth_2017_2025,LFS 2017-2025: District of birth,District of birth
wave:2022,2022,a15,lfs_always_in_district_2019_2024,LFS 2019-2024: Usual residence always in this district,Has usual place of residence  always been in this district?
wave:2022,2022,a16y,lfs_years_since_last_move,LFS 2019-2025: Years since the last move of usual residence,The period of usual place of residence( last move)-Years
wave:2022,2022,a17a,lfs_previous_district_2019_2024,LFS 2019-2024: District or foreign country of previous residence,District or foreign country did he/she live.
wave:2022,2022,a17b,lfs_previous_district_code,LFS 2019-2025: District code of the previous residence,District code
wave:2022,2022,a18,lfs_previous_place_type,LFS 2017-2023: Kind of place of the previous residence,Kind of place he/she lived in prior to arriving here?
wave:2022,2022,a19,lfs_years_previous_location,LFS 2017-2025: Duration of stay in the previous location,How long did he/she live in the previous location prior to arriving here?
wave:2022,2022,a20,lfs_reason_for_moving,LFS 2017-2025: Reason for moving to the current location,Reason to move away from previous location
wave:2022,2022,a21,lfs_away_from_home_12m,LFS 2017-2023: Away from home in the last 12 months,Has he/she been away from home in this last 12 months?
wave:2022,2022,a22,lfs_months_away_12m,LFS 2017-2023: Months away from the household in the last 12 months,Months during the past 12 months has he/she been away from this HH
wave:2022,2022,a23,lfs_member_other_household,LFS 2017-2023: Member of another household while absent,"While absent, is/was he/she a member of another household?"
wave:2022,2022,a24,lfs_household_member,LFS 2017-2023: Is a household member,Is he/she household member?
wave:2022,2022,b01,lfs_student,LFS 2017-2025: Currently a student attending school,IS [NAME] currently studying?
wave:2022,2022,b02a,lfs_education_level_highest,LFS 2017-2025: Highest educational level attended,What is the Highest educational level is/ have [NAME] attending / attended?
wave:2022,2022,b02b,lfs_years_completed_in_level,LFS 2017-2025: Years completed in that level of education,How many years have you completed in that level of education?
wave:2022,2022,b03,lfs_highest_certificate,LFS 2017-2023: Highest certificate obtained,Highest certificate obtained
wave:2022,2022,b06,lfs_read_and_write,LFS 2017-2023: Ability to read and write,Ability to read and write
wave:2022,2022,b07,lfs_attending_tvet,LFS 2017-2025: Currently attending a trade or technical skills school,Currently attending any trade or technical Skills school
wave:2022,2022,b08,lfs_learned_tvet,LFS 2017-2025: Learned a trade or technical vocational course (TVET),Did you learn any Trade or Technical vocational course (TVET)?
wave:2022,2022,b09,lfs_training_duration,LFS 2017-2025: Duration of the training,How long will/did this Training take?
wave:2022,2022,b10,lfs_tvet_skills_type_2017_2024,LFS 2017-2024: Type of technical skills learned,Type of technical skills learned?
wave:2022,2022,b13,lfs_course_completed_2017_2024,LFS 2017-2024: Completed the course,Did [NAME] complete the course?
wave:2022,2022,b13a,lfs_course_completion_year,LFS 2017-2023: Year of completion of the course,In which year did (Name) complete this course?
wave:2022,2022,b14,lfs_after_course_2017_2024,LFS 2017-2024: What happened after completing the course,What happened after you completed the course?
wave:2022,2022,b18,lfs_used_social_media_3m,LFS 2021-2023: Used social media in the last three months,"Has [Name] in last three months used any social media (facebook, whatsapp, tweet"
wave:2022,2022,b19,lfs_used_internet_3m,LFS 2021-2023: Used the internet in the last three months,Has [Name] in the last three months used intenet? (for individual use not for of
wave:2022,2022,c01,lfs_worked_for_pay_7d,"LFS 2017-2025: Worked for wage, salary, commission or tips, last 7 days","During the last 7 days,did he/she do any work for wage, salary, commission, tips"
wave:2022,2022,c02,lfs_ran_business_7d,"LFS 2017-2025: Ran a business activity, last 7 days","During the past 7 days, did (NAME) run or do any kind of business, farming or ot"
wave:2022,2022,c03,lfs_helped_unpaid_7d,"LFS 2017-2025: Helped unpaid in a household business, last 7 days","During the past 7 days, did (NAME) help unpaid in a business owned by a househol"
wave:2022,2022,c04,lfs_work_in_agriculture,"LFS 2017-2023: Work in agriculture, farming or fishing","Was this work in agriculture, farming or fishing?"
wave:2022,2022,c05,lfs_products_for_sale,LFS 2017-2025: Products of the activity mainly for sale or for own use,"In general, are the products obtained from this activity for sale or for family"
wave:2022,2022,c06,lfs_job_absent_7d,"LFS 2017-2025: Had a paid job or business but was absent, last 7 days","During the last 7 days, did (NAME) have a paid job or a business from which he/s"
wave:2022,2022,c07,lfs_reason_absent_2017_2025,LFS 2017-2025: Main reason for absence from work,What was the main reason (NAME) was absent from work during the last 7 days?
wave:2022,2022,c08,lfs_expected_absence,LFS 2017-2025: Expected total absence from work,What is the expected total absence from work for (NAME)?
wave:2022,2022,c09,lfs_income_during_absence,LFS 2017-2025: Continues to receive income during the absence,Does (NAME) continue receiving an income from his/her job during absence?
wave:2022,2022,c09a,lfs_absence_category,LFS 2019-2025: Category of the situation of the absent person,"Among the following categories, which correspond to the (NAME)'s situation"
wave:2022,2022,c10,lfs_other_paid_job,LFS 2017-2025: Had another paid job or business,Did [NAME] have any other paid job or business or performed any secondary activi
wave:2022,2022,c11a,lfs_usual_hours_main_job,"LFS 2017-2025: Usual hours per week, main job",How many hours does [NAME] usually work per week?Main job/activity
wave:2022,2022,c11b,lfs_usual_hours_second_job,"LFS 2017-2025: Usual hours per week, secondary job",How many hours does [NAME] usually work per week?Secondary job/activity
wave:2022,2022,c12a,lfs_days_worked_main_job,"LFS 2017-2025: Days worked in the main job, last 7 days","During the past 7 days, how many days did (NAME) actually work?Main job/activity"
wave:2022,2022,c12b,lfs_days_worked_second_job,"LFS 2017-2025: Days worked in the secondary job, last 7 days","During the past 7 days, how many days did (NAME) actually work?Secondary job/act"
wave:2022,2022,c13a,lfs_hours_per_day_main_job,"LFS 2017-2025: Hours per day worked in the main job, last 7 days","During the past 7 days, how many hours per day did (NAME) actually worked?Main j"
wave:2022,2022,c13b,lfs_hours_per_day_second_job,"LFS 2017-2025: Hours per day worked in the secondary job, last 7 days","During the past 7 days, how many hours per day did (NAME) actually worked?second"
wave:2022,2022,c14,lfs_hours_all_jobs_7d,"LFS 2017-2025: Hours usually worked at all jobs, last 7 days",How many hours did [NAME) usually worked at all jobs combined during the last 7
wave:2022,2022,c15,lfs_reason_long_hours,LFS 2017-2025: Main reason for working long hours,What was the main reason (NAME) usually worked long hours per week?
wave:2022,2022,c16,lfs_looked_more_work_4w,"LFS 2017-2025: Looked for additional or other work, last 4 weeks","During the last 4 weeks, did (NAME) look for additional or other work?"
wave:2022,2022,c17,lfs_wants_more_hours,LFS 2017-2025: Would want to work more hours per week,Would want to work more hours per week than usualy worked provided the extra hou
wave:2022,2022,c18,lfs_available_more_work,LFS 2017-2025: Available for additional work if an opportunity arose,"If an opportunity for additional work became available, could (NAME) start worki"
wave:2022,2022,c19,lfs_looked_for_job_4w,"LFS 2017-2025: Looked for a paid job or tried to start a business, last 4 weeks","During the last 4 weeks, did [NAME] look for any kind of paid job or try to star"
wave:2022,2022,c20,lfs_job_arranged,LFS 2017-2025: Already found a job or arranged to start a business,Has [NAME] already found a job or arranged to start a business in the next 4 wee
wave:2022,2022,c22,lfs_unemployment_spell_2017_2024,LFS 2017-2024: Duration without work and looking for a job,For how long has [NAME] been without work and trying to find a paid job or start
wave:2022,2022,c23,lfs_wants_paid_job,LFS 2017-2025: Would want to work if a job or business were available,Would [NAME] want to work if a  paid job or business opportunity became availabl
wave:2022,2022,c24,lfs_reason_not_search_2017_2025,LFS 2017-2025: Main reason for not trying to find a job or start a business,What was the main reason (NAME) did not try to find a paid job or start a busine
wave:2022,2022,c25,lfs_available_to_start,LFS 2017-2025: Available to start if a job or business opportunity arose,"If a paid job or business opportunity become available, could [NAME] have starte"
wave:2022,2022,c26,lfs_reason_no_start_2017_2024,LFS 2017-2024: Main reason the person could not start working,What is the mean reason why (NAME) could not  start working in the last 7 days o
wave:2022,2022,c21,lfs_job_search_method,"LFS 2019-2025: Main method used to find a job, last 4 weeks",what did [NAME] do  in the last 4 weeks to find a paid job or start a business?
wave:2022,2022,c21_a,lfs_search_financial,"LFS 2022-2023: Search method: arranging financial resources, permits or licences","Arranging for financial ressources,applying for permits,licences"
wave:2022,2022,c21_b,lfs_search_land_premises,"LFS 2022-2023: Search method: looking for land, premises or equipment","Looking for land,premises,machinery,supplies,farming inputs"
wave:2022,2022,c21_c,lfs_search_friends,LFS 2022-2023: Search method: help of friends and relatives,"Seeking the assistance of friends,relatives or other types of intermediaries"
wave:2022,2022,c21_d,lfs_search_employment_agency,LFS 2022-2023: Search method: registering with an employment agency,Registering with or contacting public or private employment services
wave:2022,2022,c21_e,lfs_search_employers_direct,LFS 2022-2023: Search method: applying to employers directly,"Applying to employers directly,checking at worksites,farms,factory gates,markets"
wave:2022,2022,c21_f,lfs_search_newspaper_ads,LFS 2022-2023: Search method: newspaper or internet advertisements,Placing or answering newspaper or online job advertisements
wave:2022,2022,c21_g,lfs_search_online_resume,LFS 2022-2023: Search method: placing or updating online resumes,Placing and updating resumes on professional or social networking sites online
wave:2022,2022,c21_h,lfs_search_no_method,LFS 2022-2023: Search method: none,No method
wave:2022,2022,c21_l,lfs_search_other_text,"LFS 2022-2023: Search method: other, text","Other, specify"
wave:2022,2022,d03a,lfs_workplace_name_2022_2024,LFS 2022-2024: Name of the workplace of the main job,What is the name of (NAME)?s workplace?
wave:2022,2022,d04,lfs_inst_sector_main_2017_2024,LFS 2017-2024: Institutional sector of the main job,Does (Name) work in....
wave:2022,2022,d05,lfs_employment_status_2017_2024,LFS 2017-2024: Status in employment in the main job,"In this job, is  [NAME] working as??"
wave:2022,2022,d06,lfs_contract_type,LFS 2017-2025: Written contract or oral agreement,Have [NAME] been employed on the basis of:
wave:2022,2022,d07,lfs_contract_agreement_2017_2024,LFS 2017-2024: Type of contract or agreement,Is [NAME]'s contract or agreement :
wave:2022,2022,d08,lfs_contract_duration_2017_2024,LFS 2017-2024: Duration of the contract,The duration of the contract or agreement?
wave:2022,2022,d09a,lfs_employer_social_security,LFS 2017-2025: Employer pays social security contributions,Does employer pay contributions on [NAME]?s behalf to social security fund
wave:2022,2022,d09b,lfs_employer_health_insurance,LFS 2017-2023: Employer pays health insurance contributions,Does employer pay contributions on [NAME]?s behalf to health insurance fund
wave:2022,2022,d10a,lfs_paid_annual_leave,LFS 2017-2025: Entitled to paid annual leave,Benefits paid for annual leave
wave:2022,2022,d10b,lfs_paid_sick_leave,LFS 2017-2025: Entitled to paid sick leave,Benefits  paid for sick leave
wave:2022,2022,d10c,lfs_maternity_paternity_leave,LFS 2017-2025: Entitled to paid maternity or paternity leave,Benefits  paid for maternity/paternity leave
wave:2022,2022,d10d,lfs_salary_tax_deducted,LFS 2017-2025: Salary subject to income tax deduction,Is (Name)'s salary subjected to deduction of taxe (PAYE)
wave:2022,2022,d11,lfs_trade_union_member,LFS 2017-2023: Belongs to a trade union or syndicate,Does [NAME] belong to any trade union or syndicate
wave:2022,2022,d12,lfs_earnings_cash_main_job,"LFS 2017-2024: Earnings in cash from the main job, last payment","How much did he/she  earn at main job last time in cash and in kind, before taxe"
wave:2022,2022,d12a,lfs_earnings_amount_rwf,"LFS 2017-2023: Earnings amount in Rwandan francs, main job",Amount in Rwandan francs
wave:2022,2022,d13,lfs_earnings_period,LFS 2017-2023: Period covered by the earnings,How long did it cover?
wave:2022,2022,d14,lfs_in_kind_payments,LFS 2017-2023: Receives in-kind payments in the main job,"Does [NAME] receive in-kind payments in main job such as food, agricultural prod"
wave:2022,2022,d15,lfs_in_kind_value,LFS 2017-2023: Value of the in-kind payments,What is the value of these in-kind payments?
wave:2022,2022,d15a,lfs_in_kind_amount_rwf,LFS 2017-2023: In-kind payments in Rwandan francs,Amount in Rwandan francs
wave:2022,2022,d16,lfs_in_kind_period,LFS 2017-2023: Period covered by the in-kind payments,What period did it cover?
wave:2022,2022,d17,lfs_monthly_earnings_bracket,"LFS 2017-2023: Monthly earnings, cash and in kind, bracket","Taking into account both cash and in kind payments,Would you say the monthly amo"
wave:2022,2022,d20,lfs_business_registered,LFS 2017-2025: Business or establishment registered,Is the business/establishment where [NAME] works registered with the RRA or  pay
wave:2022,2022,d21,lfs_business_keeps_accounts,LFS 2017-2025: Business keeps accounts to report to an authority,"In order to report to an authority, does the business/establishment where (NAME)"
wave:2022,2022,d23,lfs_workplace_type_2017_2024,LFS 2017-2024: Type of place where the person usually works,In what type of place does [NAME] usually work?
wave:2022,2022,d27,lfs_has_secondary_job,LFS 2018-2023: Secondary paid job or business reported,Is a secondary paid job or business/activity reported
wave:2022,2022,d24a,lfs_work_experience_years,LFS 2019-2023: Total work experience in years,How long have [NAME] been working (total experience)-Years?
wave:2022,2022,e11,lfs_other_jobs_count,LFS 2017-2023: Number of jobs apart from the main job,Apart from the main job:how many Job did(Name) had in the last 7 days?
wave:2022,2022,e12,lfs_earnings_other_jobs,"LFS 2017-2023: Earnings from other jobs, cash and in kind",How much did (Name) earn from other jobs or activities had last week in cash?
wave:2022,2022,e12b,lfs_earnings_other_jobs_rwf,LFS 2017-2023: Earnings from other jobs in Rwandan francs,Amount in Rwandan francs
wave:2022,2022,e13,lfs_earnings_other_jobs_period,LFS 2017-2023: Period covered by the earnings from other jobs,How long did it cover?
wave:2022,2022,f01,lfs_worked_previously,LFS 2017-2023: Ever worked for a wage or in a business,"Has [NAME]ever worked previously for a wage, salary or for other income in cash"
wave:2022,2022,f02,lfs_reason_stopped_2017_2024,LFS 2017-2024: Main reason for stopping the last job,The main reason to stop working in his/her last paid job / business?
wave:2022,2022,f05,lfs_main_income_source,LFS 2017-2025: Main source of income at present,What is (Name) main source of income at present?
wave:2022,2022,g01,lfs_hours_firewood,"LFS 2017-2025: Hours collecting firewood, last 7 days","In the last 7 days, how many  hours did [NAME] spend collecting firewood for the"
wave:2022,2022,g02,lfs_hours_fetching_water,"LFS 2017-2025: Hours fetching water, last 7 days","In the last 7 days, how many hours did [NAME] spend fetching water for the house"
wave:2022,2022,g03,lfs_hours_fodder,"LFS 2017-2025: Hours searching fodder or grazing livestock, last 7 days","In the last 7 days, how many hours did [NAME] spend searching for  fodder or gra"
wave:2022,2022,g04,lfs_hours_making_goods,"LFS 2017-2025: Hours manufacturing household goods, last 7 days","In the last 7 days, how many hours did [NAME] spend manufacturing household good"
wave:2022,2022,g05,lfs_hours_construction,"LFS 2017-2025: Hours constructing or repairing the dwelling, last 7 days","In the last 7 days, how many hours did [NAME] spend constructing your dwelling,"
wave:2022,2022,g06,lfs_hours_household_chores,"LFS 2017-2025: Hours doing household chores, last 7 days","In the last 7 days, how many hours did [NAME] spend doing household chores inclu"
wave:2022,2022,g07,lfs_hours_care,"LFS 2017-2025: Hours looking after children or adults, last 7 days","In the last 7 days, how many hours did [NAME] spend looking after children and e"
wave:2022,2022,g01a,lfs_any_time_firewood,"LFS 2021-2025: Spent time collecting firewood, last 7 days","In the last 7 days,  did [NAME] spend time collecting firewood for the household"
wave:2022,2022,g02a,lfs_any_time_fetching_water,"LFS 2021-2025: Spent time fetching water, last 7 days","In the last 7 days, Did [Name] spent time on fetching water for the household?"
wave:2022,2022,g03a,lfs_any_time_fodder,"LFS 2021-2025: Spent time grazing or feeding livestock, last 7 days","In the last 7 days, Did [Name] spent time on grazing or feeding hiusehold animal"
wave:2022,2022,g04a,lfs_any_time_making_goods,"LFS 2021-2025: Spent time manufacturing household goods, last 7 days","In the last 7 days, Did [Name] spent time on manufacturing of goods for family u"
wave:2022,2022,g05a,lfs_any_time_construction,"LFS 2021-2025: Spent time on construction or building, last 7 days","In the last 7 days, Did [Name] spent time on construction of own building?"
wave:2022,2022,g06a,lfs_any_time_household_chores,"LFS 2021-2025: Spent time doing household chores, last 7 days","In the last 7 days, Did [Name] spent time on doing household chores?"
wave:2022,2022,g07a,lfs_any_time_care,"LFS 2021-2025: Spent time looking after children or adults, last 7 days","In the last 7 days, Did [Name] tooktime to look under children or adults"
wave:2022,2022,h01,lfs_own_use_work_4w,LFS 2017-2025: Did work mainly for own use in the last four weeks,During the last four weeks did he/she do any of the following  work mainly for o
wave:2022,2022,h02,lfs_own_use_hours_week_2021_2023,"LFS 2021-2023: Hours per week in own-use production, last 7 days",How many days per week did [NAME] usually worked in these activities?
wave:2022,2022,h03,lfs_own_use_usual_2021_2023,LFS 2021-2023: Usual hours per week in own-use production,How many hours per day has [NAME] usually worked in these activities?
wave:2022,2022,h05,lfs_sells_farm_products,LFS 2017-2025: Household sells or barters part of its farm products,"In general, did the household sell or barter any part of the goods obtained from"
wave:2022,2022,h06,lfs_share_of_products_sold,LFS 2017-2025: Share of the farm products regularly sold,About how much does the household regularly sell?
wave:2022,2022,h09,lfs_farm_hires_paid_workers,LFS 2017-2025: Engages paid employees in the farming activity,Do you regularly or sometimes engage paid employee in the farming activity?
wave:2022,2022,h00,lfs_labour_situation,LFS 2021-2023: Description of the situation in the labour market,How would you describe your main situation on labour market at present?
wave:2022,2022,h04,lfs_own_use_item_h04,"LFS 2017-2023: Own-use production item H04 as shipped, no label",
wave:2022,2022,h10,lfs_farm_paid_workers_bracket,"LFS 2017-2025: Paid employees engaged in farming, bracket","Excluding family members, how many paid employees do you usually  engage in thes"
wave:2022,2022,i01_a,lfs_roof_material_2017_2023,LFS 2017-2023: Main material of the roof,Main material used in building this house for roof
wave:2022,2022,i01_b,lfs_wall_material,LFS 2017-2023: Main material of the exterior walls,Main material used in building this house for exterior walls
wave:2022,2022,i01_c,lfs_floor_material,LFS 2017-2023: Main material of the floor,Main material used in building this house for floor
wave:2022,2022,i02,lfs_rooms_for_sleeping,LFS 2017-2023: Rooms used for sleeping,How many rooms in your household are used for sleeping?
wave:2022,2022,i03,lfs_toilet_type,LFS 2017-2023: Type of toilet,What type of toilet does your household have?
wave:2022,2022,i04,lfs_lighting_energy,LFS 2017-2023: Main source of energy for lighting,What is the main source of energy in your household for lighting?
wave:2022,2022,i05,lfs_cooking_energy,LFS 2017-2023: Main source of energy for cooking,What is the main source of energy in your household for cooking?
wave:2022,2022,i06a,lfs_drinking_water_2017_2023,LFS 2017-2023: Main source of drinking water,What is the main source of water in your household for drinking?
wave:2022,2022,i06b,lfs_other_water_source_2017_2023,LFS 2017-2023: Main source of water for other uses,What is the main source of water in your household for other uses?
wave:2022,2022,i07a,lfs_owns_refrigerator,LFS 2017-2023: Household owns a refrigerator or freezer,Does this household own Refrigerator/Freezer?
wave:2022,2022,i07b,lfs_owns_radio,LFS 2017-2023: Household owns a radio,Does this household own radio?
wave:2022,2022,i07c,lfs_owns_tv,LFS 2017-2023: Household owns a television set,Does this household own TV set?
wave:2022,2022,i07d,lfs_owns_satellite_dish,LFS 2017-2023: Household owns a parabolic antenna,Does this household own parabolic antena?
wave:2022,2022,i07e,lfs_owns_dvd_player,LFS 2017-2023: Household owns a video or DVD player,Does this household own Video/DVD player?
wave:2022,2022,i07f,lfs_owns_computer,LFS 2017-2023: Household owns a computer,Does this household own Computer and accessories?
wave:2022,2022,i07g,lfs_owns_music_system,LFS 2017-2023: Household owns a music system,Does this household own Music system?
wave:2022,2022,i07h,lfs_owns_cooker,LFS 2017-2023: Household owns a cooker,Does this household own Cooker?
wave:2022,2022,i07i,lfs_owns_sewing_machine,LFS 2017-2023: Household owns a sewing machine,Does this household own Sewing machine?
wave:2022,2022,i07j,lfs_owns_washing_machine,LFS 2017-2023: Household owns a laundry machine,Does this household own Laundry machine?
wave:2022,2022,i07k,lfs_owns_electric_fan,LFS 2017-2023: Household owns an electric fan,Does this household own Electric fan?
wave:2022,2022,i07l,lfs_owns_camera,LFS 2017-2023: Household owns a camera,Does this household own Camera?
wave:2022,2022,i07m,lfs_owns_mobile_phone,LFS 2017-2023: Household owns a mobile phone,Does this household own Mobile phone?
wave:2022,2022,i07n,lfs_owns_car,LFS 2017-2023: Household owns a car,Does this household own Car ?
wave:2022,2022,i07o,lfs_owns_bicycle,LFS 2017-2023: Household owns a bicycle,Does this household own Bicycle  ?
wave:2022,2022,i07p,lfs_owns_motorcycle,LFS 2017-2023: Household owns a motorcycle,Does this household own Motorcycle  ?
wave:2022,2022,i07q,lfs_has_internet_connection,LFS 2017-2023: Household has an internet connection,Does this household own internet connection ?
wave:2022,2022,status1,lfs_labour_force_status,"LFS: Labour force status, NISR derived: 1 employed, 2 unemployed","Labour force status (NISR derived; population aged 14+: 1 employed, 2 unemployed, 3 outside the labour force)"
wave:2022,2022,wap16,lfs_working_age_16_plus,"LFS: Working-age population 16 and over, NISR indicator base",Working age population
wave:2022,2022,employed16,lfs_employment_ratio_base,"LFS: Employment-to-population ratio base, NISR indicator",Employment to population ratio
wave:2022,2022,ur1,lfs_unemployment_rate_base,"LFS: Unemployment rate base, NISR indicator",Unemployment rate
wave:2022,2022,lfpr,lfs_participation_rate_base,"LFS: Labour force participation rate base, NISR indicator",Labour force particiaption rate
wave:2022,2022,sub,lfs_subsistence_producer,"LFS 2017-2025: Subsistence foodstuff producer, NISR derived", Dimunished Subsistance foodstaff producers
wave:2022,2022,tru,lfs_time_underemployed,"LFS 2017-2025: Time-related underemployment, NISR derived",Time related underemployment
wave:2022,2022,plf,lfs_potential_labour_force,"LFS 2017-2025: Potential labour force category, NISR derived",Potential labour force
wave:2022,2022,youth,lfs_youth_16_24,"LFS 2020-2025: Youth aged 16 to 24, NISR derived",Youth 16 to 24 years old
wave:2022,2022,young,lfs_young_16_30,"LFS 2020-2025: Young aged 16 to 30, NISR derived",Young 16 to 30 years old
wave:2022,2022,luu,lfs_labour_underutilisation,"LFS 2017-2025: Labour underutilisation category, NISR derived",Labour underutilisation
wave:2022,2022,luur,lfs_underutilisation_rate,"LFS 2017-2024: Labour underutilisation rate, NISR derived",Labour underutilization rate
wave:2022,2022,disable,lfs_disability,"LFS 2018-2025: Person with disability, NISR derived",person with disability
wave:2022,2022,discourage,lfs_discouraged_jobseeker,"LFS 2018-2025: Discouraged jobseeker, NISR derived",Discouraged jobseekers
wave:2022,2022,willing,lfs_willing_non_seeker,"LFS 2018-2025: Willing non-seeker not available, NISR derived",Willing non seeker and not available
wave:2022,2022,migrant,lfs_recent_migration,LFS 2018-2025: Recent migration: internal or international,Recent migration
wave:2022,2022,neetyouth,lfs_neet_16_24,"LFS 2022-2025: Not in employment, education or training, aged 16-24",NEET 16-24
wave:2022,2022,neetyoung,lfs_neet_16_30,"LFS 2019-2025: Not in employment, education or training, aged 16-30",NEET 16-30
wave:2022,2022,youngs,lfs_young_status,"LFS 2022-2025: Status of the young: education, employment, both or neither",Young status
wave:2022,2022,main_sect,lfs_economic_sector,"LFS 2020-2025: Economic sector: agriculture, industry, services",Economic sector
wave:2022,2022,indb1,lfs_years_of_schooling,"LFS 2019-2025: Years of schooling, NISR derived",Years of schooling
wave:2022,2022,attained,lfs_education_completed,"LFS 2019-2025: Level of education completed, NISR derived",Level of education completed
wave:2022,2022,cash,lfs_monthly_cash_income,"LFS 2017-2025: Monthly income in cash of employees, NISR derived",Monthly income in cash for employees
wave:2022,2022,intcash,lfs_income_interval_2022_2024,"LFS 2022-2024: Income interval, NISR derived",Income interval
wave:2022,2022,age5,lfs_age_group_five_years,"LFS 2019-2025: Five-year age group, NISR derived",Five years age group
wave:2022,2022,age10,lfs_age_group_broad,"LFS 2019-2025: Broad age group, NISR derived",Broader age group
wave:2022,2022,usualhrs,lfs_usual_hours_interval,"LFS 2017-2025: Usual hours worked, interval, NISR derived",Usually working hours
wave:2022,2022,timegood,lfs_own_use_hours_goods,LFS 2022-2025: Time spent producing goods for own use,Time spent in production of good
wave:2022,2022,timeservice,lfs_own_use_hours_services,LFS 2022-2025: Time spent producing services for own use,Time spent in production of services
wave:2022,2022,hhsize,lfs_household_size,LFS 2022-2025: Household size (persons in the roster),Household size
wave:2022,2022,usual_h,lfs_usual_hours_number,"LFS 2017-2025: Number of usual hours worked, NISR derived",Number of usual hours
wave:2022,2022,act_hrs,lfs_actual_hours_worked,"LFS 2017-2025: Actual hours worked in all jobs, NISR derived",Number of actual hours worked
wave:2022,2022,acthrs,lfs_actual_hours_interval,"LFS 2017-2025: Actual hours worked, interval, NISR derived",Actual hours intervals
wave:2022,2022,ya,lfs_young_or_adult,LFS 2020-2025: Young 16-30 or adult 31 and over,Young/adult
wave:2022,2022,hr_own,lfs_own_use_hours_total,"LFS 2022-2025: Total hours in own-use production, NISR derived",Total hours in own use
wave:2022,2022,combhrs,lfs_combined_hours,LFS 2022-2023: Combined hours of own-use production and employment,Combined hours for Own use and employment
wave:2022,2022,subhrs,lfs_subsistence_hours_2022_2023,"LFS 2022-2023: NISR subsistence hours, product of two weekly measures","NISR subsistence hours = h02 x h03; in 2022-2023 both inputs are weekly hours, so this is NOT hours per week"
wave:2022,2022,hr_cshmain,lfs_hourly_wage_main_job,"LFS 2021-2024: Hourly wage of employees in the main job, NISR derived",Hourly wage of employees in main job
wave:2022,2022,hr_cash,lfs_hourly_wage,"LFS 2021-2024: Hourly wage of employees, NISR derived",Hourly wage of employees
wave:2022,2022,tvt2,lfs_general_or_tvet_attainment,"LFS 2019-2025: General or TVET attainment, NISR derived",General or TVET attainemnt
wave:2022,2022,tvet3,lfs_tvet_completion_type,LFS 2022-2023: Formal or non-formal TVET completion,TVET Completion
wave:2022,2022,agdis,lfs_age_group_5_15_16_plus,"LFS 2022-2023: Age group 5-15 or 16 and over, NISR derived",RECODE of A04 (Age at last birthday)
wave:2022,2022,prod_unit,lfs_production_sector,"LFS 2019-2025: Production sector unit: informal, formal, household",Production sector unit
wave:2022,2022,sm,lfs_search_methods_2021_2023,"LFS 2021-2023: Job-search methods, NISR summary",Search methods
wave:2022,2022,ud,lfs_unemployment_duration,"LFS 2019-2025: Unemployment duration bracket, NISR derived",Unemployment duration
wave:2022,2022,iev2,lfs_formal_employment,"LFS 2018-2025: Formal or informal employment in the main job, NISR derived",Formal and Informal employment for main job
wave:2022,2022,head,lfs_household_head_flag,"LFS 2022-2025: Head of the household, NISR derived",Head of the household
wave:2022,2022,dg01,lfs_own_use_firewood,"LFS 2022-2025: Own-use production: fetching firewood, NISR derived",fetch firewood
wave:2022,2022,dg02,lfs_own_use_water,"LFS 2022-2025: Own-use production: fetching water, NISR derived",fetch water
wave:2022,2022,dg03,lfs_own_use_fodder,"LFS 2022-2025: Own-use production: searching fodder or grazing, NISR derived",searching fooder or grazing
wave:2022,2022,dg04,lfs_own_use_goods,"LFS 2022-2025: Own-use production: manufacturing household goods, NISR derived",manufacturing household goods
wave:2022,2022,dg05,lfs_own_use_repairs,"LFS 2022-2025: Own-use production: repairing the dwelling, NISR derived",repairing household
wave:2022,2022,dg06,lfs_own_use_cooking,"LFS 2022-2025: Own-use production: cooking and shopping, NISR derived",Cooking and shopping
wave:2022,2022,dg07,lfs_own_use_care,LFS 2022-2025: Own-use production: looking after children and elderly (NISR),Looking after children and aldery
wave:2022,2022,age3,lfs_age_group_selected,"LFS 2022-2025: Selected age group, NISR derived",selected age group
wave:2022,2022,tvt,lfs_attended_tvet,"LFS 2020-2025: Attended TVET or not, NISR derived",Attended TVT or not
wave:2022,2022,lu2,lfs_underutilisation_lu2,LFS 2018-2025: LU2: unemployment and time-related underemployment rate,LU2 - Combined rate of unemployment and time-related underemployment(%)
wave:2022,2022,lu3,lfs_underutilisation_lu3,LFS 2018-2025: LU3: unemployment and potential labour force rate,LU3 - Combined rate of unemployment and potential labour force(%)
wave:2022,2022,lu4,lfs_underutilisation_lu4,LFS 2022-2025: LU4: composite measure of labour underutilisation,LU4 - Composite measure of labour underutilization(%)
wave:2022,2022,trur,lfs_time_underemployment_rate,"LFS 2018-2025: Time-related underemployment rate, NISR derived",Time related underemployment rate(%)
wave:2022,2022,indb05,lfs_education_field,"LFS 2017-2025: Field of education, NISR derived",Field of education
wave:2022,2022,isco2digit,lfs_isco_two_digit_main_job,LFS 2022-2025: ISCO two-digit group of the main job,occupation activity at two digit
wave:2022,2022,isic2digitdigit,lfs_isic_two_digit_main_job,LFS 2022-2025: ISIC two-digit division of the main job,economic activity at two digit
wave:2022,2022,indd01,lfs_isco_major_main_job,LFS 2017-2025: ISCO major group of the main job, ISCO High level
wave:2022,2022,indd03,lfs_isic_section_main_job,LFS: ISIC section of the main job, ISIC High level
wave:2022,2022,inde02,lfs_isic_section_second_job,LFS 2017-2023: ISIC section of the secondary job, ISIC High level_secondary
wave:2022,2022,age3_16_30,lfs_youth_age_group,"LFS 2022-2025: Youth age group 16-30, NISR derived",Youth age groups
wave:2022,2022,yur1,lfs_youth_unemployment_rate,"LFS 2022-2025: Youth unemployment rate base, NISR indicator",Youth unemployment rate
wave:2022,2022,hhid_nisr,lfs_nisr_household_id,LFS 2021-2025: NISR household identifier as shipped,NISR household id as shipped (HHID)
wave:2022,2022,pid_nisr,lfs_nisr_person_id,LFS 2017-2024: NISR person identifier as shipped,NISR person id as shipped (pid / pkey)
wave:2023,2023,survey,lfs_survey,LFS: Source survey,Source survey
wave:2023,2023,year,lfs_year,LFS: Survey year,Survey year
wave:2023,2023,wave,lfs_wave,LFS: Wave identifier,Wave (survey year)
wave:2023,2023,round,lfs_round,LFS: Data collection round,Data-collection round as labelled by NISR (FEB17 ... NOV21); empty in 2022-2025 (not shipped)
wave:2023,2023,quarter,lfs_quarter,LFS: Quarter of the round,"Quarter (1 Feb, 2 May, 3 Aug, 4 Nov): from the round to 2021, from the file's block structure in 2023-2025; missing in 2022"
wave:2023,2023,interview,lfs_interview,LFS: Interview number of the household in the year,"Interview number of the household within the year (1, 2): rank of the quarter where known; order of appearance in the file in 2022"
wave:2023,2023,prov,lfs_province,"LFS: Province, NISR code 1-5","Province (1-5, NISR codes)"
wave:2023,2023,dist,lfs_district,"LFS: District, NISR code 11-57","District (11-57, NISR codes)"
wave:2023,2023,urban,lfs_urban,"LFS: Area of residence: 1 urban, 2 rural","Area of residence (1 urban, 2 rural)"
wave:2023,2023,cluster,lfs_cluster,LFS: Sampling cluster or village identifier,Sampling cluster id (year_psu)
wave:2023,2023,psu,lfs_psu,LFS: Primary sampling unit,Primary sampling unit number (NISR PSU_NO; anonymised)
wave:2023,2023,hhid,lfs_household_id,LFS: Household identifier,Household id = PSU*100 + household number (unique with year + interview)
wave:2023,2023,pid,lfs_person_id,LFS: Person number within the household,Person number within the household (2025: row order within the household-interview; no person id shipped)
wave:2023,2023,sex,lfs_sex,"LFS: Sex: 1 male, 2 female","Sex (1 male, 2 female)"
wave:2023,2023,age,lfs_age,LFS: Age in completed years,Age in years
wave:2023,2023,wt,lfs_weight,LFS: Sampling weight,Annual person weight (sums to population)
wave:2023,2023,wt_round,lfs_round_weight,LFS: Round weight,Round weight (where released)
wave:2023,2023,psu_no,lfs_psu_number_shipped,LFS 2017-2025: Primary sampling unit number as shipped by NISR,Primary Sampling Unit-quarterly
wave:2023,2023,qh_no,lfs_household_number_in_psu,LFS 2021-2025: Household number within the primary sampling unit as shipped,QUESTIONNAIRE  NUMBER
wave:2023,2023,lfs_year,lfs_data_collection_year,LFS 2020-2025: LFS data collection year as shipped,LFS data collection year
wave:2023,2023,a02,lfs_relation_to_head_2017_2023,LFS 2017-2023: Relationship to the household head,Relationship
wave:2023,2023,a03m,lfs_birth_month,LFS 2017-2025: Month of birth,Date of birth Month
wave:2023,2023,a03y,lfs_birth_year,LFS 2017-2025: Year of birth,date of birth year
wave:2023,2023,a05,lfs_present_marital_status,LFS 2017-2025: Present marital status as reported,Present marital status
wave:2023,2023,a06,lfs_difficulty_seeing,"LFS 2017-2025: Difficulty seeing, even with glasses (Washington Group)","Do you have difficulty seeing, even if wearing glasses?"
wave:2023,2023,a07,lfs_difficulty_hearing,"LFS 2017-2025: Difficulty hearing, even with a hearing aid (Washington Group)","Do you have difficulty hearing, even if using a hearing aid?"
wave:2023,2023,a08,lfs_difficulty_walking,LFS 2017-2025: Difficulty walking or climbing steps (Washington Group),Do you have difficulty walking or climbing steps?
wave:2023,2023,a09,lfs_difficulty_remembering,LFS 2017-2025: Difficulty remembering or concentrating (Washington Group),Do you have difficulty remembering or concentrating?
wave:2023,2023,a10,lfs_difficulty_self_care,LFS 2017-2025: Difficulty with self-care such as washing or dressing,Do you have difficulty (with self-care such as) washing all over or dressing?
wave:2023,2023,a11,lfs_difficulty_communicating,LFS 2017-2025: Difficulty communicating in the usual language,"Using your usual language, do you have difficulty communicating, mple understand"
wave:2023,2023,a12,lfs_nationality_2017_2024,LFS 2017-2024: Nationality,What is nationality?
wave:2023,2023,a13,lfs_residential_status,LFS 2017-2025: Residential status in Rwanda,Residential Status in Rwanda
wave:2023,2023,a14a,lfs_country_of_birth_2017_2024,LFS 2017-2024: Country or area of birth,Country/Area of birth
wave:2023,2023,a14b,lfs_district_of_birth_2017_2025,LFS 2017-2025: District of birth,District of birth
wave:2023,2023,a15,lfs_always_in_district_2019_2024,LFS 2019-2024: Usual residence always in this district,Has usual place of residence  always been in this district?
wave:2023,2023,a16y,lfs_years_since_last_move,LFS 2019-2025: Years since the last move of usual residence,The period of usual place of residence( last move)-Years
wave:2023,2023,a17a,lfs_previous_district_2019_2024,LFS 2019-2024: District or foreign country of previous residence,District or foreign country did he/she live.
wave:2023,2023,a17b,lfs_previous_district_code,LFS 2019-2025: District code of the previous residence,District code
wave:2023,2023,a18,lfs_previous_place_type,LFS 2017-2023: Kind of place of the previous residence,Kind of place he/she lived in prior to arriving here?
wave:2023,2023,a19,lfs_years_previous_location,LFS 2017-2025: Duration of stay in the previous location,How long did he/she live in the previous location prior to arriving here?
wave:2023,2023,a20,lfs_reason_for_moving,LFS 2017-2025: Reason for moving to the current location,Reason to move away from previous location
wave:2023,2023,a21,lfs_away_from_home_12m,LFS 2017-2023: Away from home in the last 12 months,Has he/she been away from home in this last 12 months?
wave:2023,2023,a22,lfs_months_away_12m,LFS 2017-2023: Months away from the household in the last 12 months,Months during the past 12 months has he/she been away from this HH
wave:2023,2023,a23,lfs_member_other_household,LFS 2017-2023: Member of another household while absent,"While absent, is/was he/she a member of another household?"
wave:2023,2023,a24,lfs_household_member,LFS 2017-2023: Is a household member,Is he/she household member?
wave:2023,2023,b01,lfs_student,LFS 2017-2025: Currently a student attending school,IS [NAME] currently studying?
wave:2023,2023,b02a,lfs_education_level_highest,LFS 2017-2025: Highest educational level attended,What is the Highest educational level is/ have [NAME] attending / attended?
wave:2023,2023,b02b,lfs_years_completed_in_level,LFS 2017-2025: Years completed in that level of education,How many years have you completed in that level of education?
wave:2023,2023,b03,lfs_highest_certificate,LFS 2017-2023: Highest certificate obtained,Highest certificate obtained
wave:2023,2023,b06,lfs_read_and_write,LFS 2017-2023: Ability to read and write,Ability to read and write
wave:2023,2023,b07,lfs_attending_tvet,LFS 2017-2025: Currently attending a trade or technical skills school,Currently attending any trade or technical Skills school
wave:2023,2023,b08,lfs_learned_tvet,LFS 2017-2025: Learned a trade or technical vocational course (TVET),Did you learn any Trade or Technical vocational course (TVET)?
wave:2023,2023,b09,lfs_training_duration,LFS 2017-2025: Duration of the training,How long will/did this Training take?
wave:2023,2023,b10,lfs_tvet_skills_type_2017_2024,LFS 2017-2024: Type of technical skills learned,Type of technical skills learned?
wave:2023,2023,b13,lfs_course_completed_2017_2024,LFS 2017-2024: Completed the course,Did [NAME] complete the course?
wave:2023,2023,b13a,lfs_course_completion_year,LFS 2017-2023: Year of completion of the course,In which year did (Name) complete this course?
wave:2023,2023,b14,lfs_after_course_2017_2024,LFS 2017-2024: What happened after completing the course,What happened after you completed the course?
wave:2023,2023,b18,lfs_used_social_media_3m,LFS 2021-2023: Used social media in the last three months,"Has [Name] in last three months used any social media (facebook, whatsapp, tweet"
wave:2023,2023,b19,lfs_used_internet_3m,LFS 2021-2023: Used the internet in the last three months,Has [Name] in the last three months used intenet? (for individual use not for of
wave:2023,2023,c01,lfs_worked_for_pay_7d,"LFS 2017-2025: Worked for wage, salary, commission or tips, last 7 days","During the last 7 days,did he/she do any work for wage, salary, commission, tips"
wave:2023,2023,c02,lfs_ran_business_7d,"LFS 2017-2025: Ran a business activity, last 7 days","During the past 7 days, did (NAME) run or do any kind of business, farming or ot"
wave:2023,2023,c03,lfs_helped_unpaid_7d,"LFS 2017-2025: Helped unpaid in a household business, last 7 days","During the past 7 days, did (NAME) help unpaid in a business owned by a househol"
wave:2023,2023,c04,lfs_work_in_agriculture,"LFS 2017-2023: Work in agriculture, farming or fishing","Was this work in agriculture, farming or fishing?"
wave:2023,2023,c05,lfs_products_for_sale,LFS 2017-2025: Products of the activity mainly for sale or for own use,"In general, are the products obtained from this activity for sale or for family"
wave:2023,2023,c06,lfs_job_absent_7d,"LFS 2017-2025: Had a paid job or business but was absent, last 7 days","During the last 7 days, did (NAME) have a paid job or a business from which he/s"
wave:2023,2023,c07,lfs_reason_absent_2017_2025,LFS 2017-2025: Main reason for absence from work,What was the main reason (NAME) was absent from work during the last 7 days?
wave:2023,2023,c08,lfs_expected_absence,LFS 2017-2025: Expected total absence from work,What is the expected total absence from work for (NAME)?
wave:2023,2023,c09,lfs_income_during_absence,LFS 2017-2025: Continues to receive income during the absence,Does (NAME) continue receiving an income from his/her job during absence?
wave:2023,2023,c09a,lfs_absence_category,LFS 2019-2025: Category of the situation of the absent person,"Among the following categories, which correspond to the (NAME)'s situation"
wave:2023,2023,c10,lfs_other_paid_job,LFS 2017-2025: Had another paid job or business,Did [NAME] have any other paid job or business or performed any secondary activi
wave:2023,2023,c11a,lfs_usual_hours_main_job,"LFS 2017-2025: Usual hours per week, main job",How many hours does [NAME] usually work per week?Main job/activity
wave:2023,2023,c11b,lfs_usual_hours_second_job,"LFS 2017-2025: Usual hours per week, secondary job",How many hours does [NAME] usually work per week?Secondary job/activity
wave:2023,2023,c12a,lfs_days_worked_main_job,"LFS 2017-2025: Days worked in the main job, last 7 days","During the past 7 days, how many days did (NAME) actually work?Main job/activity"
wave:2023,2023,c12b,lfs_days_worked_second_job,"LFS 2017-2025: Days worked in the secondary job, last 7 days","During the past 7 days, how many days did (NAME) actually work?Secondary job/act"
wave:2023,2023,c13a,lfs_hours_per_day_main_job,"LFS 2017-2025: Hours per day worked in the main job, last 7 days","During the past 7 days, how many hours per day did (NAME) actually worked?Main j"
wave:2023,2023,c13b,lfs_hours_per_day_second_job,"LFS 2017-2025: Hours per day worked in the secondary job, last 7 days","During the past 7 days, how many hours per day did (NAME) actually worked?second"
wave:2023,2023,c14,lfs_hours_all_jobs_7d,"LFS 2017-2025: Hours usually worked at all jobs, last 7 days",How many hours did [NAME) usually worked at all jobs combined during the last 7
wave:2023,2023,c15,lfs_reason_long_hours,LFS 2017-2025: Main reason for working long hours,What was the main reason (NAME) usually worked long hours per week?
wave:2023,2023,c16,lfs_looked_more_work_4w,"LFS 2017-2025: Looked for additional or other work, last 4 weeks","During the last 4 weeks, did (NAME) look for additional or other work?"
wave:2023,2023,c17,lfs_wants_more_hours,LFS 2017-2025: Would want to work more hours per week,Would want to work more hours per week than usualy worked provided the extra hou
wave:2023,2023,c18,lfs_available_more_work,LFS 2017-2025: Available for additional work if an opportunity arose,"If an opportunity for additional work became available, could (NAME) start worki"
wave:2023,2023,c19,lfs_looked_for_job_4w,"LFS 2017-2025: Looked for a paid job or tried to start a business, last 4 weeks","During the last 4 weeks, did [NAME] look for any kind of paid job or try to star"
wave:2023,2023,c20,lfs_job_arranged,LFS 2017-2025: Already found a job or arranged to start a business,Has [NAME] already found a job or arranged to start a business in the next 4 wee
wave:2023,2023,c22,lfs_unemployment_spell_2017_2024,LFS 2017-2024: Duration without work and looking for a job,For how long has [NAME] been without work and trying to find a paid job or start
wave:2023,2023,c23,lfs_wants_paid_job,LFS 2017-2025: Would want to work if a job or business were available,Would [NAME] want to work if a  paid job or business opportunity became availabl
wave:2023,2023,c24,lfs_reason_not_search_2017_2025,LFS 2017-2025: Main reason for not trying to find a job or start a business,What was the main reason (NAME) did not try to find a paid job or start a busine
wave:2023,2023,c25,lfs_available_to_start,LFS 2017-2025: Available to start if a job or business opportunity arose,"If a paid job or business opportunity become available, could [NAME] have starte"
wave:2023,2023,c26,lfs_reason_no_start_2017_2024,LFS 2017-2024: Main reason the person could not start working,What is the mean reason why (NAME) could not  start working in the last 7 days o
wave:2023,2023,c21,lfs_job_search_method,"LFS 2019-2025: Main method used to find a job, last 4 weeks",what did [NAME] do  in the last 4 weeks to find a paid job or start a business?
wave:2023,2023,c21_a,lfs_search_financial,"LFS 2022-2023: Search method: arranging financial resources, permits or licences","Arranging for financial ressources,applying for permits,licences"
wave:2023,2023,c21_b,lfs_search_land_premises,"LFS 2022-2023: Search method: looking for land, premises or equipment","Looking for land,premises,machinery,supplies,farming inputs"
wave:2023,2023,c21_c,lfs_search_friends,LFS 2022-2023: Search method: help of friends and relatives,"Seeking the assistance of friends,relatives or other types of intermediaries"
wave:2023,2023,c21_d,lfs_search_employment_agency,LFS 2022-2023: Search method: registering with an employment agency,Registering with or contacting public or private employment services
wave:2023,2023,c21_e,lfs_search_employers_direct,LFS 2022-2023: Search method: applying to employers directly,"Applying to employers directly,checking at worksites,farms,factory gates,markets"
wave:2023,2023,c21_f,lfs_search_newspaper_ads,LFS 2022-2023: Search method: newspaper or internet advertisements,Placing or answering newspaper or online job advertisements
wave:2023,2023,c21_g,lfs_search_online_resume,LFS 2022-2023: Search method: placing or updating online resumes,Placing and updating resumes on professional or social networking sites online
wave:2023,2023,c21_h,lfs_search_no_method,LFS 2022-2023: Search method: none,No method
wave:2023,2023,c21_l,lfs_search_other_text,"LFS 2022-2023: Search method: other, text","Other, specify"
wave:2023,2023,d03a,lfs_workplace_name_2022_2024,LFS 2022-2024: Name of the workplace of the main job,What is the name of (NAME)?s workplace?
wave:2023,2023,d04,lfs_inst_sector_main_2017_2024,LFS 2017-2024: Institutional sector of the main job,Does (Name) work in....
wave:2023,2023,d05,lfs_employment_status_2017_2024,LFS 2017-2024: Status in employment in the main job,"In this job, is  [NAME] working as??"
wave:2023,2023,d06,lfs_contract_type,LFS 2017-2025: Written contract or oral agreement,Have [NAME] been employed on the basis of:
wave:2023,2023,d07,lfs_contract_agreement_2017_2024,LFS 2017-2024: Type of contract or agreement,Is [NAME]'s contract or agreement :
wave:2023,2023,d08,lfs_contract_duration_2017_2024,LFS 2017-2024: Duration of the contract,The duration of the contract or agreement?
wave:2023,2023,d09a,lfs_employer_social_security,LFS 2017-2025: Employer pays social security contributions,Does employer pay contributions on [NAME]?s behalf to social security fund
wave:2023,2023,d09b,lfs_employer_health_insurance,LFS 2017-2023: Employer pays health insurance contributions,Does employer pay contributions on [NAME]?s behalf to health insurance fund
wave:2023,2023,d10a,lfs_paid_annual_leave,LFS 2017-2025: Entitled to paid annual leave,Benefits paid for annual leave
wave:2023,2023,d10b,lfs_paid_sick_leave,LFS 2017-2025: Entitled to paid sick leave,Benefits  paid for sick leave
wave:2023,2023,d10c,lfs_maternity_paternity_leave,LFS 2017-2025: Entitled to paid maternity or paternity leave,Benefits  paid for maternity/paternity leave
wave:2023,2023,d10d,lfs_salary_tax_deducted,LFS 2017-2025: Salary subject to income tax deduction,Is (Name)'s salary subjected to deduction of taxe (PAYE)
wave:2023,2023,d11,lfs_trade_union_member,LFS 2017-2023: Belongs to a trade union or syndicate,Does [NAME] belong to any trade union or syndicate
wave:2023,2023,d12,lfs_earnings_cash_main_job,"LFS 2017-2024: Earnings in cash from the main job, last payment","How much did he/she  earn at main job last time in cash and in kind, before taxe"
wave:2023,2023,d12a,lfs_earnings_amount_rwf,"LFS 2017-2023: Earnings amount in Rwandan francs, main job",Amount in Rwandan francs
wave:2023,2023,d13,lfs_earnings_period,LFS 2017-2023: Period covered by the earnings,How long did it cover?
wave:2023,2023,d14,lfs_in_kind_payments,LFS 2017-2023: Receives in-kind payments in the main job,"Does [NAME] receive in-kind payments in main job such as food, agricultural prod"
wave:2023,2023,d15,lfs_in_kind_value,LFS 2017-2023: Value of the in-kind payments,What is the value of these in-kind payments?
wave:2023,2023,d15a,lfs_in_kind_amount_rwf,LFS 2017-2023: In-kind payments in Rwandan francs,Amount in Rwandan francs
wave:2023,2023,d16,lfs_in_kind_period,LFS 2017-2023: Period covered by the in-kind payments,What period did it cover?
wave:2023,2023,d17,lfs_monthly_earnings_bracket,"LFS 2017-2023: Monthly earnings, cash and in kind, bracket","Taking into account both cash and in kind payments,Would you say the monthly amo"
wave:2023,2023,d20,lfs_business_registered,LFS 2017-2025: Business or establishment registered,Is the business/establishment where [NAME] works registered with the RRA or  pay
wave:2023,2023,d21,lfs_business_keeps_accounts,LFS 2017-2025: Business keeps accounts to report to an authority,"In order to report to an authority, does the business/establishment where (NAME)"
wave:2023,2023,d23,lfs_workplace_type_2017_2024,LFS 2017-2024: Type of place where the person usually works,In what type of place does [NAME] usually work?
wave:2023,2023,d27,lfs_has_secondary_job,LFS 2018-2023: Secondary paid job or business reported,Is a secondary paid job or business/activity reported
wave:2023,2023,d24a,lfs_work_experience_years,LFS 2019-2023: Total work experience in years,How long have [NAME] been working (total experience)-Years?
wave:2023,2023,e11,lfs_other_jobs_count,LFS 2017-2023: Number of jobs apart from the main job,Apart from the main job:how many Job did(Name) had in the last 7 days?
wave:2023,2023,e12,lfs_earnings_other_jobs,"LFS 2017-2023: Earnings from other jobs, cash and in kind",How much did (Name) earn from other jobs or activities had last week in cash?
wave:2023,2023,e12b,lfs_earnings_other_jobs_rwf,LFS 2017-2023: Earnings from other jobs in Rwandan francs,Amount in Rwandan francs
wave:2023,2023,e13,lfs_earnings_other_jobs_period,LFS 2017-2023: Period covered by the earnings from other jobs,How long did it cover?
wave:2023,2023,f01,lfs_worked_previously,LFS 2017-2023: Ever worked for a wage or in a business,"Has [NAME]ever worked previously for a wage, salary or for other income in cash"
wave:2023,2023,f02,lfs_reason_stopped_2017_2024,LFS 2017-2024: Main reason for stopping the last job,The main reason to stop working in his/her last paid job / business?
wave:2023,2023,f05,lfs_main_income_source,LFS 2017-2025: Main source of income at present,What is (Name) main source of income at present?
wave:2023,2023,g01,lfs_hours_firewood,"LFS 2017-2025: Hours collecting firewood, last 7 days","In the last 7 days, how many  hours did [NAME] spend collecting firewood for the"
wave:2023,2023,g02,lfs_hours_fetching_water,"LFS 2017-2025: Hours fetching water, last 7 days","In the last 7 days, how many hours did [NAME] spend fetching water for the house"
wave:2023,2023,g03,lfs_hours_fodder,"LFS 2017-2025: Hours searching fodder or grazing livestock, last 7 days","In the last 7 days, how many hours did [NAME] spend searching for  fodder or gra"
wave:2023,2023,g04,lfs_hours_making_goods,"LFS 2017-2025: Hours manufacturing household goods, last 7 days","In the last 7 days, how many hours did [NAME] spend manufacturing household good"
wave:2023,2023,g05,lfs_hours_construction,"LFS 2017-2025: Hours constructing or repairing the dwelling, last 7 days","In the last 7 days, how many hours did [NAME] spend constructing your dwelling,"
wave:2023,2023,g06,lfs_hours_household_chores,"LFS 2017-2025: Hours doing household chores, last 7 days","In the last 7 days, how many hours did [NAME] spend doing household chores inclu"
wave:2023,2023,g07,lfs_hours_care,"LFS 2017-2025: Hours looking after children or adults, last 7 days","In the last 7 days, how many hours did [NAME] spend looking after children and e"
wave:2023,2023,g01a,lfs_any_time_firewood,"LFS 2021-2025: Spent time collecting firewood, last 7 days","In the last 7 days,  did [NAME] spend time collecting firewood for the household"
wave:2023,2023,g02a,lfs_any_time_fetching_water,"LFS 2021-2025: Spent time fetching water, last 7 days","In the last 7 days, Did [Name] spent time on fetching water for the household?"
wave:2023,2023,g03a,lfs_any_time_fodder,"LFS 2021-2025: Spent time grazing or feeding livestock, last 7 days","In the last 7 days, Did [Name] spent time on grazing or feeding hiusehold animal"
wave:2023,2023,g04a,lfs_any_time_making_goods,"LFS 2021-2025: Spent time manufacturing household goods, last 7 days","In the last 7 days, Did [Name] spent time on manufacturing of goods for family u"
wave:2023,2023,g05a,lfs_any_time_construction,"LFS 2021-2025: Spent time on construction or building, last 7 days","In the last 7 days, Did [Name] spent time on construction of own building?"
wave:2023,2023,g06a,lfs_any_time_household_chores,"LFS 2021-2025: Spent time doing household chores, last 7 days","In the last 7 days, Did [Name] spent time on doing household chores?"
wave:2023,2023,g07a,lfs_any_time_care,"LFS 2021-2025: Spent time looking after children or adults, last 7 days","In the last 7 days, Did [Name] tooktime to look under children or adults"
wave:2023,2023,h01,lfs_own_use_work_4w,LFS 2017-2025: Did work mainly for own use in the last four weeks,During the last four weeks did he/she do any of the following  work mainly for o
wave:2023,2023,h02,lfs_own_use_hours_week_2021_2023,"LFS 2021-2023: Hours per week in own-use production, last 7 days",How many days per week did [NAME] usually worked in these activities?
wave:2023,2023,h03,lfs_own_use_usual_2021_2023,LFS 2021-2023: Usual hours per week in own-use production,How many hours per day has [NAME] usually worked in these activities?
wave:2023,2023,h05,lfs_sells_farm_products,LFS 2017-2025: Household sells or barters part of its farm products,"In general, did the household sell or barter any part of the goods obtained from"
wave:2023,2023,h06,lfs_share_of_products_sold,LFS 2017-2025: Share of the farm products regularly sold,About how much does the household regularly sell?
wave:2023,2023,h09,lfs_farm_hires_paid_workers,LFS 2017-2025: Engages paid employees in the farming activity,Do you regularly or sometimes engage paid employee in the farming activity?
wave:2023,2023,h00,lfs_labour_situation,LFS 2021-2023: Description of the situation in the labour market,How would you describe your main situation on labour market at present?
wave:2023,2023,h04,lfs_own_use_item_h04,"LFS 2017-2023: Own-use production item H04 as shipped, no label",
wave:2023,2023,h10,lfs_farm_paid_workers_bracket,"LFS 2017-2025: Paid employees engaged in farming, bracket","Excluding family members, how many paid employees do you usually  engage in thes"
wave:2023,2023,i01_a,lfs_roof_material_2017_2023,LFS 2017-2023: Main material of the roof,Main material used in building this house for roof
wave:2023,2023,i01_b,lfs_wall_material,LFS 2017-2023: Main material of the exterior walls,Main material used in building this house for exterior walls
wave:2023,2023,i01_c,lfs_floor_material,LFS 2017-2023: Main material of the floor,Main material used in building this house for floor
wave:2023,2023,i02,lfs_rooms_for_sleeping,LFS 2017-2023: Rooms used for sleeping,How many rooms in your household are used for sleeping?
wave:2023,2023,i03,lfs_toilet_type,LFS 2017-2023: Type of toilet,What type of toilet does your household have?
wave:2023,2023,i04,lfs_lighting_energy,LFS 2017-2023: Main source of energy for lighting,What is the main source of energy in your household for lighting?
wave:2023,2023,i05,lfs_cooking_energy,LFS 2017-2023: Main source of energy for cooking,What is the main source of energy in your household for cooking?
wave:2023,2023,i06a,lfs_drinking_water_2017_2023,LFS 2017-2023: Main source of drinking water,What is the main source of water in your household for drinking?
wave:2023,2023,i06b,lfs_other_water_source_2017_2023,LFS 2017-2023: Main source of water for other uses,What is the main source of water in your household for other uses?
wave:2023,2023,i07a,lfs_owns_refrigerator,LFS 2017-2023: Household owns a refrigerator or freezer,Does this household own Refrigerator/Freezer?
wave:2023,2023,i07b,lfs_owns_radio,LFS 2017-2023: Household owns a radio,Does this household own radio?
wave:2023,2023,i07c,lfs_owns_tv,LFS 2017-2023: Household owns a television set,Does this household own TV set?
wave:2023,2023,i07d,lfs_owns_satellite_dish,LFS 2017-2023: Household owns a parabolic antenna,Does this household own parabolic antena?
wave:2023,2023,i07e,lfs_owns_dvd_player,LFS 2017-2023: Household owns a video or DVD player,Does this household own Video/DVD player?
wave:2023,2023,i07f,lfs_owns_computer,LFS 2017-2023: Household owns a computer,Does this household own Computer and accessories?
wave:2023,2023,i07g,lfs_owns_music_system,LFS 2017-2023: Household owns a music system,Does this household own Music system?
wave:2023,2023,i07h,lfs_owns_cooker,LFS 2017-2023: Household owns a cooker,Does this household own Cooker?
wave:2023,2023,i07i,lfs_owns_sewing_machine,LFS 2017-2023: Household owns a sewing machine,Does this household own Sewing machine?
wave:2023,2023,i07j,lfs_owns_washing_machine,LFS 2017-2023: Household owns a laundry machine,Does this household own Laundry machine?
wave:2023,2023,i07k,lfs_owns_electric_fan,LFS 2017-2023: Household owns an electric fan,Does this household own Electric fan?
wave:2023,2023,i07l,lfs_owns_camera,LFS 2017-2023: Household owns a camera,Does this household own Camera?
wave:2023,2023,i07m,lfs_owns_mobile_phone,LFS 2017-2023: Household owns a mobile phone,Does this household own Mobile phone?
wave:2023,2023,i07n,lfs_owns_car,LFS 2017-2023: Household owns a car,Does this household own Car ?
wave:2023,2023,i07o,lfs_owns_bicycle,LFS 2017-2023: Household owns a bicycle,Does this household own Bicycle  ?
wave:2023,2023,i07p,lfs_owns_motorcycle,LFS 2017-2023: Household owns a motorcycle,Does this household own Motorcycle  ?
wave:2023,2023,i07q,lfs_has_internet_connection,LFS 2017-2023: Household has an internet connection,Does this household own internet connection ?
wave:2023,2023,status1,lfs_labour_force_status,"LFS: Labour force status, NISR derived: 1 employed, 2 unemployed","Labour force status (NISR derived; population aged 14+: 1 employed, 2 unemployed, 3 outside the labour force)"
wave:2023,2023,wap16,lfs_working_age_16_plus,"LFS: Working-age population 16 and over, NISR indicator base",Working age population
wave:2023,2023,employed16,lfs_employment_ratio_base,"LFS: Employment-to-population ratio base, NISR indicator",Employment to population ratio
wave:2023,2023,ur1,lfs_unemployment_rate_base,"LFS: Unemployment rate base, NISR indicator",Unemployment rate
wave:2023,2023,lfpr,lfs_participation_rate_base,"LFS: Labour force participation rate base, NISR indicator",Labour force particiaption rate
wave:2023,2023,sub,lfs_subsistence_producer,"LFS 2017-2025: Subsistence foodstuff producer, NISR derived", Dimunished Subsistance foodstaff producers
wave:2023,2023,tru,lfs_time_underemployed,"LFS 2017-2025: Time-related underemployment, NISR derived",Time related underemployment
wave:2023,2023,plf,lfs_potential_labour_force,"LFS 2017-2025: Potential labour force category, NISR derived",Potential labour force
wave:2023,2023,youth,lfs_youth_16_24,"LFS 2020-2025: Youth aged 16 to 24, NISR derived",Youth 16 to 24 years old
wave:2023,2023,young,lfs_young_16_30,"LFS 2020-2025: Young aged 16 to 30, NISR derived",Young 16 to 30 years old
wave:2023,2023,luu,lfs_labour_underutilisation,"LFS 2017-2025: Labour underutilisation category, NISR derived",Labour underutilisation
wave:2023,2023,luur,lfs_underutilisation_rate,"LFS 2017-2024: Labour underutilisation rate, NISR derived",Labour underutilization rate
wave:2023,2023,disable,lfs_disability,"LFS 2018-2025: Person with disability, NISR derived",person with disability
wave:2023,2023,discourage,lfs_discouraged_jobseeker,"LFS 2018-2025: Discouraged jobseeker, NISR derived",Discouraged jobseekers
wave:2023,2023,willing,lfs_willing_non_seeker,"LFS 2018-2025: Willing non-seeker not available, NISR derived",Willing non seeker and not available
wave:2023,2023,migrant,lfs_recent_migration,LFS 2018-2025: Recent migration: internal or international,Recent migration
wave:2023,2023,neetyouth,lfs_neet_16_24,"LFS 2022-2025: Not in employment, education or training, aged 16-24",NEET 16-24
wave:2023,2023,neetyoung,lfs_neet_16_30,"LFS 2019-2025: Not in employment, education or training, aged 16-30",NEET 16-30
wave:2023,2023,youngs,lfs_young_status,"LFS 2022-2025: Status of the young: education, employment, both or neither",Young status
wave:2023,2023,main_sect,lfs_economic_sector,"LFS 2020-2025: Economic sector: agriculture, industry, services",Economic sector
wave:2023,2023,indb1,lfs_years_of_schooling,"LFS 2019-2025: Years of schooling, NISR derived",Years of schooling
wave:2023,2023,attained,lfs_education_completed,"LFS 2019-2025: Level of education completed, NISR derived",Level of education completed
wave:2023,2023,cash,lfs_monthly_cash_income,"LFS 2017-2025: Monthly income in cash of employees, NISR derived",Monthly income in cash for employees
wave:2023,2023,intcash,lfs_income_interval_2022_2024,"LFS 2022-2024: Income interval, NISR derived",Income interval
wave:2023,2023,age5,lfs_age_group_five_years,"LFS 2019-2025: Five-year age group, NISR derived",Five years age group
wave:2023,2023,age10,lfs_age_group_broad,"LFS 2019-2025: Broad age group, NISR derived",Broader age group
wave:2023,2023,usualhrs,lfs_usual_hours_interval,"LFS 2017-2025: Usual hours worked, interval, NISR derived",Usually working hours
wave:2023,2023,timegood,lfs_own_use_hours_goods,LFS 2022-2025: Time spent producing goods for own use,Time spent in production of good
wave:2023,2023,timeservice,lfs_own_use_hours_services,LFS 2022-2025: Time spent producing services for own use,Time spent in production of services
wave:2023,2023,hhsize,lfs_household_size,LFS 2022-2025: Household size (persons in the roster),Household size
wave:2023,2023,usual_h,lfs_usual_hours_number,"LFS 2017-2025: Number of usual hours worked, NISR derived",Number of usual hours
wave:2023,2023,act_hrs,lfs_actual_hours_worked,"LFS 2017-2025: Actual hours worked in all jobs, NISR derived",Number of actual hours worked
wave:2023,2023,acthrs,lfs_actual_hours_interval,"LFS 2017-2025: Actual hours worked, interval, NISR derived",Actual hours intervals
wave:2023,2023,ya,lfs_young_or_adult,LFS 2020-2025: Young 16-30 or adult 31 and over,Young/adult
wave:2023,2023,hr_own,lfs_own_use_hours_total,"LFS 2022-2025: Total hours in own-use production, NISR derived",Total hours in own use
wave:2023,2023,combhrs,lfs_combined_hours,LFS 2022-2023: Combined hours of own-use production and employment,Combined hours for Own use and employment
wave:2023,2023,subhrs,lfs_subsistence_hours_2022_2023,"LFS 2022-2023: NISR subsistence hours, product of two weekly measures","NISR subsistence hours = h02 x h03; in 2022-2023 both inputs are weekly hours, so this is NOT hours per week"
wave:2023,2023,hr_cshmain,lfs_hourly_wage_main_job,"LFS 2021-2024: Hourly wage of employees in the main job, NISR derived",Hourly wage of employees in main job
wave:2023,2023,hr_cash,lfs_hourly_wage,"LFS 2021-2024: Hourly wage of employees, NISR derived",Hourly wage of employees
wave:2023,2023,tvt2,lfs_general_or_tvet_attainment,"LFS 2019-2025: General or TVET attainment, NISR derived",General or TVET attainemnt
wave:2023,2023,tvet3,lfs_tvet_completion_type,LFS 2022-2023: Formal or non-formal TVET completion,TVET Completion
wave:2023,2023,agdis,lfs_age_group_5_15_16_plus,"LFS 2022-2023: Age group 5-15 or 16 and over, NISR derived",RECODE of A04 (Age at last birthday)
wave:2023,2023,prod_unit,lfs_production_sector,"LFS 2019-2025: Production sector unit: informal, formal, household",Production sector unit
wave:2023,2023,sm,lfs_search_methods_2021_2023,"LFS 2021-2023: Job-search methods, NISR summary",Search methods
wave:2023,2023,ud,lfs_unemployment_duration,"LFS 2019-2025: Unemployment duration bracket, NISR derived",Unemployment duration
wave:2023,2023,iev2,lfs_formal_employment,"LFS 2018-2025: Formal or informal employment in the main job, NISR derived",Formal and Informal employment for main job
wave:2023,2023,head,lfs_household_head_flag,"LFS 2022-2025: Head of the household, NISR derived",Head of the household
wave:2023,2023,dg01,lfs_own_use_firewood,"LFS 2022-2025: Own-use production: fetching firewood, NISR derived",fetch firewood
wave:2023,2023,dg02,lfs_own_use_water,"LFS 2022-2025: Own-use production: fetching water, NISR derived",fetch water
wave:2023,2023,dg03,lfs_own_use_fodder,"LFS 2022-2025: Own-use production: searching fodder or grazing, NISR derived",searching fooder or grazing
wave:2023,2023,dg04,lfs_own_use_goods,"LFS 2022-2025: Own-use production: manufacturing household goods, NISR derived",manufacturing household goods
wave:2023,2023,dg05,lfs_own_use_repairs,"LFS 2022-2025: Own-use production: repairing the dwelling, NISR derived",repairing household
wave:2023,2023,dg06,lfs_own_use_cooking,"LFS 2022-2025: Own-use production: cooking and shopping, NISR derived",Cooking and shopping
wave:2023,2023,dg07,lfs_own_use_care,LFS 2022-2025: Own-use production: looking after children and elderly (NISR),Looking after children and aldery
wave:2023,2023,age3,lfs_age_group_selected,"LFS 2022-2025: Selected age group, NISR derived",selected age group
wave:2023,2023,tvt,lfs_attended_tvet,"LFS 2020-2025: Attended TVET or not, NISR derived",Attended TVT or not
wave:2023,2023,lu2,lfs_underutilisation_lu2,LFS 2018-2025: LU2: unemployment and time-related underemployment rate,LU2 - Combined rate of unemployment and time-related underemployment(%)
wave:2023,2023,lu3,lfs_underutilisation_lu3,LFS 2018-2025: LU3: unemployment and potential labour force rate,LU3 - Combined rate of unemployment and potential labour force(%)
wave:2023,2023,lu4,lfs_underutilisation_lu4,LFS 2022-2025: LU4: composite measure of labour underutilisation,LU4 - Composite measure of labour underutilization(%)
wave:2023,2023,trur,lfs_time_underemployment_rate,"LFS 2018-2025: Time-related underemployment rate, NISR derived",Time related underemployment rate(%)
wave:2023,2023,indb05,lfs_education_field,"LFS 2017-2025: Field of education, NISR derived",Field of education
wave:2023,2023,isco2digit,lfs_isco_two_digit_main_job,LFS 2022-2025: ISCO two-digit group of the main job,occupation activity at two digit
wave:2023,2023,isic2digitdigit,lfs_isic_two_digit_main_job,LFS 2022-2025: ISIC two-digit division of the main job,economic activity at two digit
wave:2023,2023,indd01,lfs_isco_major_main_job,LFS 2017-2025: ISCO major group of the main job, ISCO High level
wave:2023,2023,indd03,lfs_isic_section_main_job,LFS: ISIC section of the main job, ISIC High level
wave:2023,2023,inde02,lfs_isic_section_second_job,LFS 2017-2023: ISIC section of the secondary job, ISIC High level_secondary
wave:2023,2023,age3_16_30,lfs_youth_age_group,"LFS 2022-2025: Youth age group 16-30, NISR derived",Youth age groups
wave:2023,2023,yur1,lfs_youth_unemployment_rate,"LFS 2022-2025: Youth unemployment rate base, NISR indicator",Youth unemployment rate
wave:2023,2023,hhid_nisr,lfs_nisr_household_id,LFS 2021-2025: NISR household identifier as shipped,NISR household id as shipped (HHID)
wave:2023,2023,pid_nisr,lfs_nisr_person_id,LFS 2017-2024: NISR person identifier as shipped,NISR person id as shipped (pid / pkey)
wave:2024,2024,survey,lfs_survey,LFS: Source survey,Source survey
wave:2024,2024,year,lfs_year,LFS: Survey year,Survey year
wave:2024,2024,wave,lfs_wave,LFS: Wave identifier,Wave (survey year)
wave:2024,2024,round,lfs_round,LFS: Data collection round,Data-collection round as labelled by NISR (FEB17 ... NOV21); empty in 2022-2025 (not shipped)
wave:2024,2024,quarter,lfs_quarter,LFS: Quarter of the round,"Quarter (1 Feb, 2 May, 3 Aug, 4 Nov): from the round to 2021, from the file's block structure in 2023-2025; missing in 2022"
wave:2024,2024,interview,lfs_interview,LFS: Interview number of the household in the year,"Interview number of the household within the year (1, 2): rank of the quarter where known; order of appearance in the file in 2022"
wave:2024,2024,prov,lfs_province,"LFS: Province, NISR code 1-5","Province (1-5, NISR codes)"
wave:2024,2024,dist,lfs_district,"LFS: District, NISR code 11-57","District (11-57, NISR codes)"
wave:2024,2024,urban,lfs_urban,"LFS: Area of residence: 1 urban, 2 rural","Area of residence (1 urban, 2 rural)"
wave:2024,2024,cluster,lfs_cluster,LFS: Sampling cluster or village identifier,Sampling cluster id (year_psu)
wave:2024,2024,psu,lfs_psu,LFS: Primary sampling unit,Primary sampling unit number (NISR PSU_NO; anonymised)
wave:2024,2024,hhid,lfs_household_id,LFS: Household identifier,Household id = PSU*100 + household number (unique with year + interview)
wave:2024,2024,pid,lfs_person_id,LFS: Person number within the household,Person number within the household (2025: row order within the household-interview; no person id shipped)
wave:2024,2024,sex,lfs_sex,"LFS: Sex: 1 male, 2 female","Sex (1 male, 2 female)"
wave:2024,2024,age,lfs_age,LFS: Age in completed years,Age in years
wave:2024,2024,wt,lfs_weight,LFS: Sampling weight,Annual person weight (sums to population)
wave:2024,2024,wt_round,lfs_round_weight,LFS: Round weight,Round weight (where released)
wave:2024,2024,psu_no,lfs_psu_number_shipped,LFS 2017-2025: Primary sampling unit number as shipped by NISR,Primary Sampling Unit
wave:2024,2024,qh_no,lfs_household_number_in_psu,LFS 2021-2025: Household number within the primary sampling unit as shipped,QUESTIONNAIRE  NUMBER
wave:2024,2024,lfs_strata,lfs_stratum_shipped,"LFS 2024-2025: Sampling stratum as shipped, district by area",strata for LFS
wave:2024,2024,lfs_year,lfs_data_collection_year,LFS 2020-2025: LFS data collection year as shipped,LFS data collection year
wave:2024,2024,a02,lfs_relation_to_head_2024_2025,"LFS 2024-2025: Relationship to the household head, 14-code list",Relationship
wave:2024,2024,a03m,lfs_birth_month,LFS 2017-2025: Month of birth,Date of birth Month
wave:2024,2024,a03y,lfs_birth_year,LFS 2017-2025: Year of birth,date of birth year
wave:2024,2024,a05,lfs_present_marital_status,LFS 2017-2025: Present marital status as reported,Present marital status
wave:2024,2024,a06,lfs_difficulty_seeing,"LFS 2017-2025: Difficulty seeing, even with glasses (Washington Group)","Do you have difficulty seeing, even if wearing glasses?"
wave:2024,2024,a07,lfs_difficulty_hearing,"LFS 2017-2025: Difficulty hearing, even with a hearing aid (Washington Group)","Do you have difficulty hearing, even if using a hearing aid?"
wave:2024,2024,a08,lfs_difficulty_walking,LFS 2017-2025: Difficulty walking or climbing steps (Washington Group),Do you have difficulty walking or climbing steps?
wave:2024,2024,a09,lfs_difficulty_remembering,LFS 2017-2025: Difficulty remembering or concentrating (Washington Group),Do you have difficulty remembering or concentrating?
wave:2024,2024,a10,lfs_difficulty_self_care,LFS 2017-2025: Difficulty with self-care such as washing or dressing,Do you have difficulty (with self-care such as) washing all over or dressing?
wave:2024,2024,a11,lfs_difficulty_communicating,LFS 2017-2025: Difficulty communicating in the usual language,"Using your usual language, do you have difficulty communicating, mple understand"
wave:2024,2024,a12,lfs_nationality_2017_2024,LFS 2017-2024: Nationality,What is nationality?
wave:2024,2024,a13,lfs_residential_status,LFS 2017-2025: Residential status in Rwanda,Residential Status in Rwanda
wave:2024,2024,a14a,lfs_country_of_birth_2017_2024,LFS 2017-2024: Country or area of birth,Country/Area of birth
wave:2024,2024,a14b,lfs_district_of_birth_2024,LFS 2024: District of birth; the 2024 file mixes district and sector codes,District of birth -- 2024 file mixes district codes (11-57) and sector codes (1101-5714; district = code // 100)
wave:2024,2024,a15,lfs_always_in_district_2019_2024,LFS 2019-2024: Usual residence always in this district,Has usual place of residence  always been in this district?
wave:2024,2024,a16y,lfs_years_since_last_move,LFS 2019-2025: Years since the last move of usual residence,The period of usual place of residence( last move)-Years
wave:2024,2024,a17a,lfs_previous_district_2019_2024,LFS 2019-2024: District or foreign country of previous residence,District or foreign country did he/she live.
wave:2024,2024,a17b,lfs_previous_district_code,LFS 2019-2025: District code of the previous residence,District code
wave:2024,2024,a19,lfs_years_previous_location,LFS 2017-2025: Duration of stay in the previous location,How long did he/she live in the previous location prior to arriving here?
wave:2024,2024,a20,lfs_reason_for_moving,LFS 2017-2025: Reason for moving to the current location,Reason to move away from previous location
wave:2024,2024,b01,lfs_student,LFS 2017-2025: Currently a student attending school,IS [NAME] currently studying?
wave:2024,2024,b02a,lfs_education_level_highest,LFS 2017-2025: Highest educational level attended,What is the Highest educational level is/ have [NAME] attending / attended?
wave:2024,2024,b02b,lfs_years_completed_in_level,LFS 2017-2025: Years completed in that level of education,How many years have you completed in that level of education?
wave:2024,2024,b07,lfs_attending_tvet,LFS 2017-2025: Currently attending a trade or technical skills school,Currently attending any trade or technical Skills school
wave:2024,2024,b08,lfs_learned_tvet,LFS 2017-2025: Learned a trade or technical vocational course (TVET),Did you learn any Trade or Technical vocational course (TVET)?
wave:2024,2024,b09,lfs_training_duration,LFS 2017-2025: Duration of the training,How long will/did this Training take?
wave:2024,2024,b10,lfs_tvet_skills_type_2017_2024,LFS 2017-2024: Type of technical skills learned,Type of technical skills learned?
wave:2024,2024,b13,lfs_course_completed_2017_2024,LFS 2017-2024: Completed the course,Did [NAME] complete the course?
wave:2024,2024,b14,lfs_after_course_2017_2024,LFS 2017-2024: What happened after completing the course,What happened after you completed the course?
wave:2024,2024,c01,lfs_worked_for_pay_7d,"LFS 2017-2025: Worked for wage, salary, commission or tips, last 7 days","During the last 7 days,did he/she do any work for wage, salary, commission, tips"
wave:2024,2024,c02,lfs_ran_business_7d,"LFS 2017-2025: Ran a business activity, last 7 days","During the past 7 days, did (NAME) run or do any kind of business, farming or ot"
wave:2024,2024,c03,lfs_helped_unpaid_7d,"LFS 2017-2025: Helped unpaid in a household business, last 7 days","During the past 7 days, did (NAME) help unpaid in a business owned by a househol"
wave:2024,2024,c05,lfs_products_for_sale,LFS 2017-2025: Products of the activity mainly for sale or for own use,"In general, are the products obtained from this activity for sale or for family"
wave:2024,2024,c06,lfs_job_absent_7d,"LFS 2017-2025: Had a paid job or business but was absent, last 7 days","During the last 7 days, did (NAME) have a paid job or a business from which he/s"
wave:2024,2024,c07,lfs_reason_absent_2017_2025,LFS 2017-2025: Main reason for absence from work,What was the main reason (NAME) was absent from work during the last 7 days?
wave:2024,2024,c08,lfs_expected_absence,LFS 2017-2025: Expected total absence from work,What is the expected total absence from work for (NAME)?
wave:2024,2024,c09,lfs_income_during_absence,LFS 2017-2025: Continues to receive income during the absence,Does (NAME) continue receiving an income from his/her job during absence?
wave:2024,2024,c09a,lfs_absence_category,LFS 2019-2025: Category of the situation of the absent person,"Among the following categories, which correspond to the (NAME)'s situation"
wave:2024,2024,c10,lfs_other_paid_job,LFS 2017-2025: Had another paid job or business,Did [NAME] have any other paid job or business or performed any secondary activi
wave:2024,2024,c10a,lfs_number_other_jobs,LFS 2024-2025: Number of jobs other than the main job,How many jobs other than main job do(you/name) posess?
wave:2024,2024,c11a,lfs_usual_hours_main_job,"LFS 2017-2025: Usual hours per week, main job",How many hours does [NAME] usually work per week?Main job/activity
wave:2024,2024,c11b,lfs_usual_hours_second_job,"LFS 2017-2025: Usual hours per week, secondary job",How many hours does [NAME] usually work per week?Secondary job/activity
wave:2024,2024,c12a,lfs_days_worked_main_job,"LFS 2017-2025: Days worked in the main job, last 7 days","During the past 7 days, how many days did (NAME) actually work?Main job/activity"
wave:2024,2024,c12b,lfs_days_worked_second_job,"LFS 2017-2025: Days worked in the secondary job, last 7 days","During the past 7 days, how many days did (NAME) actually work?Secondary job/act"
wave:2024,2024,c13a,lfs_hours_per_day_main_job,"LFS 2017-2025: Hours per day worked in the main job, last 7 days","During the past 7 days, how many hours per day did (NAME) actually worked?Main j"
wave:2024,2024,c13b,lfs_hours_per_day_second_job,"LFS 2017-2025: Hours per day worked in the secondary job, last 7 days","During the past 7 days, how many hours per day did (NAME) actually worked?second"
wave:2024,2024,c14,lfs_hours_all_jobs_7d,"LFS 2017-2025: Hours usually worked at all jobs, last 7 days",How many hours did [NAME) usually worked at all jobs combined during the last 7
wave:2024,2024,c15,lfs_reason_long_hours,LFS 2017-2025: Main reason for working long hours,What was the main reason (NAME) usually worked long hours per week?
wave:2024,2024,c16,lfs_looked_more_work_4w,"LFS 2017-2025: Looked for additional or other work, last 4 weeks","During the last 4 weeks, did (NAME) look for additional or other work?"
wave:2024,2024,c17,lfs_wants_more_hours,LFS 2017-2025: Would want to work more hours per week,Would want to work more hours per week than usualy worked provided the extra hou
wave:2024,2024,c18,lfs_available_more_work,LFS 2017-2025: Available for additional work if an opportunity arose,"If an opportunity for additional work became available, could (NAME) start worki"
wave:2024,2024,c19,lfs_looked_for_job_4w,"LFS 2017-2025: Looked for a paid job or tried to start a business, last 4 weeks","During the last 4 weeks, did [NAME] look for any kind of paid job or try to star"
wave:2024,2024,c19a,lfs_tried_start_business_4w,"LFS 2024-2025: Tried to start a business, last 4 weeks",During the last 4 weeks did(name) try to start a business?
wave:2024,2024,c20,lfs_job_arranged,LFS 2017-2025: Already found a job or arranged to start a business,Has [NAME] already found a job or arranged to start a business in the next 4 wee
wave:2024,2024,c20a,lfs_start_new_job_when,LFS 2024-2025: How soon the person expects to start the new job,How soon Does  [NAME] expect  to start  working in  this new job or  business ?
wave:2024,2024,c21,lfs_job_search_method,"LFS 2019-2025: Main method used to find a job, last 4 weeks",what did [NAME] do  in the last 4 weeks to find a paid job or start a business?
wave:2024,2024,c21a,lfs_search_apply_employers_2024,LFS 2024: Search method: applying to prospective employers,Apply to prospective Employers
wave:2024,2024,c21b,lfs_search_place_advert_2024,LFS 2024: Search method: placing a job advertisement,Place or Answer Job Advertisement
wave:2024,2024,c21c,lfs_search_post_resume_2024,LFS 2024: Search method: posting or updating a resume,Post/Update resume on professional/Social networking sites online
wave:2024,2024,c21d,lfs_search_agency_2018_2024,LFS 2018-2024: Search method: registering with an employment agency,Register with Employment center(Public/private)
wave:2024,2024,c21e,lfs_search_test_interview_2024,LFS 2024: Search method: taking a test or interview,Take a test or Interview
wave:2024,2024,c21f,lfs_search_help_relatives_2024,LFS 2024: Search method: help of relatives,"Seek help from Relatives,friends,Others"
wave:2024,2024,c21g,lfs_search_check_worksites_2024,LFS 2024: Search method: checking factories or worksites,Check at Factories worksite
wave:2024,2024,c21h,lfs_search_wait_street_2024,LFS 2024: Search method: waiting on the street to be recruited,Wait on the street to be recruited
wave:2024,2024,c21i,lfs_search_financial_help_2024,LFS 2024: Search method: seeking financial help to start a business,Seek Financial help to start a business
wave:2024,2024,c21j,lfs_search_land_equipment_2024,"LFS 2024: Search method: looking for land, building or equipment","Look for land,building,equipment,Materials to start a business"
wave:2024,2024,c21k,lfs_search_permit_licence_2024,LFS 2024: Search method: applying for a permit or licence,Apply for permit or licence to start a business        street to be recruited
wave:2024,2024,c21l,lfs_search_method_item_2024,LFS 2024: Job-search method item as shipped in 2024,No Method
wave:2024,2024,c21m,lfs_search_other_text_2024,"LFS 2024: Search method: other, text","Other,specify"
wave:2024,2024,c22,lfs_unemployment_spell_2017_2024,LFS 2017-2024: Duration without work and looking for a job,For how long has [NAME] been without work and trying to find a paid job or start
wave:2024,2024,c23,lfs_wants_paid_job,LFS 2017-2025: Would want to work if a job or business were available,Would [NAME] want to work if a  paid job or business opportunity became availabl
wave:2024,2024,c24,lfs_reason_not_search_2017_2025,LFS 2017-2025: Main reason for not trying to find a job or start a business,What was the main reason (NAME) did not try to find a paid job or start a busine
wave:2024,2024,c25,lfs_available_to_start,LFS 2017-2025: Available to start if a job or business opportunity arose,"If a paid job or business opportunity become available, could [NAME] have starte"
wave:2024,2024,c26,lfs_reason_no_start_2017_2024,LFS 2017-2024: Main reason the person could not start working,What is the mean reason why (NAME) could not  start working in the last 7 days o
wave:2024,2024,d03a,lfs_workplace_name_2022_2024,LFS 2022-2024: Name of the workplace of the main job,What is the name of (NAME)?s workplace?
wave:2024,2024,d04,lfs_inst_sector_main_2017_2024,LFS 2017-2024: Institutional sector of the main job,Does (Name) work in....
wave:2024,2024,d05,lfs_employment_status_2017_2024,LFS 2017-2024: Status in employment in the main job,"In this job, is  [NAME] working as??"
wave:2024,2024,d05a,lfs_workplace_size,"LFS 2024-2025: Persons at the workplace including the person, bracket",How many persons including  you at your work place?
wave:2024,2024,d05a1,lfs_workplace_size_number,"LFS 2024-2025: Persons at the workplace including the person, number","Number of  persons including  you at your work place,Less than 10"
wave:2024,2024,d06,lfs_contract_type,LFS 2017-2025: Written contract or oral agreement,Have [NAME] been employed on the basis of:
wave:2024,2024,d07,lfs_contract_agreement_2017_2024,LFS 2017-2024: Type of contract or agreement,Is [NAME]'s contract or agreement :
wave:2024,2024,d08,lfs_contract_duration_2017_2024,LFS 2017-2024: Duration of the contract,The duration of the contract or agreement?
wave:2024,2024,d09a,lfs_employer_social_security,LFS 2017-2025: Employer pays social security contributions,Does employer pay contributions on [NAME]?s behalf to social security fund
wave:2024,2024,d10a,lfs_paid_annual_leave,LFS 2017-2025: Entitled to paid annual leave,Benefits paid for annual leave
wave:2024,2024,d10b,lfs_paid_sick_leave,LFS 2017-2025: Entitled to paid sick leave,Benefits  paid for sick leave
wave:2024,2024,d10c,lfs_maternity_paternity_leave,LFS 2017-2025: Entitled to paid maternity or paternity leave,Benefits  paid for maternity/paternity leave
wave:2024,2024,d10d,lfs_salary_tax_deducted,LFS 2017-2025: Salary subject to income tax deduction,Is (Name)'s salary subjected to deduction of taxe (PAYE)
wave:2024,2024,d12,lfs_earnings_cash_main_job,"LFS 2017-2024: Earnings in cash from the main job, last payment","How much did he/she  earn at main job last time in cash and in kind, before taxe"
wave:2024,2024,d20,lfs_business_registered,LFS 2017-2025: Business or establishment registered,Is the business/establishment where [NAME] works registered with the RRA or  pay
wave:2024,2024,d21,lfs_business_keeps_accounts,LFS 2017-2025: Business keeps accounts to report to an authority,"In order to report to an authority, does the business/establishment where (NAME)"
wave:2024,2024,d21a,lfs_accounts_type,LFS 2024-2025: Kind of accounts or records kept,What kind of accounts or records deos the (busines/farm) keep?
wave:2024,2024,d23,lfs_workplace_type_2017_2024,LFS 2017-2024: Type of place where the person usually works,In what type of place does [NAME] usually work?
wave:2024,2024,d23a,lfs_commute_transport_2024,LFS 2024: Main means of transport to work,What means of transportation do you mainly use to commute to your place of work?
wave:2024,2024,d23b,lfs_commute_time,LFS 2024-2025: Time to get to work,How long does it normally take you to get to work?
wave:2024,2024,d24,lfs_work_experience_2024_2025,LFS 2024-2025: Total work experience in years,"Total work experience in years (2024 questionnaire D24; 2017 = duration bands, 2019-2023 = d24a)"
wave:2024,2024,d25a,lfs_works_in_own_district,LFS 2024-2025: Works in the district of residence,Is this District the same as the District where (Name) performs his/her main job
wave:2024,2024,d25b,lfs_district_of_work,LFS 2024-2025: District where the main job is performed,In which district do (You/Name) mainly perform this work?
wave:2024,2024,f02,lfs_reason_stopped_2017_2024,LFS 2017-2024: Main reason for stopping the last job,The main reason to stop working in his/her last paid job / business?
wave:2024,2024,f05,lfs_main_income_source,LFS 2017-2025: Main source of income at present,What is (Name) main source of income at present?
wave:2024,2024,g01,lfs_hours_firewood,"LFS 2017-2025: Hours collecting firewood, last 7 days","In the last 7 days, how many  hours did [NAME] spend collecting firewood for the"
wave:2024,2024,g01a,lfs_any_time_firewood,"LFS 2021-2025: Spent time collecting firewood, last 7 days","In the last 7 days,  did [NAME] spend time collecting firewood for the household"
wave:2024,2024,g02,lfs_hours_fetching_water,"LFS 2017-2025: Hours fetching water, last 7 days","In the last 7 days, how many hours did [NAME] spend fetching water for the house"
wave:2024,2024,g02a,lfs_any_time_fetching_water,"LFS 2021-2025: Spent time fetching water, last 7 days","In the last 7 days, Did [Name] spent time on fetching water for the household?"
wave:2024,2024,g03,lfs_hours_fodder,"LFS 2017-2025: Hours searching fodder or grazing livestock, last 7 days","In the last 7 days, how many hours did [NAME] spend searching for  fodder or gra"
wave:2024,2024,g03a,lfs_any_time_fodder,"LFS 2021-2025: Spent time grazing or feeding livestock, last 7 days","In the last 7 days, Did [Name] spent time on grazing or feeding hiusehold animal"
wave:2024,2024,g04,lfs_hours_making_goods,"LFS 2017-2025: Hours manufacturing household goods, last 7 days","In the last 7 days, how many hours did [NAME] spend manufacturing household good"
wave:2024,2024,g04a,lfs_any_time_making_goods,"LFS 2021-2025: Spent time manufacturing household goods, last 7 days","In the last 7 days, Did [Name] spent time on manufacturing of goods for family u"
wave:2024,2024,g05,lfs_hours_construction,"LFS 2017-2025: Hours constructing or repairing the dwelling, last 7 days","In the last 7 days, how many hours did [NAME] spend constructing your dwelling,"
wave:2024,2024,g05a,lfs_any_time_construction,"LFS 2021-2025: Spent time on construction or building, last 7 days","In the last 7 days, Did [Name] spent time on construction of own building?"
wave:2024,2024,g06,lfs_hours_household_chores,"LFS 2017-2025: Hours doing household chores, last 7 days","In the last 7 days, how many hours did [NAME] spend doing household chores inclu"
wave:2024,2024,g06a,lfs_any_time_household_chores,"LFS 2021-2025: Spent time doing household chores, last 7 days","In the last 7 days, Did [Name] spent time on doing household chores?"
wave:2024,2024,g07,lfs_hours_care,"LFS 2017-2025: Hours looking after children or adults, last 7 days","In the last 7 days, how many hours did [NAME] spend looking after children and e"
wave:2024,2024,g07a,lfs_any_time_care,"LFS 2021-2025: Spent time looking after children or adults, last 7 days","In the last 7 days, Did [Name] tooktime to look under children or adults"
wave:2024,2024,h01,lfs_own_use_work_4w,LFS 2017-2025: Did work mainly for own use in the last four weeks,During the last four weeks did he/she do any of the following  work mainly for o
wave:2024,2024,h02,lfs_own_use_days_week_2017_2025,LFS 2017-2025: Days per week in own-use production,How many days per week did [NAME] usually worked in these activities?
wave:2024,2024,h03,lfs_own_use_hours_day_2017_2025,LFS 2017-2025: Hours per day in own-use production,How many hours per day has [NAME] usually worked in these activities?
wave:2024,2024,h05,lfs_sells_farm_products,LFS 2017-2025: Household sells or barters part of its farm products,"In general, did the household sell or barter any part of the goods obtained from"
wave:2024,2024,h06,lfs_share_of_products_sold,LFS 2017-2025: Share of the farm products regularly sold,About how much does the household regularly sell?
wave:2024,2024,h09,lfs_farm_hires_paid_workers,LFS 2017-2025: Engages paid employees in the farming activity,Do you regularly or sometimes engage paid employee in the farming activity?
wave:2024,2024,h10,lfs_farm_paid_workers_bracket,"LFS 2017-2025: Paid employees engaged in farming, bracket","Excluding family members, how many paid employees do you usually  engage in thes"
wave:2024,2024,status1,lfs_labour_force_status,"LFS: Labour force status, NISR derived: 1 employed, 2 unemployed","Labour force status (NISR derived; population aged 14+: 1 employed, 2 unemployed, 3 outside the labour force)"
wave:2024,2024,wap16,lfs_working_age_16_plus,"LFS: Working-age population 16 and over, NISR indicator base",Working age population
wave:2024,2024,employed16,lfs_employment_ratio_base,"LFS: Employment-to-population ratio base, NISR indicator",Employment to population ratio
wave:2024,2024,ur1,lfs_unemployment_rate_base,"LFS: Unemployment rate base, NISR indicator",Unemployment rate
wave:2024,2024,lfpr,lfs_participation_rate_base,"LFS: Labour force participation rate base, NISR indicator",Labour force particiaption rate
wave:2024,2024,sub,lfs_subsistence_producer,"LFS 2017-2025: Subsistence foodstuff producer, NISR derived", Dimunished Subsistance foodstaff producers
wave:2024,2024,tru,lfs_time_underemployed,"LFS 2017-2025: Time-related underemployment, NISR derived",Time related underemployment
wave:2024,2024,plf,lfs_potential_labour_force,"LFS 2017-2025: Potential labour force category, NISR derived",Potential labour force
wave:2024,2024,youth,lfs_youth_16_24,"LFS 2020-2025: Youth aged 16 to 24, NISR derived",Youth 16 to 24 years old
wave:2024,2024,young,lfs_young_16_30,"LFS 2020-2025: Young aged 16 to 30, NISR derived",Young 16 to 30 years old
wave:2024,2024,luu,lfs_labour_underutilisation,"LFS 2017-2025: Labour underutilisation category, NISR derived",Labour underutilisation
wave:2024,2024,luur,lfs_underutilisation_rate,"LFS 2017-2024: Labour underutilisation rate, NISR derived", Labour underulilation rate
wave:2024,2024,disable,lfs_disability,"LFS 2018-2025: Person with disability, NISR derived",person with disability
wave:2024,2024,discourage,lfs_discouraged_jobseeker,"LFS 2018-2025: Discouraged jobseeker, NISR derived",Discouraged jobseekers
wave:2024,2024,willing,lfs_willing_non_seeker,"LFS 2018-2025: Willing non-seeker not available, NISR derived",Willing non seeker and not available
wave:2024,2024,migrant,lfs_recent_migration,LFS 2018-2025: Recent migration: internal or international,Recent migration
wave:2024,2024,neetyouth,lfs_neet_16_24,"LFS 2022-2025: Not in employment, education or training, aged 16-24",NEET 16-24
wave:2024,2024,neetyoung,lfs_neet_16_30,"LFS 2019-2025: Not in employment, education or training, aged 16-30",NEET 16-30
wave:2024,2024,youngs,lfs_young_status,"LFS 2022-2025: Status of the young: education, employment, both or neither",Young status
wave:2024,2024,main_sect,lfs_economic_sector,"LFS 2020-2025: Economic sector: agriculture, industry, services",Economic sector
wave:2024,2024,indb1,lfs_years_of_schooling,"LFS 2019-2025: Years of schooling, NISR derived",Years of schooling
wave:2024,2024,attained,lfs_education_completed,"LFS 2019-2025: Level of education completed, NISR derived",Level of education completed
wave:2024,2024,cash,lfs_monthly_cash_income,"LFS 2017-2025: Monthly income in cash of employees, NISR derived",Monthly income in cash for employees
wave:2024,2024,intcash,lfs_income_interval_2022_2024,"LFS 2022-2024: Income interval, NISR derived",Income interval
wave:2024,2024,age5,lfs_age_group_five_years,"LFS 2019-2025: Five-year age group, NISR derived",Five years age group
wave:2024,2024,age10,lfs_age_group_broad,"LFS 2019-2025: Broad age group, NISR derived",Broader age group
wave:2024,2024,usualhrs,lfs_usual_hours_interval,"LFS 2017-2025: Usual hours worked, interval, NISR derived",Usually working hours
wave:2024,2024,timegood,lfs_own_use_hours_goods,LFS 2022-2025: Time spent producing goods for own use,Time spent in production of good
wave:2024,2024,timeservice,lfs_own_use_hours_services,LFS 2022-2025: Time spent producing services for own use,Time spent in production of services
wave:2024,2024,hhsize,lfs_household_size,LFS 2022-2025: Household size (persons in the roster),Household size
wave:2024,2024,usual_h,lfs_usual_hours_number,"LFS 2017-2025: Number of usual hours worked, NISR derived",Number of usual hours
wave:2024,2024,act_hrs,lfs_actual_hours_worked,"LFS 2017-2025: Actual hours worked in all jobs, NISR derived",Number of actual hours worked
wave:2024,2024,acthrs,lfs_actual_hours_interval,"LFS 2017-2025: Actual hours worked, interval, NISR derived",Actual hours intervals
wave:2024,2024,ya,lfs_young_or_adult,LFS 2020-2025: Young 16-30 or adult 31 and over,Young/adult
wave:2024,2024,hr_own,lfs_own_use_hours_total,"LFS 2022-2025: Total hours in own-use production, NISR derived",Total hours in own use
wave:2024,2024,subhrs,lfs_subsistence_hours_2024_2025,"LFS 2024-2025: Hours in subsistence activities, NISR derived",Time spent in subsistance activities
wave:2024,2024,hr_cshmain,lfs_hourly_wage_main_job,"LFS 2021-2024: Hourly wage of employees in the main job, NISR derived",Hourly wage of employees in main job
wave:2024,2024,hr_cash,lfs_hourly_wage,"LFS 2021-2024: Hourly wage of employees, NISR derived",Hourly wage of employees
wave:2024,2024,tvt2,lfs_general_or_tvet_attainment,"LFS 2019-2025: General or TVET attainment, NISR derived",General or TVET attainemnt
wave:2024,2024,prod_unit,lfs_production_sector,"LFS 2019-2025: Production sector unit: informal, formal, household",Production sector unit
wave:2024,2024,ud,lfs_unemployment_duration,"LFS 2019-2025: Unemployment duration bracket, NISR derived",Unemployment duration
wave:2024,2024,iev2,lfs_formal_employment,"LFS 2018-2025: Formal or informal employment in the main job, NISR derived",Formal and Informal employment for main job
wave:2024,2024,head,lfs_household_head_flag,"LFS 2022-2025: Head of the household, NISR derived",Head of the household
wave:2024,2024,dg01,lfs_own_use_firewood,"LFS 2022-2025: Own-use production: fetching firewood, NISR derived",fetch firewood
wave:2024,2024,dg02,lfs_own_use_water,"LFS 2022-2025: Own-use production: fetching water, NISR derived",fetch water
wave:2024,2024,dg03,lfs_own_use_fodder,"LFS 2022-2025: Own-use production: searching fodder or grazing, NISR derived",searching fooder or grazing
wave:2024,2024,dg04,lfs_own_use_goods,"LFS 2022-2025: Own-use production: manufacturing household goods, NISR derived",manufacturing household goods
wave:2024,2024,dg05,lfs_own_use_repairs,"LFS 2022-2025: Own-use production: repairing the dwelling, NISR derived",repairing household
wave:2024,2024,dg06,lfs_own_use_cooking,"LFS 2022-2025: Own-use production: cooking and shopping, NISR derived",Cooking and shopping
wave:2024,2024,dg07,lfs_own_use_care,LFS 2022-2025: Own-use production: looking after children and elderly (NISR),Looking after children and aldery
wave:2024,2024,age3,lfs_age_group_selected,"LFS 2022-2025: Selected age group, NISR derived",selected age group
wave:2024,2024,tvt,lfs_attended_tvet,"LFS 2020-2025: Attended TVET or not, NISR derived",Attended TVT or not
wave:2024,2024,age3_16_30,lfs_youth_age_group,"LFS 2022-2025: Youth age group 16-30, NISR derived",Youth age groups
wave:2024,2024,yur1,lfs_youth_unemployment_rate,"LFS 2022-2025: Youth unemployment rate base, NISR indicator",Youth unemployment rate
wave:2024,2024,indb05,lfs_education_field,"LFS 2017-2025: Field of education, NISR derived",Field of education
wave:2024,2024,indd01,lfs_isco_major_main_job,LFS 2017-2025: ISCO major group of the main job, ISCO High level
wave:2024,2024,indd03,lfs_isic_section_main_job,LFS: ISIC section of the main job, ISIC High level
wave:2024,2024,en01,lfs_lighting_energy_2024_2025,LFS 2024-2025: Main source of energy for lighting,main source of energy that your household uses for lighting?
wave:2024,2024,en01_others,lfs_lighting_energy_other_text,"LFS 2024-2025: Main source of energy for lighting, other text",Main source of energy Others
wave:2024,2024,lu2,lfs_underutilisation_lu2,LFS 2018-2025: LU2: unemployment and time-related underemployment rate,LU2 - Combined rate of unemployment and time-related underemployment(%)
wave:2024,2024,lu3,lfs_underutilisation_lu3,LFS 2018-2025: LU3: unemployment and potential labour force rate,LU3 - Combined rate of unemployment and potential labour force(%)
wave:2024,2024,lu4,lfs_underutilisation_lu4,LFS 2022-2025: LU4: composite measure of labour underutilisation,LU4 - Composite measure of labour underutilization(%)
wave:2024,2024,trur,lfs_time_underemployment_rate,"LFS 2018-2025: Time-related underemployment rate, NISR derived",Time related underemployment rate(%)
wave:2024,2024,isco2digit,lfs_isco_two_digit_main_job,LFS 2022-2025: ISCO two-digit group of the main job,occupation activity at two digit
wave:2024,2024,isic2digitdigit,lfs_isic_two_digit_main_job,LFS 2022-2025: ISIC two-digit division of the main job,economic activity at two digit
wave:2024,2024,hhid_nisr,lfs_nisr_household_id,LFS 2021-2025: NISR household identifier as shipped,NISR household id as shipped (HHID)
wave:2024,2024,pid_nisr,lfs_nisr_person_id,LFS 2017-2024: NISR person identifier as shipped,NISR person id as shipped (pid / pkey)
wave:2025,2025,survey,lfs_survey,LFS: Source survey,Source survey
wave:2025,2025,year,lfs_year,LFS: Survey year,Survey year
wave:2025,2025,wave,lfs_wave,LFS: Wave identifier,Wave (survey year)
wave:2025,2025,round,lfs_round,LFS: Data collection round,Data-collection round as labelled by NISR (FEB17 ... NOV21); empty in 2022-2025 (not shipped)
wave:2025,2025,quarter,lfs_quarter,LFS: Quarter of the round,"Quarter (1 Feb, 2 May, 3 Aug, 4 Nov): from the round to 2021, from the file's block structure in 2023-2025; missing in 2022"
wave:2025,2025,interview,lfs_interview,LFS: Interview number of the household in the year,"Interview number of the household within the year (1, 2): rank of the quarter where known; order of appearance in the file in 2022"
wave:2025,2025,prov,lfs_province,"LFS: Province, NISR code 1-5","Province (1-5, NISR codes)"
wave:2025,2025,dist,lfs_district,"LFS: District, NISR code 11-57","District (11-57, NISR codes)"
wave:2025,2025,urban,lfs_urban,"LFS: Area of residence: 1 urban, 2 rural","Area of residence (1 urban, 2 rural)"
wave:2025,2025,cluster,lfs_cluster,LFS: Sampling cluster or village identifier,Sampling cluster id (year_psu)
wave:2025,2025,psu,lfs_psu,LFS: Primary sampling unit,Primary sampling unit number (NISR PSU_NO; anonymised)
wave:2025,2025,hhid,lfs_household_id,LFS: Household identifier,Household id = PSU*100 + household number (unique with year + interview)
wave:2025,2025,pid,lfs_person_id,LFS: Person number within the household,Person number within the household (2025: row order within the household-interview; no person id shipped)
wave:2025,2025,sex,lfs_sex,"LFS: Sex: 1 male, 2 female","Sex (1 male, 2 female)"
wave:2025,2025,age,lfs_age,LFS: Age in completed years,Age in years
wave:2025,2025,wt,lfs_weight,LFS: Sampling weight,Annual person weight (sums to population)
wave:2025,2025,wt_round,lfs_round_weight,LFS: Round weight,Round weight (where released)
wave:2025,2025,psu_no,lfs_psu_number_shipped,LFS 2017-2025: Primary sampling unit number as shipped by NISR,Primary Sampling Unit
wave:2025,2025,qh_no,lfs_household_number_in_psu,LFS 2021-2025: Household number within the primary sampling unit as shipped,QUESTIONNAIRE  NUMBER
wave:2025,2025,lfs_strata,lfs_stratum_shipped,"LFS 2024-2025: Sampling stratum as shipped, district by area",strata for LFS
wave:2025,2025,lfs_year,lfs_data_collection_year,LFS 2020-2025: LFS data collection year as shipped,LFS data collection year
wave:2025,2025,a02,lfs_relation_to_head_2024_2025,"LFS 2024-2025: Relationship to the household head, 14-code list",Relationship
wave:2025,2025,a03m,lfs_birth_month,LFS 2017-2025: Month of birth,Date of birth Month
wave:2025,2025,a03y,lfs_birth_year,LFS 2017-2025: Year of birth,date of birth year
wave:2025,2025,a05,lfs_present_marital_status,LFS 2017-2025: Present marital status as reported,Present marital status
wave:2025,2025,a06,lfs_difficulty_seeing,"LFS 2017-2025: Difficulty seeing, even with glasses (Washington Group)","Do you have difficulty seeing, even if wearing glasses?"
wave:2025,2025,a07,lfs_difficulty_hearing,"LFS 2017-2025: Difficulty hearing, even with a hearing aid (Washington Group)","Do you have difficulty hearing, even if using a hearing aid?"
wave:2025,2025,a08,lfs_difficulty_walking,LFS 2017-2025: Difficulty walking or climbing steps (Washington Group),Do you have difficulty walking or climbing steps?
wave:2025,2025,a09,lfs_difficulty_remembering,LFS 2017-2025: Difficulty remembering or concentrating (Washington Group),Do you have difficulty remembering or concentrating?
wave:2025,2025,a10,lfs_difficulty_self_care,LFS 2017-2025: Difficulty with self-care such as washing or dressing,Do you have difficulty (with self-care such as) washing all over or dressing?
wave:2025,2025,a11,lfs_difficulty_communicating,LFS 2017-2025: Difficulty communicating in the usual language,"Using your usual language, do you have difficulty communicating, mple understand"
wave:2025,2025,a12,lfs_nationality_2025,LFS 2025: Nationality,What is nationality?
wave:2025,2025,a13,lfs_residential_status,LFS 2017-2025: Residential status in Rwanda,Residential Status in Rwanda
wave:2025,2025,a14a,lfs_country_of_birth_2025,LFS 2025: Country or area of birth,Country/Area of birth
wave:2025,2025,a14b,lfs_district_of_birth_2017_2025,LFS 2017-2025: District of birth,District of birth
wave:2025,2025,a15,lfs_lived_outside_6m_2021_2025,LFS 2021-2025: Lived outside this district for at least 6 months,Did he/she lived outside this district for at least 6 consecutive months?
wave:2025,2025,a16y,lfs_years_since_last_move,LFS 2019-2025: Years since the last move of usual residence,The period of usual place of residence( last move)-Years
wave:2025,2025,a17a,lfs_previous_country_2025,LFS 2025: Country of residence before arriving here,In which country(Name) live in prior to arrive here?
wave:2025,2025,a17b,lfs_previous_district_code,LFS 2019-2025: District code of the previous residence,District code
wave:2025,2025,a19,lfs_years_previous_location,LFS 2017-2025: Duration of stay in the previous location,How long did he/she live in the previous location prior to arriving here?
wave:2025,2025,a20,lfs_reason_for_moving,LFS 2017-2025: Reason for moving to the current location,Reason  for moving to the current location
wave:2025,2025,b01,lfs_student,LFS 2017-2025: Currently a student attending school,IS [NAME] a student(Is he /she attending school or would be attending one if sch
wave:2025,2025,b02a,lfs_education_level_highest,LFS 2017-2025: Highest educational level attended,What is the Highest educational level is/ have [NAME] attending / attended?
wave:2025,2025,b02b,lfs_years_completed_in_level,LFS 2017-2025: Years completed in that level of education,How many years have you completed in that level of education?
wave:2025,2025,b07,lfs_attending_tvet,LFS 2017-2025: Currently attending a trade or technical skills school,Currently attending any trade or technical Skills school
wave:2025,2025,b08,lfs_learned_tvet,LFS 2017-2025: Learned a trade or technical vocational course (TVET),Did you learn any Trade or Technical vocational course (TVET)?
wave:2025,2025,b09,lfs_training_duration,LFS 2017-2025: Duration of the training,How long will/did this Training take?
wave:2025,2025,b10,lfs_tvet_skills_type_2021_2025,LFS 2021-2025: Type of technical skills learned,Type of technical skills learned?
wave:2025,2025,b13,lfs_course_completed_2018_2025,LFS 2018-2025: Completed the course,Did [NAME] complete the course?
wave:2025,2025,b13b,lfs_course_completion_year_2025,LFS 2025: Year of completion of the course,In which year did (Name) complete this course?
wave:2025,2025,b14,lfs_after_course_2021_2025,LFS 2021-2025: What happened after completing the course,What happened after you completed the course?
wave:2025,2025,b15,lfs_job_after_course_2025,LFS 2025: Time to get a job or start a business after the course,How long did take(Name) to get a job or start own business after completing the
wave:2025,2025,c01,lfs_worked_for_pay_7d,"LFS 2017-2025: Worked for wage, salary, commission or tips, last 7 days","During the last 7 days,did he/she do any work for wage, salary, commission, tips"
wave:2025,2025,c02,lfs_ran_business_7d,"LFS 2017-2025: Ran a business activity, last 7 days","During the past 7 days, did (NAME) run or do any kind of business activity other"
wave:2025,2025,c02a,lfs_ran_farming_7d,"LFS 2025: Ran a farming or rearing activity, last 7 days","During the past 7 days, did (NAME) run or do any farming, Rearing farm animals,"
wave:2025,2025,c03,lfs_helped_unpaid_7d,"LFS 2017-2025: Helped unpaid in a household business, last 7 days","During the past 7 days, did (NAME) help unpaid in a business owned by a househol"
wave:2025,2025,c05,lfs_products_for_sale,LFS 2017-2025: Products of the activity mainly for sale or for own use,"In general, are the products obtained from this activity for sale or for family"
wave:2025,2025,c06,lfs_job_absent_7d,"LFS 2017-2025: Had a paid job or business but was absent, last 7 days","During the last 7 days, did (NAME) have a paid job or a business from which he/s"
wave:2025,2025,c07,lfs_reason_absent_2017_2025,LFS 2017-2025: Main reason for absence from work,What was the main reason (NAME) was absent from work during the last 7 days?
wave:2025,2025,c08,lfs_expected_absence,LFS 2017-2025: Expected total absence from work,What is the expected total absence from work for (NAME)?
wave:2025,2025,c09,lfs_income_during_absence,LFS 2017-2025: Continues to receive income during the absence,Does (NAME) continue receiving an income from his/her job during absence?
wave:2025,2025,c09a,lfs_absence_category,LFS 2019-2025: Category of the situation of the absent person,"Among the following categories, which correspond to the (NAME)'s situation"
wave:2025,2025,c10,lfs_other_paid_job,LFS 2017-2025: Had another paid job or business,Did [NAME] have any other paid job or business or performed any secondary activi
wave:2025,2025,c10a,lfs_number_other_jobs,LFS 2024-2025: Number of jobs other than the main job,How many jobs other than main job do(you/name) posess?
wave:2025,2025,c11a,lfs_usual_hours_main_job,"LFS 2017-2025: Usual hours per week, main job",How many hours does [NAME] usually work per week?Main job/activity
wave:2025,2025,c11b,lfs_usual_hours_second_job,"LFS 2017-2025: Usual hours per week, secondary job",How many hours does [NAME] usually work per week?Secondary job/activity
wave:2025,2025,c12a,lfs_days_worked_main_job,"LFS 2017-2025: Days worked in the main job, last 7 days","During the past 7 days, how many days did (NAME) actually work in Main job/activ"
wave:2025,2025,c12b,lfs_days_worked_second_job,"LFS 2017-2025: Days worked in the secondary job, last 7 days","During the past 7 days, how many days did (NAME) actually work in all Secondary"
wave:2025,2025,c13a,lfs_hours_per_day_main_job,"LFS 2017-2025: Hours per day worked in the main job, last 7 days","During the past 7 days, how many hours per day did (NAME) actually worked in Mai"
wave:2025,2025,c13b,lfs_hours_per_day_second_job,"LFS 2017-2025: Hours per day worked in the secondary job, last 7 days","During the past 7 days, how many hours per day did (NAME) actually worked in all"
wave:2025,2025,c14,lfs_hours_all_jobs_7d,"LFS 2017-2025: Hours usually worked at all jobs, last 7 days",How many hours did [NAME) usually worked at all jobs combined?
wave:2025,2025,c15,lfs_reason_long_hours,LFS 2017-2025: Main reason for working long hours,What was the main reason (NAME) usually worked long hours per week?
wave:2025,2025,c16,lfs_looked_more_work_4w,"LFS 2017-2025: Looked for additional or other work, last 4 weeks","During the last 4 weeks, did (NAME) look for additional or other work?"
wave:2025,2025,c17,lfs_wants_more_hours,LFS 2017-2025: Would want to work more hours per week,Would want to work more hours per week than usualy worked provided the extra hou
wave:2025,2025,c18,lfs_available_more_work,LFS 2017-2025: Available for additional work if an opportunity arose,"If an opportunity for additional work became available, could (NAME) start worki"
wave:2025,2025,c19,lfs_looked_for_job_4w,"LFS 2017-2025: Looked for a paid job or tried to start a business, last 4 weeks","During the last 4 weeks, did [NAME] look for any kind of paid job or try to star"
wave:2025,2025,c19a,lfs_tried_start_business_4w,"LFS 2024-2025: Tried to start a business, last 4 weeks",During the last 4 weeks did(name) try to start a business?
wave:2025,2025,c20,lfs_job_arranged,LFS 2017-2025: Already found a job or arranged to start a business,Has [NAME] already found a job or arranged to start a business in the next 4 wee
wave:2025,2025,c20a,lfs_start_new_job_when,LFS 2024-2025: How soon the person expects to start the new job,How soon Does  [NAME] expect  to start  working in  this new job or  business ?
wave:2025,2025,c21,lfs_job_search_method,"LFS 2019-2025: Main method used to find a job, last 4 weeks",what did [NAME] do  in the last 4 weeks to find a paid job or start a business?
wave:2025,2025,c22,lfs_unemployment_spell_2018_2025,LFS 2018-2025: Duration without work and looking for a job,For how long has [NAME] been without work and trying to find a paid job or start
wave:2025,2025,c23,lfs_wants_paid_job,LFS 2017-2025: Would want to work if a job or business were available,Would [NAME] want to work if a  paid job or business opportunity became availabl
wave:2025,2025,c24,lfs_reason_not_search_2017_2025,LFS 2017-2025: Main reason for not trying to find a job or start a business,What was the main reason (NAME) did not try to find a paid job or start a busine
wave:2025,2025,c25,lfs_available_to_start,LFS 2017-2025: Available to start if a job or business opportunity arose,"If a paid job or business opportunity become available, could [NAME] have starte"
wave:2025,2025,c26,lfs_reason_no_start_2025,LFS 2025: Main reason the person could not start working,What is the mean reason why (NAME) could not  start working in the last 7 days o
wave:2025,2025,d03a,lfs_workplace_name_2019_2025,LFS 2019-2025: Name of the workplace of the main job,Does the place or business where(you/name) work's have a name?
wave:2025,2025,d04,lfs_inst_sector_main_2025,LFS 2025: Institutional sector of the main job,Does (Name) work in....
wave:2025,2025,d05,lfs_employment_status_2025,LFS 2025: Status in employment in the main job (ICSE-18),Status of employment according to ICSE-93
wave:2025,2025,d05a,lfs_workplace_size,"LFS 2024-2025: Persons at the workplace including the person, bracket",How many persons including  you at your work place?
wave:2025,2025,d05a1,lfs_workplace_size_number,"LFS 2024-2025: Persons at the workplace including the person, number","Number of  persons including  you at your work place,Less than 10"
wave:2025,2025,d06,lfs_contract_type,LFS 2017-2025: Written contract or oral agreement,(Do/does)(You/Name) have a written contract or oral agreement for the work (You/
wave:2025,2025,d07,lfs_contract_agreement_2025,LFS 2025: Type of contract or agreement,Is [NAME]'s contract or agreement :
wave:2025,2025,d08,lfs_contract_duration_2025,LFS 2025: Duration of the contract,The duration of the contract or agreement?
wave:2025,2025,d08a,lfs_minimum_hours_agreed,LFS 2025: Minimum hours or work agreed,Does [NAME] have a minimum amount of hours or work agreed with his/her employer?
wave:2025,2025,d09a,lfs_employer_social_security,LFS 2017-2025: Employer pays social security contributions,Does employer pay contributions on [NAME]?s behalf to social security fund(RSSB)
wave:2025,2025,d10,lfs_activity_registered_rra,LFS 2025: Economic activity registered with the Rwanda Revenue Authority,Has [NAME] registered his/her economic activity with the Rwanda Revenue Authorit
wave:2025,2025,d10a,lfs_paid_annual_leave,LFS 2017-2025: Entitled to paid annual leave,Is (Name) entitled to paid annual leave benefits from employer?
wave:2025,2025,d10b,lfs_paid_sick_leave,LFS 2017-2025: Entitled to paid sick leave,Is (name) entitled to paid sick leave benefits from employer?
wave:2025,2025,d10c,lfs_maternity_paternity_leave,LFS 2017-2025: Entitled to paid maternity or paternity leave,Is (name) entitled to maternity/paternity leave?
wave:2025,2025,d10d,lfs_salary_tax_deducted,LFS 2017-2025: Salary subject to income tax deduction,Is (Name)'s salary subjected to deduction of taxe (PAYE)
wave:2025,2025,d10_e,lfs_ejo_heza_contributions,LFS 2025: Contributes to the Ejo Heza pension scheme,Does (name) make contributions to the Ejo Heza scheme?
wave:2025,2025,d12_1,lfs_earnings_money_main_2025,"LFS 2025: Money earned from the main job or business, last payment",How much money did (Name) earn from his/her main job/business the last time ?
wave:2025,2025,d12_1a,lfs_earnings_amount_rwf_2025,"LFS 2025: Earnings amount in Rwandan francs, main job",Amount in Rwandan francs
wave:2025,2025,d13_1,lfs_earnings_period_2025,LFS 2025: Period covered by the earnings,How long did it cover?
wave:2025,2025,d14_1,lfs_average_monthly_earn_2025,LFS 2025: Average money earned per month from the main job,"On average, how much money did (NAME) earn from main job/business per month?"
wave:2025,2025,d14_1a,lfs_average_monthly_rwf_2025,LFS 2025: Average monthly earnings in Rwandan francs,Amount in Rwandan francs
wave:2025,2025,d17_1,lfs_monthly_earnings_brk_2025,"LFS 2025: Monthly earnings, cash and in kind, bracket",Would you say that monthly amount earned the last time  in  (Name) ?s  job/busin
wave:2025,2025,d18a,lfs_how_obtained_job_2025,LFS 2025: How the current employment was obtained,How did (you/name) obtain your current employment?
wave:2025,2025,d18a_other,lfs_how_obtained_job_other,"LFS 2025: How the employment was obtained, other text",D18A_ obtain your current employment?
wave:2025,2025,d20,lfs_business_registered,LFS 2017-2025: Business or establishment registered,Is the business/establishment where [NAME] works registered with the RRA or  pay
wave:2025,2025,d21,lfs_business_keeps_accounts,LFS 2017-2025: Business keeps accounts to report to an authority,"In order to report to an authority, does the business/establishment where (NAME)"
wave:2025,2025,d21a,lfs_accounts_type,LFS 2024-2025: Kind of accounts or records kept,What kind of accounts or records deos the (busines/farm) keep?
wave:2025,2025,d23,lfs_workplace_location_2025,LFS 2025: Where the business or work is located,Where is the business where [NAME] work located?
wave:2025,2025,d23a,lfs_commute_transport_2025,LFS 2025: Main means of transport to work,What means of transportation do you mainly use to commute to your place of work?
wave:2025,2025,d23b,lfs_commute_time,LFS 2024-2025: Time to get to work,How long does it normally take you to get to work?
wave:2025,2025,d24,lfs_work_experience_2024_2025,LFS 2024-2025: Total work experience in years,"Total work experience in years (2025 questionnaire D24; 2017 = duration bands, 2019-2023 = d24a)"
wave:2025,2025,d24b,lfs_months_worked_per_year,LFS 2025: Months worked in a year in the main job,"In your main job or business, how many months do you typically work in a year?"
wave:2025,2025,d25a,lfs_works_in_own_district,LFS 2024-2025: Works in the district of residence,Is this District the same as the District where (Name) performs his/her main job
wave:2025,2025,d25b,lfs_district_of_work,LFS 2024-2025: District where the main job is performed,In which district do (You/Name) mainly perform this work?
wave:2025,2025,ds07,lfs_works_as_2025,"LFS 2025: Works as employee, in own business or helping",(Do/Does) (You/Name) work...?
wave:2025,2025,ds08,lfs_business_decisions_maker,LFS 2025: Who makes the decisions about running the business,Who usually makes the decisions about the running of the family/household busine
wave:2025,2025,ds09,lfs_business_hires_paid,LFS 2025: Business hires paid employees regularly,Does the business hire/have any paid employees on a regular basis?
wave:2025,2025,ds09aa,lfs_business_registered_rdb,LFS 2025: Business registered with the Rwanda Development Board,Is (NAME)'s business registered with RDB?
wave:2025,2025,ds09aaa,lfs_business_registered_other,LFS 2025: Business registered with another institution,Is (Name)'s business registered as....?
wave:2025,2025,ds09_a,lfs_income_half_one_client,LFS 2025: More than half of the income comes from one client,Does more than half of the income from [NAME]?s business/activity come from ?.?
wave:2025,2025,ds09_b,lfs_customers_via_company,LFS 2025: Gets customers through another company or platform,"Does [NAME] get customers, clients or buyers through someone else, for example f"
wave:2025,2025,ds09_c,lfs_business_activity_item,LFS 2025: Business activity item as shipped,In this business /activity Does [NAME]??
wave:2025,2025,ds09_d,lfs_client_sets_terms,LFS 2025: Client company sets prices or working conditions,In [NAME]?s business/activity does client/company/intermediary/or other person??
wave:2025,2025,ds10a,lfs_pay_types_received,LFS 2025: Types of pay received for the work,Which of the following types of pay (do/does) (you/name) receive for this work?
wave:2025,2025,f01a,lfs_ever_paid_job_2025,LFS 2025: Ever had a paid job or another income activity,"(Have/Has) (you/name) ever had a paid job or another income-generating activity,"
wave:2025,2025,f01b,lfs_time_since_last_job,LFS 2025: Time since the person stopped working,How long ago was it that(you/name) last stop working?
wave:2025,2025,f02,lfs_reason_stopped_2025,LFS 2025: Main reason for stopping the last job,The main reason to stop working in his/her last paid job / business?
wave:2025,2025,f05,lfs_main_income_source,LFS 2017-2025: Main source of income at present,What is (Name) main source of income at present?
wave:2025,2025,g01,lfs_hours_firewood,"LFS 2017-2025: Hours collecting firewood, last 7 days","In the last 7 days, how many  hours did [NAME] spend collecting firewood for the"
wave:2025,2025,g01a,lfs_any_time_firewood,"LFS 2021-2025: Spent time collecting firewood, last 7 days","In the last 7 days,  did [NAME] spend time collecting firewood for the household"
wave:2025,2025,g02,lfs_hours_fetching_water,"LFS 2017-2025: Hours fetching water, last 7 days","In the last 7 days, how many hours did [NAME] spend fetching water for the house"
wave:2025,2025,g02a,lfs_any_time_fetching_water,"LFS 2021-2025: Spent time fetching water, last 7 days","In the last 7 days, Did [Name] spent time on fetching water for the household?"
wave:2025,2025,g03,lfs_hours_fodder,"LFS 2017-2025: Hours searching fodder or grazing livestock, last 7 days","In the last 7 days, how many hours did [NAME] spend searching for  fodder or gra"
wave:2025,2025,g03a,lfs_any_time_fodder,"LFS 2021-2025: Spent time grazing or feeding livestock, last 7 days","In the last 7 days, Did [Name] spent time on grazing or feeding hiusehold animal"
wave:2025,2025,g04,lfs_hours_making_goods,"LFS 2017-2025: Hours manufacturing household goods, last 7 days","In the last 7 days, how many hours did [NAME] spend manufacturing household good"
wave:2025,2025,g04a,lfs_any_time_making_goods,"LFS 2021-2025: Spent time manufacturing household goods, last 7 days","In the last 7 days, Did [Name] spent time on manufacturing of goods for family u"
wave:2025,2025,g05,lfs_hours_construction,"LFS 2017-2025: Hours constructing or repairing the dwelling, last 7 days","In the last 7 days, how many hours did [NAME] spend constructing your dwelling,"
wave:2025,2025,g05a,lfs_any_time_construction,"LFS 2021-2025: Spent time on construction or building, last 7 days","In the last 7 days, Did [Name] spent time on construction of own building?"
wave:2025,2025,g06,lfs_hours_household_chores,"LFS 2017-2025: Hours doing household chores, last 7 days","In the last 7 days, how many hours did [NAME] spend doing household chores inclu"
wave:2025,2025,g06a,lfs_any_time_household_chores,"LFS 2021-2025: Spent time doing household chores, last 7 days","In the last 7 days, Did [Name] spent time on doing household chores?"
wave:2025,2025,g07,lfs_hours_care,"LFS 2017-2025: Hours looking after children or adults, last 7 days","In the last 7 days, how many hours did [NAME] spend looking after children and e"
wave:2025,2025,g07a,lfs_any_time_care,"LFS 2021-2025: Spent time looking after children or adults, last 7 days","In the last 7 days, Did [Name] tooktime to look under children or adults"
wave:2025,2025,h01,lfs_own_use_work_4w,LFS 2017-2025: Did work mainly for own use in the last four weeks,During the last four weeks did he/she do any of the following  work mainly for o
wave:2025,2025,h02,lfs_own_use_days_week_2017_2025,LFS 2017-2025: Days per week in own-use production,How many days per week has [NAME] usualy worked in these activities?
wave:2025,2025,h03,lfs_own_use_hours_day_2017_2025,LFS 2017-2025: Hours per day in own-use production,How many hours per week does [NAME] usually work in these activities?
wave:2025,2025,h05,lfs_sells_farm_products,LFS 2017-2025: Household sells or barters part of its farm products,"In general, did the household sell or barter any part of the goods obtained from"
wave:2025,2025,h06,lfs_share_of_products_sold,LFS 2017-2025: Share of the farm products regularly sold,About how much does the household regularly sell?
wave:2025,2025,h09,lfs_farm_hires_paid_workers,LFS 2017-2025: Engages paid employees in the farming activity,Do you regularly or sometimes engage paid employee in the farming activity?
wave:2025,2025,h10,lfs_farm_paid_workers_bracket,"LFS 2017-2025: Paid employees engaged in farming, bracket","Excluding family members, how many paid employees do you usually  engage in thes"
wave:2025,2025,indd01,lfs_isco_major_main_job,LFS 2017-2025: ISCO major group of the main job, ISCO High level
wave:2025,2025,indd03,lfs_isic_section_main_job,LFS: ISIC section of the main job, ISIC High level
wave:2025,2025,en01,lfs_lighting_energy_2024_2025,LFS 2024-2025: Main source of energy for lighting,main source of energy that your household uses for lighting?
wave:2025,2025,en01_others,lfs_lighting_energy_other_text,"LFS 2024-2025: Main source of energy for lighting, other text",Main source of energy Others
wave:2025,2025,status1,lfs_labour_force_status,"LFS: Labour force status, NISR derived: 1 employed, 2 unemployed","Labour force status (NISR derived; population aged 14+: 1 employed, 2 unemployed, 3 outside the labour force)"
wave:2025,2025,indb05,lfs_education_field,"LFS 2017-2025: Field of education, NISR derived",Field of education
wave:2025,2025,wap16,lfs_working_age_16_plus,"LFS: Working-age population 16 and over, NISR indicator base",Working age population
wave:2025,2025,employed16,lfs_employment_ratio_base,"LFS: Employment-to-population ratio base, NISR indicator",Employment to population ratio
wave:2025,2025,ur1,lfs_unemployment_rate_base,"LFS: Unemployment rate base, NISR indicator",Unemployment rate
wave:2025,2025,lfpr,lfs_participation_rate_base,"LFS: Labour force participation rate base, NISR indicator",Labour force particiaption rate
wave:2025,2025,sub,lfs_subsistence_producer,"LFS 2017-2025: Subsistence foodstuff producer, NISR derived",Subsistance foodstaff producers
wave:2025,2025,tru,lfs_time_underemployed,"LFS 2017-2025: Time-related underemployment, NISR derived",Time related underemployment
wave:2025,2025,plf,lfs_potential_labour_force,"LFS 2017-2025: Potential labour force category, NISR derived",Potential labour force
wave:2025,2025,youth,lfs_youth_16_24,"LFS 2020-2025: Youth aged 16 to 24, NISR derived",Youth 16 to 24 years old
wave:2025,2025,young,lfs_young_16_30,"LFS 2020-2025: Young aged 16 to 30, NISR derived",Young 16 to 30 years old
wave:2025,2025,luu,lfs_labour_underutilisation,"LFS 2017-2025: Labour underutilisation category, NISR derived",Labour underutilization
wave:2025,2025,disable,lfs_disability,"LFS 2018-2025: Person with disability, NISR derived",person with disability
wave:2025,2025,discourage,lfs_discouraged_jobseeker,"LFS 2018-2025: Discouraged jobseeker, NISR derived",Discouraged jobseekers
wave:2025,2025,willing,lfs_willing_non_seeker,"LFS 2018-2025: Willing non-seeker not available, NISR derived",Willing non seeker and not available
wave:2025,2025,migrant,lfs_recent_migration,LFS 2018-2025: Recent migration: internal or international,Recent migration
wave:2025,2025,neetyouth,lfs_neet_16_24,"LFS 2022-2025: Not in employment, education or training, aged 16-24",NEET 16-24
wave:2025,2025,neetyoung,lfs_neet_16_30,"LFS 2019-2025: Not in employment, education or training, aged 16-30",NEET 16-30
wave:2025,2025,youngs,lfs_young_status,"LFS 2022-2025: Status of the young: education, employment, both or neither",Young status
wave:2025,2025,icse18a,lfs_employment_status_icse18,"LFS 2025: Status in employment by type of authority, ICSE-18",5 Main categories of Status in employment by type of authority
wave:2025,2025,prod_unit,lfs_production_sector,"LFS 2019-2025: Production sector unit: informal, formal, household",Production sector unit
wave:2025,2025,iev2,lfs_formal_employment,"LFS 2018-2025: Formal or informal employment in the main job, NISR derived",Formal and Informal employment for main job
wave:2025,2025,main_sect,lfs_economic_sector,"LFS 2020-2025: Economic sector: agriculture, industry, services",Economic sector
wave:2025,2025,indb1,lfs_years_of_schooling,"LFS 2019-2025: Years of schooling, NISR derived",Years of schooling
wave:2025,2025,attained,lfs_education_completed,"LFS 2019-2025: Level of education completed, NISR derived",Level of education completed
wave:2025,2025,age5,lfs_age_group_five_years,"LFS 2019-2025: Five-year age group, NISR derived",Five years age group
wave:2025,2025,age10,lfs_age_group_broad,"LFS 2019-2025: Broad age group, NISR derived",Broader age group
wave:2025,2025,usualhrs,lfs_usual_hours_interval,"LFS 2017-2025: Usual hours worked, interval, NISR derived",Usually working hours
wave:2025,2025,hhsize,lfs_household_size,LFS 2022-2025: Household size (persons in the roster),Household size
wave:2025,2025,head,lfs_household_head_flag,"LFS 2022-2025: Head of the household, NISR derived",Head of the household
wave:2025,2025,dg01,lfs_own_use_firewood,"LFS 2022-2025: Own-use production: fetching firewood, NISR derived",fetch firewood
wave:2025,2025,dg02,lfs_own_use_water,"LFS 2022-2025: Own-use production: fetching water, NISR derived",fetch water
wave:2025,2025,dg03,lfs_own_use_fodder,"LFS 2022-2025: Own-use production: searching fodder or grazing, NISR derived",searching fooder or grazing
wave:2025,2025,dg04,lfs_own_use_goods,"LFS 2022-2025: Own-use production: manufacturing household goods, NISR derived",manufacturing household goods
wave:2025,2025,dg05,lfs_own_use_repairs,"LFS 2022-2025: Own-use production: repairing the dwelling, NISR derived",repairing household
wave:2025,2025,dg06,lfs_own_use_cooking,"LFS 2022-2025: Own-use production: cooking and shopping, NISR derived",Cooking and shopping
wave:2025,2025,dg07,lfs_own_use_care,LFS 2022-2025: Own-use production: looking after children and elderly (NISR),Looking after children and aldery
wave:2025,2025,timegood,lfs_own_use_hours_goods,LFS 2022-2025: Time spent producing goods for own use,Time spent in production of good
wave:2025,2025,timeservice,lfs_own_use_hours_services,LFS 2022-2025: Time spent producing services for own use,Time spent in production of services
wave:2025,2025,usual_h,lfs_usual_hours_number,"LFS 2017-2025: Number of usual hours worked, NISR derived",Number of usual hours
wave:2025,2025,act_hrs,lfs_actual_hours_worked,"LFS 2017-2025: Actual hours worked in all jobs, NISR derived",Number of actual hours worked
wave:2025,2025,acthrs,lfs_actual_hours_interval,"LFS 2017-2025: Actual hours worked, interval, NISR derived",Actual hours intervals
wave:2025,2025,ya,lfs_young_or_adult,LFS 2020-2025: Young 16-30 or adult 31 and over,Young/adult
wave:2025,2025,hr_own,lfs_own_use_hours_total,"LFS 2022-2025: Total hours in own-use production, NISR derived",Total hours in own use
wave:2025,2025,subhrs,lfs_subsistence_hours_2024_2025,"LFS 2024-2025: Hours in subsistence activities, NISR derived",Time spent in subsistance activities
wave:2025,2025,age3,lfs_age_group_selected,"LFS 2022-2025: Selected age group, NISR derived",selected age group
wave:2025,2025,tvt,lfs_attended_tvet,"LFS 2020-2025: Attended TVET or not, NISR derived",Attended TVT or not
wave:2025,2025,tvt2,lfs_general_or_tvet_attainment,"LFS 2019-2025: General or TVET attainment, NISR derived",General or TVET attainemnt
wave:2025,2025,ud,lfs_unemployment_duration,"LFS 2019-2025: Unemployment duration bracket, NISR derived",Unemployment duration
wave:2025,2025,age3_16_30,lfs_youth_age_group,"LFS 2022-2025: Youth age group 16-30, NISR derived",Youth age groups
wave:2025,2025,yur1,lfs_youth_unemployment_rate,"LFS 2022-2025: Youth unemployment rate base, NISR indicator",Youth unemployment rate
wave:2025,2025,intcash,lfs_income_interval_2025,"LFS 2025: Income interval, NISR derived",Cash Income interval for employees
wave:2025,2025,cash,lfs_monthly_cash_income,"LFS 2017-2025: Monthly income in cash of employees, NISR derived",Monthly income in cash for employees
wave:2025,2025,lu2,lfs_underutilisation_lu2,LFS 2018-2025: LU2: unemployment and time-related underemployment rate,LU2 - Combined rate of unemployment and time-related underemployment(%)
wave:2025,2025,lu3,lfs_underutilisation_lu3,LFS 2018-2025: LU3: unemployment and potential labour force rate,LU3 - Combined rate of unemployment and potential labour force(%)
wave:2025,2025,lu4,lfs_underutilisation_lu4,LFS 2022-2025: LU4: composite measure of labour underutilisation,LU4 - Composite measure of labour underutilization(%)
wave:2025,2025,trur,lfs_time_underemployment_rate,"LFS 2018-2025: Time-related underemployment rate, NISR derived",Time related underemployment rate(%)
wave:2025,2025,isco2digit,lfs_isco_two_digit_main_job,LFS 2022-2025: ISCO two-digit group of the main job,occupation activity at two digit
wave:2025,2025,isic2digitdigit,lfs_isic_two_digit_main_job,LFS 2022-2025: ISIC two-digit division of the main job,economic activity at two digit
wave:2025,2025,hhid_nisr,lfs_nisr_household_id,LFS 2021-2025: NISR household identifier as shipped,NISR household id as shipped (HHID)
