14:58:46 02_merge INFO ==== 02_merge | run 20260905-145845 | python 3.13.5 | pandas 2.2.3 | pyreadstat 1.3.4
14:58:46 02_merge INFO   2017_A_lsf: screening plot column = plot (Plot number within segment/holder)
14:58:46 02_merge INFO   2017_A_lsf: weight -> none shipped
14:58:46 02_merge INFO   loaded 2017_A_lsf     SAS_2017_A_lsf_crop_production_clean.dta                     744 rows
14:58:47 02_merge INFO   2017_A_ssf: screening plot column = plot (Plot number within segment/holder)
14:58:47 02_merge INFO   2017_A_ssf: weight -> screening file SAS_2017_A_ssf_screening_clean.dta on (segment, plot): 100.0% matched
14:58:47 02_merge INFO   loaded 2017_A_ssf     SAS_2017_A_ssf_crop_production_clean.dta                  27,740 rows
14:58:47 02_merge INFO   2017_B_lsf: screening plot column = plot (Plot number within segment/holder)
14:58:47 02_merge INFO   2017_B_lsf: weight -> none shipped
14:58:47 02_merge INFO   loaded 2017_B_lsf     SAS_2017_B_lsf_crop_production_clean.dta                   1,591 rows
14:58:47 02_merge INFO   2017_B_ssf: screening plot column = plot (Plot number within segment/holder)
14:58:47 02_merge INFO   2017_B_ssf: weight -> screening file SAS_2017_B_ssf_screening_clean.dta on (segment, plot): 100.0% matched
14:58:47 02_merge INFO   loaded 2017_B_ssf     SAS_2017_B_ssf_crop_production_clean.dta                  25,529 rows
14:58:48 02_merge INFO   2017_C_ssf: screening plot column = plot (Plot number within segment/holder)
14:58:48 02_merge INFO   2017_C_ssf: weight -> screening file SAS_2017_C_ssf_screening_clean.dta on (segment, plot): 100.0% matched
14:58:48 02_merge INFO   loaded 2017_C_ssf     SAS_2017_C_ssf_crop_production_clean.dta                   1,907 rows
14:58:48 02_merge INFO   2018_A_lsf: screening plot column = plot (Plot number within segment/holder)
14:58:48 02_merge INFO   2018_A_lsf: weight -> none shipped
14:58:48 02_merge INFO   loaded 2018_A_lsf     SAS_2018_A_lsf_crop_production_clean.dta                   1,346 rows
14:58:48 02_merge INFO   2018_A_ssf: screening plot column = plot (Plot number within segment/holder)
14:58:48 02_merge INFO   2018_A_ssf: weight -> screening file SAS_2018_A_ssf_screening_clean.dta on (segment, plot): 100.0% matched
14:58:48 02_merge INFO   loaded 2018_A_ssf     SAS_2018_A_ssf_crop_production_clean.dta                  16,909 rows
14:58:48 02_merge INFO   2018_B_lsf: screening plot column = plot (Plot number within segment/holder)
14:58:48 02_merge INFO   2018_B_lsf: weight -> none shipped
14:58:48 02_merge INFO   loaded 2018_B_lsf     SAS_2018_B_lsf_crop_production_clean.dta                   1,443 rows
14:58:48 02_merge INFO   2018_B_ssf: screening plot column = plot (Plot number within segment/holder)
14:58:48 02_merge INFO   2018_B_ssf: weight -> screening file SAS_2018_B_ssf_screening_clean.dta on (segment, plot): 100.0% matched
14:58:48 02_merge INFO   loaded 2018_B_ssf     SAS_2018_B_ssf_crop_production_clean.dta                  18,133 rows
14:58:48 02_merge INFO   2018_C_ssf: screening plot column = plot (Plot number within segment/holder)
14:58:48 02_merge INFO   2018_C_ssf: weight -> screening file SAS_2018_C_ssf_screening_clean.dta on (segment, plot): 99.9% matched; segment weight used for the rest (99.9% weighted)
14:58:48 02_merge INFO   loaded 2018_C_ssf     SAS_2018_C_ssf_crop_production_clean.dta                   1,462 rows
14:58:49 02_merge INFO   2019_A: screening plot column = plot (Plot number within segment/holder)
14:58:49 02_merge INFO   2019_A: weight -> screening file SAS_2019_A_screening_clean.dta on (segment, plot): 100.0% matched
14:58:49 02_merge INFO   loaded 2019_A         SAS_2019_A_crop_production_clean.dta                      32,906 rows
14:58:49 02_merge INFO   2019_B: screening plot column = plot (Plot number within segment/holder)
14:58:49 02_merge INFO   2019_B: weight -> screening file SAS_2019_B_screening_clean.dta on (segment, plot): 100.0% matched
14:58:49 02_merge INFO   loaded 2019_B         SAS_2019_B_crop_production_clean.dta                      30,493 rows
14:58:49 02_merge INFO   2019_C: screening plot column = plot (Plot number within segment/holder)
14:58:49 02_merge INFO   2019_C: weight -> screening file SAS_2019_C_screening_clean.dta on (segment, plot): 100.0% matched
14:58:49 02_merge INFO   loaded 2019_C         SAS_2019_C_crop_production_clean.dta                       1,667 rows
14:58:50 02_merge INFO   loaded 2020_A         SAS_2020_A_crop_production_clean.dta                      41,313 rows
14:58:50 02_merge INFO   loaded 2020_B         SAS_2020_B_crop_production_clean.dta                      35,773 rows
14:58:50 02_merge INFO   loaded 2020_C         SAS_2020_C_crop_production_clean.dta                       4,283 rows
14:58:51 02_merge INFO   loaded 2021_A         SAS_2021_A_crop_production_clean.dta                      41,634 rows
14:58:51 02_merge INFO   loaded 2021_B         SAS_2021_B_crop_production_clean.dta                      35,869 rows
14:58:51 02_merge INFO   loaded 2021_C         SAS_2021_C_crop_production_clean.dta                       3,416 rows
14:58:52 02_merge INFO   loaded 2022_A         SAS_2022_A_crop_production_clean.dta                      41,589 rows
14:58:52 02_merge INFO   loaded 2022_B         SAS_2022_B_crop_production_clean.dta                      36,005 rows
14:58:52 02_merge INFO   loaded 2022_C         SAS_2022_C_crop_production_clean.dta                       5,818 rows
14:58:53 02_merge INFO   loaded 2023_A         SAS_2023_A_crop_production_clean.dta                      39,038 rows
14:58:54 02_merge INFO   loaded 2023_B         SAS_2023_B_crop_production_clean.dta                      36,546 rows
14:58:54 02_merge INFO   loaded 2023_C         SAS_2023_C_crop_production_clean.dta                       3,566 rows
14:58:54 02_merge INFO   loaded 2024_A         SAS_2024_A_production_clean.dta                           39,330 rows
14:58:55 02_merge INFO   loaded 2024_B         SAS_2024_B_production_clean.dta                           35,584 rows
14:58:55 02_merge INFO   loaded 2024_C         SAS_2024_C_production_clean.dta                            1,949 rows
14:58:56 02_merge INFO   loaded 2025_A         SAS_2025_A_production_clean.dta                           34,369 rows
14:58:57 02_merge INFO   loaded 2025_B         SAS_2025_B_production_clean.dta                           32,920 rows
14:58:57 02_merge INFO   loaded 2025_C         SAS_2025_C_production_clean.dta                            1,884 rows
14:58:57 02_merge INFO   VERSIONS crop_group: {'crop_group': 6, 'crop_group_v2': 1} | 2017_B_ssf vs 2017_A_lsf: variable label differs ('2.6 Crop name' vs 'Crop category based on major crop grown ')
14:58:57 02_merge INFO   VERSIONS cropcategory: {'cropcategory': 12, 'cropcategory_v2': 6} | 2022_A vs 2020_A: value labels differ -- 6: 'Sweet potato' vs 'Fruits'; 7: 'Irish potato' vs 'Vegetables'; 8: 'Taro & Yams' vs 'Other crops' / 2022_B vs 2020_A: value labels differ -- 6: 'Sweet potato' vs 'Fruits'; 7: 'Irish potato' vs 'Vegetables'; 8: 'Taro & Yams' vs 'Other crops'
14:58:57 02_merge INFO   VERSIONS cropgroup: {'cropgroup': 3, 'cropgroup_v2': 2, 'cropgroup_v3': 1} | 2018_B_lsf vs 2018_A_lsf: variable label differs ('Crop groups' vs 'Crop category and major crops') / 2019_A vs 2018_A_lsf: value labels differ -- 6: 'Beverage and spice crops' vs 'Fruits'; 7: 'Leguminous crops' vs 'Vegetables'
14:58:57 02_merge INFO   VERSIONS s1q14: {'s1q14': 8, 's1q14_v2': 3, 's1q14_v3': 1} | 2023_A vs 2022_A: variable label differs ('Is the farmer himself who is responding?' vs '1.14 Did the farmer respond him/herself?') / 2025_A vs 2022_A: variable label differs ('1.14 respondent' vs '1.14 Did the farmer respond him/herself?')
14:58:57 02_merge INFO   VERSIONS s1q5: {'s1q5': 3, 's1q5_v2': 1} | 2019_C vs 2018_A_lsf: variable label differs ('1.5 Date of visting the segment/LSF(DD/M' vs 'Date of interview')
14:58:57 02_merge INFO   VERSIONS s2q10: {'s2q10': 18, 's2q10_v2': 6, 's2q10_v3': 5, 's2q10_v4': 2} | 2018_A_lsf vs 2017_A_lsf: variable label differs ('2.10. Types of Seeds sown' vs '2.10.Sowing date') / 2018_A_ssf vs 2017_A_lsf: variable label differs ('2.10. Types of Seeds sown' vs '2.10.Sowing date')
14:58:57 02_merge INFO   VERSIONS s2q11: {'s2q11': 18, 's2q11_v2': 3, 's2q11_v3': 2} | 2017_B_lsf vs 2017_A_lsf: value labels differ -- 1: 'Between 01-15/05' vs 'Before 01/12'; 6: 'After July' vs 'Between 01-28/02'; 7: 'Not applicable' vs 'After February' / 2017_B_ssf vs 2017_A_lsf: value labels differ -- 1: 'Between 01-15/05' vs 'Before 01/12'; 6: 'After July' vs 'Between 01-28/02'; 7: 'Not applicable' vs 'After February'
14:58:58 02_merge INFO   VERSIONS s2q12: {'s2q12': 18, 's2q12_v2': 8, 's2q12_v3': 3, 's2q12_v4': 2} | 2017_A_ssf vs 2017_A_lsf: value labels differ -- 3: 'Improved+traditional' vs 'Both(Trad and Improved' / 2017_B_lsf vs 2017_A_lsf: value labels differ -- 3: 'Both Improved & Traditional' vs 'Both(Trad and Improved'
14:58:58 02_merge INFO   VERSIONS s2q13_1: {'s2q13_1': 18, 's2q13_1_v2': 5} | 2020_A vs 2017_A_lsf: value labels differ -- 3: 'Cuttings' vs 'NA' / 2020_B vs 2017_A_lsf: value labels differ -- 3: 'Cuttings' vs 'NA'
14:58:58 02_merge INFO   VERSIONS s2q16_1: {'s2q16_1': 18, 's2q16_1_v2': 5} | 2020_A vs 2017_A_lsf: value labels differ -- 3: 'Cuttings' vs 'NA' / 2020_B vs 2017_A_lsf: value labels differ -- 3: 'Cuttings' vs 'NA'
14:58:58 02_merge INFO   VERSIONS s2q17: {'s2q17': 15, 's2q17_v2': 8, 's2q17_v3': 5, 's2q17_v4': 3} | 2017_A_lsf: FORCE_SPLIT / 2018_A_lsf: FORCE_SPLIT
14:58:58 02_merge INFO   VERSIONS s2q19: {'s2q19': 14, 's2q19_v2': 5} | 2018_A_lsf vs 2017_A_lsf: variable label differs ('2.19 Quantity already harvested (in Kg)' vs '2.19.Where did improved seeds sown come ') / 2018_A_ssf vs 2017_A_lsf: variable label differs ('2.19 Quantity already harvested (in Kg)' vs '2.19.Where did improved seeds sown come ')
14:58:58 02_merge INFO   VERSIONS s2q19_1: {'s2q19_1': 9, 's2q19_1_v2': 3} | 2023_A vs 2022_A: 2023_A is unlabelled and its values reach 2.84573e+07, beyond the labelled codes (1-4) / 2023_B vs 2022_A: 2023_B is unlabelled and its values reach 2.72195e+06, beyond the labelled codes (1-4)
14:58:58 02_merge INFO   VERSIONS s2q19_2: {'s2q19_2': 6, 's2q19_2_v2': 3} | 2024_A vs 2023_A: 2024_A is unlabelled and its values reach 1.60086e+07, beyond the labelled codes (1-4) / 2024_B vs 2023_A: 2024_B is unlabelled and its values reach 1.65626e+07, beyond the labelled codes (1-4)
14:58:58 02_merge INFO   VERSIONS s2q2: {'s2q2': 28, 's2q2_v2': 2, 's2q2_v3': 1} | 2019_A vs 2017_A_lsf: variable label differs ('2.2 Area m2' vs '2.2 Plot area in square meters') / 2019_B vs 2017_A_lsf: variable label differs ('2.2Plot size (ha)' vs '2.2 Plot area in square meters')
14:58:58 02_merge INFO   VERSIONS s2q21: {'s2q21': 21, 's2q21_v2': 10} | 2019_A vs 2017_A_lsf: variable label differs ('2.21. Total quantity of harvest in this ' vs '2.21.Remaining quantity to be haversted') / 2019_B vs 2017_A_lsf: variable label differs ('2.21. Total quantity of harvest in this ' vs '2.21.Remaining quantity to be haversted')
14:58:58 02_merge INFO   VERSIONS s2q22: {'s2q22': 10, 's2q22_v2': 9, 's2q22_v3': 4, 's2q22_v4': 2} | 2018_A_lsf vs 2017_A_lsf: variable label differs ('2.22. Explanation on production status' vs '2.22.Total quantity of the havest') / 2018_A_ssf vs 2017_A_lsf: variable label differs ('2.22. Explanation on production status' vs '2.22.Total quantity of the havest')
14:58:58 02_merge INFO   VERSIONS s2q22_1: {'s2q22_1': 7, 's2q22_1_v2': 2} | 2022_A vs 2020_A: value labels differ -- 9: 'Crop destroyed by wild animals' vs 'Diseases and pests'; 10: 'Diseases and pests' vs 'Unfertile soil'; 11: 'Unfertile soil' vs 'Inappropriate seeds' / 2022_C vs 2020_A: value labels differ -- 9: 'Crop destroyed by wild animals' vs 'Diseases and pests'; 10: 'Diseases and pests' vs 'Unfertile soil'; 11: 'Unfertile soil' vs 'Inappropriate seeds'
14:58:58 02_merge INFO   VERSIONS s2q22_2: {'s2q22_2': 7, 's2q22_2_v2': 2} | 2022_A vs 2020_A: value labels differ -- 9: 'Crop destroyed by wild animals' vs 'Diseases and pests'; 10: 'Diseases and pests' vs 'Unfertile soil'; 11: 'Unfertile soil' vs 'Inappropriate seeds' / 2022_C vs 2020_A: value labels differ -- 9: 'Crop destroyed by wild animals' vs 'Diseases and pests'; 10: 'Diseases and pests' vs 'Unfertile soil'; 11: 'Unfertile soil' vs 'Inappropriate seeds'
14:58:58 02_merge INFO   VERSIONS s2q22_3: {'s2q22_3': 7, 's2q22_3_v2': 2} | 2022_A vs 2020_A: value labels differ -- 9: 'Crop destroyed by wild animals' vs 'Diseases and pests'; 10: 'Diseases and pests' vs 'Unfertile soil'; 11: 'Unfertile soil' vs 'Inappropriate seeds' / 2022_C vs 2020_A: value labels differ -- 9: 'Crop destroyed by wild animals' vs 'Diseases and pests'; 10: 'Diseases and pests' vs 'Unfertile soil'; 11: 'Unfertile soil' vs 'Inappropriate seeds'
14:58:58 02_merge INFO   VERSIONS s2q23: {'s2q23': 17, 's2q23_v2': 5, 's2q23_v3': 5, 's2q23_v4': 4} | 2018_A_lsf vs 2017_A_lsf: variable label differs ('2.23. What was the quantity produced? (K' vs '2.23 Explanation on production status') / 2018_A_ssf vs 2017_A_lsf: variable label differs ('2.23. What was the quantity produced? (K' vs '2.23 Explanation on production status')
14:58:58 02_merge INFO   VERSIONS s2q24: {'s2q24': 15, 's2q24_v2': 5, 's2q24_v3': 2} | 2018_A_lsf vs 2017_A_lsf: variable label differs ('2.24. What was the quantity processed at' vs '2.24 Have you sold any quantity of your ') / 2018_A_ssf vs 2017_A_lsf: variable label differs ('2.24. What was the quantity processed at' vs '2.24 Have you sold any quantity of your ')
14:58:58 02_merge INFO   VERSIONS s2q24_1: {'s2q24_1': 2, 's2q24_1_v2': 1} | 2023_C vs 2023_A: value labels differ -- 9: 'Diseases and pests' vs 'Crop destroyed by wild animals'; 10: 'Unfertile soil' vs 'Diseases and pests'; 11: 'Inappropriate seeds' vs 'Unfertile soil'
14:58:58 02_merge INFO   VERSIONS s2q24_2: {'s2q24_2': 2, 's2q24_2_v2': 1} | 2023_C vs 2023_A: value labels differ -- 9: 'Diseases and pests' vs 'Crop destroyed by wild animals'; 10: 'Unfertile soil' vs 'Diseases and pests'; 11: 'Inappropriate seeds' vs 'Unfertile soil'
14:58:58 02_merge INFO   VERSIONS s2q24_3: {'s2q24_3': 2, 's2q24_3_v2': 1} | 2023_C vs 2023_A: value labels differ -- 9: 'Diseases and pests' vs 'Crop destroyed by wild animals'; 10: 'Unfertile soil' vs 'Diseases and pests'; 11: 'Inappropriate seeds' vs 'Unfertile soil'
14:58:58 02_merge INFO   VERSIONS s2q24_d: {'s2q24_d': 1, 's2q24_d_v2': 1} | 2025_C vs 2025_A: variable label differs ('Q.2.24 Type of Disease' vs '2.22_2 Specify disease or pest')
14:58:58 02_merge INFO   VERSIONS s2q24_e1: {'s2q24_e1': 2, 's2q24_e1_v2': 1} | 2025_C vs 2025_A: value labels differ -- 18: 'Over mixing of crops' vs 'Good weather'; 19: 'Good weather' vs 'Use of fertilizer'; 20: 'Use of fertilizer' vs 'Sowing on time'
14:58:58 02_merge INFO   VERSIONS s2q24_e2: {'s2q24_e2': 2, 's2q24_e2_v2': 1} | 2025_C vs 2025_A: value labels differ -- 18: 'Over mixing of crops' vs 'Good weather'; 19: 'Good weather' vs 'Use of fertilizer'; 20: 'Use of fertilizer' vs 'Sowing on time'
14:58:58 02_merge INFO   VERSIONS s2q24_e3: {'s2q24_e3': 2, 's2q24_e3_v2': 1} | 2025_C vs 2025_A: value labels differ -- 18: 'Over mixing of crops' vs 'Good weather'; 19: 'Good weather' vs 'Use of fertilizer'; 20: 'Use of fertilizer' vs 'Sowing on time'
14:58:58 02_merge INFO   VERSIONS s2q25: {'s2q25': 16, 's2q25_v2': 9, 's2q25_v3': 6} | 2018_A_lsf vs 2017_A_lsf: variable label differs ('2.25. What was the quantity sold?' vs '2.25 What was the farm gate price of thi') / 2018_A_ssf vs 2017_A_lsf: variable label differs ('2.25. What was the quantity sold?' vs '2.25 What was the farm gate price of thi')
14:58:58 02_merge INFO   VERSIONS s2q25_drink: {'s2q25_drink': 2, 's2q25_drink_v2': 1} | 2025_C vs 2025_A: variable label differs ('Q.2.25.b.Qty transformed & used as drink' vs "2.24.b Ingano y'ibyahinduwe bikavamo ibi")
14:58:58 02_merge INFO   VERSIONS s2q25_food: {'s2q25_food': 2, 's2q25_food_v2': 1} | 2025_C vs 2025_A: variable label differs ('Q.2.25.a.Qty transformed & used as food' vs "2.24.a Ingano y'ibyahinduwe bikavamo ibi")
14:58:58 02_merge INFO   VERSIONS s2q25_other: {'s2q25_other': 2, 's2q25_other_v2': 1} | 2025_C vs 2025_A: variable label differs ('Q.2.25.c.Qty transformed & used in other' vs "2.24.c Ingano y'ibyahinduwe bikavamo ibi")
14:58:58 02_merge INFO   VERSIONS s2q26: {'s2q26': 9, 's2q26_v2': 9, 's2q26_v3': 8} | 2020_A vs 2018_A_lsf: value labels differ -- 3: 'Cooperative/company/Association' vs 'District market'; 4: 'Other selling place' vs 'Regional market' / 2020_B vs 2018_A_lsf: value labels differ -- 3: 'Cooperative/company/Association' vs 'District market'; 4: 'Other selling place' vs 'Regional market'
14:58:58 02_merge INFO   VERSIONS s2q27: {'s2q27': 17, 's2q27_v2': 9} | 2023_A vs 2018_A_lsf: variable label differs ('2.27 On which market this crop was sold?' vs '2.27. What was the selling price per kil') / 2023_B vs 2018_A_lsf: variable label differs ('2.27 On which market this crop was sold?' vs '2.27. What was the selling price per kil')
14:58:58 02_merge INFO   VERSIONS s2q28: {'s2q28': 17, 's2q28_v2': 7, 's2q28_v3': 2} | 2023_A vs 2018_A_lsf: variable label differs ('2.28 What was the selling price per kilo' vs '2.28. What was the quantity used for own') / 2023_B vs 2018_A_lsf: variable label differs ('2.28 What was the selling price per kilo' vs '2.28. What was the quantity used for own')
14:58:58 02_merge INFO   VERSIONS s2q29: {'s2q29': 20, 's2q29_v2': 6} | 2022_A vs 2018_A_lsf: variable label differs ('2.29 Total qty of harvest that has been/' vs '2.29. What was the quantity used as wage') / 2022_B vs 2018_A_lsf: variable label differs ('2.29 Total qty of harvest that has been/' vs '2.29. What was the quantity used as wage')
14:58:58 02_merge INFO   VERSIONS s2q30: {'s2q30': 20, 's2q30_v2': 6} | 2024_A vs 2018_A_lsf: variable label differs ('Q.2.30 Qty of production used/to be used' vs '2.30. What was the quantity used as farm') / 2024_B vs 2018_A_lsf: variable label differs ('Q.2.30 Qty of production used/to be used' vs '2.30. What was the quantity used as farm')
14:58:59 02_merge INFO   VERSIONS s2q31: {'s2q31': 24, 's2q31_v2': 2} | 2022_A vs 2018_A_lsf: variable label differs ('2.31 Total qty of harvest that has been/' vs '2.31. What was the quantity used as gift') / 2022_B vs 2018_A_lsf: variable label differs ('2.31 Total qty of harvest that has been/' vs '2.31. What was the quantity used as gift')
14:58:59 02_merge INFO   VERSIONS s2q32: {'s2q32': 15, 's2q32_v2': 6, 's2q32_v3': 5} | 2022_A vs 2018_A_lsf: variable label differs ('2.32 Total qty of harvest that has been/' vs '2.32. What was the quantity exchanged fo') / 2022_B vs 2018_A_lsf: variable label differs ('2.32 Total qty of harvest that has been/' vs '2.32. What was the quantity exchanged fo')
14:58:59 02_merge INFO   VERSIONS s2q33: {'s2q33': 17, 's2q33_v2': 7, 's2q33_v3': 2} | 2023_A vs 2018_A_lsf: variable label differs ('2.33 What is the quantity that has been ' vs '2.33. What was the quantity used as seed') / 2023_B vs 2018_A_lsf: variable label differs ('2.33 What is the quantity that has been ' vs '2.33. What was the quantity used as seed')
14:58:59 02_merge INFO   VERSIONS s2q34: {'s2q34': 18, 's2q34_v2': 8} | 2022_A vs 2018_A_lsf: variable label differs ('2.34 Total qty of harvest that has been/' vs '2.34. What was the quantity used to feed') / 2022_B vs 2018_A_lsf: variable label differs ('2.34 Total qty of harvest that has been/' vs '2.34. What was the quantity used to feed')
14:58:59 02_merge INFO   VERSIONS s2q35: {'s2q35': 18, 's2q35_v2': 6, 's2q35_v3': 2} | 2022_A vs 2018_A_lsf: variable label differs ('2.35 Total qty of harvest that has been/' vs '2.35. What was the quantity stored?') / 2022_B vs 2018_A_lsf: variable label differs ('2.35 Total qty of harvest that has been/' vs '2.35. What was the quantity stored?')
14:58:59 02_merge INFO   VERSIONS s2q36: {'s2q36': 10, 's2q36_v2': 7, 's2q36_v3': 4, 's2q36_v4': 3, 's2q36_v5': 2} | 2020_A vs 2018_A_lsf: 2020_A is unlabelled and its values reach 14, beyond the labelled codes (1-5) / 2020_B vs 2018_A_lsf: 2020_B is unlabelled and its values reach 13, beyond the labelled codes (1-5)
14:58:59 02_merge INFO   VERSIONS s2q37: {'s2q37': 9, 's2q37_v2': 9, 's2q37_v3': 8} | 2020_A vs 2018_A_lsf: variable label differs ('2.37 Quantity of production stored in pu' vs '2.37. What was the quantity lost after h') / 2020_B vs 2018_A_lsf: variable label differs ('2.37 Quantity of production stored in pu' vs '2.37. What was the quantity lost after h')
14:58:59 02_merge INFO   VERSIONS s2q38: {'s2q38': 13, 's2q38_v2': 9, 's2q38_v3': 4} | 2020_A vs 2018_A_lsf: variable label differs ('2.38 On the total production of this cro' vs '2.38. What was the quantity used in othe') / 2020_B vs 2018_A_lsf: variable label differs ('2.38 On the total production of this cro' vs '2.38. What was the quantity used in othe')
14:58:59 02_merge INFO   VERSIONS s2q39: {'s2q39': 9, 's2q39_v2': 7} | 2022_A vs 2020_A: variable label differs ('2.39 Total qty of harvest that has been/' vs '2.38. What was the quantity used in othe') / 2022_B vs 2020_A: variable label differs ('2.39 Total qty of harvest that has been/' vs '2.38. What was the quantity used in othe')
14:58:59 02_merge INFO   VERSIONS s2q40: {'s2q40': 9, 's2q40_v2': 7} | 2023_A vs 2020_A: variable label differs ('2.40 What was the quantity used or to be' vs '2.40 What was the total quantity stolen ') / 2023_B vs 2020_A: variable label differs ('2.40 What was the quantity used or to be' vs '2.40 What was the total quantity stolen ')
14:58:59 02_merge INFO   VERSIONS s2q41: {'s2q41': 14, 's2q41_v2': 4} | 2024_A vs 2020_A: variable label differs ('Q.2.41 Qty of crop stollen at farm level' vs '2.41 What was the total quantity damaged') / 2024_B vs 2020_A: variable label differs ('Q.2.41 Qty of crop stollen at farm level' vs '2.41 What was the total quantity damaged')
14:58:59 02_merge INFO   VERSIONS s2q42: {'s2q42': 14, 's2q42_v2': 4} | 2024_A vs 2020_A: variable label differs ('Q.2.42 Qty of crop damaged by insects or' vs '2.42 What was the total quantity lost du') / 2024_B vs 2020_A: variable label differs ('Q.2.42 Qty of crop damaged by insects or' vs '2.42 What was the total quantity lost du')
14:58:59 02_merge INFO   VERSIONS s2q43: {'s2q43': 14, 's2q43_v2': 4} | 2024_A vs 2020_A: variable label differs ('Q.2.43 Qty of crop lost due to birds or ' vs '2.43 What was the total quantity of Stal') / 2024_B vs 2020_A: variable label differs ('Q.2.43 Qty of crop lost due to birds or ' vs '2.43 What was the total quantity of Stal')
14:58:59 02_merge INFO   VERSIONS s2q44: {'s2q44': 14, 's2q44_v2': 4} | 2024_A vs 2020_A: variable label differs ('Q.2.44 Qty of crop’s stalks fallen to th' vs '2.44 What was the total quantity lost du') / 2024_B vs 2020_A: variable label differs ('Q.2.44 Qty of crop’s stalks fallen to th' vs '2.44 What was the total quantity lost du')
14:58:59 02_merge INFO   VERSIONS s2q45: {'s2q45': 14, 's2q45_v2': 4} | 2024_A vs 2020_A: variable label differs ('Q.2.45 Qty of crop lost during harvestin' vs '2.45 What was the total quantity lost in') / 2024_B vs 2020_A: variable label differs ('Q.2.45 Qty of crop lost during harvestin' vs '2.45 What was the total quantity lost in')
14:58:59 02_merge INFO   VERSIONS s2q47: {'s2q47': 14, 's2q47_v2': 4} | 2024_A vs 2020_A: variable label differs ('Q.2.47 Qty of crop production lost durin' vs '2.47 What was the total quantity lost du') / 2024_B vs 2020_A: variable label differs ('Q.2.47 Qty of crop production lost durin' vs '2.47 What was the total quantity lost du')
14:58:59 02_merge INFO   VERSIONS s2q7: {'s2q7': 18, 's2q7_v2': 13} | 2020_A vs 2017_A_lsf: variable label differs ('2.7 Sowing date' vs '2.7.crop area in square meters') / 2020_B vs 2017_A_lsf: variable label differs ('2.7 Sowing date' vs '2.7.crop area in square meters')
14:58:59 02_merge INFO   VERSIONS s2q8: {'s2q8': 18, 's2q8_v2': 8, 's2q8_v3': 5} | 2018_A_lsf vs 2017_A_lsf: variable label differs ('2.8. Sowing Date' vs '2.8.Number of trees in case of plantatio') / 2018_A_ssf vs 2017_A_lsf: variable label differs ('2.8. Sowing Date' vs '2.8.Number of trees in case of plantatio')
14:58:59 02_merge INFO   VERSIONS s2q9: {'s2q9': 18, 's2q9_v2': 5, 's2q9_v3': 4, 's2q9_v4': 4} | 2018_A_lsf vs 2017_A_lsf: variable label differs ('2.9. Expected period for harvesting' vs '2.9.Number of trees susceptible to produ') / 2018_A_ssf vs 2017_A_lsf: variable label differs ('2.9. Expected period for harvesting' vs '2.9.Number of trees susceptible to produ')
14:58:59 02_merge INFO   VERSIONS s3q5: {'s3q5': 3, 's3q5_v2': 1} | 2023_C vs 2023_A: variable label differs ('3.5 Was this crop planted in this season' vs '3.5 Was the quantity of organic fertiliz')
14:59:00 02_merge INFO   VERSIONS yield: {'yield': 8, 'yield_v2': 1} | 2025_C vs 2022_A: variable label differs ('Yield' vs 'individual crop yiedl at plot level')
14:59:00 02_merge INFO   8 variables with codes observed outside their own value labels (stale labels)
14:59:01 02_merge INFO type conflict s2q5: numeric in some waves, numeric-looking text in others -> numeric
14:59:01 02_merge WARNING type conflict s1q5: numeric in some waves, free text in others -> kept as text
14:59:01 02_merge INFO type conflict s2q18_1: numeric in some waves, numeric-looking text in others -> numeric
14:59:01 02_merge INFO type conflict s2q18_2: numeric in some waves, numeric-looking text in others -> numeric
14:59:01 02_merge WARNING type conflict s2q22_v2: numeric in some waves, free text in others -> kept as text
14:59:01 02_merge INFO type conflict s2q6: numeric in some waves, numeric-looking text in others -> numeric
14:59:09 02_merge INFO PASS  SAS_pooled_plotcrop.dta: pooled rows == sum of wave rows
14:59:21 02_merge INFO wrote SAS_pooled_plotcrop.dta  (632,756 rows x 299 vars, 1503.7 MB)
14:59:25 02_merge INFO   VERSIONS anti_erosive_practice: {'anti_erosive_practice': 5, 'anti_erosive_practice_v2': 3} | 2015_B_ssf_screening_segment vs 2014_B_ssf_screening: variable label differs ('2.8.1 Anti_erosion activities done on th' vs '2.6.1 anti_erosive_practice') / 2016_A_screening_a_final vs 2014_B_ssf_screening: variable label differs ('2.8.1 anti_erosion activities done on th' vs '2.6.1 anti_erosive_practice')
14:59:25 02_merge INFO   VERSIONS area_crop: {'area_crop': 1, 'area_crop_v2': 1} | 2016_A_screening_a_final vs 2016_A_screening_a_final_big: variable label differs ('area3 using perc interv' vs 'crop area')
14:59:25 02_merge INFO   VERSIONS c05: {'c05': 8, 'c05_v2': 5, 'c05_v3': 2, 'c05_v4': 2, 'c05_v5': 1, 'c05_v6': 1} | 2013_B_lsf_sowing_production_harvest vs 2013_A_date_sowing_production_harvest: value labels differ -- 4: '16-31/03/2013' vs 'After 30/09/12'; 5: 'After 31/03/2013' vs 'Not applicable' / 2013_B_ssf_sowing_production_harvest vs 2013_A_date_sowing_production_harvest: value labels differ -- 4: '16-31/03/2013' vs 'After 30/09/12'; 5: 'After 31/03/2013' vs 'Not applicable'
14:59:25 02_merge INFO   VERSIONS c12: {'c12': 3, 'c12_v2': 2} | 2013_B_lsf_sowing_production_harvest vs 2013_A_date_sowing_production_harvest: variable label differs ('1.13  Do you expect any production on th' vs 'Production expectation by 28th February ') / 2013_C_ssf_sowing_production_harvest_c vs 2013_A_date_sowing_production_harvest: variable label differs ('1.14  Do you expect any production on th' vs 'Production expectation by 28th February ')
14:59:26 02_merge INFO   VERSIONS group_crop: {'group_crop': 5, 'group_crop_v2': 2, 'group_crop_v3': 2} | 2014_A_farmq_screening vs 2013_C_area_province_crop_c: value labels differ -- 1: 'sorghum' vs 'Maize'; 2: 'maize' vs 'Paddy rice'; 3: 'wheat' vs 'Sorghum' / 2014_B_ssf_screening vs 2013_C_area_province_crop_c: value labels differ -- 1: 'sorghum' vs 'Maize'; 2: 'maize' vs 'Paddy rice'; 3: 'wheat' vs 'Sorghum'
14:59:26 02_merge INFO   VERSIONS land_use: {'land_use': 14, 'land_use_v2': 1} | 2014_A_lsf_screening vs 2014_A_farmq_screening: value labels differ -- 97: 'fallow' vs 'pasture'
14:59:26 02_merge INFO   VERSIONS non_agri_land_type: {'non_agri_land_type': 11, 'non_agri_land_type_v2': 4} | 2014_C_ssf_screening vs 2014_A_farmq_screening: value labels differ -- 5: 'uncultivated marshlands' vs 'water'; 6: 'flooded  marshlands' vs 'others' / 2015_A_lsf_screening vs 2014_A_farmq_screening: value labels differ -- 5: 'Uncultivated marshlands' vs 'water'; 6: 'Flooded  marshlands' vs 'others'
14:59:27 02_merge INFO   VERSIONS resident_in_the_segment: {'resident_in_the_segment': 5, 'resident_in_the_segment_v2': 4} | 2015_C_screening_c vs 2014_A_farmq_screening: value labels differ -- 1: 'Yes' vs 'resident'; 2: 'No' vs 'not resident' / 2016_A_screening_a_final vs 2014_A_farmq_screening: value labels differ -- 1: 'yes' vs 'resident'; 2: 'no' vs 'not resident'
14:59:27 02_merge INFO   VERSIONS seeds: {'seeds': 4, 'seeds_v2': 1} | 2014_B_farmq_part1 vs 2014_A_farmq_part1: value labels differ -- 3: 'tradutional and improved seeds' vs '1 and 2' / 2015_A_plot_ident_lsf vs 2014_A_farmq_part1: value labels differ -- 3: 'Traditional and Improved seeds' vs '1 and 2'
14:59:28 02_merge INFO   VERSIONS type_of_seeds_sowed: {'type_of_seeds_sowed': 2, 'type_of_seeds_sowed_v2': 1} | 2014_B_lsf_farmq_part1 vs 2014_A_lsf_farmq_part1: value labels differ -- 3: 'tradutional and improved seeds' vs '1 and 2' / 2014_C_farmq_part1 vs 2014_A_lsf_farmq_part1: value labels differ -- 3: 'traditional and improved seeds' vs '1 and 2'
14:59:28 02_merge INFO   2 variables with codes observed outside their own value labels (stale labels)
14:59:33 02_merge INFO PASS  SAS_pooled_plotcrop_2013_2016.dta: pooled rows == sum of wave rows
14:59:39 02_merge INFO wrote SAS_pooled_plotcrop_2013_2016.dta  (1,122,323 rows x 84 vars, 370.4 MB)
14:59:40 02_merge INFO   VERSIONS i16: {'i16': 6, 'i16_v2': 1} | 2014_B vs 2014_A: value labels differ -- 1: 'agriculture' vs 'cropping'; 3: 'agriculture & livestock' vs 'cropping & livestock' / 2014_C vs 2014_A: value labels differ -- 1: 'agriculture' vs 'cropping'; 3: 'agriculture & livestock' vs 'cropping & livestock'
14:59:40 02_merge INFO PASS  SAS_pooled_farmq_part0_2013_2016.dta: pooled rows == sum of wave rows
14:59:40 02_merge INFO wrote SAS_pooled_farmq_part0_2013_2016.dta  (28,051 rows x 17 vars, 1.0 MB)
14:59:40 02_merge INFO   VERSIONS c05: {'c05': 3, 'c05_v2': 3, 'c05_v3': 1} | 2014_B vs 2014_A: value labels differ -- 3: '01- 28/02/2014' vs '16- 30/09/2013' / 2015_B vs 2014_A: value labels differ -- 3: '01- 28/02/2015' vs '16- 30/09/2013'
14:59:40 02_merge INFO   VERSIONS seeds: {'seeds': 2, 'seeds_v2': 1} | 2014_B vs 2014_A: value labels differ -- 3: 'tradutional and improved seeds' vs '1 and 2' / 2015_B vs 2014_A: value labels differ -- 3: 'traditional and improved seeds' vs '1 and 2'
14:59:40 02_merge INFO   1 variables with codes observed outside their own value labels (stale labels)
14:59:40 02_merge INFO PASS  SAS_pooled_farmq_part1_2013_2016.dta: pooled rows == sum of wave rows
14:59:41 02_merge INFO wrote SAS_pooled_farmq_part1_2013_2016.dta  (134,035 rows x 18 vars, 8.6 MB)
14:59:41 02_merge INFO type conflict ui02e: numeric in some waves, numeric-looking text in others -> numeric
14:59:41 02_merge INFO PASS  SAS_pooled_farmq_part2a_2013_2016.dta: pooled rows == sum of wave rows
14:59:41 02_merge INFO wrote SAS_pooled_farmq_part2a_2013_2016.dta  (68,996 rows x 18 vars, 2.1 MB)
14:59:41 02_merge INFO   1 variables with codes observed outside their own value labels (stale labels)
14:59:41 02_merge INFO PASS  SAS_pooled_farmq_part2b_2013_2016.dta: pooled rows == sum of wave rows
14:59:41 02_merge INFO wrote SAS_pooled_farmq_part2b_2013_2016.dta  (30,995 rows x 15 vars, 0.8 MB)
14:59:41 02_merge INFO   1 variables with codes observed outside their own value labels (stale labels)
14:59:41 02_merge INFO PASS  SAS_pooled_farmq_part2b_fertilizer_2013_2016.dta: pooled rows == sum of wave rows
14:59:42 02_merge INFO wrote SAS_pooled_farmq_part2b_fertilizer_2013_2016.dta  (28,878 rows x 14 vars, 0.9 MB)
14:59:42 02_merge INFO   1 variables with codes observed outside their own value labels (stale labels)
14:59:42 02_merge INFO PASS  SAS_pooled_farmq_part2b_pesticide_2013_2016.dta: pooled rows == sum of wave rows
14:59:42 02_merge INFO wrote SAS_pooled_farmq_part2b_pesticide_2013_2016.dta  (28,883 rows x 10 vars, 0.6 MB)
14:59:42 02_merge INFO PASS  SAS_pooled_farmq_part4_2013_2016.dta: pooled rows == sum of wave rows
14:59:42 02_merge INFO wrote SAS_pooled_farmq_part4_2013_2016.dta  (57,511 rows x 22 vars, 8.7 MB)
14:59:44 02_merge INFO   VERSIONS uic1: {'uic1': 2, 'uic1_v2': 2} | 2016_B vs 2015_A: value labels differ -- 31: 'Thresher machine' vs 'others (specify)' / 2016_C vs 2015_A: value labels differ -- 31: 'Thresher machine' vs 'others (specify)'
14:59:44 02_merge INFO PASS  SAS_pooled_farmq_part6a_2013_2016.dta: pooled rows == sum of wave rows
14:59:45 02_merge INFO wrote SAS_pooled_farmq_part6a_2013_2016.dta  (544,313 rows x 15 vars, 19.1 MB)
14:59:46 02_merge INFO   3 variables with codes observed outside their own value labels (stale labels)
14:59:46 02_merge INFO PASS  SAS_pooled_farmq_part7_2013_2016.dta: pooled rows == sum of wave rows
14:59:46 02_merge INFO wrote SAS_pooled_farmq_part7_2013_2016.dta  (34,626 rows x 31 vars, 1.5 MB)
14:59:46 02_merge INFO   VERSIONS c05: {'c05': 2, 'c05_v2': 1} | 2014_B vs 2014_A: value labels differ -- 3: '01- 28/02/2014' vs '16- 30/09/2013' / 2016_B vs 2014_A: value labels differ -- 3: '01- 28/02/2016' vs '16- 30/09/2013'
14:59:46 02_merge INFO   VERSIONS type_of_seeds_sowed: {'type_of_seeds_sowed': 1, 'type_of_seeds_sowed_v2': 1} | 2014_B vs 2014_A: value labels differ -- 3: 'tradutional and improved seeds' vs '1 and 2'
14:59:46 02_merge INFO PASS  SAS_pooled_lsf_farmq_part1_2013_2016.dta: pooled rows == sum of wave rows
14:59:46 02_merge INFO wrote SAS_pooled_lsf_farmq_part1_2013_2016.dta  (4,837 rows x 16 vars, 0.3 MB)
14:59:46 02_merge INFO PASS  SAS_pooled_lsf_farmq_part2a_2013_2016.dta: pooled rows == sum of wave rows
14:59:46 02_merge INFO wrote SAS_pooled_lsf_farmq_part2a_2013_2016.dta  (2,036 rows x 14 vars, 0.1 MB)
14:59:46 02_merge INFO PASS  SAS_pooled_lsf_farmq_part2b_2013_2016.dta: pooled rows == sum of wave rows
14:59:46 02_merge INFO wrote SAS_pooled_lsf_farmq_part2b_2013_2016.dta  (2,081 rows x 15 vars, 0.1 MB)
14:59:49 02_merge INFO   VERSIONS s1q14: {'s1q14': 4, 's1q14_v2': 1} | 2025_A vs 2023_B: variable label differs ('1.14 respondent' vs '1.14 Did the farmer respond him/herself?')
14:59:49 02_merge INFO   VERSIONS s2q2: {'s2q2': 18, 's2q2_v2': 2} | 2022_A vs 2019_A: variable label differs ('2.4 Plot size (m2)' vs '2.2 Ptot area in sqm') / 2023_A vs 2019_A: variable label differs ('2.2 Plot area (m2) Crops planted in the ' vs '2.2 Ptot area in sqm')
14:59:49 02_merge INFO   VERSIONS s3q10: {'s3q10': 9, 's3q10_v2': 3, 's3q10_v3': 3} | 2020_A vs 2019_A: variable label differs ('3.10 Type of inorganic fertilizer used' vs '3.10 Unit Price(Rwf)') / 2020_B vs 2019_A: variable label differs ('3.10 Type of inorganic fertilizer used' vs '3.10 Unit Price(Rwf)')
14:59:49 02_merge INFO   VERSIONS s3q11: {'s3q11': 12, 's3q11_v2': 3} | 2020_A vs 2019_A: variable label differs ('3.11 Measurement unit' vs '3.11 What is the main source of fertiliz') / 2020_B vs 2019_A: variable label differs ('3.11 Measurement unit' vs '3.11 What is the main source of fertiliz')
14:59:49 02_merge INFO   VERSIONS s3q12: {'s3q12': 12, 's3q12_v2': 3} | 2020_A vs 2019_A: variable label differs ('3.12 Total quantity used in this plot' vs '3.12 What was the main crop the fertiliz') / 2020_B vs 2019_A: variable label differs ('3.12 Total quantity used in this plot' vs '3.12 What was the main crop the fertiliz')
14:59:49 02_merge INFO   VERSIONS s3q13: {'s3q13': 12, 's3q13_v2': 3} | 2020_A vs 2019_A: 2020_A is unlabelled and its values reach 141200, beyond the labelled codes (1-2) / 2020_B vs 2019_A: 2020_B is unlabelled and its values reach 167000, beyond the labelled codes (1-2)
14:59:49 02_merge INFO   VERSIONS s3q14: {'s3q14': 12, 's3q14_v2': 3} | 2020_A vs 2019_A: variable label differs ('3.14 Unit price (Rwf)' vs '3.14 Pesticide type') / 2020_B vs 2019_A: variable label differs ('3.14 Unit price (Rwf)' vs '3.14 Pesticide type')
14:59:49 02_merge INFO   VERSIONS s3q15: {'s3q15': 5, 's3q15_v2': 4, 's3q15_v3': 3, 's3q15_v4': 2, 's3q15_v5': 1} | 2020_A vs 2019_A: variable label differs ('3.15 Main crops to be fertilized?' vs '3.15 Unit') / 2020_B vs 2019_A: variable label differs ('3.15 Main crops to be fertilized?' vs '3.15 Unit')
14:59:49 02_merge INFO   VERSIONS s3q16: {'s3q16': 18, 's3q16_v2': 3} | 2020_A vs 2019_A: variable label differs ('3.16 Did you use any type of micro-nutri' vs '3.16 Total Quantity of pesticide used in') / 2020_B vs 2019_A: variable label differs ('3.16 Did you use any type of micro-nutri' vs '3.16 Total Quantity of pesticide used in')
14:59:49 02_merge INFO   VERSIONS s3q17: {'s3q17': 18, 's3q17_v2': 3} | 2020_A vs 2019_A: variable label differs ('3.17 Did you use any type of micro-nutri' vs '3.17 Quantity of pesticide purchased') / 2020_B vs 2019_A: variable label differs ('3.17 Did you use any type of micro-nutri' vs '3.17 Quantity of pesticide purchased')
14:59:49 02_merge INFO   VERSIONS s3q18: {'s3q18': 18, 's3q18_v2': 3} | 2020_A vs 2019_A: variable label differs ('3.18 Did you use pesticide/Fungicide in ' vs '3.18 Total amount spent on quantity boug') / 2020_B vs 2019_A: variable label differs ('3.18 Did you use pesticide/Fungicide in ' vs '3.18 Total amount spent on quantity boug')
14:59:49 02_merge INFO   VERSIONS s3q19: {'s3q19': 18, 's3q19_v2': 3} | 2020_A vs 2019_A: variable label differs ('3.19 Have you used pesticide/Fungicide i' vs '3.19 What was the main crop the pesticid') / 2020_B vs 2019_A: variable label differs ('3.19 Have you used pesticide/Fungicide i' vs '3.19 What was the main crop the pesticid')
14:59:49 02_merge INFO   VERSIONS s3q2: {'s3q2': 6, 's3q2_v2': 3} | 2019_A: FORCE_SPLIT
14:59:49 02_merge INFO   VERSIONS s3q21: {'s3q21': 9, 's3q21_v2': 2} | 2025_B vs 2020_A: variable label differs ('3.2a Where did organic fertilizer used c' vs '3.21 Pesticde unit') / 2025_C vs 2020_A: variable label differs ('Source of organic fertilizer used came f' vs '3.21 Pesticde unit')
14:59:49 02_merge INFO   VERSIONS s3q22: {'s3q22': 9, 's3q22_v2': 2} | 2025_B vs 2020_A: variable label differs ('3.2a Where did organic fertilizer used c' vs '3.22 Total Quantity of pesticide used') / 2025_C vs 2020_A: variable label differs ('Source of organic fertilizer used came f' vs '3.22 Total Quantity of pesticide used')
14:59:49 02_merge INFO   VERSIONS s3q23: {'s3q23': 9, 's3q23_v2': 1} | 2025_B vs 2020_A: variable label differs ('3.2a Where did organic fertilizer used c' vs '3.23 Quantity of Pesticde purchased in t')
14:59:49 02_merge INFO   VERSIONS s3q24_b1: {'s3q24_b1': 1, 's3q24_b1_v2': 1} | 2025_C vs 2025_B: variable label differs ('3.24 Total amount spent on quantity purc' vs '3.24b what is the monetary value of quan')
14:59:49 02_merge INFO   VERSIONS s3q24_b2: {'s3q24_b2': 1, 's3q24_b2_v2': 1} | 2025_C vs 2025_B: variable label differs ('3.24 Total amount spent on quantity purc' vs '3.24b what is the monetary value of quan')
14:59:49 02_merge INFO   VERSIONS s3q24_b3: {'s3q24_b3': 1, 's3q24_b3_v2': 1} | 2025_C vs 2025_B: variable label differs ('3.24 Total amount spent on quantity purc' vs '3.24b what is the monetary value of quan')
14:59:49 02_merge INFO   VERSIONS s3q24_b4: {'s3q24_b4': 1, 's3q24_b4_v2': 1} | 2025_C vs 2025_B: variable label differs ('3.24 Total amount spent on quantity purc' vs '3.24b what is the monetary value of quan')
14:59:49 02_merge INFO   VERSIONS s3q2_1: {'s3q2_1': 13, 's3q2_1_v2': 2} | 2022_A vs 2020_A: variable label differs ('source of organic fertlizer1' vs '3.2_1 Where did organic fertilizer used ') / 2022_B vs 2020_A: variable label differs ('source of organic fertlizer1' vs '3.2_1 Where did organic fertilizer used ')
14:59:49 02_merge INFO   VERSIONS s3q2_2: {'s3q2_2': 13, 's3q2_2_v2': 2} | 2022_A vs 2020_A: variable label differs ('source of organic fertlizer2' vs '3.2_2 Where did organic fertilizer used ') / 2022_B vs 2020_A: variable label differs ('source of organic fertlizer2' vs '3.2_2 Where did organic fertilizer used ')
14:59:49 02_merge INFO   VERSIONS s3q2_3: {'s3q2_3': 13, 's3q2_3_v2': 2} | 2022_A vs 2020_A: variable label differs ('source of organic fertlizer3' vs '3.2_3 Where did organic fertilizer used ') / 2022_B vs 2020_A: variable label differs ('source of organic fertlizer3' vs '3.2_3 Where did organic fertilizer used ')
14:59:50 02_merge INFO   VERSIONS s3q2b_other: {'s3q2b_other': 1, 's3q2b_other_v2': 1} | 2025_C vs 2025_B: variable label differs ('3.2b Types of organic fertilizer Other' vs '3.2.b. Ubwoko bw’ifumbire y’imborera')
14:59:50 02_merge INFO   VERSIONS s3q3: {'s3q3': 18, 's3q3_v2': 3} | 2020_A vs 2019_A: variable label differs ('3.3 Have you used organic fertilizer in ' vs '3.3 Quantity of Organic fertilizer purch') / 2020_B vs 2019_A: variable label differs ('3.3 Have you used organic fertilizer in ' vs '3.3 Quantity of Organic fertilizer purch')
14:59:50 02_merge INFO   VERSIONS s3q5: {'s3q5': 18, 's3q5_v2': 3} | 2020_A vs 2019_A: variable label differs ('3.5 Was the quantity of organic fertiliz' vs '3.5 Have you used inorganic fertilizer i') / 2020_B vs 2019_A: variable label differs ('3.5 Was the quantity of organic fertiliz' vs '3.5 Have you used inorganic fertilizer i')
14:59:50 02_merge INFO   VERSIONS s3q6: {'s3q6': 6, 's3q6_v2': 3} | 2020_A vs 2019_A: variable label differs ('3.6 Number of reasons If the organic fer' vs '3.6 Inorganic fertilizer type') / 2020_B vs 2019_A: variable label differs ('3.6 Number of reasons If the organic fer' vs '3.6 Inorganic fertilizer type')
14:59:50 02_merge INFO   VERSIONS s3q6_1: {'s3q6_1': 14, 's3q6_1_v2': 2} | 2022_A vs 2020_A: variable label differs ('main reasons1' vs '3.6_1 If the organic fertilizer used was') / 2022_B vs 2020_A: variable label differs ('main reasons1' vs '3.6_1 If the organic fertilizer used was')
14:59:50 02_merge INFO   VERSIONS s3q6_2: {'s3q6_2': 14, 's3q6_2_v2': 2} | 2022_A vs 2020_A: variable label differs ('main reasons2' vs '3.6_2 If the organic fertilizer used was') / 2022_B vs 2020_A: variable label differs ('main reasons2' vs '3.6_2 If the organic fertilizer used was')
14:59:50 02_merge INFO   VERSIONS s3q6_o1: {'s3q6_o1': 1, 's3q6_o1_v2': 1} | 2025_C vs 2023_A: variable label differs ('main reasons of not using the quantity s' vs '3.6 If the organic fertilizer used was n')
14:59:50 02_merge INFO   VERSIONS s3q7: {'s3q7': 18, 's3q7_v2': 3} | 2020_A vs 2019_A: variable label differs ('3.7 Did you use inorganic fertilizer in ' vs '3.7 Unit') / 2020_B vs 2019_A: variable label differs ('3.7 Did you use inorganic fertilizer in ' vs '3.7 Unit')
14:59:50 02_merge INFO   VERSIONS s3q8: {'s3q8': 18, 's3q8_v2': 3} | 2020_A vs 2019_A: 2019_A is unlabelled and its values reach 148400, beyond the labelled codes (1-6) / 2020_B vs 2019_A: 2019_A is unlabelled and its values reach 148400, beyond the labelled codes (1-6)
14:59:50 02_merge INFO   VERSIONS s3q9: {'s3q9': 18, 's3q9_v2': 3} | 2020_A vs 2019_A: variable label differs ('3.9 Have you used inorganic fertilizer i' vs '3.9 Quantity of inorganic fertilizer pur') / 2020_B vs 2019_A: variable label differs ('3.9 Have you used inorganic fertilizer i' vs '3.9 Quantity of inorganic fertilizer pur')
14:59:50 02_merge INFO   3 variables with codes observed outside their own value labels (stale labels)
14:59:53 02_merge INFO PASS  SAS_pooled_fertilizers_pesticides.dta: pooled rows == sum of wave rows
15:00:00 02_merge INFO wrote SAS_pooled_fertilizers_pesticides.dta  (305,316 rows x 241 vars, 613.3 MB)
15:00:02 02_merge INFO   VERSIONS s2q2: {'s2q2': 13, 's2q2_v2': 4} | 2020_A vs 2019_A: variable label differs ('2.2 Plot area (m2)' vs '2.2 Ptot area in sqm') / 2020_B vs 2019_A: variable label differs ('2.2 Plot area (m2)' vs '2.2 Ptot area in sqm')
15:00:02 02_merge INFO   VERSIONS s4q1: {'s4q1': 18, 's4q1_v2': 3} | 2020_A vs 2019_A: value labels differ -- 3: 'Low (Wind erosion)' vs 'Weak erosion (Splash erosion, Wind erosion)' / 2020_B vs 2019_A: value labels differ -- 3: 'Low (Wind erosion)' vs 'Weak erosion (Splash erosion, Wind erosion)'
15:00:02 02_merge INFO   VERSIONS s4q10_2: {'s4q10_2': 11, 's4q10_2_v2': 3} | 2020_A vs 2019_A: variable label differs ('4.10.2 At which stage of agricultureprac' vs '4.10.2 At which stage of agriculture pra') / 2020_B vs 2019_A: variable label differs ('4.10.2 At which stage of agricultureprac' vs '4.10.2 At which stage of agriculture pra')
15:00:02 02_merge INFO   VERSIONS s4q10_2_1: {'s4q10_2_1': 8, 's4q10_2_1_v2': 1} | 2022_B vs 2021_A: value labels differ -- 3: 'Sowing' vs 'Raking'
15:00:02 02_merge INFO   VERSIONS s4q10_2_2: {'s4q10_2_2': 6, 's4q10_2_2_v2': 1} | 2022_B vs 2021_A: value labels differ -- 3: 'Sowing' vs 'Raking'
15:00:02 02_merge INFO   VERSIONS s4q10_2_3: {'s4q10_2_3': 2, 's4q10_2_3_v2': 1} | 2023_A vs 2022_B: value labels differ -- 3: 'Raking' vs 'Sowing' / 2024_A vs 2022_B: value labels differ -- 3: 'Raking' vs 'Sowing'
15:00:02 02_merge INFO   VERSIONS s4q11_2: {'s4q11_2': 5, 's4q11_2_v2': 1} | 2025_C vs 2019_A: value labels differ -- 13: 'Other stage of agriculture practice (Specify)' vs 'padelling'
15:00:02 02_merge INFO   VERSIONS s4q13: {'s4q13': 12, 's4q13_v2': 9} | 2022_A vs 2019_A: variable label differs ('4.13 Amount spent on hired labor used to' vs '4.13 Have you irrigated your plot during') / 2022_B vs 2019_A: variable label differs ('4.13 Amount spent on hired labor used to' vs '4.13 Have you irrigated your plot during')
15:00:02 02_merge INFO   VERSIONS s4q14: {'s4q14': 12, 's4q14_v2': 6, 's4q14_v3': 3} | 2020_A vs 2019_A: value labels differ -- 1: 'Surface irrigation' vs 'Rainwater harvesting'; 2: 'Flood irrigation (especially for rice)' vs 'Water treatment plant'; 3: 'Drip irrigation' vs 'Underground water' / 2020_B vs 2019_A: value labels differ -- 1: 'Surface irrigation' vs 'Rainwater harvesting'; 2: 'Flood irrigation (especially for rice)' vs 'Water treatment plant'; 3: 'Drip irrigation' vs 'Underground water'
15:00:02 02_merge INFO   VERSIONS s4q15: {'s4q15': 9, 's4q15_v2': 3, 's4q15_v3': 3, 's4q15_v4': 3} | 2021_A vs 2019_A: 2021_A is unlabelled and its values reach 345, beyond the labelled codes (1-5) / 2021_B vs 2019_A: 2021_B is unlabelled and its values reach 345, beyond the labelled codes (1-5)
15:00:02 02_merge INFO   VERSIONS s4q16: {'s4q16': 9, 's4q16_v2': 7, 's4q16_v3': 1} | 2021_A vs 2019_A: 2021_A is unlabelled and its values reach 12346, beyond the labelled codes (1-3456) / 2022_A vs 2019_A: value labels differ -- 1: 'Surface irrigation' vs 'Pivot'; 2: 'Flood irrigation (especially for rice)' vs 'Irrigation machine'; 3: 'Drip irrigation' vs 'Generator+Pump'
15:00:02 02_merge INFO   VERSIONS s4q16_1: {'s4q16_1': 6, 's4q16_1_v2': 2} | 2025_A vs 2020_A: value labels differ -- 1: 'Rainwater harvesting' vs 'Irrigation machine'; 2: 'Water treatment plant' vs 'Pump'; 3: 'Underground water' vs 'Tube wells' / 2025_B vs 2020_A: value labels differ -- 1: 'Rainwater harvesting' vs 'Irrigation machine'; 2: 'Water treatment plant' vs 'Pump'; 3: 'Underground water' vs 'Tube wells'
15:00:02 02_merge INFO   VERSIONS s4q16_2: {'s4q16_2': 6, 's4q16_2_v2': 2} | 2025_A vs 2020_A: value labels differ -- 1: 'Rainwater harvesting' vs 'Irrigation machine'; 2: 'Water treatment plant' vs 'Pump'; 3: 'Underground water' vs 'Tube wells' / 2025_B vs 2020_A: value labels differ -- 1: 'Rainwater harvesting' vs 'Irrigation machine'; 2: 'Water treatment plant' vs 'Pump'; 3: 'Underground water' vs 'Tube wells'
15:00:02 02_merge INFO   VERSIONS s4q16_3: {'s4q16_3': 6, 's4q16_3_v2': 2} | 2025_A vs 2020_A: value labels differ -- 1: 'Rainwater harvesting' vs 'Irrigation machine'; 2: 'Water treatment plant' vs 'Pump'; 3: 'Underground water' vs 'Tube wells' / 2025_B vs 2020_A: value labels differ -- 1: 'Rainwater harvesting' vs 'Irrigation machine'; 2: 'Water treatment plant' vs 'Pump'; 3: 'Underground water' vs 'Tube wells'
15:00:03 02_merge INFO   VERSIONS s4q17_1: {'s4q17_1': 9, 's4q17_1_v2': 2} | 2025_A vs 2022_A: value labels differ -- 1: 'Irrigation machine' vs 'Rainwater harvesting'; 2: 'Moto pump' vs 'Water treatment plant'; 3: 'Tube wells' vs 'Underground water' / 2025_B vs 2022_A: value labels differ -- 1: 'Irrigation machine' vs 'Rainwater harvesting'; 2: 'Moto pump' vs 'Water treatment plant'; 3: 'Tube wells' vs 'Underground water'
15:00:03 02_merge INFO   VERSIONS s4q17_2: {'s4q17_2': 9, 's4q17_2_v2': 2} | 2025_A vs 2022_A: value labels differ -- 1: 'Irrigation machine' vs 'Rainwater harvesting'; 2: 'Moto pump' vs 'Water treatment plant'; 3: 'Tube wells' vs 'Underground water' / 2025_B vs 2022_A: value labels differ -- 1: 'Irrigation machine' vs 'Rainwater harvesting'; 2: 'Moto pump' vs 'Water treatment plant'; 3: 'Tube wells' vs 'Underground water'
15:00:03 02_merge INFO   VERSIONS s4q17_3: {'s4q17_3': 9, 's4q17_3_v2': 2} | 2025_A vs 2022_A: value labels differ -- 1: 'Irrigation machine' vs 'Rainwater harvesting'; 2: 'Moto pump' vs 'Water treatment plant'; 3: 'Tube wells' vs 'Underground water' / 2025_B vs 2022_A: value labels differ -- 1: 'Irrigation machine' vs 'Rainwater harvesting'; 2: 'Moto pump' vs 'Water treatment plant'; 3: 'Tube wells' vs 'Underground water'
15:00:03 02_merge INFO   VERSIONS s4q17_4: {'s4q17_4': 2, 's4q17_4_v2': 1} | 2025_A vs 2022_A: value labels differ -- 1: 'Irrigation machine' vs 'Rainwater harvesting'; 2: 'Moto pump' vs 'Water treatment plant'; 3: 'Tube wells' vs 'Underground water' / 2025_B vs 2022_A: value labels differ -- 1: 'Irrigation machine' vs 'Rainwater harvesting'; 2: 'Moto pump' vs 'Water treatment plant'; 3: 'Tube wells' vs 'Underground water'
15:00:03 02_merge INFO   VERSIONS s4q18: {'s4q18': 3, 's4q18_v2': 3} | 2025_A vs 2019_A: variable label differs ('4.18 What is the cost spent for irrigati' vs '4.18 What was the main crop to irrigate?') / 2025_B vs 2019_A: variable label differs ('4.18 What is the cost spent for irrigati' vs '4.18 What was the main crop to irrigate?')
15:00:03 02_merge INFO   VERSIONS s4q18_1: {'s4q18_1': 6, 's4q18_1_v2': 3} | 2023_A vs 2022_A: value labels differ -- 1: 'Irrigation machine' vs 'Rainwater harvesting'; 2: 'Pump' vs 'Water treatment plant'; 3: 'Tube wells' vs 'Underground water' / 2023_B vs 2022_A: value labels differ -- 1: 'Irrigation machine' vs 'Rainwater harvesting'; 2: 'Pump' vs 'Water treatment plant'; 3: 'Tube wells' vs 'Underground water'
15:00:03 02_merge INFO   VERSIONS s4q18_2: {'s4q18_2': 6, 's4q18_2_v2': 3} | 2023_A vs 2022_A: value labels differ -- 1: 'Irrigation machine' vs 'Rainwater harvesting'; 2: 'Pump' vs 'Water treatment plant'; 3: 'Tube wells' vs 'Underground water' / 2023_B vs 2022_A: value labels differ -- 1: 'Irrigation machine' vs 'Rainwater harvesting'; 2: 'Pump' vs 'Water treatment plant'; 3: 'Tube wells' vs 'Underground water'
15:00:03 02_merge INFO   VERSIONS s4q18_3: {'s4q18_3': 6, 's4q18_3_v2': 3} | 2023_A vs 2022_A: value labels differ -- 1: 'Irrigation machine' vs 'Rainwater harvesting'; 2: 'Pump' vs 'Water treatment plant'; 3: 'Tube wells' vs 'Underground water' / 2023_B vs 2022_A: value labels differ -- 1: 'Irrigation machine' vs 'Rainwater harvesting'; 2: 'Pump' vs 'Water treatment plant'; 3: 'Tube wells' vs 'Underground water'
15:00:03 02_merge INFO   VERSIONS s4q18_4: {'s4q18_4': 3, 's4q18_4_v2': 3} | 2023_A vs 2022_A: value labels differ -- 1: 'Irrigation machine' vs 'Rainwater harvesting'; 2: 'Pump' vs 'Water treatment plant'; 3: 'Tube wells' vs 'Underground water' / 2023_B vs 2022_A: value labels differ -- 1: 'Irrigation machine' vs 'Rainwater harvesting'; 2: 'Pump' vs 'Water treatment plant'; 3: 'Tube wells' vs 'Underground water'
15:00:03 02_merge INFO   VERSIONS s4q3: {'s4q3': 18, 's4q3_v2': 3} | 2020_A vs 2019_A: value labels differ -- 1: 'Yes' vs 'Ditches'; 2: 'No' vs 'Trees / Wind break/Shelterbelt' / 2020_B vs 2019_A: value labels differ -- 1: 'Yes' vs 'Ditches'; 2: 'No' vs 'Trees / Wind break/Shelterbelt'
15:00:03 02_merge INFO   VERSIONS s4q6: {'s4q6': 14, 's4q6_v2': 6} | 2020_A vs 2019_A: variable label differs ('4.6 Did you use any mechanical equipment' vs '4.6 Is this plot fenced?') / 2020_B vs 2019_A: variable label differs ('4.6 Did you use any mechanical equipment' vs '4.6 Is this plot fenced?')
15:00:03 02_merge INFO   VERSIONS s4q7: {'s4q7': 6, 's4q7_v2': 3, 's4q7_v3': 2} | 2020_A vs 2019_A: variable label differs ('4.7 Did you use any mechanical equipment' vs '4.7 Was this fence done during the curre') / 2020_B vs 2019_A: variable label differs ('4.7 Did you use any mechanical equipment' vs '4.7 Was this fence done during the curre')
15:00:03 02_merge INFO   VERSIONS s4q8: {'s4q8': 12, 's4q8_v2': 3} | 2022_A vs 2019_A: variable label differs ('4.8 Did you use any mechanical equipment' vs '4.8 Activity cost (RWF)') / 2022_B vs 2019_A: variable label differs ('4.8 Did you use any mechanical equipment' vs '4.8 Activity cost (RWF)')
15:00:03 02_merge INFO   VERSIONS s4q9: {'s4q9': 12, 's4q9_v2': 3} | 2022_A vs 2019_A: variable label differs ('4.9 Did you use any mechanical equipment' vs '4.9 Amount spent on manpower to prepare ') / 2022_B vs 2019_A: variable label differs ('4.9 Did you use any mechanical equipment' vs '4.9 Amount spent on manpower to prepare ')
15:00:03 02_merge INFO   5 variables with codes observed outside their own value labels (stale labels)
15:00:03 02_merge WARNING type conflict s4q10_2: numeric in some waves, free text in others -> kept as text
15:00:03 02_merge WARNING type conflict s4q10_3: numeric in some waves, free text in others -> kept as text
15:00:03 02_merge WARNING type conflict s4q11_2: numeric in some waves, free text in others -> kept as text
15:00:03 02_merge WARNING type conflict s4q12_2: numeric in some waves, free text in others -> kept as text
15:00:03 02_merge WARNING type conflict s4q16_v2: numeric in some waves, free text in others -> kept as text
15:00:03 02_merge INFO type conflict s4q8_3: numeric in some waves, numeric-looking text in others -> numeric
15:00:03 02_merge INFO type conflict s4q9_2_3: numeric in some waves, numeric-looking text in others -> numeric
15:00:03 02_merge INFO type conflict s4q9_2_4: numeric in some waves, numeric-looking text in others -> numeric
15:00:03 02_merge INFO type conflict s4q9_2_5: numeric in some waves, numeric-looking text in others -> numeric
15:00:04 02_merge INFO type conflict s4q10_4: numeric in some waves, numeric-looking text in others -> numeric
15:00:04 02_merge INFO type conflict s4q10_2_1: numeric in some waves, numeric-looking text in others -> numeric
15:00:04 02_merge INFO type conflict s4q10_2_2: numeric in some waves, numeric-looking text in others -> numeric
15:00:04 02_merge INFO type conflict s4q11_2_3: numeric in some waves, numeric-looking text in others -> numeric
15:00:04 02_merge INFO type conflict s4q11_2_4: numeric in some waves, numeric-looking text in others -> numeric
15:00:04 02_merge INFO type conflict s4q11_2_5: numeric in some waves, numeric-looking text in others -> numeric
15:00:04 02_merge INFO type conflict s4q12_2_3: numeric in some waves, numeric-looking text in others -> numeric
15:00:04 02_merge INFO type conflict s4q18_4_v2: numeric in some waves, numeric-looking text in others -> numeric
15:00:06 02_merge INFO PASS  SAS_pooled_agricultural_practice.dta: pooled rows == sum of wave rows
15:00:10 02_merge INFO wrote SAS_pooled_agricultural_practice.dta  (264,781 rows x 162 vars, 208.8 MB)
15:00:16 02_merge INFO   VERSIONS cropcategory: {'cropcategory': 7, 'cropcategory_v2': 3} | 2022_B vs 2022_A: value labels differ -- 6: 'Fruits' vs 'Sweet potato'; 7: 'Vegetables' vs 'Irish potato'; 8: 'Other crops' vs 'Taro & Yams' / 2023_A vs 2022_A: value labels differ -- 6: 'Fruits' vs 'Sweet potato'; 7: 'Vegetables' vs 'Irish potato'; 8: 'Other crops' vs 'Taro & Yams'
15:00:16 02_merge INFO   VERSIONS cropgroup: {'cropgroup': 6, 'cropgroup_v2': 3} | 2020_A vs 2019_A: variable label differs ('CropGroup' vs 'Crop category and major crops') / 2020_B vs 2019_A: variable label differs ('CropGroup' vs 'Crop category and major crops')
15:00:16 02_merge INFO   VERSIONS s1q4: {'s1q4': 18, 's1q4_v2': 3} | 2020_A vs 2019_A: variable label differs ('1.4 Segment number' vs '1.4 Segment (Not applicable for LSF)') / 2020_B vs 2019_A: variable label differs ('1.4 Segment number' vs '1.4 Segment (Not applicable for LSF)')
15:00:16 02_merge INFO   VERSIONS s2q10: {'s2q10': 3, 's2q10_v2': 3, 's2q10_v3': 1} | 2024_A vs 2019_A: variable label differs ('Q2.10.Is there any agroforestry practice' vs '2.10 Crop type') / 2024_B vs 2019_A: variable label differs ('Q2.10.Is there any agroforestry practice' vs '2.10 Crop type')
15:00:16 02_merge INFO   VERSIONS s2q12: {'s2q12': 3, 's2q12_v2': 1} | 2025_B vs 2024_A: 2025_B is unlabelled and its values reach 16, beyond the labelled codes (1-2)
15:00:17 02_merge INFO   VERSIONS s2q13: {'s2q13': 12, 's2q13_v2': 2} | 2025_A vs 2020_A: variable label differs ('2.13. Is there any type of fruit in this' vs '2.13 Cropping system') / 2025_B vs 2020_A: variable label differs ('2.13. Is there any type of fruit in this' vs '2.13 Cropping system')
15:00:17 02_merge INFO   VERSIONS s2q14: {'s2q14': 12, 's2q14_v2': 3, 's2q14_v3': 3} | 2020_A vs 2019_A: variable label differs ('2.14 Number of main crops in the plot' vs '2.14 is this crop for this season') / 2020_B vs 2019_A: variable label differs ('2.14 Number of main crops in the plot' vs '2.14 is this crop for this season')
15:00:17 02_merge INFO   VERSIONS s2q15: {'s2q15': 3, 's2q15_v2': 3} | 2025_A vs 2019_A: variable label differs ('Q2.15.Cropping system' vs '2.15 Expected period for harvesting') / 2025_B vs 2019_A: variable label differs ('Q2.15.Cropping system' vs '2.15 Expected period for harvesting')
15:00:17 02_merge INFO   VERSIONS s2q2: {'s2q2': 12, 's2q2_v2': 4} | 2024_A vs 2020_A: variable label differs ('Q2.2. Bloc number in case of LSF' vs '2.2 Number of grid points that fall in t') / 2024_B vs 2020_A: variable label differs ('Q2.2. Bloc number in case of LSF' vs '2.2 Number of grid points that fall in t')
15:00:17 02_merge INFO   VERSIONS s2q3: {'s2q3': 6, 's2q3_v2': 6, 's2q3_v3': 3} | 2022_A vs 2019_A: variable label differs ('2.3 Grids fallling in the plot' vs '2.3 Plot size (m2)') / 2022_B vs 2019_A: variable label differs ('2.3 Grids fallling in the plot' vs '2.3 Plot size (m2)')
15:00:17 02_merge INFO   VERSIONS s2q4: {'s2q4': 12, 's2q4_v2': 6} | 2024_A vs 2020_A: variable label differs ('Q2.4.Which grids fall in this plot?' vs '2.4 Plot size (m2)') / 2024_B vs 2020_A: variable label differs ('Q2.4.Which grids fall in this plot?' vs '2.4 Plot size (m2)')
15:00:17 02_merge INFO   VERSIONS s2q5: {'s2q5': 5, 's2q5_v2': 3} | 2024_A vs 2019_A: variable label differs ('Q2.5.Plot size (m2)' vs '2.5 No.of Grids in the same Plot') / 2024_B vs 2019_A: variable label differs ('Q2.5.Plot size (m2)' vs '2.5 No.of Grids in the same Plot')
15:00:17 02_merge INFO   VERSIONS s2q5_bloc: {'s2q5_bloc': 3, 's2q5_bloc_v2': 1} | 2025_B vs 2024_A: variable label differs ('Q2.5.Plot size (m2)' vs 'Q2.2. Bloc area in case of LSF')
15:00:17 02_merge INFO   VERSIONS s2q7: {'s2q7': 18, 's2q7_v2': 3} | 2025_A vs 2019_A: variable label differs ('Q2.7.Plot land use' vs '2.7 Non- agricultural Land Type') / 2025_B vs 2019_A: variable label differs ('Q2.6.Plot land use' vs '2.7 Non- agricultural Land Type')
15:00:17 02_merge INFO   VERSIONS s2q8: {'s2q8': 3, 's2q8_v2': 3, 's2q8_v3': 3} | 2024_A vs 2019_A: variable label differs ('Q2.8.Is there any anti-erosion activity ' vs '2.8 Cropping System') / 2024_B vs 2019_A: variable label differs ('Q2.8.Is there any anti-erosion activity ' vs '2.8 Cropping System')
15:00:17 02_merge INFO   VERSIONS s2q9: {'s2q9': 3, 's2q9_v2': 3} | 2025_A vs 2019_A: variable label differs ('Q2.9.Is there any anti-erosion activity ' vs '2.9 Number of main crops in the plot') / 2025_B vs 2019_A: variable label differs ('Q2.8.Is there any anti-erosion activity ' vs '2.9 Number of main crops in the plot')
15:00:17 02_merge INFO   VERSIONS s3q2_2: {'s3q2_2': 9, 's3q2_2_v2': 3} | 2023_B vs 2022_C: value labels differ -- 0: 'less 10' vs '0-10' / 2025_A vs 2022_C: value labels differ -- 0: 'Less than 10' vs '0-10'
15:00:17 02_merge INFO   VERSIONS s3q3_2: {'s3q3_2': 9, 's3q3_2_v2': 3} | 2023_B vs 2022_C: value labels differ -- 0: 'less 10' vs '0-10' / 2025_A vs 2022_C: value labels differ -- 0: 'Less than 10' vs '0-10'
15:00:17 02_merge INFO   VERSIONS s3q6: {'s3q6': 12, 's3q6_v2': 5, 's3q6_v3': 1} | 2020_B vs 2020_A: value labels differ -- 16: 'Between  01-31/08' vs 'After 31/08'; 17: 'After August' vs 'Before 31/07'; 18: 'Other season (for perennial crops only)' vs 'Between 01-15/08' / 2020_C vs 2020_A: value labels differ -- 8: 'Other season (for perennial crops only)' vs 'Before 01/05'; 16: 'Between  01-31/08' vs 'After 31/08'; 17: 'After August' vs 'Before 31/07'
15:00:18 02_merge INFO   3 variables with codes observed outside their own value labels (stale labels)
15:00:23 02_merge INFO PASS  SAS_pooled_screening_crops.dta: pooled rows == sum of wave rows
15:00:32 02_merge INFO wrote SAS_pooled_screening_crops.dta  (752,156 rows x 112 vars, 632.7 MB)
15:00:33 02_merge INFO   VERSIONS s2q11: {'s2q11': 6, 's2q11_v2': 4} | 2022_A vs 2020_A: value labels differ -- 14: 'Ikibonobono' vs 'Others(specify)'; 15: 'Others(specify)' vs 'Ikibonobono' / 2022_B vs 2020_A: value labels differ -- 14: 'Ikibonobono' vs 'Others(specify)'; 15: 'Others(specify)' vs 'Ikibonobono'
15:00:33 02_merge INFO   2 variables with codes observed outside their own value labels (stale labels)
15:00:33 02_merge INFO type conflict s2q7: numeric in some waves, numeric-looking text in others -> numeric
15:00:34 02_merge INFO PASS  SAS_pooled_screening_agroforestry.dta: pooled rows == sum of wave rows
15:00:35 02_merge INFO wrote SAS_pooled_screening_agroforestry.dta  (263,633 rows x 30 vars, 39.6 MB)
15:00:36 02_merge INFO type conflict s2q7: numeric in some waves, numeric-looking text in others -> numeric
15:00:37 02_merge INFO PASS  SAS_pooled_screening_antierosion.dta: pooled rows == sum of wave rows
15:00:38 02_merge INFO wrote SAS_pooled_screening_antierosion.dta  (287,508 rows x 29 vars, 44.3 MB)
15:00:38 02_merge INFO   VERSIONS s2q2: {'s2q2': 8, 's2q2_v2': 2} | 2018_B_ssf vs 2017_A_lsf: variable label differs ('2.2 Ptot area in sqm' vs '2.2.Plot area(m2)') / 2018_C_ssf vs 2017_A_lsf: variable label differs ('2.2 Ptot area in sqm' vs '2.2.Plot area(m2)')
15:00:38 02_merge INFO   VERSIONS s3q11: {'s3q11': 4, 's3q11_v2': 4, 's3q11_v3': 1, 's3q11_v4': 1} | 2017_B_lsf vs 2017_A_lsf: value labels differ -- 3: 'Market and Governement' vs 'Government & Market' / 2018_A_lsf vs 2017_A_lsf: variable label differs ('3.11.Inorganic fertilzer unit price' vs '3.11.What is the main source of inorgani')
15:00:38 02_merge INFO   VERSIONS s3q12: {'s3q12': 9, 's3q12_v2': 1} | 2017_C_ssf vs 2017_B_lsf: value labels differ -- 201: 'Other seasonal vegetable' vs 'Izindi mboga zerera igihembwe zitamara umwaka mu murima (zivuge)'
15:00:38 02_merge INFO   VERSIONS s3q6: {'s3q6': 9, 's3q6_v2': 1} | 2018_A_lsf vs 2017_A_lsf: variable label differs ('3.6 Have you used inorganic fertilizer i' vs '3.6.Inorganic fertilzer  type')
15:00:38 02_merge INFO   VERSIONS s3q7: {'s3q7': 5, 's3q7_v2': 4, 's3q7_v3': 1} | 2017_A_ssf vs 2017_A_lsf: variable label differs ('3.7 Inorganic fertilizer (Unity)' vs '3.7.Inorganic fertilzer  unit') / 2017_B_lsf vs 2017_A_lsf: variable label differs ('3.7 Inorganic fertilizer (unity)' vs '3.7.Inorganic fertilzer  unit')
15:00:38 02_merge INFO   VERSIONS s3q8: {'s3q8': 9, 's3q8_v2': 1} | 2018_A_lsf vs 2017_A_lsf: 2017_A_lsf is unlabelled and its values reach 1.20952e+07, beyond the labelled codes (1-4)
15:00:38 02_merge INFO   2 variables with codes observed outside their own value labels (stale labels)
15:00:38 02_merge INFO PASS  SAS_pooled_fertilizers_2017_2018.dta: pooled rows == sum of wave rows
15:00:39 02_merge INFO wrote SAS_pooled_fertilizers_2017_2018.dta  (84,986 rows x 35 vars, 10.1 MB)
15:00:39 02_merge INFO   VERSIONS s2q2: {'s2q2': 7, 's2q2_v2': 2} | 2018_B_ssf vs 2017_A_lsf: variable label differs ('2.2 Ptot area in sqm' vs '2.2.Plot area(m2)') / 2018_C_ssf vs 2017_A_lsf: variable label differs ('2.2 Ptot area in sqm' vs '2.2.Plot area(m2)')
15:00:39 02_merge INFO   VERSIONS s3q14: {'s3q14': 4, 's3q14_v2': 3, 's3q14_v3': 1, 's3q14_v4': 1, 's3q14_v5': 1} | 2017_C_ssf vs 2017_A_lsf: value labels differ -- 8: 'Rocket' vs 'Other Pesticide'; 9: 'Other Pesticide' vs 'NA' / 2018_A_lsf vs 2017_A_lsf: variable label differs ('3.14 Have you used pesticides in this pl' vs '3.14.Pesticide type')
15:00:39 02_merge INFO   VERSIONS s3q15: {'s3q15': 9, 's3q15_v2': 1} | 2018_A_lsf vs 2017_A_lsf: variable label differs ('3.15.Pesticide type' vs '3.15.Pesticde unit')
15:00:39 02_merge INFO   VERSIONS s3q16: {'s3q16': 9, 's3q16_v2': 1} | 2018_A_lsf vs 2017_A_lsf: 2017_A_lsf is unlabelled and its values reach 180000, beyond the labelled codes (1-4)
15:00:39 02_merge INFO   VERSIONS s3q17: {'s3q17': 9, 's3q17_v2': 1} | 2018_A_lsf vs 2017_A_lsf: variable label differs ('3.17.Total Quantity of pesticide used in' vs '3.17.Pesticde: Quantity purchased')
15:00:39 02_merge INFO   VERSIONS s3q19: {'s3q19': 4, 's3q19_v2': 1} | 2018_A_ssf vs 2018_A_lsf: variable label differs ('3.19.What was the main crop the pesticid' vs '3.19.Total amount spent on quantity boug') / 2018_B_lsf vs 2018_A_lsf: variable label differs ('3.19 what was the main crop the pesticid' vs '3.19.Total amount spent on quantity boug')
15:00:39 02_merge INFO   1 variables with codes observed outside their own value labels (stale labels)
15:00:39 02_merge INFO PASS  SAS_pooled_pesticides_2017_2018.dta: pooled rows == sum of wave rows
15:00:39 02_merge INFO wrote SAS_pooled_pesticides_2017_2018.dta  (95,146 rows x 31 vars, 9.5 MB)
15:00:40 02_merge INFO   VERSIONS s2q2: {'s2q2': 8, 's2q2_v2': 2} | 2018_B_ssf vs 2017_A_lsf: variable label differs ('2.2 Ptot area in sqm' vs '2.2.Plot area(m2)') / 2018_C_ssf vs 2017_A_lsf: variable label differs ('2.2 Ptot area in sqm' vs '2.2.Plot area(m2)')
15:00:40 02_merge INFO PASS  SAS_pooled_antierosion_2017_2018.dta: pooled rows == sum of wave rows
15:00:40 02_merge INFO wrote SAS_pooled_antierosion_2017_2018.dta  (64,405 rows x 18 vars, 3.2 MB)
15:00:40 02_merge INFO   VERSIONS crop_group: {'crop_group': 5, 'crop_group_v2': 1} | 2018_A_ssf vs 2017_A_lsf: variable label differs ('4.21 What was the main crop to irrigate?' vs 'Crop category for major crops grown in R')
15:00:40 02_merge INFO   VERSIONS s2q2: {'s2q2': 8, 's2q2_v2': 1} | 2018_B_ssf vs 2017_A_lsf: variable label differs ('2.2 Ptot area in sqm' vs '2.2.Plot area(m2)')
15:00:40 02_merge INFO   VERSIONS s4q14a: {'s4q14a': 2, 's4q14a_v2': 1, 's4q14a_v3': 1, 's4q14a_v4': 1} | 2018_A_ssf vs 2018_A_lsf: value labels differ -- 14: 'Ploughing and Soil levelling' vs 'Threshing and in Other stage(Specify)' / 2018_B_lsf vs 2018_A_lsf: value labels differ -- 1: 'Irrigation' vs 'Ploughing'; 2: 'Other stage(Specify)' vs 'Soil levelling'
15:00:40 02_merge INFO   VERSIONS s4q18: {'s4q18': 8, 's4q18_v2': 2} | 2017_B_lsf vs 2017_A_lsf: value labels differ -- 1: 'Rainfall' vs 'Rainwater harvesting'; 2: 'Rain- harvesting water' vs 'Water treatment plant'; 3: 'WASAC water' vs 'Underground water' / 2017_B_ssf vs 2017_A_lsf: value labels differ -- 1: 'Rainfall' vs 'Rainwater harvesting'; 2: 'Rain- harvesting water' vs 'Water treatment plant'; 3: 'WASAC water' vs 'Underground water'
15:00:40 02_merge INFO   VERSIONS s4q19: {'s4q19': 8, 's4q19_v2': 2} | 2017_B_lsf vs 2017_A_lsf: value labels differ -- 2: 'Drip' vs 'Flood irrigation(Especially for rice)'; 3: 'Sprinklers' vs 'Drip irrigation'; 4: 'Traditional' vs 'Sprinkler irrigation' / 2017_B_ssf vs 2017_A_lsf: value labels differ -- 2: 'Drip' vs 'Flood irrigation(Especially for rice)'; 3: 'Sprinklers' vs 'Drip irrigation'; 4: 'Traditional' vs 'Sprinkler irrigation'
15:00:40 02_merge INFO   VERSIONS s5q1: {'s5q1': 8, 's5q1_v2': 2} | 2017_B_lsf vs 2017_A_lsf: value labels differ -- 2: 'Rented' vs 'Free lending'; 3: 'free lending' vs 'Rented' / 2017_B_ssf vs 2017_A_lsf: value labels differ -- 2: 'Rented' vs 'Free lending'; 3: 'free lending' vs 'Rented'
15:00:40 02_merge INFO   VERSIONS s5q2: {'s5q2': 8, 's5q2_v2': 2} | 2017_B_lsf vs 2017_A_lsf: value labels differ -- 3: 'Bought' vs 'Exchange'; 4: 'Exchanged' vs 'Bought' / 2017_B_ssf vs 2017_A_lsf: value labels differ -- 3: 'Bought' vs 'Exchange'; 4: 'Exchanged' vs 'Bought'
15:00:40 02_merge INFO   VERSIONS s5q3: {'s5q3': 6, 's5q3_v2': 4} | 2018_A_lsf vs 2017_A_lsf: value labels differ -- 2: 'Previous seasons' vs 'Last year' / 2018_A_ssf vs 2017_A_lsf: value labels differ -- 2: 'Previous seasons' vs 'Last year'
15:00:40 02_merge INFO   1 variables with codes observed outside their own value labels (stale labels)
15:00:40 02_merge INFO type conflict s4q11: numeric in some waves, numeric-looking text in others -> numeric
15:00:40 02_merge INFO type conflict s4q13: numeric in some waves, numeric-looking text in others -> numeric
15:00:40 02_merge WARNING type conflict s4q15: numeric in some waves, free text in others -> kept as text
15:00:41 02_merge INFO type conflict s4q16: numeric in some waves, numeric-looking text in others -> numeric
15:00:41 02_merge INFO type conflict s5q7_1: numeric in some waves, numeric-looking text in others -> numeric
15:00:41 02_merge INFO type conflict s5q8_1: numeric in some waves, numeric-looking text in others -> numeric
15:00:41 02_merge INFO type conflict s5q7_2: numeric in some waves, numeric-looking text in others -> numeric
15:00:41 02_merge INFO type conflict s5q8_2: numeric in some waves, numeric-looking text in others -> numeric
15:00:41 02_merge INFO type conflict s5q7_3: numeric in some waves, numeric-looking text in others -> numeric
15:00:41 02_merge INFO type conflict s5q8_3: numeric in some waves, numeric-looking text in others -> numeric
15:00:41 02_merge INFO type conflict s5q7_4: numeric in some waves, numeric-looking text in others -> numeric
15:00:41 02_merge INFO type conflict s5q8_4: numeric in some waves, numeric-looking text in others -> numeric
15:00:41 02_merge INFO type conflict s4q12a: numeric in some waves, numeric-looking text in others -> numeric
15:00:41 02_merge INFO PASS  SAS_pooled_irrigation_land_tenure_2017_2018.dta: pooled rows == sum of wave rows
15:00:41 02_merge INFO wrote SAS_pooled_irrigation_land_tenure_2017_2018.dta  (52,621 rows x 59 vars, 7.7 MB)
15:00:43 02_merge INFO   VERSIONS s1q5: {'s1q5': 4, 's1q5_v2': 3} | 2017_C_ssf vs 2017_A_ssf: variable label differs ('1.5 date of interview' vs '1.5  Date of visiting the segment (Date-') / 2018_A_ssf vs 2017_A_ssf: variable label differs ('1.5 Date of interview' vs '1.5  Date of visiting the segment (Date-')
15:00:43 02_merge INFO   VERSIONS s2q12_2: {'s2q12_2': 6, 's2q12_2_v2': 4} | 2018_A_lsf vs 2017_A_lsf: value labels differ -- 9: '91-100%' vs '81-90%' / 2018_A_ssf vs 2017_A_lsf: value labels differ -- 9: '91-100%' vs '81-90%'
15:00:43 02_merge INFO   VERSIONS s2q13: {'s2q13': 5, 's2q13_v2': 1} | 2018_A_ssf vs 2017_A_lsf: variable label differs ('2.13 Density in Percentage' vs '2.13.Number of trees in case of plantati')
15:00:43 02_merge INFO   VERSIONS s2q14: {'s2q14': 5, 's2q14_v2': 4, 's2q14_v3': 1} | 2018_A_lsf vs 2017_A_lsf: variable label differs ('2.14.Is this crop for this season?' vs '2.14 Number of trees susceptible to prod') / 2018_A_ssf vs 2017_A_lsf: variable label differs ('2.14 Density range' vs '2.14 Number of trees susceptible to prod')
15:00:43 02_merge INFO   VERSIONS s2q15: {'s2q15': 6, 's2q15_v2': 2, 's2q15_v3': 2} | 2018_A_lsf vs 2017_A_lsf: variable label differs ('2.15.Expected period for harvesting' vs '2.15.Is this crop for this season ?') / 2018_B_lsf vs 2017_A_lsf: variable label differs ('2.15.Expected period for harvesting' vs '2.15.Is this crop for this season ?')
15:00:43 02_merge INFO   VERSIONS s2q16: {'s2q16': 2, 's2q16_v2': 2, 's2q16_v3': 1, 's2q16_v4': 1} | 2017_A_ssf vs 2017_A_lsf: value labels differ -- 8: 'Na' vs 'Not applicable(Harvestable after 1 year or +)' / 2017_B_lsf vs 2017_A_lsf: value labels differ -- 1: 'Between 01-15/05' vs 'Before 01/12'; 6: 'After July' vs 'Between  01-28/02'; 7: 'Not applicable' vs 'After February 28'
15:00:43 02_merge INFO   VERSIONS sgt_size: {'sgt_size': 5, 'sgt_size_v2': 1} | 2017_C_ssf vs 2017_A_ssf: variable label differs ('Area of the segment in hectares' vs 'total segment size in ha')
15:00:43 02_merge WARNING type conflict s1q5_v2: numeric in some waves, free text in others -> kept as text
15:00:44 02_merge INFO PASS  SAS_pooled_screening_2017_2018.dta: pooled rows == sum of wave rows
15:00:45 02_merge INFO wrote SAS_pooled_screening_2017_2018.dta  (243,835 rows x 47 vars, 42.7 MB)
15:00:47 02_merge INFO all hard checks passed (0 soft warnings)
15:00:47 02_merge INFO 02_merge done
15:00:50 03_checks INFO ==== 03_checks | run 20260905-145845 | python 3.13.5 | pandas 2.2.3 | pyreadstat 1.3.4
15:01:10 03_checks INFO 
# SAS checks report

Generated by 03_checks.py.

## A. Pooled crop-production file vs the per-wave cleaned files

| section | statistic | Python | reference | result |
|---|---|---:|---:|---|
| A | 2017_A rows == cleaned file rows | 28,484 |  | n/a |
| A | 2017_A rows with a crop code (share x 1000; must be >= 990) | 1,000 | 1,000 | PASS |
| A | 2017_A rows with a weight (informational; 2017-2018 LSF and part of 2020-2021 ship none) | 27,740 |  | n/a |
| A | 2017_B rows == cleaned file rows | 27,120 |  | n/a |
| A | 2017_B rows with a crop code (share x 1000; must be >= 990) | 1,000 | 1,000 | PASS |
| A | 2017_B rows with a weight (informational; 2017-2018 LSF and part of 2020-2021 ship none) | 25,529 |  | n/a |
| A | 2017_C rows == cleaned file rows | 1,907 |  | n/a |
| A | 2017_C rows with a crop code (share x 1000; must be >= 990) | 1,000 | 1,000 | PASS |
| A | 2017_C rows with a weight (informational; 2017-2018 LSF and part of 2020-2021 ship none) | 1,907 |  | n/a |
| A | 2018_A rows == cleaned file rows | 18,255 |  | n/a |
| A | 2018_A rows with a crop code (share x 1000; must be >= 990) | 1,000 | 1,000 | PASS |
| A | 2018_A rows with a weight (informational; 2017-2018 LSF and part of 2020-2021 ship none) | 16,909 |  | n/a |
| A | 2018_B rows == cleaned file rows | 19,576 |  | n/a |
| A | 2018_B rows with a crop code (share x 1000; must be >= 990) | 1,000 | 1,000 | PASS |
| A | 2018_B rows with a weight (informational; 2017-2018 LSF and part of 2020-2021 ship none) | 18,133 |  | n/a |
| A | 2018_C rows == cleaned file rows | 1,462 |  | n/a |
| A | 2018_C rows with a crop code (share x 1000; must be >= 990) | 1,000 | 1,000 | PASS |
| A | 2018_C rows with a weight (informational; 2017-2018 LSF and part of 2020-2021 ship none) | 1,461 |  | n/a |
| A | 2019_A rows == cleaned file rows | 32,906 | 32,906 | PASS |
| A | 2019_A rows with a crop code (share x 1000; must be >= 990) | 1,000 | 1,000 | PASS |
| A | 2019_A rows with a weight (informational; 2017-2018 LSF and part of 2020-2021 ship none) | 32,906 |  | n/a |
| A | 2019_B rows == cleaned file rows | 30,493 | 30,493 | PASS |
| A | 2019_B rows with a crop code (share x 1000; must be >= 990) | 1,000 | 1,000 | PASS |
| A | 2019_B rows with a weight (informational; 2017-2018 LSF and part of 2020-2021 ship none) | 30,493 |  | n/a |
| A | 2019_C rows == cleaned file rows | 1,667 | 1,667 | PASS |
| A | 2019_C rows with a crop code (share x 1000; must be >= 990) | 1,000 | 1,000 | PASS |
| A | 2019_C rows with a weight (informational; 2017-2018 LSF and part of 2020-2021 ship none) | 1,667 |  | n/a |
| A | 2020_A rows == cleaned file rows | 41,313 | 41,313 | PASS |
| A | 2020_A rows with a crop code (share x 1000; must be >= 990) | 1,000 | 1,000 | PASS |
| A | 2020_A rows with a weight (informational; 2017-2018 LSF and part of 2020-2021 ship none) | 41,313 |  | n/a |
| A | 2020_B rows == cleaned file rows | 35,773 | 35,773 | PASS |
| A | 2020_B rows with a crop code (share x 1000; must be >= 990) | 1,000 | 1,000 | PASS |
| A | 2020_B rows with a weight (informational; 2017-2018 LSF and part of 2020-2021 ship none) | 35,695 |  | n/a |
| A | 2020_C rows == cleaned file rows | 4,283 | 4,283 | PASS |
| A | 2020_C rows with a crop code (share x 1000; must be >= 990) | 1,000 | 1,000 | PASS |
| A | 2020_C rows with a weight (informational; 2017-2018 LSF and part of 2020-2021 ship none) | 4,283 |  | n/a |
| A | 2021_A rows == cleaned file rows | 41,634 | 41,634 | PASS |
| A | 2021_A rows with a crop code (share x 1000; must be >= 990) | 1,000 | 1,000 | PASS |
| A | 2021_A rows with a weight (informational; 2017-2018 LSF and part of 2020-2021 ship none) | 41,541 |  | n/a |
| A | 2021_B rows == cleaned file rows | 35,869 | 35,869 | PASS |
| A | 2021_B rows with a crop code (share x 1000; must be >= 990) | 1,000 | 1,000 | PASS |
| A | 2021_B rows with a weight (informational; 2017-2018 LSF and part of 2020-2021 ship none) | 35,799 |  | n/a |
| A | 2021_C rows == cleaned file rows | 3,416 | 3,416 | PASS |
| A | 2021_C rows with a crop code (share x 1000; must be >= 990) | 1,000 | 1,000 | PASS |
| A | 2021_C rows with a weight (informational; 2017-2018 LSF and part of 2020-2021 ship none) | 1,726 |  | n/a |
| A | 2022_A rows == cleaned file rows | 41,589 | 41,589 | PASS |
| A | 2022_A rows with a crop code (share x 1000; must be >= 990) | 1,000 | 1,000 | PASS |
| A | 2022_A rows with a weight (informational; 2017-2018 LSF and part of 2020-2021 ship none) | 41,589 |  | n/a |
| A | 2022_B rows == cleaned file rows | 36,005 | 36,005 | PASS |
| A | 2022_B rows with a crop code (share x 1000; must be >= 990) | 1,000 | 1,000 | PASS |
| A | 2022_B rows with a weight (informational; 2017-2018 LSF and part of 2020-2021 ship none) | 36,005 |  | n/a |
| A | 2022_C rows == cleaned file rows | 5,818 | 5,818 | PASS |
| A | 2022_C rows with a crop code (share x 1000; must be >= 990) | 1,000 | 1,000 | PASS |
| A | 2022_C rows with a weight (informational; 2017-2018 LSF and part of 2020-2021 ship none) | 5,818 |  | n/a |
| A | 2023_A rows == cleaned file rows | 39,038 | 39,038 | PASS |
| A | 2023_A rows with a crop code (share x 1000; must be >= 990) | 1,000 | 1,000 | PASS |
| A | 2023_A rows with a weight (informational; 2017-2018 LSF and part of 2020-2021 ship none) | 39,038 |  | n/a |
| A | 2023_B rows == cleaned file rows | 36,546 | 36,546 | PASS |
| A | 2023_B rows with a crop code (share x 1000; must be >= 990) | 1,000 | 1,000 | PASS |
| A | 2023_B rows with a weight (informational; 2017-2018 LSF and part of 2020-2021 ship none) | 36,546 |  | n/a |
| A | 2023_C rows == cleaned file rows | 3,566 | 3,566 | PASS |
| A | 2023_C rows with a crop code (share x 1000; must be >= 990) | 1,000 | 1,000 | PASS |
| A | 2023_C rows with a weight (informational; 2017-2018 LSF and part of 2020-2021 ship none) | 3,566 |  | n/a |
| A | 2024_A rows == cleaned file rows | 39,330 | 39,330 | PASS |
| A | 2024_A rows with a crop code (share x 1000; must be >= 990) | 1,000 | 1,000 | PASS |
| A | 2024_A rows with a weight (informational; 2017-2018 LSF and part of 2020-2021 ship none) | 39,330 |  | n/a |
| A | 2024_B rows == cleaned file rows | 35,584 | 35,584 | PASS |
| A | 2024_B rows with a crop code (share x 1000; must be >= 990) | 1,000 | 1,000 | PASS |
| A | 2024_B rows with a weight (informational; 2017-2018 LSF and part of 2020-2021 ship none) | 35,584 |  | n/a |
| A | 2024_C rows == cleaned file rows | 1,949 | 1,949 | PASS |
| A | 2024_C rows with a crop code (share x 1000; must be >= 990) | 1,000 | 1,000 | PASS |
| A | 2024_C rows with a weight (informational; 2017-2018 LSF and part of 2020-2021 ship none) | 1,949 |  | n/a |
| A | 2025_A rows == cleaned file rows | 34,369 | 34,369 | PASS |
| A | 2025_A rows with a crop code (share x 1000; must be >= 990) | 1,000 | 1,000 | PASS |
| A | 2025_A rows with a weight (informational; 2017-2018 LSF and part of 2020-2021 ship none) | 34,369 |  | n/a |
| A | 2025_B rows == cleaned file rows | 32,920 | 32,920 | PASS |
| A | 2025_B rows with a crop code (share x 1000; must be >= 990) | 1,000 | 1,000 | PASS |
| A | 2025_B rows with a weight (informational; 2017-2018 LSF and part of 2020-2021 ship none) | 32,920 |  | n/a |
| A | 2025_C rows == cleaned file rows | 1,884 | 1,884 | PASS |
| A | 2025_C rows with a crop code (share x 1000; must be >= 990) | 1,000 | 1,000 | PASS |
| A | 2025_C rows with a weight (informational; 2017-2018 LSF and part of 2020-2021 ship none) | 1,884 |  | n/a |
| A | pooled rows == sum of wave rows | 632,756 | 632,756 | PASS |

## B. Stata 17 recomputation

| section | statistic | Python | Stata | result |
|---|---|---:|---:|---|
| B | 2017_A rows | 28,484 | 28,484 | PASS |
| B | 2017_A rows with weight | 27,740 | 27,740 | PASS |
| B | 2017_A sum wt | 15,641,241 | 15,641,241 | PASS |
| B | 2017_A sum production (kg) | 65,779,408 | 65,779,408 | PASS |
| B | 2017_A median plot area (m2) | 674 | 674 | PASS |
| B | 2017_B rows | 27,120 | 27,120 | PASS |
| B | 2017_B rows with weight | 25,529 | 25,529 | PASS |
| B | 2017_B sum wt | 13,796,868 | 13,796,868 | PASS |
| B | 2017_B sum production (kg) | 74,205,974 | 74,205,974 | PASS |
| B | 2017_B median plot area (m2) | 752 | 752 | PASS |
| B | 2017_C rows | 1,907 | 1,907 | PASS |
| B | 2017_C rows with weight | 1,907 | 1,907 | PASS |
| B | 2017_C sum wt | 479,438 | 479,438 | PASS |
| B | 2017_C sum production (kg) | 733,572 | 733,572 | PASS |
| B | 2017_C median plot area (m2) | 360 | 360 | PASS |
| B | 2018_A rows | 18,255 | 18,255 | PASS |
| B | 2018_A rows with weight | 16,909 | 16,909 | PASS |
| B | 2018_A sum wt | 11,303,775 | 11,303,775 | PASS |
| B | 2018_A sum production (kg) | 72,665,594 | 72,665,594 | PASS |
| B | 2018_A median plot area (m2) | 751 | 751 | PASS |
| B | 2018_B rows | 19,576 | 19,576 | PASS |
| B | 2018_B rows with weight | 18,133 | 18,133 | PASS |
| B | 2018_B sum wt | 11,323,146 | 11,323,146 | PASS |
| B | 2018_B sum production (kg) | 73,673,963 | 73,673,963 | PASS |
| B | 2018_B median plot area (m2) | 884 | 884 | PASS |
| B | 2018_C rows | 1,462 | 1,462 | PASS |
| B | 2018_C rows with weight | 1,461 | 1,461 | PASS |
| B | 2018_C sum wt | 349,501 | 349,501 | PASS |
| B | 2018_C sum production (kg) | 607,798 | 607,798 | PASS |
| B | 2018_C median plot area (m2) | 337 | 337 | PASS |
| B | 2019_A rows | 32,906 | 32,906 | PASS |
| B | 2019_A rows with weight | 32,906 | 32,906 | PASS |
| B | 2019_A sum wt | 15,330,507 | 15,330,507 | PASS |
| B | 2019_A sum production (kg) | 84,025,314 | 84,025,314 | PASS |
| B | 2019_A median plot area (m2) | 1,252 | 1,252 | PASS |
| B | 2019_B rows | 30,493 | 30,493 | PASS |
| B | 2019_B rows with weight | 30,493 | 30,493 | PASS |
| B | 2019_B sum wt | 14,735,773 | 14,735,773 | PASS |
| B | 2019_B sum production (kg) | 89,290,996 | 89,290,996 | PASS |
| B | 2019_B median plot area (m2) | 1,258 | 1,258 | PASS |
| B | 2019_C rows | 1,667 | 1,667 | PASS |
| B | 2019_C rows with weight | 1,667 | 1,667 | PASS |
| B | 2019_C sum wt | 364,385 | 364,385 | PASS |
| B | 2019_C sum production (kg) | 574,407 | 574,407 | PASS |
| B | 2019_C median plot area (m2) | 538 | 538 | PASS |
| B | 2020_A rows | 41,313 | 41,313 | PASS |
| B | 2020_A rows with weight | 41,313 | 41,313 | PASS |
| B | 2020_A sum wt | 30,775,512 | 30,775,512 | PASS |
| B | 2020_A sum production (kg) | 96,987,056 | 96,987,056 | PASS |
| B | 2020_A median plot area (m2) | 1,228 | 1,228 | PASS |
| B | 2020_B rows | 35,773 | 35,773 | PASS |
| B | 2020_B rows with weight | 35,695 | 35,695 | PASS |
| B | 2020_B sum wt | 26,058,302 | 26,058,302 | PASS |
| B | 2020_B sum production (kg) | 93,538,342 | 93,538,342 | PASS |
| B | 2020_B median plot area (m2) | 1,256 | 1,256 | PASS |
| B | 2020_C rows | 4,283 | 4,283 | PASS |
| B | 2020_C rows with weight | 4,283 | 4,283 | PASS |
| B | 2020_C sum wt | 19,264 | 19,264 | PASS |
| B | 2020_C sum production (kg) | 2,581,558 | 2,581,558 | PASS |
| B | 2020_C median plot area (m2) | 517 | 517 | PASS |
| B | 2021_A rows | 41,634 | 41,634 | PASS |
| B | 2021_A rows with weight | 41,541 | 41,541 | PASS |
| B | 2021_A sum wt | 31,213,435 | 31,213,435 | PASS |
| B | 2021_A sum production (kg) | 109,372,274 | 109,372,274 | PASS |
| B | 2021_A median plot area (m2) | 1,227 | 1,227 | PASS |
| B | 2021_B rows | 35,869 | 35,869 | PASS |
| B | 2021_B rows with weight | 35,799 | 35,799 | PASS |
| B | 2021_B sum wt | 25,113,833 | 25,113,833 | PASS |
| B | 2021_B sum production (kg) | 110,571,514 | 110,571,514 | PASS |
| B | 2021_B median plot area (m2) | 1,247 | 1,247 | PASS |
| B | 2021_C rows | 3,416 | 3,416 | PASS |
| B | 2021_C rows with weight | 1,726 | 1,726 | PASS |
| B | 2021_C sum wt | 448,698 | 448,698 | PASS |
| B | 2021_C sum production (kg) | 2,463,867 | 2,463,867 | PASS |
| B | 2021_C median plot area (m2) | 482 | 482 | PASS |
| B | 2022_A rows | 41,589 | 41,589 | PASS |
| B | 2022_A rows with weight | 41,589 | 41,589 | PASS |
| B | 2022_A sum wt | 34,993,486 | 34,993,486 | PASS |
| B | 2022_A sum production (kg) | 152,320,988 | 152,320,988 | PASS |
| B | 2022_A median plot area (m2) | 1,088 | 1,088 | PASS |
| B | 2022_B rows | 36,005 | 36,005 | PASS |
| B | 2022_B rows with weight | 36,005 | 36,005 | PASS |
| B | 2022_B sum wt | 29,070,465 | 29,070,465 | PASS |
| B | 2022_B sum production (kg) | 98,298,131 | 98,298,131 | PASS |
| B | 2022_B median plot area (m2) | 1,120 | 1,120 | PASS |
| B | 2022_C rows | 5,818 | 5,818 | PASS |
| B | 2022_C rows with weight | 5,818 | 5,818 | PASS |
| B | 2022_C sum wt | 589,694 | 589,694 | PASS |
| B | 2022_C sum production (kg) | 4,513,197 | 4,513,197 | PASS |
| B | 2022_C median plot area (m2) | 459 | 459 | PASS |
| B | 2023_A rows | 39,038 | 39,038 | PASS |
| B | 2023_A rows with weight | 39,038 | 39,038 | PASS |
| B | 2023_A sum wt | 31,499,395 | 31,499,395 | PASS |
| B | 2023_A sum production (kg) | 114,084,306 | 114,084,306 | PASS |
| B | 2023_A median plot area (m2) | 1,092 | 1,092 | PASS |
| B | 2023_B rows | 36,546 | 36,546 | PASS |
| B | 2023_B rows with weight | 36,546 | 36,546 | PASS |
| B | 2023_B sum wt | 28,704,081 | 28,704,081 | PASS |
| B | 2023_B sum production (kg) | 112,180,244 | 112,180,244 | PASS |
| B | 2023_B median plot area (m2) | 1,111 | 1,111 | PASS |
| B | 2023_C rows | 3,566 | 3,566 | PASS |
| B | 2023_C rows with weight | 3,566 | 3,566 | PASS |
| B | 2023_C sum wt | 1,118,165 | 1,118,165 | PASS |
| B | 2023_C sum production (kg) | 2,654,626 | 2,654,626 | PASS |
| B | 2023_C median plot area (m2) | 488 | 488 | PASS |
| B | 2024_A rows | 39,330 | 39,330 | PASS |
| B | 2024_A rows with weight | 39,330 | 39,330 | PASS |
| B | 2024_A sum wt | 35,243,844 | 35,243,844 | PASS |
| B | 2024_A sum production (kg) | 126,956,524 | 126,956,524 | PASS |
| B | 2024_A median plot area (m2) | 1,030 | 1,030 | PASS |
| B | 2024_B rows | 35,584 | 35,584 | PASS |
| B | 2024_B rows with weight | 35,584 | 35,584 | PASS |
| B | 2024_B sum wt | 30,534,218 | 30,534,218 | PASS |
| B | 2024_B sum production (kg) | 110,098,530 | 110,098,530 | PASS |
| B | 2024_B median plot area (m2) | 1,052 | 1,052 | PASS |
| B | 2024_C rows | 1,949 | 1,949 | PASS |
| B | 2024_C rows with weight | 1,949 | 1,949 | PASS |
| B | 2024_C sum wt | 704,473 | 704,473 | PASS |
| B | 2024_C sum production (kg) | 1,001,630 | 1,001,630 | PASS |
| B | 2024_C median plot area (m2) | 557 | 557 | PASS |
| B | 2025_A rows | 34,369 | 34,369 | PASS |
| B | 2025_A rows with weight | 34,369 | 34,369 | PASS |
| B | 2025_A sum wt | 36,857,604 | 36,857,604 | PASS |
| B | 2025_A sum production (kg) | 123,858,221 | 123,858,221 | PASS |
| B | 2025_A median plot area (m2) | 855 | 855 | PASS |
| B | 2025_B rows | 32,920 | 32,920 | PASS |
| B | 2025_B rows with weight | 32,920 | 32,920 | PASS |
| B | 2025_B sum wt | 35,529,455 | 35,529,455 | PASS |
| B | 2025_B sum production (kg) | 105,925,129 | 105,925,129 | PASS |
| B | 2025_B median plot area (m2) | 872 | 872 | PASS |
| B | 2025_C rows | 1,884 | 1,884 | PASS |
| B | 2025_C rows with weight | 1,884 | 1,884 | PASS |
| B | 2025_C sum wt | 891,581 | 891,581 | PASS |
| B | 2025_C sum production (kg) | 851,639 | 851,639 | PASS |
| B | 2025_C median plot area (m2) | 423 | 423 | PASS |

## C. Core quantities (CORE / CORE_SEASON map)

| section | statistic | Python | reference | result |
|---|---|---:|---:|---|
| C | 2017_A median plot area (m2) -- plausible band 100-30,000 (must be inside) | 674 | 674 | PASS |
| C | 2017_A rows with crop area > plot area + 5% (share x 1000; must be <= 20) | 0 | 0 | PASS |
| C | 2017_B median plot area (m2) -- plausible band 100-30,000 (must be inside) | 752 | 752 | PASS |
| C | 2017_B rows with crop area > plot area + 5% (share x 1000; must be <= 20) | 0 | 0 | PASS |
| C | 2017_C median plot area (m2) -- plausible band 100-30,000 (must be inside) | 360 | 360 | PASS |
| C | 2017_C rows with crop area > plot area + 5% (share x 1000; must be <= 20) | 0 | 0 | PASS |
| C | 2018_A median plot area (m2) -- plausible band 100-30,000 (must be inside) | 751 | 751 | PASS |
| C | 2018_A rows with crop area > plot area + 5% (share x 1000; must be <= 20) | 0 | 0 | PASS |
| C | 2018_B median plot area (m2) -- plausible band 100-30,000 (must be inside) | 884 | 884 | PASS |
| C | 2018_B rows with crop area > plot area + 5% (share x 1000; must be <= 20) | 1 | 0 | PASS |
| C | 2018_C median plot area (m2) -- plausible band 100-30,000 (must be inside) | 337 | 337 | PASS |
| C | 2018_C rows with crop area > plot area + 5% (share x 1000; must be <= 20) | 0 | 0 | PASS |
| C | 2019_A median plot area (m2) -- plausible band 100-30,000 (must be inside) | 1,252 | 1,252 | PASS |
| C | 2019_A rows with crop area > plot area + 5% (share x 1000; must be <= 20) | 0 | 0 | PASS |
| C | 2019_B median plot area (m2) -- plausible band 100-30,000 (must be inside) | 1,258 | 1,258 | PASS |
| C | 2019_B rows with crop area > plot area + 5% (share x 1000; must be <= 20) | 0 | 0 | PASS |
| C | 2019_C median plot area (m2) -- plausible band 100-30,000 (must be inside) | 538 | 538 | PASS |
| C | 2019_C rows with crop area > plot area + 5% (share x 1000; must be <= 20) | 0 | 0 | PASS |
| C | 2020_A median plot area (m2) -- plausible band 100-30,000 (must be inside) | 1,228 | 1,228 | PASS |
| C | 2020_A rows with crop area > plot area + 5% (share x 1000; must be <= 20) | 0 | 0 | PASS |
| C | 2020_B median plot area (m2) -- plausible band 100-30,000 (must be inside) | 1,256 | 1,256 | PASS |
| C | 2020_B rows with crop area > plot area + 5% (share x 1000; must be <= 20) | 0 | 0 | PASS |
| C | 2020_C median plot area (m2) -- plausible band 100-30,000 (must be inside) | 517 | 517 | PASS |
| C | 2020_C rows with crop area > plot area + 5% (share x 1000; must be <= 20) | 0 | 0 | PASS |
| C | 2021_A median plot area (m2) -- plausible band 100-30,000 (must be inside) | 1,227 | 1,227 | PASS |
| C | 2021_B median plot area (m2) -- plausible band 100-30,000 (must be inside) | 1,247 | 1,247 | PASS |
| C | 2021_C median plot area (m2) -- plausible band 100-30,000 (must be inside) | 482 | 482 | PASS |
| C | 2021_C rows with crop area > plot area + 5% (share x 1000; must be <= 20) | 0 | 0 | PASS |
| C | 2022_A median plot area (m2) -- plausible band 100-30,000 (must be inside) | 1,088 | 1,088 | PASS |
| C | 2022_A production / harvested area == shipped yield (share of rows within 0.1%, x 1000; must be >= 990) | 1,000 | 1,000 | PASS |
| C | 2022_B median plot area (m2) -- plausible band 100-30,000 (must be inside) | 1,120 | 1,120 | PASS |
| C | 2022_B production / harvested area == shipped yield (share of rows within 0.1%, x 1000; must be >= 990) | 1,000 | 1,000 | PASS |
| C | 2022_C median plot area (m2) -- plausible band 100-30,000 (must be inside) | 459 | 459 | PASS |
| C | 2022_C production / harvested area == shipped yield (share of rows within 0.1%, x 1000; must be >= 990) | 1,000 | 1,000 | PASS |
| C | 2023_A median plot area (m2) -- plausible band 100-30,000 (must be inside) | 1,092 | 1,092 | PASS |
| C | 2023_A production / harvested area == shipped yield (share of rows within 0.1%, x 1000; must be >= 990) | 1,000 | 1,000 | PASS |
| C | 2023_B median plot area (m2) -- plausible band 100-30,000 (must be inside) | 1,111 | 1,111 | PASS |
| C | 2023_B production / harvested area == shipped yield (share of rows within 0.1%, x 1000; must be >= 990) | 1,000 | 1,000 | PASS |
| C | 2023_C median plot area (m2) -- plausible band 100-30,000 (must be inside) | 488 | 488 | PASS |
| C | 2023_C production / harvested area == shipped yield (share of rows within 0.1%, x 1000; must be >= 990) | 1,000 | 1,000 | PASS |
| C | 2024_A median plot area (m2) -- plausible band 100-30,000 (must be inside) | 1,030 | 1,030 | PASS |
| C | 2024_B median plot area (m2) -- plausible band 100-30,000 (must be inside) | 1,052 | 1,052 | PASS |
| C | 2024_C median plot area (m2) -- plausible band 100-30,000 (must be inside) | 557 | 557 | PASS |
| C | 2025_A median plot area (m2) -- plausible band 100-30,000 (must be inside) | 855 | 855 | PASS |
| C | 2025_A rows with crop area > plot area + 5% (share x 1000; must be <= 20) | 0 | 0 | PASS |
| C | 2025_A production / harvested area == shipped yield (share of rows within 0.1%, x 1000; must be >= 990) | 1,000 | 1,000 | PASS |
| C | 2025_B median plot area (m2) -- plausible band 100-30,000 (must be inside) | 872 | 872 | PASS |
| C | 2025_B rows with crop area > plot area + 5% (share x 1000; must be <= 20) | 0 | 0 | PASS |
| C | 2025_B production / harvested area == shipped yield (share of rows within 0.1%, x 1000; must be >= 990) | 1,000 | 1,000 | PASS |
| C | 2025_C median plot area (m2) -- plausible band 100-30,000 (must be inside) | 423 | 423 | PASS |
| C | 2025_C rows with crop area > plot area + 5% (share x 1000; must be <= 20) | 2 | 0 | PASS |
| C | rows with negative production | 0 | 0 | PASS |
| C | 2019 B/C plot area shipped in ha (median 2019_B plot area, m2: ~1,258 expected) | 1,258 | 1,258 | PASS |
| C | 2019 C crop area == shipped harvested area (rows within 0.1%, x 1000) | 1,000 | 1,000 | PASS |

## D. Published cultivated maize area (ha) -- screening crop records x plot weight vs the annual reports

| section | statistic | Python | reference | result |
|---|---|---:|---:|---|
| D | 2020_A maize cultivated area (ha) vs report 221,521 | 221,521 | 221,521 | PASS |
| D | 2020_B maize cultivated area (ha) vs report 72,918 | 72,918 | 72,918 | PASS |
| D | 2021_A maize cultivated area (ha) vs report 236,642 | 236,642 | 236,642 | PASS |
| D | 2021_B maize cultivated area (ha) vs report 80,570 | 80,570 | 80,570 | PASS |
| D | 2022_A maize cultivated area (ha) vs report 219,683 | 219,683 | 219,683 | PASS |
| D | 2022_B maize cultivated area (ha) vs report 81,339 | 81,339 | 81,339 | PASS |
| D | 2023_A maize cultivated area (ha) vs report 226,982 | 226,982 | 226,982 | PASS |
| D | 2023_B maize cultivated area (ha) vs report 93,927 | 93,927 | 93,927 | PASS |
| D | 2024_A maize cultivated area (ha) vs report 249,435 [informational: 2024 estimator not reproduced] | 358,384 |  | n/a |
| D | 2024_B maize cultivated area (ha) vs report 92,944 [informational: 2024 estimator not reproduced] | 44,728 |  | n/a |

## E. Module coverage, record keys, crop dictionaries, cross-wave coding compatibility

| section | statistic | Python | reference | result |
|---|---|---:|---:|---|
| E | module fertilizers_pesticides: years covered (expected 7) | 7 | 7 | PASS |
| E | module agricultural_practice: years covered (expected 7) | 7 | 7 | PASS |
| E | module screening_crops: years covered (expected 7) | 7 | 7 | PASS |
| E | module screening_agroforestry: years covered (expected 4) | 4 | 4 | PASS |
| E | module screening_antierosion: years covered (expected 4) | 4 | 4 | PASS |
| E | farmq_part0_2013_2016: waves appended (informational) | 7 |  | n/a |
| E | farmq_part1_2013_2016: waves appended (informational) | 7 |  | n/a |
| E | farmq_part2a_2013_2016: waves appended (informational) | 6 |  | n/a |
| E | farmq_part2b_2013_2016: waves appended (informational) | 3 |  | n/a |
| E | farmq_part2b_fertilizer_2013_2016: waves appended (informational) | 3 |  | n/a |
| E | farmq_part2b_pesticide_2013_2016: waves appended (informational) | 3 |  | n/a |
| E | farmq_part4_2013_2016: waves appended (informational) | 5 |  | n/a |
| E | farmq_part6a_2013_2016: waves appended (informational) | 4 |  | n/a |
| E | farmq_part7_2013_2016: waves appended (informational) | 4 |  | n/a |
| E | lsf_farmq_part1_2013_2016: waves appended (informational) | 3 |  | n/a |
| E | lsf_farmq_part2a_2013_2016: waves appended (informational) | 2 |  | n/a |
| E | lsf_farmq_part2b_2013_2016: waves appended (informational) | 2 |  | n/a |
| E | fertilizers_pesticides: waves appended (informational) | 21 |  | n/a |
| E | agricultural_practice: waves appended (informational) | 21 |  | n/a |
| E | screening_crops: waves appended (informational) | 21 |  | n/a |
| E | screening_agroforestry: waves appended (informational) | 12 |  | n/a |
| E | screening_antierosion: waves appended (informational) | 12 |  | n/a |
| E | fertilizers_2017_2018: waves appended (informational) | 10 |  | n/a |
| E | pesticides_2017_2018: waves appended (informational) | 10 |  | n/a |
| E | antierosion_2017_2018: waves appended (informational) | 10 |  | n/a |
| E | irrigation_land_tenure_2017_2018: waves appended (informational) | 10 |  | n/a |
| E | screening_2017_2018: waves appended (informational) | 10 |  | n/a |
| E | crop-production rows sharing (wave, farm_type, segment, holder, plot, crop) -- NOT a unique key (informational) | 54 |  | n/a |
| E |   2017_A: rows with a duplicated key (informational) | 16 |  | n/a |
| E |   2017_B: rows with a duplicated key (informational) | 24 |  | n/a |
| E |   2018_B: rows with a duplicated key (informational) | 6 |  | n/a |
| E |   2022_A: rows with a duplicated key (informational) | 6 |  | n/a |
| E |   2023_B: rows with a duplicated key (informational) | 2 |  | n/a |
| E | crop list 2013: codes whose meaning changes between waves of the same list generation (informational; 52 codes; use crop_name) | 2 |  | n/a |
| E | crop list 2014-2016: codes whose meaning changes between waves of the same list generation (informational; 83 codes; use crop_name) | 3 |  | n/a |
| E | crop list 2017-2019: codes whose meaning changes between waves of the same list generation (informational; 102 codes; use crop_name) | 2 |  | n/a |
| E | crop list 2020+: codes whose meaning changes between waves of the same list generation (informational; 97 codes; use crop_name) | 9 |  | n/a |
  2020+: 131: beet root / sugar beet; 140: chia seeds / other seasonal crops / other seasonal crops specify; 206: other annual crops specify / tobacco; 414: mandaline / mandoline / other fruits / other fruits specify; 415: jack fruits / mandoline; 416: gooseberry / goosebery / jack fruits; 417: goosebery / strawberry; 418: coeur de boeuf / coeur de boeuf sugar apple annona squamosa / strawberry / sugar apple coeur de boeuf annona squamosa; 419: coeur de boeuf / other fruits specify
  2014-2016: 16: cauliflowers / flower cabage; 44: african cabbage / small eggplants isogi; 99: non agr / non agri / non agriculture / non agriculture land / uncultivated
  2017-2019: 201:  / izindi mboga zerera igihembwe zitamara umwaka mu murima zivuge / other seasonal vegetable; 267:  / marakuja / passion fruit
  2013: 98: fallow / fallow land / urajwe; 99: non agriculture / uncultivated
| E | pooled columns holding waves with incompatible value-label texts for the same code (must be 0) | 0 | 0 | PASS |
| E | variables split into versions, all pooled files (informational) | 184 |  | n/a |
| E | of which because of value labels or unlabelled ranges (informational) | 84 |  | n/a |
| E | variables with codes observed outside their own wave's value labels -- stale labels (informational) | 34 |  | n/a |

**All checks passed.**
15:01:10 03_checks INFO 03_checks done
15:01:12 04_codebook INFO ==== 04_codebook | run 20260905-145845 | python 3.13.5 | pandas 2.2.3 | pyreadstat 1.3.4
15:02:22 04_codebook INFO wrote /Users/matteo/Library/CloudStorage/Dropbox/1-Ongoing Projects/Rwanda - TRS/data/Publicly-Available-NISR/Season-Agriculture-Survey-SAS/CODEBOOK_SAS.xlsx (2 final-dataset sheets, 22 module files in one sheet, 18286 value-label rows)
15:02:22 04_codebook INFO README.txt updated (/Users/matteo/Library/CloudStorage/Dropbox/1-Ongoing Projects/Rwanda - TRS/data/Publicly-Available-NISR/Season-Agriculture-Survey-SAS/README.txt)
