variable,label,type,value_labels,n_value_labels,n_2006,n_2009,n_2012,n_2015,n_2018,n_2021,n_2024,source,versions,label_variants,value_label_conflicts
survey,Source survey,string,,0,2059,7819,4601,4058,6736,5776,4715,,,,
year,Survey year,int16,,0,2059,7819,4601,4058,6736,5776,4715,,,,
wave,Wave (survey year),string,,0,0,0,0,0,0,0,0,,,,
unit,"Unit of the file (household, woman, child, village)",string,,0,2059,7819,4601,4058,6736,5776,4715,,,,
prov,"Province (1-5, NISR codes)",int8,"1=City of Kigali, 2=Southern Province, 3=Western Province, 4=Northern Province, 5=Eastern Province",5,2059,7819,4601,4058,6736,5776,4715,,,,
dist,"District (11-57, NISR codes)",int8,"11=Nyarugenge, 12=Gasabo, 13=Kicukiro, 21=Nyanza, 22=Gisagara …",30,2059,7819,4601,4058,6736,5776,4715,,,,
sector,"Sector (1101-5715, NISR codes; where shipped)",int16,,0,2059,0,4601,4058,0,0,0,,,,
urban,"Area of residence (1 urban, 2 rural; where shipped)",int8,"1=Urban, 2=Rural",2,0,0,567,4058,6736,5776,4715,,,,
cluster,Village / cluster id (as shipped),string,,0,2059,7819,4601,4058,6736,5776,4715,,,,
hhid,Household id (unique within wave; composite string in 2009),string,,0,2059,7819,4601,4058,6736,5776,4715,,,,
wt,"Household weight as shipped (see DECISIONS: normalised in 2006/2012, none in 200",double,,0,2059,0,4601,4058,6736,5776,4715,,,,
id04,,int8,,0,2059,0,0,0,0,0,0,,,,
fez,FEZ,int8,"1=Eastern Agropastoral, 2=Muvumba Agro, 3=Eastern Curve, 4=Buganza-Gisaka Plateau, 5=Bugesera …",12,2059,0,0,0,0,0,0,,,,
constant,Constant,int8,1=National,1,2059,0,0,0,0,0,0,,,,
id04a,Names of old province,string,,0,2059,7819,4601,4058,6736,5776,4715,,,,
childidn,ChildIDNo,double,,0,2059,0,0,0,0,0,0,,,,
s131o,S131O,int8,,0,2059,0,0,0,0,0,0,,,,
s131a,S131A,string,,0,2059,7819,4601,4058,6736,5776,4715,,,,
s131b,S131B,int8,,0,2059,0,0,0,0,0,0,,,,
s132a,S132A,int8,,0,2003,0,0,0,0,0,0,,,,
s132b,S132B,int8,,0,2025,0,0,0,0,0,0,,,,
s132c,S132C,int8,,0,2027,0,0,0,0,0,0,,,,
s133,S133,int8,,0,1955,0,0,0,0,0,0,,,,
s134,S134,int16,,0,1965,0,0,0,0,0,0,,,,
s135,S135,int8,,0,1931,0,0,0,0,0,0,,,,
s136,S136,int8,,0,2051,0,0,0,0,0,0,,,,
s137,S137,int8,,0,1991,0,0,0,0,0,0,,,,
s138,S138,int8,,0,1735,0,0,0,0,0,0,,,,
s139,S139,int8,,0,1698,0,0,0,0,0,0,,,,
s1310,S1310,int8,,0,1726,0,0,0,0,0,0,,,,
s1311,S1311,int8,,0,1586,0,0,0,0,0,0,,,,
s1312h,S1312H,int16,,0,1592,0,0,0,0,0,0,,,,
s1312d,S1312D,int8,,0,1506,0,0,0,0,0,0,,,,
s1312e,S1312E,int8,,0,1608,0,0,0,0,0,0,,,,
s1313,S1313,int8,,0,1691,0,0,0,0,0,0,,,,
s1314,S1314,int8,,0,1458,0,0,0,0,0,0,,,,
s1315,S1315,int8,,0,919,0,0,0,0,0,0,,,,
s1318,S1318,int8,,0,762,0,0,0,0,0,0,,,,
s1320,S1320,int8,,0,726,0,0,0,0,0,0,,,,
s1321,S1321,int8,,0,723,0,0,0,0,0,0,,,,
s1322,S1322,int8,,0,1283,0,0,0,0,0,0,,,,
s1323,S1323,int8,,0,1889,0,0,0,0,0,0,,,,
s1324,S1324,double,,0,1995,0,0,0,0,0,0,,,,
s1325,S1325,int8,,0,1973,0,0,0,0,0,0,,,,
s1326,S1326,int8,,0,1481,0,0,0,0,0,0,,,,
s1327,S1327,double,,0,2016,0,0,0,0,0,0,,,,
s1327cor,S1327Cor,double,,0,2040,0,0,0,0,0,0,,,,
scaletyp,Scale 1=Solar/2=Analoge,int8,,0,2059,0,0,0,0,0,0,,,,
fldwhofl,fldWHOFlag,int8,,0,1859,0,0,0,0,0,0,,,,
fldwhowh,fldWHOWHZ - Wasting,double,,0,975,0,0,0,0,0,0,,,,
fldwhoha,fldWHOHAZ - Stunting,double,,0,1540,0,0,0,0,0,0,,,,
fldwhowa,fldWHOWAZ - Underweight,double,,0,779,0,0,0,0,0,0,,,,
waste,Wasting Categories,int8,"-3=Severely Wasted, -2=Wasted, 0=Not Wasted",3,975,0,0,0,0,0,0,,,,
stunt,Stunting Categories,int8,"-3=Severely Stunted, -2=Stunted, 0=Not Stunted",3,1540,0,0,0,0,0,0,,,,
underw,Underweight categories,int8,"-3=Severely Stunted, -2=Underweight, 0=Not Underweight",3,779,0,0,0,0,0,0,,,,
id2,Akarere,int8,,0,0,7819,0,0,0,0,0,,,,
id4,Umurenge,int8,,0,0,7819,0,0,0,0,0,,,,
id5,Akagari,int8,,0,0,7819,0,0,0,0,0,,,,
id7,Numero y'urugo,int8,,0,0,7819,0,0,0,0,0,,,,
ns,No,int8,,0,0,7819,0,0,0,0,0,,,,
s13q1a0,13.1. Ese kuri ubu uracyonsa ?,int8,"1=Yego, 2=Oya",2,0,7783,0,0,0,0,0,,,,
s13q1a,13.1a.Izina (buri mubare uhwanye n'ikirango cya nyina w'umwa,int8,0=,1,0,7783,0,0,0,0,0,,,,
s13q1b,13.1b.N° za nyina w'umwana,int8,"8=Ntiyabonetse mu kiganiro, 9=Yitabye imana",2,0,7783,0,0,0,0,0,,,,
s13q1c,13.2.Itariki y'amavuko   Umunsi,int8,,0,0,7363,0,0,0,0,0,,,,
s13q1d,13.2.Itariki y'amavuko   Ukwezi,int8,,0,0,7358,0,0,0,0,0,,,,
s13q1e,13.2.Itariki y'amavuko   Umwaka,int8,0=,1,0,7360,0,0,0,0,0,,,,
s13q3,13.3.Ukwezi yavutsemo,int8,,0,0,484,0,0,0,0,0,,,,
s13q4,13.4.Umwaka yavutseho,int16,,0,0,487,0,0,0,0,0,,,,
s13q5,13.5.Imyaka y'umwana (mu mezi),int8,,0,0,512,0,0,0,0,0,,,,
s13q6,13.6.Igitsina,int8,"1=GABO, 2=GORE",2,0,7783,0,0,0,0,0,,,,
s13q7,13.7.Ni wowe ubyara,int8,"1=Yego, 2=Oya",2,0,7783,0,0,0,0,0,,,,
s13q8,13.8.Hari ubwo wigeze wonsa ?,int8,"1=Yego, 2=Oya",2,0,7364,0,0,0,0,0,,,,
s13q9,13.9.Wonkeje nyuma y'igihe kingana iki ukimara kubyara ?   A,int8,"0=Munsi y'isaha, 99=Ntabizi",2,0,7194,0,0,0,0,0,,,,
s13q9a,13.9.Wonkeje nyuma y'igihe kingana iki ukimara kubyara ?   I,int8,,0,0,7194,0,0,0,0,0,,,,
s13q10,13.10.Mu mezi 6 umaze kubyara waba hari icyo wamuhaye cyo ku,int8,"0=Oya, 1=Yego, 2=Ntabizi",3,0,7194,0,0,0,0,0,,,,
s13q11,13.11.Uracyamwonsa,int8,"1=Yego, 2=Oya",2,0,7194,0,0,0,0,0,,,,
s13q12,13.12.Ni kangahe waraye wonkeje kuva nimugoroba izuba rirenz,int8,,0,0,3548,0,0,0,0,0,,,,
s13q13,13.13.Ni inshuro nzigahe wonkeje ejo umunsi wose,int8,,0,0,3548,0,0,0,0,0,,,,
s13q14,13.14.Ejo hashize cg mu ijoro ryakeye haba hari icyo yanywey,int8,"1=Yego, 2=Oya, 9=Ntabizi",3,0,7783,0,0,0,0,0,,,,
s13q15,13.15.Igihe yavukaga ... yaganaga ate ?,int8,"1=Munini cyane, 2=Munini, 3=Mu rugero, 4=Muto biriganiye, 5=Muto cyane …",6,0,7783,0,0,0,0,0,,,,
s13q16,13.16.Yigeze afata ikini cya vitamini A,int8,"1=Yego, 2=Oya, 3=Ntabizi",3,0,7783,0,0,0,0,0,,,,
s13q17,13.17.Mu byumweru bibili bishize yigeze arwara,int8,"1=Yego, 2=Oya, 3=Ntabizi",3,0,7783,0,0,0,0,0,,,,
s13q18,13.18.Mu byumweru bibili bishize yigeze agira umuriro,int8,"1=Yego, 2=Oya, 3=Ntabizi",3,0,2599,0,0,0,0,0,,,,
s13q19,13.19.Mu byumweru bibiri bishize yigeze arwara inkorara,int8,"1=Yego, 2=Oya, 3=Ntabizi",3,0,2599,0,0,0,0,0,,,,
s13q20,13.20.Mu byumweru bibiri bishize yigeze arwara impiswi ?,int8,"1=Yego, 2=Oya, 3=Ntabizi",3,0,2599,0,0,0,0,0,,,,
s13q21,"13.21.Niba mu byumweru bibiri bishize yararwaye, ese yagiye",int8,"1=Yego, 2=Oya, 3=Ntabizi",3,0,2599,0,0,0,0,0,,,,
s13q22,13.22.Niba afite amezi 9 cg hejuru ese yigeze abona urukingo,int8,"1=Yego, 2=Oya, 3=Ntabizi",3,0,7672,0,0,0,0,0,,,,
s13q23,13.23.Ese yigeze afata ibinini by'inzoka mu mezi 6 ashize ?,int8,"1=Yego, 2=Oya, 3=Ntabizi",3,0,7686,0,0,0,0,0,,,,
s13q24,13.24.Ibiro by'umwana,double,,0,0,7522,0,0,0,0,0,,,,
s13q25,13.25.Ese ibipimo by'umwana byafashwe aryamye/ahagaze?,int8,"1=Aryamye, 2=Ahagaze",2,0,7510,0,0,0,0,0,,,,
s13q26,13.26.Uburebure bw'umwana,double,,0,0,7509,0,0,0,0,0,,,,
s13q27,13.27.Umuzeguruko w'akaboko k'ibumoso k'uwo mwana ?,double,,0,0,7507,0,0,0,0,0,,,,
s13q28,13.28.umuzeguruko w'umutwe w''umwana,double,,0,0,7508,0,0,0,0,0,,,,
s13q29,13.29.Ese umwana afite ububyimbe ku birenge byombi ? (oedema,int8,"1=Yego, 2=Oya",2,0,7544,0,0,0,0,0,,,,
s13q30,13.30.Yaba yarashyizwe muri gahunda mbonezamirire ?,int8,"1=Yego, 2=Oya",2,0,7544,0,0,0,0,0,,,,
s13q31,"13.31.Niba ari yego, ni muhiye gahunda ?",int8,"1=Therapeutic feeding program, 2=Supplementary feeding program",2,0,165,0,0,0,0,0,,,,
childid,Child's unique ID,int16,,0,0,0,4601,0,0,0,0,,,,
filename,Filename,string,,0,2059,7819,4601,4058,6736,5776,4715,,,,
final_norm_weight,Normalised weight,double,,0,0,0,4601,0,0,0,0,,,,
rwanda,Rwanda,int8,1=Rwanda,1,0,0,4601,0,0,0,0,,,,
dist_copy,District,int16,"101=Nyarugenge, 102=Gasabo, 103=Kicukiro, 201=Nyanza, 202=Gisagara …",30,0,0,4601,0,0,0,0,,,,
v_code,Village,int32,,0,0,0,4601,0,0,0,0,,,,
t_code,Team,int8,,0,0,0,4601,0,0,0,0,,,,
urban_new,Urban corrected with observations,int8,"1=Urban, 2=Rural",2,0,0,4601,0,0,0,0,,,,
final_urban,,int8,"1=Urban, 2=Rural, 3=Semi/peri-urban",3,0,0,4601,0,0,0,0,,,,
q1201_2_old,Ubudehe categories,int8,"-1=Don't know, 1=1. (THOSE IN ABJECT POVERTY), 2=2. (THE VERY POOR), 3=3. (THE POOR), 4=4. (THE RESOURCEFUL POOR) …",7,0,0,3538,0,0,0,0,,,,
hh_size_computed,,int8,,0,0,0,4600,0,0,0,0,,,,
elderly_head,elderly headed HH,int8,"0=non elderly head, 1=elderly head",2,0,0,4601,0,0,0,0,,,,
fcs_category,FCS category,int8,"1=poor, 2=borderline, 3=acceptable",3,0,0,4597,0,0,0,0,,,,
nfac1_1,wealth index,int8,"1=1st poorest, 2=2nd, 3=3rd middle, 4=4th, 5=5th wealthiest",5,0,0,4519,0,0,0,0,,,,
livelihood,livelihood groups,int8,"1=Agriculturalist (low income below 118,000), 2=Agro-pastoralists, 3=Agricolture and unskilled daily labour, 4=Agricultural workers, 5=Informal sale …",11,0,0,4593,0,0,0,0,,,,
q401_2,Land size,int8,"-1=No land, 1=0 to 0.1 ha,, 2=0.1 to 0.19 ha, 3=0.2 to 0.49 ha, 4=0.5 to 0.99 ha …",8,0,0,4601,0,0,0,0,,,,
g_stunted,global stunting. flags as missing,int8,"0=No, 1=Yes",2,0,0,4384,0,0,0,0,,,,
g_underweight,global underweighted. flags as missings,int8,"0=No, 1=Yes",2,0,0,4414,0,0,0,0,,,,
g_wasted,global wasting. flags as missings,int8,"0=No, 1=Yes",2,0,0,4382,0,0,0,0,,,,
g_wasted_muac,global wasting-MUAC.flags as missings,int8,"0=No, 1=Yes",2,0,0,4417,0,0,0,0,,,,
stunted_v2,[2012..2012 version] Stunted,int8,"0=Not stunted, 1=Moderately stunted, 2=Severely stunted, 99=Flag",4,0,0,4601,0,0,0,0,,stunted (2015),,
underweight,underweight Underweight results,int8,"0=Normal, 1=Moderately underweight, 2=Severely underweight, 99=Flag",4,0,0,4601,3810,0,5150,4261,,,2012: Underweight; 2015: Prevalence of underweight; 2021: Underweight,"{""0"": [""Normal"", ""Not underweight""], ""1"": [""Moderate"", ""Moderately underweight""], ""2"": [""Severe"", ""Severely underweight""]}"
wasted_no_oedema,Wasted (excluding oedema cases),int8,"0=Not wasted, 1=Moderately wasted, 2=Severely wasted, 99=Flag",4,0,0,4441,0,0,0,0,,,,
wasted_v2,[2012..2012 version] Wasted,int8,"0=Not wasted, 1=Moderately wasted, 2=Severely wasted, 99=Flag",4,0,0,4601,0,0,0,0,,wasted (2015),,
strata_id,CSFVA2009 Strata name,int8,"0=Not applicable, 1=Nyagatare-Gatsib-Kayonza, 2=Kirehe-Ngoma-Rwamagana, 3=Bugesera, 4=Musanze-Burera …",17,0,0,4106,0,0,0,0,,,,
hhno,Household number,int8,,0,0,0,4601,0,0,0,0,,,,
q001_2,Interview date,string,,0,2059,7819,4601,4058,6736,5776,4715,,,,
months_new,Child's age in completed months,double,,0,0,0,4601,0,0,0,0,,,,
qrow,Child's interview ID,int8,,0,0,0,4601,0,0,0,0,,,,
q202_01,First name of child <59 months:,string,,0,2059,7819,4601,4058,6736,5776,4715,,,,
q202_02_1,Are you the mother of [child name]?:,int8,"1=Yes, 2=No, father, 3=No, brother/sister or close family, 4=No, caregiver, 5=No other specify",5,0,0,4601,0,0,0,0,,,,
q202_02_2,Specify other:,string,,0,2059,7819,4601,4058,6736,5776,4715,,,,
q202_03,Child mother's number from Maternal section:,int8,"1=1, 2=2, 3=3, 4=4, 5=5 …",12,0,0,4601,0,0,0,0,,,,
q202_04,Is the Child's birth card available?:,int8,"0=No, 1=Yes",2,0,0,4601,0,0,0,0,,,,
q202_05,Date of Birth from the Medical Card.:,string,,0,2059,7819,4601,4058,6736,5776,4715,,,,
q202_06,Birth month:,int8,,0,0,0,4601,0,0,0,0,,,,
q202_07,Birth year:,int16,,0,0,0,4601,0,0,0,0,,,,
q202_08,Child's age in months (record age in completed months):,int8,,0,0,0,4601,0,0,0,0,,,,
q202_09,Child sex?:,int8,"1=Male, 2=Female",2,0,0,4601,0,0,0,0,,,,
q202_10,Has [NAME] ever been breastfed:,int8,"1=No, 2=Yes (after hours), 3=Yes (after Days), 4=Don't know",4,0,0,4600,0,0,0,0,,,,
q202_10a,How long after birth was [NAME] first put to the breast? (in hours):,int8,,0,0,0,4601,0,0,0,0,,,,
q202_10b,How long after birth was [NAME] first put to the breast? (in days):,int8,,0,0,0,4601,0,0,0,0,,,,
q202_11,"In the first six months after delivery, was [NAME] given anything to drink or fo",int8,"0=No, 1=Yes",2,0,0,4601,0,0,0,0,,,,
q202_12,Is [NAME] still being breastfeed?:,int8,"0=No, 1=Yes",2,0,0,4552,0,0,0,0,,,,
q202_13,"When [NAME] was born, was he/she:",int8,"1=Very large, 2=Larger than normal, 3=Normal, 4=Smaller than normal5 = very small, 5=very small",5,0,0,4600,0,0,0,0,,,,
q202_14,Has [NAME] ever received a vitamin A (drops):,int8,"0=No, 1=Yes, 2=Don't know",3,0,0,4600,0,0,0,0,,,,
q202_15,Has [NAME] been ill in the last 2weeks?:,int8,"0=No, 1=Yes, 2=Don't know",3,0,0,4600,0,0,0,0,,,,
q202_16,Has [NAME] been ill with a fever at any time in the past 2 weeks?:,int8,"0=No, 1=Yes, 2=Don't know",3,0,0,4601,0,0,0,0,,,,
q202_17,Has [NAME] been ill with a cough at any time in the past 2 weeks?:,int8,"0=No, 1=Yes, 2=Don't know",3,0,0,4601,0,0,0,0,,,,
q202_18,Has [NAME] been ill with diarrhea at any time in the past 2 weeks?:,int8,"0=No, 1=Yes, 2=Don't know",3,0,0,4601,0,0,0,0,,,,
q202_19,"If the child was sick in the previous 2weeks, was [NAME] seen at a health facili",int8,"0=No, 1=Yes, 2=Don't know",3,0,0,1827,0,0,0,0,,,,
q202_20,Has [NAME] received deworming tablets in the last 6 months?:,int8,"0=No, 1=Yes, 2=Don't know",3,0,0,4599,0,0,0,0,,,,
q202_24,"Child weight(enter weight in kilograms, with one decimal place) Only if child >6",double,,0,0,0,4601,0,0,0,0,,,,
weight,weight Child's weight,double,,0,0,0,4446,0,0,5150,4261,,,2012: Child weight (corrected); 2021: Child's weight,
q202_21,Child height/length,double,,0,0,0,4601,0,0,0,0,,,,
height,height Child's height in cm,double,,0,0,0,4446,0,0,5137,4261,,,2012: Child Height (corrected); 2021: Child's height in cm,
q202_23,Child MUAC (in centimeters) Only if child >6-59 months:,double,,0,0,0,4601,0,0,0,0,,,,
muac,muac Child MUAC in milmeters,double,,0,0,0,4446,0,0,5156,4261,,,"2012: Child MUAC (in mm, corrected); 2021: Child MUAC in milmeters",
q202_25,Does the child have bilateral pitting oedema? (Check both feet for oedema):,int8,"0=No, 1=Yes",2,0,0,4601,0,0,0,0,,,,
q202_22,"Child measurement made lying or standing?(If < 85cm < 24 months, must be measure",int8,"1=Lying, 2=Standing",2,0,0,4601,0,0,0,0,,,,
q202_26,Is the child presently enrolled in a selective feeding program?:,int8,"0=No, 1=Yes",2,0,0,4599,0,0,0,0,,,,
q202_27,"IF yes, which one?:",int8,"1=Therapeutic feeding program, 2=Supplementary feeding program",2,0,0,53,0,0,0,0,,,,
q202_28,"Yesterday, did [NAME] drink anything during the day or at night?:",int8,"0=No, 1=Yes",2,0,0,4601,0,0,0,0,,,,
q202_29a,Plain water?:,int8,"0=No, 1=Yes",2,0,0,4601,0,0,0,0,,,,
q202_29b_1,Infant formula such as SOSOMA?:,int8,"0=No, 1=Yes",2,0,0,4601,0,0,0,0,,,,
q202_29b_2,How many times yesterday?:,int8,,0,0,0,4601,0,0,0,0,,,,
q202_29c_1,"Milk such as tinned, powdered, or fresh animal milk?:",int8,"0=No, 1=Yes",2,0,0,4601,0,0,0,0,,,,
q202_29c_2,How many times yesterday?:,int8,,0,0,0,297,0,0,0,0,,,,
q202_29d,Juice or juice drinks?:,int8,"0=No, 1=Yes",2,0,0,4601,0,0,0,0,,,,
q202_29e,Clear broth:,int8,"0=No, 1=Yes",2,0,0,4601,0,0,0,0,,,,
q202_29f_1,Yogurt?:,int8,"0=No, 1=Yes",2,0,0,4601,0,0,0,0,,,,
q202_29f_2,How many times yesterday?:,int8,,0,0,0,4601,0,0,0,0,,,,
q202_29g,Thin porridge?:,int8,"0=No, 1=Yes",2,0,0,4601,0,0,0,0,,,,
q202_29h_1,Any other liquids such as [list other water-based liquids available in the local,int8,"0=No, 1=Yes",2,0,0,4601,0,0,0,0,,,,
q202_29h_2,Specify other liquids:,int8,,0,0,0,4550,0,0,0,0,,,,
q202_30,"Yesterday, did [NAME] eat anything during the day or night, whether at home or o",int8,"0=No, 1=Yes",2,0,0,1598,0,0,0,0,,,,
q202_30a,"Porridge, bread, rice, noodles, or other foods made from grains:",int8,"0=No, 1=Yes",2,0,0,1287,0,0,0,0,,,,
q202_30b,"Pumpkin, carrots, squash, or sweet potatoes that are yellow or orange inside:",int8,"0=No, 1=Yes",2,0,0,1287,0,0,0,0,,,,
q202_30c,"White potatoes, white yams, manioc, cassava, or any other foods made from roots:",int8,"0=No, 1=Yes",2,0,0,1287,0,0,0,0,,,,
q202_30d,"Any dark green leafy vegetablesripe mangoes, ripe papayas, or (insert other loca",int8,"0=No, 1=Yes",2,0,0,1287,0,0,0,0,,,,
q202_30e,"Any other fruits or vegetablesliver, kidney, heart, or other organ meats:",int8,"0=No, 1=Yes",2,0,0,1287,0,0,0,0,,,,
q202_30f,"Any meat, such as beef, pork, lamb, goat, chicken, or duck:",int8,"0=No, 1=Yes",2,0,0,1287,0,0,0,0,,,,
q202_30g,Eggs:,int8,"0=No, 1=Yes",2,0,0,1287,0,0,0,0,,,,
q202_30h,"Fresh or dried fish, shellfish, or seafoodany foods made from beans, peas, lenti",int8,"0=No, 1=Yes",2,0,0,1287,0,0,0,0,,,,
q202_30i,"Cheese, yogurt, or other milk products:",int8,"0=No, 1=Yes",2,0,0,1287,0,0,0,0,,,,
q202_30j,"Any Oil, Fats, Or Butter, Or Foods Made With Any Of These:",int8,"0=No, 1=Yes",2,0,0,1287,0,0,0,0,,,,
q202_30k,"Any Sugary Foods Such As Chocolates, Sweets, Candies, Pastries, Cakes, Or Biscui",int8,"0=No, 1=Yes",2,0,0,1287,0,0,0,0,,,,
q202_30l,"condiments for flavor, such as chilies, spices, herbs, or fish powder:",int8,"0=No, 1=Yes",2,0,0,1287,0,0,0,0,,,,
q202_30m,"Grubs, Snails, Or Insects:",int8,"0=No, 1=Yes",2,0,0,1287,0,0,0,0,,,,
q202_30n,"Foods made with red palm oil, red palm nut, or red palm nut pulp sauce:",int8,"0=No, 1=Yes",2,0,0,1287,0,0,0,0,,,,
q202_31,"How many times did (NAME) eat solid, semi-solid, or soft foods other than liquid",int8,,0,0,0,1287,0,0,0,0,,,,
q202_32,Did (NAME) drink anything from a bottle with a nipple yesterday during the day o,int8,"0=No, 1=Yes, 8=Don't know",3,0,0,1432,0,0,0,0,,,,
wazwho_v2,[2012..2012 version] WAZ-WHO,double,,0,0,0,4437,0,0,0,0,,wazwho (2015),,
hazwho_v2,[2012..2012 version] HAZ-WHO,double,,0,0,0,4436,0,0,0,0,,hazwho (2015),,
whzwho_v2,[2012..2012 version] WHZ-WHO,double,,0,0,0,4420,0,0,0,0,,whzwho (2015),,
flagwho,Flag-WHO,string,,0,2059,7819,4601,4058,6736,5776,4715,,,,
flagwaz,Flag-WAZ,int8,,0,0,0,169,0,0,0,0,,,,
flaghaz,Flag-HAZ,int8,,0,0,0,205,0,0,0,0,,,,
flagwhz,Flag-WHZ,int8,,0,0,0,202,0,0,0,0,,,,
child_age_groups,,int8,"1=6-11 months, 2=12-23 months, 3=24-35 months, 4=36-47 months, 5= 48-59 months",5,0,0,4441,4058,0,0,0,,,,
vup,Village VUP level,int8,"0=Non VUP, 1=High priority, 2=Second priority, 3=Third priority, 4=Lowest priority",5,0,0,4601,0,0,0,0,,,,
fews_code,Fewsnet livelihood zones,int8,"0=Kigali City, 1=Lake Kivu Coffee Zone, 2=West Congo-Nile Crest Tea Zone, 3=Northwest Volcanic Irish Potato Zone, 4=East Congo-Nile Highland Subsistence Farming Zone …",13,0,0,4601,0,0,0,0,,,,
under5,under 5 in the hh,int8,,0,0,0,4600,0,0,0,0,,,,
filter___v2,[2012..2012 version] MONTHS_NEW>5.99 and MONTHS_NEW<24 (FILTER),int8,"0=Not Selected, 1=Selected",2,0,0,4601,0,0,0,0,,filter__ (2015),,
q101,Household size,int8,,0,0,0,4601,0,0,0,0,,,,
q102,Head of household  sex,int8,"1=Male, 2=Female",2,0,0,4601,0,0,0,0,,,,
q103,Head of household age,int16,,0,0,0,4601,0,0,0,0,,,,
q104,Can head of HH  read and write?,int8,"0=No, 1=Yes, 2=Read only",3,0,0,4601,0,0,0,0,,,,
q105,head of household level of education,int8,"1=No School, 2=Some Primary, 3=Completed Primary, 4=Some secondary, 5=Vocational School …",7,0,0,4601,0,0,0,0,,,,
q106,Is the head of the household disabled?:,int8,"0=No, 1=Yes",2,0,0,4601,0,0,0,0,,,,
q107,Head of household marital status,int8,"1=Married, 2=Partner, 3=Divorced/separated, 4=Widow or widower, 5=Never  married",5,0,0,4601,0,0,0,0,,,,
q108,How many spouses or partners,int8,,0,0,0,3896,0,0,0,0,,,,
qa110_1,Below 6 months old - Male,int8,,0,0,0,4601,0,0,0,0,,,,
qa110_2,Below 6 months old - female,int8,,0,0,0,4601,0,0,0,0,,,,
qb110_1,6 to 24 months old - Male,int8,,0,0,0,4601,0,0,0,0,,,,
qb110_2,6 to 24 months old - female,int8,,0,0,0,4601,0,0,0,0,,,,
qc110_1,25 to 59 months old - Male,int8,,0,0,0,4601,0,0,0,0,,,,
qc110_2,25 to 59 months old - female,int8,,0,0,0,4600,0,0,0,0,,,,
qd110_1,5 to 6  years old - Male,int8,,0,0,0,4601,0,0,0,0,,,,
qd110_2,5 to 6  years old - female,int8,,0,0,0,4601,0,0,0,0,,,,
qe110_1,7 to 14 years old - Male,int8,,0,0,0,4601,0,0,0,0,,,,
qe110_2,7 to 14 years old - female,int8,,0,0,0,4601,0,0,0,0,,,,
qf110_1,15 to 17 years old - Male,int8,,0,0,0,4601,0,0,0,0,,,,
qf110_2,15 to 17 years old - female,int8,,0,0,0,4601,0,0,0,0,,,,
qg110_1,18 to 59 years old - Male,int8,,0,0,0,4601,0,0,0,0,,,,
qg110_2,18 to 59 years old - female,int8,,0,0,0,4601,0,0,0,0,,,,
qh110_1,60 years old and above - Male,int8,,0,0,0,4601,0,0,0,0,,,,
qh110_2,60 years old and above - female,int8,,0,0,0,4601,0,0,0,0,,,,
q111_1,Males 7  to 14 attending primary school,int8,,0,0,0,4596,0,0,0,0,,,,
q111_2,Females 7  to 14 attending primary school,int8,,0,0,0,4599,0,0,0,0,,,,
q112_1,Absent males,int8,,0,0,0,1777,0,0,0,0,,,,
q112_1_2,main reason of absence?,int8,"1=Sickness, 2=Work for money or food, 3=Domestic work (gardening, fetching water), 4=Take care of siblings, 5=Long distance to school …",8,0,0,179,0,0,0,0,,,,
q112_2,Absent females,int8,,0,0,0,1810,0,0,0,0,,,,
q112_2_2,main reason of absence?,int8,"1=Sickness, 2=Work for money or food, 3=Domestic work (gardening, fetching water), 4=Take care of siblings, 5=Long distance to school …",8,0,0,145,0,0,0,0,,,,
q113,Returnees in the  household,int8,"0=No, 1=Yes",2,0,0,4597,0,0,0,0,,,,
q113_2,how many:,int8,,0,0,0,12,0,0,0,0,,,,
q114_1,are you hosting any person that is temporally resident in your household (3 mont,int8,"0=No, 1=Yes",2,0,0,4597,0,0,0,0,,,,
q114_2,how many:,int8,,0,0,0,125,0,0,0,0,,,,
q201a_1,Roof:,int8,"1=Straw/Thatch Leaves Grass, 2=Metal sheet corrugated iron, 3=Clay Tiles, 4=Cement/Concrete, 5=Wood/bamboo …",6,0,0,4601,0,0,0,0,,,,
q201a_2,Specify others:,int8,,0,0,0,2,0,0,0,0,,,,
q201b_1,Floor:,int8,"1=Earth/Mud, 2=Cement concrete, 3=Hardened Dung, 4=Clay tiles, 5=Wood …",7,0,0,4599,0,0,0,0,,,,
q201b_2,Specify others:,int8,,0,0,0,2,0,0,0,0,,,,
q201c_1,Wall:,int8,"1=Mud bricks, 2=Mud bricks covered with cement, 3=Tree trunks with mud, 4=Tree trunks with mud and cement, 5=Oven fired bricks …",6,0,0,4599,0,0,0,0,,,,
q201c_2,Specify others:,int8,,0,0,0,2,0,0,0,0,,,,
q202_1,Is the house your household live in located in an umudugudu (new recommended set,int8,"0=No, 1=Yes",2,0,0,4598,0,0,0,0,,,,
q202_2,"If yes, since how long have you been living there?:",int8,"0=No, 1=Yes, since below 3months, 2=Yes, between 3 and less than 6 months, 3=Yes, Between 6 months and 1 year, 4=Yes, More than 1 year",5,0,0,1981,0,0,0,0,,,,
q203,What is your occupancy status in this house?:,int8,"1=Owner, 2=Rented, 3=Free of charge (not owner)",3,0,0,4599,0,0,0,0,,,,
q204,How many sleeping rooms does the house you are living in have?:,int8,,0,0,0,4601,0,0,0,0,,,,
q205_1,What kind of toilet facility does your household use?:,int8,"1=Flush latrine, 2=Pit latrine with constructed floor slab, 3=Traditional pit latrine (without floor slab), 4=Open pit (no walls), 5=None / bush, stream etc …",6,0,0,4601,0,0,0,0,,,,
q205_2,Specify others:,int8,,0,0,0,3,0,0,0,0,,,,
q206,Do you share the toilet facility with other households?:,int8,"0=No, 1=Yes",2,0,0,4378,0,0,0,0,,,,
q207_1,What is the main source of lighting for this house?:,int8,"1=Electricity, 2=Kerosene, oil or gas lamp, 3=Lantern, 4=Battery flashlights, 5=Candles …",8,0,0,4601,0,0,0,0,,,,
q207_2,Specify others:,int8,,0,0,0,6,0,0,0,0,,,,
q208_1,What fuel do you use most often for cooking?:,int8,"1=Gas, 2=Electricity, 3=Firewood, 4=Charcoal, 5=Kerosene …",7,0,0,4595,0,0,0,0,,,,
q208_2,Specify others:,int8,,0,0,0,6,0,0,0,0,,,,
q209_1,What is the current main source of drinking water for your household?:,int8,"1=Public tap/ piped water, 2=Pond, lake, river or stream, 3=Borehole with pump, 4=Rain water, 5=Protected dug well or spring …",8,0,0,4595,0,0,0,0,,,,
q210,Do you pay for water from this current main source?:,int8,"0=No, 1=Yes",2,0,0,4600,0,0,0,0,,,,
q211,Is there a time in the year when your household uses an alternate water source?:,int8,"1=No, main source is used solely all year, 2=Yes, used in conjunction with main source, 3=Yes, used when main source is not usable.",3,0,0,4601,0,0,0,0,,,,
q212_1,What is the main alternative source of drinking water for your household?:,int8,"1=Public tap/ piped water, 2=Pond, lake, river or stream, 3=Borehole with pump, 4=Rain water, 5=Protected dug well or spring …",8,0,0,1139,0,0,0,0,,,,
q213,Does your household pay for this alternate water?:,int8,"0=No, 1=Yes",2,0,0,1137,0,0,0,0,,,,
q214_1_1,Main source:How do you or your household members go to your water sources?,int8,"1=Walk, 2=Bicycle, 3=Motorbike/vehicle, 4=hire someone for that, 5=Other, specify",5,0,0,4308,0,0,0,0,,,,
q214_1_2,Specify other:How do you or your household members go to your water sources?,int8,,0,0,0,6,0,0,0,0,,,,
q214_2_1,Alternative source:How do you or your household members go to your water sources,int8,"1=Walk, 2=Bicycle, 3=Motorbike/vehicle, 4=hire someone for that, 5=Other, specify",5,0,0,1126,0,0,0,0,,,,
q214_2_2,Specify other:How do you or your household members go to your water sources?,int8,,0,0,0,4,0,0,0,0,,,,
q215_1,Main source in minutes:How far is the source of water for your household used in,int16,,0,0,0,4304,0,0,0,0,,,,
q215_2,Alternative source in minutes:How far is the source of water for your household,int16,,0,0,0,1132,0,0,0,0,,,,
q216,What does your household normally do to its water prior to drinking?:,int8,"1=Boil, 2=Strained through cloth, 3=Ceramic, sand or other filter, 4=Purifying tablets/bleach chlorine, 5=Nothing is done",5,0,0,4599,0,0,0,0,,,,
q301,How many livelihood activities does your household have?:,int8,,0,0,0,4601,0,0,0,0,,,,
qa302_1,Main activity - Activity name,int8,"1=agricultural production on own farm or on other farm for no payment, 2=agricultural work on other farm for in kind compensation, salary/wages (excluding vup), 3=livestock raising, 4=fishing, hunting, gathering, 5=purchase sale of product from fishing, hunting gathering …",22,0,0,4596,0,0,0,0,,,,
qa302_1_2,Main activity - Specify other activity,int8,,0,0,0,0,0,0,0,0,,,,
qa302_2,"Main activity - Using proportional piling methods, please estimate the relative",int8,,0,0,0,4596,0,0,0,0,,,,
qa302_3,Main activity - Who Usually Participates In This Activity,int8,"1=head of household only, 2=spouse of the head of household only, 3=men only, 4=women only, 5=adults only …",9,0,0,4593,0,0,0,0,,,,
qa302_4,"Main activity - Is this livelihood activity seasonal? (If Seasonal, During Which",int8,"0=No, done all year round, 1=Yes, seasonal",2,0,0,4592,0,0,0,0,,,,
qa302_5a,Main activity - January,int8,"0=No, 1=Yes",2,0,0,1529,0,0,0,0,,,,
qa302_5b,Main activity - February,int8,"0=No, 1=Yes",2,0,0,1529,0,0,0,0,,,,
qa302_5c,Main activity - March,int8,"0=No, 1=Yes",2,0,0,1529,0,0,0,0,,,,
qa302_5d,Main activity - April,int8,"0=No, 1=Yes",2,0,0,1529,0,0,0,0,,,,
qa302_5e,Main activity - May,int8,"0=No, 1=Yes",2,0,0,1529,0,0,0,0,,,,
qa302_5f,Main activity - June,int8,"0=No, 1=Yes",2,0,0,1529,0,0,0,0,,,,
qa302_5g,Main activity - July,int8,"0=No, 1=Yes",2,0,0,1529,0,0,0,0,,,,
qa302_5h,Main activity - August,int8,"0=No, 1=Yes",2,0,0,1529,0,0,0,0,,,,
qa302_5i,Main activity - September,int8,"0=No, 1=Yes",2,0,0,1529,0,0,0,0,,,,
qa302_5j,Main activity - October,int8,"0=No, 1=Yes",2,0,0,1529,0,0,0,0,,,,
qa302_5k,Main activity - November,int8,"0=No, 1=Yes",2,0,0,1529,0,0,0,0,,,,
qa302_5l,Main activity - December,int8,"0=No, 1=Yes",2,0,0,1529,0,0,0,0,,,,
qb302_1,Second activity - Activity name,int8,"1=agricultural production on own farm or on other farm for no payment, 2=agricultural work on other farm for in kind compensation, salary/wages (excluding vup), 3=livestock raising, 4=fishing, hunting, gathering, 5=purchase sale of product from fishing, hunting gathering …",22,0,0,4594,0,0,0,0,,,,
qb302_1_2,Second activity - Specify other activity,int8,,0,0,0,0,0,0,0,0,,,,
qb302_2,Second activity - contribution,int8,,0,0,0,2827,0,0,0,0,,,,
qb302_3,Second activity - Who Usually Participates In This Activity,int8,"1=head of household only, 2=spouse of the head of household only, 3=men only, 4=women only, 5=adults only …",9,0,0,2858,0,0,0,0,,,,
qb302_4,Second activity - seasonality,int8,"0=No, done all year round, 1=Yes, seasonal",2,0,0,2858,0,0,0,0,,,,
qb302_5a,Second activity - January,int8,"0=No, 1=Yes",2,0,0,697,0,0,0,0,,,,
qb302_5b,Second activity - February,int8,"0=No, 1=Yes",2,0,0,696,0,0,0,0,,,,
qb302_5c,Second activity - March,int8,"0=No, 1=Yes",2,0,0,696,0,0,0,0,,,,
qb302_5d,Second activity - April,int8,"0=No, 1=Yes",2,0,0,696,0,0,0,0,,,,
qb302_5e,Second activity - May,int8,"0=No, 1=Yes",2,0,0,696,0,0,0,0,,,,
qb302_5f,Second activity - June,int8,"0=No, 1=Yes",2,0,0,696,0,0,0,0,,,,
qb302_5g,Second activity - July,int8,"0=No, 1=Yes",2,0,0,696,0,0,0,0,,,,
qb302_5h,Second activity - August,int8,"0=No, 1=Yes",2,0,0,696,0,0,0,0,,,,
qb302_5i,Second activity - September,int8,"0=No, 1=Yes",2,0,0,696,0,0,0,0,,,,
qb302_5j,Second activity - October,int8,"0=No, 1=Yes",2,0,0,696,0,0,0,0,,,,
qb302_5k,Second activity - November,int8,"0=No, 1=Yes",2,0,0,696,0,0,0,0,,,,
qb302_5l,Second activity - December,int8,"0=No, 1=Yes",2,0,0,696,0,0,0,0,,,,
qc302_1,Third activity - Activity name,int8,"1=agricultural production on own farm or on other farm for no payment, 2=agricultural work on other farm for in kind compensation, salary/wages (excluding vup), 3=livestock raising, 4=fishing, hunting, gathering, 5=purchase sale of product from fishing, hunting gathering …",22,0,0,4582,0,0,0,0,,,,
qc302_1_2,Third activity - Specify other activity,int8,,0,0,0,3,0,0,0,0,,,,
qc302_2,Third activity - contribution,int8,,0,0,0,2818,0,0,0,0,,,,
qc302_3,Third activity - Who Usually Participates In This Activity,int8,"1=head of household only, 2=spouse of the head of household only, 3=men only, 4=women only, 5=adults only …",9,0,0,450,0,0,0,0,,,,
qc302_4,"Third activity - Is this livelihood activity seasonal? (If Seasonal, During Whic",int8,"0=No, done all year round, 1=Yes, seasonal",2,0,0,449,0,0,0,0,,,,
qc302_5a,Third activity - January,int8,"0=No, 1=Yes",2,0,0,66,0,0,0,0,,,,
qc302_5b,Third activity - February,int8,"0=No, 1=Yes",2,0,0,66,0,0,0,0,,,,
qc302_5c,Third activity - March,int8,"0=No, 1=Yes",2,0,0,66,0,0,0,0,,,,
qc302_5d,Third activity - April,int8,"0=No, 1=Yes",2,0,0,66,0,0,0,0,,,,
qc302_5e,Third activity - May,int8,"0=No, 1=Yes",2,0,0,66,0,0,0,0,,,,
qc302_5f,Third activity - June,int8,"0=No, 1=Yes",2,0,0,66,0,0,0,0,,,,
qc302_5g,Third activity - July,int8,"0=No, 1=Yes",2,0,0,66,0,0,0,0,,,,
qc302_5h,Third activity - August,int8,"0=No, 1=Yes",2,0,0,66,0,0,0,0,,,,
qc302_5i,Third activity - September,int8,"0=No, 1=Yes",2,0,0,66,0,0,0,0,,,,
qc302_5j,Third activity - October,int8,"0=No, 1=Yes",2,0,0,66,0,0,0,0,,,,
qc302_5k,Third activity - November,int8,"0=No, 1=Yes",2,0,0,66,0,0,0,0,,,,
qc302_5l,Third activity - December,int8,"0=No, 1=Yes",2,0,0,66,0,0,0,0,,,,
q303_1,Can you tell me what was your household's total cash income last month?,int8,"0=No, 1=Yes",2,0,0,4601,0,0,0,0,,,,
q401_1,Does your household farm land (including pasture for livestock)?,int16,,0,0,0,4601,0,0,0,0,,,,
q402_1,"Share Cropped:Out of the total land that your household farms, how much is(The s",int16,,0,0,0,4601,0,0,0,0,,,,
q402_2,"Owned:Out of the total land that your household farms, how much is(The sum must",int16,,0,0,0,4601,0,0,0,0,,,,
q402_3,"Rented / Leased:Out of the total land that your household farms, how much is(The",int16,,0,0,0,4601,0,0,0,0,,,,
q402_4,Free use / loaned or appropriated:Out of the total land that your household farm,int8,,0,0,0,4601,0,0,0,0,,,,
q402_5,"Other:Out of the total land that your household farms, how much is(The sum must",int16,,0,0,0,4601,0,0,0,0,,,,
q403_1,Is any part of your land consolidated (land consolidation programme):,int8,"0=No, 1=Yes",2,0,0,4601,0,0,0,0,,,,
q403_2,If yes how much of your land is in consolidation:,int8,,0,0,0,4601,0,0,0,0,,,,
q404_1,Is any part of your land registered to become umudugudu?:,int8,"0=No, 1=Yes",2,0,0,4601,0,0,0,0,,,,
q404_2,"If, yes how much of your land will become Umudugudu?:",int8,,0,0,0,4601,0,0,0,0,,,,
q405,Did your household use fertilizer and/or insecticides during the past 12 months?,int8,"1=No, 2=Yes, Fertilizer only, 3=Yes, Pesticides only, 4=Yes both",4,0,0,4601,0,0,0,0,,,,
q406_1,"Bought:If yes (2, 3 or 4) where did you get it from? (Total should amount to 100",int32,,0,0,0,4601,0,0,0,0,,,,
q406_2,"Bought with voucher:If yes (2, 3 or 4) where did you get it from? (Total should",int16,,0,0,0,4601,0,0,0,0,,,,
q406_3,"Received from NGO, Government Institutions:If yes (2, 3 or 4) where did you get",int8,,0,0,0,4601,0,0,0,0,,,,
q406_4,"Free / Own production:If yes (2, 3 or 4) where did you get it from? (Total shoul",int16,,0,0,0,4601,0,0,0,0,,,,
q407_1,Is any of the land that your household farms irrigated?:,int8,"0=No, 1=Yes",2,0,0,4601,0,0,0,0,,,,
q407_2,If yes how much of the land you farm is irrigated?:,int8,,0,0,0,4601,0,0,0,0,,,,
q408_1,Is any of the land that your household farms protected against soil erosion? (eg,int8,"0=No, 1=Yes",2,0,0,4601,0,0,0,0,,,,
q408_2,"If yes, how much of the land you farm is protected against soil erosion?:",int8,,0,0,0,4601,0,0,0,0,,,,
q408_3,What type of anti erosion did your household use?,int8,,0,0,0,4601,0,0,0,0,,,,
q409_01,Hoe:Does your household own any of the following items.,int8,"0=No, 1=Yes",2,0,0,4597,0,0,0,0,,,,
q409_02,Shovel:Does your household own any of the following items.,int8,"0=No, 1=Yes",2,0,0,4601,0,0,0,0,,,,
q409_03,Rake:Does your household own any of the following items.,int8,"0=No, 1=Yes",2,0,0,4601,0,0,0,0,,,,
q409_04,Spade:Does your household own any of the following items.,int8,"0=No, 1=Yes",2,0,0,4599,0,0,0,0,,,,
q409_05,Pick:Does your household own any of the following items.,int8,"0=No, 1=Yes",2,0,0,4601,0,0,0,0,,,,
q409_06,Wheel barrow:Does your household own any of the following items.,int8,"0=No, 1=Yes",2,0,0,4601,0,0,0,0,,,,
q409_07,Plough / Ox plough:Does your household own any of the following items.,int8,"0=No, 1=Yes",2,0,0,4601,0,0,0,0,,,,
q409_08,Grinding mill:Does your household own any of the following items.,int8,"0=No, 1=Yes",2,0,0,4601,0,0,0,0,,,,
q409_09,Oil press:Does your household own any of the following items.,int8,"0=No, 1=Yes",2,0,0,4600,0,0,0,0,,,,
q409_10,Sewing machine:Does your household own any of the following items.,int8,"0=No, 1=Yes",2,0,0,4601,0,0,0,0,,,,
q409_11,Ironing machine:Does your household own any of the following items.,int8,"0=No, 1=Yes",2,0,0,4601,0,0,0,0,,,,
q409_12,Radio (only):Does your household own any of the following items.,int8,"0=No, 1=Yes",2,0,0,4601,0,0,0,0,,,,
q409_13,Tape / CD player:Does your household own any of the following items.,int8,"0=No, 1=Yes",2,0,0,4601,0,0,0,0,,,,
q409_14,Mobile phone:Does your household own any of the following items.,int8,"0=No, 1=Yes",2,0,0,4601,0,0,0,0,,,,
q409_15,Living room suite (chairs sofa:Does your household own any of the following item,int8,"0=No, 1=Yes",2,0,0,4601,0,0,0,0,,,,
q409_16,Bed:Does your household own any of the following items.,int8,"0=No, 1=Yes",2,0,0,4601,0,0,0,0,,,,
q409_17,Bicycle:Does your household own any of the following items.,int8,"0=No, 1=Yes",2,0,0,4601,0,0,0,0,,,,
q409_18,Motorized vehicle of any kind:Does your household own any of the following items,int8,"0=No, 1=Yes",2,0,0,4601,0,0,0,0,,,,
q409_19,Fishing boat / Canoe:Does your household own any of the following items.,int8,"0=No, 1=Yes",2,0,0,4600,0,0,0,0,,,,
q410,Do you have a household vegetable plot /garden?:,int8,"0=No, 1=Yes",2,0,0,4601,0,0,0,0,,,,
q411,Does your household own or manage any farm-animals?:,int8,"0=No, 1=Yes",2,0,0,4601,0,0,0,0,,,,
qa412_1,Chicken - Total owened,int8,,0,0,0,4601,0,0,0,0,,,,
qa412_2,Chicken - Total managed,int8,,0,0,0,4601,0,0,0,0,,,,
qb412_1,Ducks and other poultry - Total owened,int8,,0,0,0,4601,0,0,0,0,,,,
qb412_2,Ducks and other poultry - Total managed,int8,,0,0,0,4601,0,0,0,0,,,,
qc412_1,Goats - Total owened,int8,,0,0,0,4601,0,0,0,0,,,,
qc412_2,Goats - Total managed,int8,,0,0,0,4601,0,0,0,0,,,,
qd412_1,Sheep - Total owened,int8,,0,0,0,4601,0,0,0,0,,,,
qd412_2,Sheep - Total managed,int8,,0,0,0,4601,0,0,0,0,,,,
qe412_1,Pigs - Total owened,int8,,0,0,0,4601,0,0,0,0,,,,
qe412_2,Pigs - Total managed,int8,,0,0,0,4601,0,0,0,0,,,,
qf412_1,Cattle - Total owened,int8,,0,0,0,4601,0,0,0,0,,,,
qf412_2,Cattle - Total managed,int8,,0,0,0,4601,0,0,0,0,,,,
qg412_1,Rabbits - Total owened,int16,,0,0,0,4601,0,0,0,0,,,,
qg412_2,Rabbits - Total managed,int8,,0,0,0,4601,0,0,0,0,,,,
qh412_1,Other - Total owened,int8,,0,0,0,4601,0,0,0,0,,,,
qh412_2,Other - Total managed,int8,,0,0,0,4601,0,0,0,0,,,,
q501,How many crops does your HH cultivate?:,int8,,0,0,0,4601,0,0,0,0,,,,
q502,Is any member of your household a member of a farmer organization/cooperative?:,int8,"0=No, 1=Yes",2,0,0,4601,0,0,0,0,,,,
q1503_a_1,Main crop - Crop name,int8,"0=No other crop, 1=Wheat, 2=Maize, 3=Sorghum, 4=Rice …",30,0,0,4601,0,0,0,0,,,,
q1503_a_2,Main crop - Specify other crop,int8,,0,0,0,4592,0,0,0,0,,,,
q1503_a_3,Main crop - Crop seasonality,int8,"1=Annual crop, 2=Perennial",2,0,0,4601,0,0,0,0,,,,
q1503_b_1,Main crop - Did you cultivate this crop in season A2012,int8,"0=Not cultivated, 1=Cultivated",2,0,0,4601,0,0,0,0,,,,
q1503_b_2,Main crop - Did you cultivate this crop in season B2011,int8,"0=Not cultivated, 1=Cultivated",2,0,0,4601,0,0,0,0,,,,
q1503_b_3,Main crop - Did you cultivate this crop in season C2011,int8,"0=Not cultivated, 1=Cultivated",2,0,0,4601,0,0,0,0,,,,
q1503_c_1,Main crop - How long did your household have food stocks from this crop's harves,int8,"0=0 month, 1=1 month, 2=2 months, 3=3 months, 4=4 months …",15,0,0,4601,0,0,0,0,,,,
q1503_c_2,Main crop - How long did your household have food stocks from this crop's harves,int8,"1=1 month, 2=2 months, 3=3 months, 4=4 months, 5=5 months …",13,0,0,4601,0,0,0,0,,,,
q1503_c_3,Main crop - How long did your household have food stocks from this crop's harves,int8,"1=1 month, 2=2 months, 3=3 months, 4=4 months, 5=5 months …",13,0,0,4601,0,0,0,0,,,,
q1503_c_4,Main crop - How long did your household have food stocks from this crop's harves,int8,"1=1 month, 2=2 months, 3=3 months, 4=4 months, 5=5 months …",13,0,0,4601,0,0,0,0,,,,
q1503_d,Main crop - What % of your total land do you generally use for this crop?,int8,,0,0,0,4601,0,0,0,0,,,,
q1503_e,Main crop - What % of your production for this crop do you directly consume (inc,int8,,0,0,0,4601,0,0,0,0,,,,
q1503_f_1,Main crop - What % of your production for this crop do you sell,int8,,0,0,0,4601,0,0,0,0,,,,
q1503_f_2,"Main crop - What % of your production for this crop do you give a way? (gifts, a",int8,,0,0,0,4601,0,0,0,0,,,,
q1503_g,Main crop - Of this [major crop] approximately what percentage is lost/became sp,int8,,0,0,0,4601,0,0,0,0,,,,
q1503_h_1,Main crop - How do you normally acquire [major crop] seeds/planting material?,int8,"1=purchase, 2=exchange with farmers, 3=gift from relatives/family, 4=reserved from  previous harvest, 5=received from NGOs, Government …",6,0,0,4601,0,0,0,0,,,,
q1503_h_2,Main crop - Specify other,int8,,0,0,0,4452,0,0,0,0,,,,
q1503_i_1,Main crop - Whom did you sell the majority of this crop to?,int8,"1=purchaser in the field, 2=trader in the village market, 3=trader in the sector market, 4=trader in the district market, 5=individual consumer, family and relatives …",8,0,0,4601,0,0,0,0,,,,
q1503_i_2,Main crop - Specify other,int8,,0,0,0,4526,0,0,0,0,,,,
q2503_a_1,Second crop - Crop name,int8,"0=No other crop, 1=Wheat, 2=Maize, 3=Sorghum, 4=Rice …",30,0,0,4601,0,0,0,0,,,,
q2503_a_2,Second crop - Specify other crop,int8,,0,0,0,4577,0,0,0,0,,,,
q2503_a_3,Second crop - Crop seasonality,int8,"1=Annual crop, 2=Perennial",2,0,0,4600,0,0,0,0,,,,
q2503_b_1,Second crop - Did you cultivate this crop in season A2012,int8,"0=Not cultivated, 1=Cultivated",2,0,0,4600,0,0,0,0,,,,
q2503_b_2,Second crop - Did you cultivate this crop in season B2011,int8,"0=Not cultivated, 1=Cultivated",2,0,0,4601,0,0,0,0,,,,
q2503_b_3,Second crop - Did you cultivate this crop in season C2011,int8,"0=Not cultivated, 1=Cultivated",2,0,0,4601,0,0,0,0,,,,
q2503_c_1,Second crop - How long did your household have food stocks from this crop's harv,int8,"0=0 month, 1=1 month, 2=2 months, 3=3 months, 4=4 months …",15,0,0,4601,0,0,0,0,,,,
q2503_c_2,Second crop - How long did your household have food stocks from this crop's harv,int8,"1=1 month, 2=2 months, 3=3 months, 4=4 months, 5=5 months …",13,0,0,4601,0,0,0,0,,,,
q2503_c_3,Second crop - How long did your household have food stocks from this crop's harv,int8,"1=1 month, 2=2 months, 3=3 months, 4=4 months, 5=5 months …",13,0,0,4601,0,0,0,0,,,,
q2503_c_4,Second crop - How long did your household have food stocks from this crop's harv,int8,"1=1 month, 2=2 months, 3=3 months, 4=4 months, 5=5 months …",13,0,0,4601,0,0,0,0,,,,
q2503_d,Second crop - What % of your total land do you generally use for this crop?,int8,,0,0,0,4601,0,0,0,0,,,,
q2503_e,Second crop - What % of your production for this crop do you directly consume (i,int8,,0,0,0,4601,0,0,0,0,,,,
q2503_f_1,Second crop - What % of your production for this crop do you sell,int8,,0,0,0,4601,0,0,0,0,,,,
q2503_f_2,"Second crop - What % of your production for this crop do you give a way? (gifts,",int8,,0,0,0,4601,0,0,0,0,,,,
q2503_g,Second crop - Of this [major crop] approximately what percentage is lost/became,int8,,0,0,0,4601,0,0,0,0,,,,
q2503_h_1,Second crop - How do you normally acquire [major crop] seeds/planting material?,int8,"1=purchase, 2=exchange with farmers, 3=gift from relatives/family, 4=reserved from  previous harvest, 5=received from NGOs, Government …",6,0,0,4601,0,0,0,0,,,,
q2503_h_2,Second crop - Specify other,int8,,0,0,0,4438,0,0,0,0,,,,
q2503_i_1,Second crop - Whom did you sell the majority of this crop to?,int8,"1=purchaser in the field, 2=trader in the village market, 3=trader in the sector market, 4=trader in the district market, 5=individual consumer, family and relatives …",8,0,0,4599,0,0,0,0,,,,
q2503_i_2,Second crop - Specify other,int8,,0,0,0,4562,0,0,0,0,,,,
q3503_a_1,Third crop - Crop name,int8,"0=No other crop, 1=Wheat, 2=Maize, 3=Sorghum, 4=Rice …",30,0,0,4601,0,0,0,0,,,,
q3503_a_2,Third crop - Specify other crop,int8,,0,0,0,4589,0,0,0,0,,,,
q3503_a_3,Third crop - Crop seasonality,int8,"1=Annual crop, 2=Perennial",2,0,0,4601,0,0,0,0,,,,
q3503_b_1,Third crop - Did you cultivate this crop in season A2012,int8,"0=Not cultivated, 1=Cultivated",2,0,0,4601,0,0,0,0,,,,
q3503_b_2,Third crop - Did you cultivate this crop in season B2011,int8,"0=Not cultivated, 1=Cultivated",2,0,0,4601,0,0,0,0,,,,
q3503_b_3,Third crop - Did you cultivate this crop in season C2011,int8,"0=Not cultivated, 1=Cultivated",2,0,0,4601,0,0,0,0,,,,
q3503_c_1,Third crop - How long did your household have food stocks from this crop's harve,int8,"0=0 month, 1=1 month, 2=2 months, 3=3 months, 4=4 months …",15,0,0,4601,0,0,0,0,,,,
q3503_c_2,Third crop - How long did your household have food stocks from this crop's harve,int8,"1=1 month, 2=2 months, 3=3 months, 4=4 months, 5=5 months …",13,0,0,4601,0,0,0,0,,,,
q3503_c_3,Third crop - How long did your household have food stocks from this crop's harve,int8,"1=1 month, 2=2 months, 3=3 months, 4=4 months, 5=5 months …",13,0,0,4601,0,0,0,0,,,,
q3503_c_4,Third crop - How long did your household have food stocks from this crop's harve,int8,"1=1 month, 2=2 months, 3=3 months, 4=4 months, 5=5 months …",13,0,0,4601,0,0,0,0,,,,
q3503_d,Third crop - What % of your total land do you generally use for this crop?,int8,,0,0,0,4601,0,0,0,0,,,,
q3503_e,Third crop - What % of your production for this crop do you directly consume (in,int8,,0,0,0,4601,0,0,0,0,,,,
q3503_f_1,Third crop - What % of your production for this crop do you sell,int8,,0,0,0,4601,0,0,0,0,,,,
q3503_f_2,"Third crop - What % of your production for this crop do you give a way? (gifts,",int8,,0,0,0,4601,0,0,0,0,,,,
q3503_g,Third crop - Of this [major crop] approximately what percentage is lost/became s,int8,,0,0,0,4601,0,0,0,0,,,,
q3503_h_1,Third crop - How do you normally acquire [major crop] seeds/planting material?,int8,"1=purchase, 2=exchange with farmers, 3=gift from relatives/family, 4=reserved from  previous harvest, 5=received from NGOs, Government …",6,0,0,4601,0,0,0,0,,,,
q3503_h_2,Third crop - Specify other,int8,,0,0,0,4467,0,0,0,0,,,,
q3503_i_1,Third crop - Whom did you sell the majority of this crop to?,int8,"1=purchaser in the field, 2=trader in the village market, 3=trader in the sector market, 4=trader in the district market, 5=individual consumer, family and relatives …",8,0,0,4601,0,0,0,0,,,,
q3503_i_2,Third crop - Specify other,int8,,0,0,0,4575,0,0,0,0,,,,
q4503_a_1,Fourth crop - Crop name,int8,"0=No other crop, 1=Wheat, 2=Maize, 3=Sorghum, 4=Rice …",30,0,0,4601,0,0,0,0,,,,
q4503_a_2,Fourth crop - Specify other crop,int8,,0,0,0,4585,0,0,0,0,,,,
q4503_a_3,Fourth crop - Crop seasonality,int8,"1=Annual crop, 2=Perennial",2,0,0,4601,0,0,0,0,,,,
q4503_b_1,Fourth crop - Did you cultivate this crop in season A2012,int8,"0=Not cultivated, 1=Cultivated",2,0,0,4601,0,0,0,0,,,,
q4503_b_2,Fourth crop - Did you cultivate this crop in season B2011,int8,"0=Not cultivated, 1=Cultivated",2,0,0,4601,0,0,0,0,,,,
q4503_b_3,Fourth crop - Did you cultivate this crop in season C2011,int8,"0=Not cultivated, 1=Cultivated",2,0,0,4601,0,0,0,0,,,,
q4503_c_1,Fourth crop - How long did your household have food stocks from this crop's harv,int8,"0=0 month, 1=1 month, 2=2 months, 3=3 months, 4=4 months …",15,0,0,4601,0,0,0,0,,,,
q4503_c_2,Fourth crop - How long did your household have food stocks from this crop's harv,int8,"1=1 month, 2=2 months, 3=3 months, 4=4 months, 5=5 months …",13,0,0,4601,0,0,0,0,,,,
q4503_c_3,Fourth crop - How long did your household have food stocks from this crop's harv,int8,"1=1 month, 2=2 months, 3=3 months, 4=4 months, 5=5 months …",13,0,0,4601,0,0,0,0,,,,
q4503_c_4,Fourth crop - How long did your household have food stocks from this crop's harv,int8,"1=1 month, 2=2 months, 3=3 months, 4=4 months, 5=5 months …",13,0,0,4601,0,0,0,0,,,,
q4503_d,Fourth crop - What % of your total land do you generally use for this crop?,int8,,0,0,0,4601,0,0,0,0,,,,
q4503_e,Fourth crop - What % of your production for this crop do you directly consume (i,int8,,0,0,0,4601,0,0,0,0,,,,
q4503_f_1,Fourth crop - What % of your production for this crop do you sell,int8,,0,0,0,4601,0,0,0,0,,,,
q4503_f_2,"Fourth crop - What % of your production for this crop do you give a way? (gifts,",int8,,0,0,0,4601,0,0,0,0,,,,
q4503_g,Fourth crop - Of this [major crop] approximately what percentage is lost/became,int8,,0,0,0,4601,0,0,0,0,,,,
q4503_h_1,Fourth crop - How do you normally acquire [major crop] seeds/planting material?,int8,"1=purchase, 2=exchange with farmers, 3=gift from relatives/family, 4=reserved from  previous harvest, 5=received from NGOs, Government …",6,0,0,4601,0,0,0,0,,,,
q4503_h_2,Fourth crop - Specify other,int8,,0,0,0,4521,0,0,0,0,,,,
q4503_i_1,Fourth crop - Whom did you sell the majority of this crop to?,int8,"1=purchaser in the field, 2=trader in the village market, 3=trader in the sector market, 4=trader in the district market, 5=individual consumer, family and relatives …",8,0,0,4600,0,0,0,0,,,,
q4503_i_2,Fourth crop - Specify other,int8,,0,0,0,4587,0,0,0,0,,,,
q601_1,Household migrants,int8,"0=No, 1=Yes",2,0,0,4601,0,0,0,0,,,,
q601_2,How many?:,int8,,0,0,0,4601,0,0,0,0,,,,
q602,How much did this household receive from remittances in the last 12 months?:,int8,"1=0  to 10000 RWF, 2=10000  to  20000 RWF, 3=20000 to  50000 RWF, 4=>50000 RWF, 5=50,000 to 200,000 FRW …",7,0,0,4601,0,0,0,0,,,,
q701,Have you or any household member taken a loan in the in the last 12 months?:,int8,"0=No, 1=Yes",2,0,0,4601,0,0,0,0,,,,
q702_1,What was the main use of the largest loan taken in the last 12 months?:,int8,"1=Agricultural inputs, 2=Food purchases, 3=Construction other than house, 4=Health emergency, 5=Business investment …",12,0,0,4601,0,0,0,0,,,,
q702_2,Specify other:,int8,,0,0,0,4478,0,0,0,0,,,,
q703_1,What was the source of the largest loan?:,int8,"1=Family / friends in Rwanda, 2=Micro-finance Institution (Credit d'Epargne/NGO/Sacco), 3=Family / friends outside Rwanda, 4=Bank, 5=Shopkeeper /traders …",9,0,0,4599,0,0,0,0,,,,
q703_2,Specify other:,int8,,0,0,0,4533,0,0,0,0,,,,
q704,Household  total loan,int32,,0,0,0,4601,0,0,0,0,,,,
qa801_1,Cereals (grain or flour),int8,"0=No, 1=Yes, 99=Don't know",3,0,0,4601,0,0,0,0,,,,
qa801_2,Cereals (grain or flour) - If yes How much?:_,int32,,0,0,0,4601,0,0,0,0,,,,
qb801_1,Roots and Tubers (including flour),int8,"0=No, 1=Yes, 99=Don't know",3,0,0,4601,0,0,0,0,,,,
qb801_2,Roots and Tubers (including flour) - If yes How much?:_,int32,,0,0,0,4601,0,0,0,0,,,,
qc801_1,Bread,int8,"0=No, 1=Yes, 99=Don't know",3,0,0,4601,0,0,0,0,,,,
qc801_2,Bread - If yes How much?:_,int32,,0,0,0,4601,0,0,0,0,,,,
qd801_1,"Banana (cooking, and fruit)",int8,"0=No, 1=Yes, 99=Don't know",3,0,0,4601,0,0,0,0,,,,
qd801_2,"Banana (cooking, and fruit) - If yes How much?:_",int32,,0,0,0,4601,0,0,0,0,,,,
qe801_1,Meat/Poultry/Fish,int8,"0=No, 1=Yes, 99=Don't know",3,0,0,4601,0,0,0,0,,,,
qe801_2,Meat/Poultry/Fish - If yes How much?:_,int32,,0,0,0,4601,0,0,0,0,,,,
qf801_1,Milk  and other dairy,int8,"0=No, 1=Yes, 99=Don't know",3,0,0,4601,0,0,0,0,,,,
qf801_2,Milk  and other dairy - If yes How much?:_,int32,,0,0,0,4601,0,0,0,0,,,,
qg801_1,"Oil, fat, butter",int8,"0=No, 1=Yes, 99=Don't know",3,0,0,4601,0,0,0,0,,,,
qg801_2,"Oil, fat, butter - If yes How much?:_",int32,,0,0,0,4601,0,0,0,0,,,,
qh801_1,Fresh fruits,int8,"0=No, 1=Yes, 99=Don't know",3,0,0,4601,0,0,0,0,,,,
qh801_2,Fresh fruits - If yes How much?:_,int32,,0,0,0,4601,0,0,0,0,,,,
qi801_1,"Beans, peas and other pulses",int8,"0=No, 1=Yes, 99=Don't know",3,0,0,4601,0,0,0,0,,,,
qi801_2,"Beans, peas and other pulses - If yes How much?:_",int32,,0,0,0,4601,0,0,0,0,,,,
qj801_1,vegetables,int8,"0=No, 1=Yes, 99=Don't know",3,0,0,4601,0,0,0,0,,,,
qj801_2,vegetables - If yes How much?:_,int32,,0,0,0,4601,0,0,0,0,,,,
qk801_1,Groundnuts,int8,"0=No, 1=Yes, 99=Don't know",3,0,0,4601,0,0,0,0,,,,
qk801_2,Groundnuts - If yes How much?:_,int16,,0,0,0,4601,0,0,0,0,,,,
ql801_1,Sugar and sweet products,int8,"0=No, 1=Yes, 99=Don't know",3,0,0,4601,0,0,0,0,,,,
ql801_2,Sugar and sweet products - If yes How much?:_,int32,,0,0,0,4601,0,0,0,0,,,,
qm801_1,salt and spices,int8,"0=No, 1=Yes, 99=Don't know",3,0,0,4601,0,0,0,0,,,,
qm801_2,salt and spices - If yes How much?:_,int16,,0,0,0,4601,0,0,0,0,,,,
qn801_1,Drinking water,int8,"0=No, 1=Yes, 99=Don't know",3,0,0,4601,0,0,0,0,,,,
qn801_2,Drinking water - If yes How much?:_,int32,,0,0,0,4601,0,0,0,0,,,,
qo801_1,other non alcoholic beverages,int8,"0=No, 1=Yes, 99=Don't know",3,0,0,4601,0,0,0,0,,,,
qo801_2,other non alcoholic beverages - If yes How much?:_,int32,,0,0,0,4601,0,0,0,0,,,,
qp801_1,Meals and drinks taken outside the house,int8,"0=No, 1=Yes, 99=Don't know",3,0,0,4601,0,0,0,0,,,,
qp801_2,Meals and drinks taken outside the house - If yes How much?:_,int32,,0,0,0,4601,0,0,0,0,,,,
qq801_1,"Other, specify____________",int8,"0=No, 1=Yes, 99=Don't know",3,0,0,4601,0,0,0,0,,,,
qq801_2,"Other, specify____________ - If yes How much?:_",int32,,0,0,0,4601,0,0,0,0,,,,
qa802_1,Alcohol & Tobacco,int8,"0=No, 1=Yes, 99=Don't know",3,0,0,4601,0,0,0,0,,,,
qa802_2,"Alcohol & Tobacco - If yes, how much:_",int32,,0,0,0,4601,0,0,0,0,,,,
qb802_1,Soap and other personal hygiene items,int8,"0=No, 1=Yes, 99=Don't know",3,0,0,4601,0,0,0,0,,,,
qb802_2,"Soap and other personal hygiene items - If yes, how much:_",int32,,0,0,0,4601,0,0,0,0,,,,
qc802_1,Transport,int8,"0=No, 1=Yes, 99=Don't know",3,0,0,4601,0,0,0,0,,,,
qc802_2,"Transport - If yes, how much:_",int32,,0,0,0,4601,0,0,0,0,,,,
qd802_1,Lighting and cooking energy materials (eg: Firewood/,int8,"0=No, 1=Yes, 99=Don't know",3,0,0,4601,0,0,0,0,,,,
qd802_2,"Lighting and cooking energy materials (eg: Firewood/ - If yes, how much:_",int32,,0,0,0,4601,0,0,0,0,,,,
qe802_1,Waste disposal,int8,"0=No, 1=Yes, 99=Don't know",3,0,0,4601,0,0,0,0,,,,
qe802_2,"Waste disposal - If yes, how much:_",int16,,0,0,0,4601,0,0,0,0,,,,
qf802_1,Rent (house / land),int8,"0=No, 1=Yes, 99=Don't know",3,0,0,4601,0,0,0,0,,,,
qf802_2,"Rent (house / land) - If yes, how much:_",int32,,0,0,0,4601,0,0,0,0,,,,
qg802_1,Milling,int8,"0=No, 1=Yes, 99=Don't know",3,0,0,4601,0,0,0,0,,,,
qg802_2,"Milling - If yes, how much:_",int16,,0,0,0,4601,0,0,0,0,,,,
qh802_1,"Communication (mobile phone, me2u, internet…)",int8,"0=No, 1=Yes, 99=Don't know",3,0,0,4601,0,0,0,0,,,,
qh802_2,"Communication (mobile phone, me2u, internet…) - If yes, how much:_",int32,,0,0,0,4601,0,0,0,0,,,,
qi802_1,"Other, specify__________",int8,"0=No, 1=Yes, 99=Don't know",3,0,0,4601,0,0,0,0,,,,
qi802_2,"Other, specify__________ - If yes, how much:_",int32,,0,0,0,4601,0,0,0,0,,,,
qa803_1,"Medical expenses, health care",int8,"0=No, 1=Yes, 99=Don't know",3,0,0,4601,0,0,0,0,,,,
qa803_2,"Medical expenses, health care - If yes how much:_",int32,,0,0,0,4601,0,0,0,0,,,,
qb803_1,"Education, school fees, uniform, etc",int8,"0=No, 1=Yes, 99=Don't know",3,0,0,4601,0,0,0,0,,,,
qb803_2,"Education, school fees, uniform, etc - If yes how much:_",int32,,0,0,0,4601,0,0,0,0,,,,
qc803_1,"Clothing, shoes",int8,"0=No, 1=Yes, 99=Don't know",3,0,0,4601,0,0,0,0,,,,
qc803_2,"Clothing, shoes - If yes how much:_",int32,,0,0,0,4601,0,0,0,0,,,,
qd803_1,household furnishings and appliances,int8,"0=No, 1=Yes, 99=Don't know",3,0,0,4601,0,0,0,0,,,,
qd803_2,household furnishings and appliances - If yes how much:_,int32,,0,0,0,4601,0,0,0,0,,,,
qe803_1,"Construction, house repair",int8,"0=No, 1=Yes, 99=Don't know",3,0,0,4601,0,0,0,0,,,,
qe803_2,"Construction, house repair - If yes how much:_",int32,,0,0,0,4601,0,0,0,0,,,,
qf803_1,Agriculture and related expenses,int8,"0=No, 1=Yes, 99=Don't know",3,0,0,4601,0,0,0,0,,,,
qf803_2,Agriculture and related expenses - If yes how much:_,int32,,0,0,0,4601,0,0,0,0,,,,
qg803_1,Livestock and related expenditures,int8,"0=No, 1=Yes, 99=Don't know",3,0,0,4601,0,0,0,0,,,,
qg803_2,Livestock and related expenditures  If yes how much:_,int32,,0,0,0,4601,0,0,0,0,,,,
qh803_1,Hiring non-agricultural labour,int8,"0=No, 1=Yes, 99=Don't know",3,0,0,4601,0,0,0,0,,,,
qh803_2,Hiring non-agricultural labour - If yes how much:_,int32,,0,0,0,4601,0,0,0,0,,,,
qi803_1,Debts/mortgage/loan repayment,int8,"0=No, 1=Yes, 99=Don't know",3,0,0,4601,0,0,0,0,,,,
qi803_2,Debts/mortgage/loan repayment - If yes how much:_,int32,,0,0,0,4601,0,0,0,0,,,,
qj803_1,"Fines, taxes",int8,"0=No, 1=Yes, 99=Don't know",3,0,0,4601,0,0,0,0,,,,
qj803_2,"Fines, taxes - If yes how much:_",int32,,0,0,0,4601,0,0,0,0,,,,
qk803_1,Ceremonies,int8,"0=No, 1=Yes, 99=Don't know",3,0,0,4601,0,0,0,0,,,,
qk803_2,Ceremonies - If yes how much:_,int32,,0,0,0,4601,0,0,0,0,,,,
ql803_1,Gifts/donations,int8,"0=No, 1=Yes, 99=Don't know",3,0,0,4601,0,0,0,0,,,,
ql803_2,Gifts/donations - If yes how much:_,int32,,0,0,0,4601,0,0,0,0,,,,
qm803_1,Leisure,int8,"0=No, 1=Yes, 99=Don't know",3,0,0,4601,0,0,0,0,,,,
qm803_2,Leisure - If yes how much:_,int32,,0,0,0,4601,0,0,0,0,,,,
qn803_1,"Other, specify__________",int8,"0=No, 1=Yes, 99=Don't know",3,0,0,4601,0,0,0,0,,,,
qn803_2,"Other, specify__________ - If yes how much:_",int32,,0,0,0,4601,0,0,0,0,,,,
q901,Yesterday adults meals,int32,,0,0,0,4601,0,0,0,0,,,,
q902,Yesterday children meals,int8,,0,0,0,4601,0,0,0,0,,,,
q903,Is this unusual at this time of year?:,int8,"0=No, 1=Yes",2,0,0,4601,0,0,0,0,,,,
qa904_1,"Maize/Maize meal (e.g. Ugali, posho)",int8,,0,0,0,4598,0,0,0,0,,,,
qa904_2,"Maize/Maize meal (e.g. Ugali, posho) - Main source:_",int8,"1=Own production (crops, animals), 2=hunting, fishing, gathering, 3=exchange labour/items for food, 4=borrowed, 5=purchases …",7,0,0,3253,0,0,0,0,,,,
qb904_1,Sorghum,int8,,0,0,0,4598,0,0,0,0,,,,
qb904_2,Sorghum - Main source:_,int8,"1=Own production (crops, animals), 2=hunting, fishing, gathering, 3=exchange labour/items for food, 4=borrowed, 5=purchases …",7,0,0,1826,0,0,0,0,,,,
qc904_1,"Other cereals (Rice, wheat …)",int8,,0,0,0,4597,0,0,0,0,,,,
qc904_2,"Other cereals (Rice, wheat …) - Main source:_",int8,"1=Own production (crops, animals), 2=hunting, fishing, gathering, 3=exchange labour/items for food, 4=borrowed, 5=purchases …",7,0,0,1652,0,0,0,0,,,,
qd904_1,Cassava,int8,,0,0,0,4598,0,0,0,0,,,,
qd904_2,Cassava - Main source:_,int8,"1=Own production (crops, animals), 2=hunting, fishing, gathering, 3=exchange labour/items for food, 4=borrowed, 5=purchases …",7,0,0,2927,0,0,0,0,,,,
qe904_1,White sweet Potato,int8,,0,0,0,4598,0,0,0,0,,,,
qe904_2,White sweet Potato - Main source:_,int8,"1=Own production (crops, animals), 2=hunting, fishing, gathering, 3=exchange labour/items for food, 4=borrowed, 5=purchases …",7,0,0,3416,0,0,0,0,,,,
qf904_1,Other White Roots and tubers (potatoes…),int8,,0,0,0,4598,0,0,0,0,,,,
qf904_2,Other White Roots and tubers (potatoes…) - Main source:_,int8,"1=Own production (crops, animals), 2=hunting, fishing, gathering, 3=exchange labour/items for food, 4=borrowed, 5=purchases …",7,0,0,1094,0,0,0,0,,,,
qg904_1,Mandazi / Chapatti / Bread,int8,,0,0,0,4598,0,0,0,0,,,,
qg904_2,Mandazi / Chapatti / Bread - Main source:_,int8,"1=Own production (crops, animals), 2=hunting, fishing, gathering, 3=exchange labour/items for food, 4=borrowed, 5=purchases …",7,0,0,1754,0,0,0,0,,,,
qh904_1,"Carrot, orange sweet potato or other tubers that are orange inside",int8,,0,0,0,4598,0,0,0,0,,,,
qh904_2,"Carrot, orange sweet potato or other tubers that are orange inside - Main source",int8,"1=Own production (crops, animals), 2=hunting, fishing, gathering, 3=exchange labour/items for food, 4=borrowed, 5=purchases …",7,0,0,809,0,0,0,0,,,,
qi904_1,Cooking banana,int8,,0,0,0,4598,0,0,0,0,,,,
qi904_2,Cooking banana - Main source:_,int8,"1=Own production (crops, animals), 2=hunting, fishing, gathering, 3=exchange labour/items for food, 4=borrowed, 5=purchases …",7,0,0,2739,0,0,0,0,,,,
qj904_1,"Beans, Peas and other pulses",int8,,0,0,0,4598,0,0,0,0,,,,
qj904_2,"Beans, Peas and other pulses - Main source:_",int8,"1=Own production (crops, animals), 2=hunting, fishing, gathering, 3=exchange labour/items for food, 4=borrowed, 5=purchases …",7,0,0,4439,0,0,0,0,,,,
qk904_1,Dark green leafy vegetables (eg. Cassava Leaves ?),int8,,0,0,0,4598,0,0,0,0,,,,
qk904_2,Dark green leafy vegetables - Main source:_,int8,"1=Own production (crops, animals), 2=hunting, fishing, gathering, 3=exchange labour/items for food, 4=borrowed, 5=purchases …",7,0,0,4051,0,0,0,0,,,,
ql904_1,"Pumpkin, squash and other orange vegetables",int8,,0,0,0,4598,0,0,0,0,,,,
ql904_2,"Pumpkin, squash and other orange vegetables - Main source:_",int8,"1=Own production (crops, animals), 2=hunting, fishing, gathering, 3=exchange labour/items for food, 4=borrowed, 5=purchases …",7,0,0,283,0,0,0,0,,,,
qm904_1,Other Vegetables,int8,,0,0,0,4598,0,0,0,0,,,,
qm904_2,Other Vegetables - Main source:_,int8,"1=Own production (crops, animals), 2=hunting, fishing, gathering, 3=exchange labour/items for food, 4=borrowed, 5=purchases …",7,0,0,1485,0,0,0,0,,,,
qn904_1,Ground nuts and seeds,int8,,0,0,0,4598,0,0,0,0,,,,
qn904_2,Ground nuts and seeds - Main source:_,int8,"1=Own production (crops, animals), 2=hunting, fishing, gathering, 3=exchange labour/items for food, 4=borrowed, 5=purchases …",7,0,0,2595,0,0,0,0,,,,
qo904_1,orange coloured fruits,int8,,0,0,0,4597,0,0,0,0,,,,
qo904_2,orange coloured fruits  - Main source:_,int8,"1=Own production (crops, animals), 2=hunting, fishing, gathering, 3=exchange labour/items for food, 4=borrowed, 5=purchases …",7,0,0,1160,0,0,0,0,,,,
qp904_1,Other Fresh fruits,int8,,0,0,0,4597,0,0,0,0,,,,
qp904_2,Other Fresh fruits - Main source:_,int8,"1=Own production (crops, animals), 2=hunting, fishing, gathering, 3=exchange labour/items for food, 4=borrowed, 5=purchases …",7,0,0,711,0,0,0,0,,,,
qq904_1,Fish,int8,,0,0,0,4598,0,0,0,0,,,,
qq904_2,Fish - Main source:_,int8,"1=Own production (crops, animals), 2=hunting, fishing, gathering, 3=exchange labour/items for food, 4=borrowed, 5=purchases …",7,0,0,1019,0,0,0,0,,,,
qr904_1,Organ Meat,int8,,0,0,0,4598,0,0,0,0,,,,
qr904_2,Organ Meat - Main source:_,int8,"1=Own production (crops, animals), 2=hunting, fishing, gathering, 3=exchange labour/items for food, 4=borrowed, 5=purchases …",7,0,0,310,0,0,0,0,,,,
qs904_1,Flesh meat,int8,,0,0,0,4598,0,0,0,0,,,,
qs904_2,Flesh meat  - Main source:_,int8,"1=Own production (crops, animals), 2=hunting, fishing, gathering, 3=exchange labour/items for food, 4=borrowed, 5=purchases …",7,0,0,825,0,0,0,0,,,,
qt904_1,Eggs,int8,,0,0,0,4598,0,0,0,0,,,,
qt904_2,Eggs - Main source:_,int8,"1=Own production (crops, animals), 2=hunting, fishing, gathering, 3=exchange labour/items for food, 4=borrowed, 5=purchases …",7,0,0,353,0,0,0,0,,,,
qu904_1,"Oil, fat, butter, ghee (including palm oil)",int8,,0,0,0,4597,0,0,0,0,,,,
qu904_2,"Oil, fat, butter, ghee (including palm oil) - Main source:_",int8,"1=Own production (crops, animals), 2=hunting, fishing, gathering, 3=exchange labour/items for food, 4=borrowed, 5=purchases …",7,0,0,3895,0,0,0,0,,,,
qv904_1,Sugar and sweets,int8,,0,0,0,4598,0,0,0,0,,,,
qv904_2,Sugar and sweets - Main source:_,int8,"1=Own production (crops, animals), 2=hunting, fishing, gathering, 3=exchange labour/items for food, 4=borrowed, 5=purchases …",7,0,0,2208,0,0,0,0,,,,
qw904_1,Milk and milk products,int8,,0,0,0,4598,0,0,0,0,,,,
qw904_2,Milk and milk products - Main source:_,int8,"1=Own production (crops, animals), 2=hunting, fishing, gathering, 3=exchange labour/items for food, 4=borrowed, 5=purchases …",7,0,0,1394,0,0,0,0,,,,
qx904_1,Condiments,int8,,0,0,0,4598,0,0,0,0,,,,
qx904_2,Condiments  - Main source:_,int8,"1=Own production (crops, animals), 2=hunting, fishing, gathering, 3=exchange labour/items for food, 4=borrowed, 5=purchases …",7,0,0,4483,0,0,0,0,,,,
q905,"What is your household prefered staple food (other than beans, soup)?",int8,,0,0,0,4598,0,0,0,0,,,,
qa906_1,Source of prefered food March2011,int8,"1=Own production, 2=Market, 3=Aid, 4=NA (not consumed)",4,0,0,4587,0,0,0,0,,,,
qa906_2,Source of Beans March2011,int8,"1=Own production, 2=Market, 3=Aid, 4=NA (not consumed)",4,0,0,4597,0,0,0,0,,,,
qb906_1,Source of prefered food April2011,int8,"1=Own production, 2=Market, 3=Aid, 4=NA (not consumed)",4,0,0,4587,0,0,0,0,,,,
qb906_2,Source of Beans April2011,int8,"1=Own production, 2=Market, 3=Aid, 4=NA (not consumed)",4,0,0,4597,0,0,0,0,,,,
qc906_1,Source of prefered food May2011,int8,"1=Own production, 2=Market, 3=Aid, 4=NA (not consumed)",4,0,0,4587,0,0,0,0,,,,
qc906_2,Source of Beans May2011,int8,"1=Own production, 2=Market, 3=Aid, 4=NA (not consumed)",4,0,0,4597,0,0,0,0,,,,
qd906_1,Source of prefered food June2011,int8,"1=Own production, 2=Market, 3=Aid, 4=NA (not consumed)",4,0,0,4588,0,0,0,0,,,,
qd906_2,Source of Beans June2011,int8,"1=Own production, 2=Market, 3=Aid, 4=NA (not consumed)",4,0,0,4598,0,0,0,0,,,,
qe906_1,Source of prefered food July2011,int8,"1=Own production, 2=Market, 3=Aid, 4=NA (not consumed)",4,0,0,4587,0,0,0,0,,,,
qe906_2,Source of Beans July2011,int8,"1=Own production, 2=Market, 3=Aid, 4=NA (not consumed)",4,0,0,4596,0,0,0,0,,,,
qf906_1,Source of prefered food August2011,int8,"1=Own production, 2=Market, 3=Aid, 4=NA (not consumed)",4,0,0,4587,0,0,0,0,,,,
qf906_2,Source of Beans August2011,int8,"1=Own production, 2=Market, 3=Aid, 4=NA (not consumed)",4,0,0,4597,0,0,0,0,,,,
qh906_1,Source of prefered food September2011,int8,"1=Own production, 2=Market, 3=Aid, 4=NA (not consumed)",4,0,0,4587,0,0,0,0,,,,
qh906_2,Source of Beans September2011,int8,"1=Own production, 2=Market, 3=Aid, 4=NA (not consumed)",4,0,0,4597,0,0,0,0,,,,
qi906_1,Source of prefered food October2011,int8,"1=Own production, 2=Market, 3=Aid, 4=NA (not consumed)",4,0,0,4587,0,0,0,0,,,,
qi906_2,Source of Beans October2011,int8,"1=Own production, 2=Market, 3=Aid, 4=NA (not consumed)",4,0,0,4597,0,0,0,0,,,,
qj906_1,Source of prefered food November2011,int8,"1=Own production, 2=Market, 3=Aid, 4=NA (not consumed)",4,0,0,4587,0,0,0,0,,,,
qj906_2,Source of Beans November2011,int8,"1=Own production, 2=Market, 3=Aid, 4=NA (not consumed)",4,0,0,4597,0,0,0,0,,,,
qk906_1,Source of prefered food December2011,int8,"1=Own production, 2=Market, 3=Aid, 4=NA (not consumed)",4,0,0,4587,0,0,0,0,,,,
qk906_2,Source of Beans December2011,int8,"1=Own production, 2=Market, 3=Aid, 4=NA (not consumed)",4,0,0,4597,0,0,0,0,,,,
ql906_1,Source of prefered food January2012,int8,"1=Own production, 2=Market, 3=Aid, 4=NA (not consumed)",4,0,0,4587,0,0,0,0,,,,
ql906_2,Source of Beans January2012,int8,"1=Own production, 2=Market, 3=Aid, 4=NA (not consumed)",4,0,0,4597,0,0,0,0,,,,
qm906_1,Source of prefered food February2012,int8,"1=Own production, 2=Market, 3=Aid, 4=NA (not consumed)",4,0,0,4587,0,0,0,0,,,,
qm906_2,Source of Beans February2012,int8,"1=Own production, 2=Market, 3=Aid, 4=NA (not consumed)",4,0,0,4597,0,0,0,0,,,,
q1001,"In the last 7 days, have there been times when your household did not have enoug",int8,"0=No, 1=Yes",2,0,0,4600,0,0,0,0,,,,
q1002_1,Rely on less preferred and less expensive foods,int8,,0,0,0,4600,0,0,0,0,,,,
q1002_2,"Borrow food, or rely on help from a friend or relative",int8,,0,0,0,4600,0,0,0,0,,,,
q1002_3,Limit portion size at mealtimes,int8,,0,0,0,4600,0,0,0,0,,,,
q1002_4,Restrict consumption by adults in order for small children to eat,int8,,0,0,0,4600,0,0,0,0,,,,
q1002_5,Reduce number of meals eaten in a day,int8,,0,0,0,4600,0,0,0,0,,,,
q1101,In the last 12 months were there any specific months in which your household fou,int8,"0=No, 1=Yes",2,0,0,4601,0,0,0,0,,,,
q1102_00,All months,int8,"0=No, 1=Yes",2,0,0,4601,0,0,0,0,,,,
q1102_01,Mar-11,int8,"0=No, 1=Yes",2,0,0,4601,0,0,0,0,,,,
q1102_02,Apr-11,int8,"0=No, 1=Yes",2,0,0,4601,0,0,0,0,,,,
q1102_03,May-11,int8,"0=No, 1=Yes",2,0,0,4601,0,0,0,0,,,,
q1102_04,Jun-11,int8,"0=No, 1=Yes",2,0,0,4601,0,0,0,0,,,,
q1102_05,Jul-11,int8,"0=No, 1=Yes",2,0,0,4601,0,0,0,0,,,,
q1102_06,Aug-11,int8,"0=No, 1=Yes",2,0,0,4601,0,0,0,0,,,,
q1102_07,Sep-11,int8,"0=No, 1=Yes",2,0,0,4601,0,0,0,0,,,,
q1102_08,Oct-11,int8,"0=No, 1=Yes",2,0,0,4601,0,0,0,0,,,,
q1102_09,Nov-11,int8,"0=No, 1=Yes",2,0,0,4601,0,0,0,0,,,,
q1102_10,Dec-11,int8,"0=No, 1=Yes",2,0,0,4601,0,0,0,0,,,,
q1102_11,Januray 2012,int8,"0=No, 1=Yes",2,0,0,4601,0,0,0,0,,,,
q1102_12,Feb-12,int8,"0=No, 1=Yes",2,0,0,4601,0,0,0,0,,,,
q1103,Was this situation usual for your household at that time of year?:,int8,"0=No unusual, 1=Yes, usual",2,0,0,4601,0,0,0,0,,,,
q1104_1,:Did you experience any unusual situation during the last 12?,int8,"0=No, 1=Yes",2,0,0,4601,0,0,0,0,,,,
q1104_2,How many shocks,int8,,0,0,0,4601,0,0,0,0,,,,
q1105_1_1,First shock,int8,"1=Drought/irregular rains, prolonged dry spell, 2=Floods, 3=Landslides and Mudslides, 4=Unusually high level of crop pests & disease, 5=Unusually high level of livestock diseases …",21,0,0,4601,0,0,0,0,,,,
q1105_1_2,Specify other shocks,string,,0,2059,7819,4601,4058,6736,5776,4715,,,,
q1105_2_1,Second shock,int8,"1=Drought/irregular rains, prolonged dry spell, 2=Floods, 3=Landslides and Mudslides, 4=Unusually high level of crop pests & disease, 5=Unusually high level of livestock diseases …",21,0,0,4599,0,0,0,0,,,,
q1105_2_2,Specify other,int8,,0,0,0,4553,0,0,0,0,,,,
q1105_3_1,Third shock,int8,"1=Drought/irregular rains, prolonged dry spell, 2=Floods, 3=Landslides and Mudslides, 4=Unusually high level of crop pests & disease, 5=Unusually high level of livestock diseases …",21,0,0,4601,0,0,0,0,,,,
q1105_3_2,Specify other,int8,,0,0,0,4599,0,0,0,0,,,,
q1105_4_1,Fourth shock,int8,"1=Drought/irregular rains, prolonged dry spell, 2=Floods, 3=Landslides and Mudslides, 4=Unusually high level of crop pests & disease, 5=Unusually high level of livestock diseases …",21,0,0,4601,0,0,0,0,,,,
q1105_4_2,Specify other,int8,,0,0,0,4599,0,0,0,0,,,,
qa1106_1,First shock - Reported shock:_,int8,"1=Drought/irregular rains, prolonged dry spell, 2=Floods, 3=Landslides and Mudslides, 4=Unusually high level of crop pests & disease, 5=Unusually high level of livestock diseases …",21,0,0,4601,0,0,0,0,,,,
qa1106_2,First shock - Specify other:_,int8,,0,0,0,4373,0,0,0,0,,,,
qa1106_3,First shock - Did [shock] create a decrease or loss of income in cash or in-kind,int8,"0=No, 1=Yes",2,0,0,4600,0,0,0,0,,,,
qa1106_4,First shock - Did [shock] create a decrease or loss of assets or belongings?:_,int8,"0=No, 1=Yes",2,0,0,4601,0,0,0,0,,,,
qa1106_5,First shock - Did [shock] create an unusual decrease in your household's ability,int8,"0=No, 1=Yes",2,0,0,4601,0,0,0,0,,,,
qa1106_6,First shock - What did the household do to compensate for those losses?:_,int8,"1=Have household members eat at relatives' or neighbours', 2=Reduce adult consumption so that children can eat, 3=Feed working members at the expense of non working members, 4=Reduce number of meals eaten per day, 5=Go entire day without eating …",18,0,0,4601,0,0,0,0,,,,
qa1106_7,First shock - Has the household recovered from those losses?:_,int8,"0=No, 1=Yes, 2=Partially",3,0,0,4601,0,0,0,0,,,,
qb1106_1,Second shock - Reported shock:_,int8,"1=Drought/irregular rains, prolonged dry spell, 2=Floods, 3=Landslides and Mudslides, 4=Unusually high level of crop pests & disease, 5=Unusually high level of livestock diseases …",21,0,0,4601,0,0,0,0,,,,
qb1106_2,Second shock - Specify other:_,int8,,0,0,0,4557,0,0,0,0,,,,
qb1106_3,Second shock - Did [shock] create a decrease or loss of income in cash or in-kin,int8,"0=No, 1=Yes",2,0,0,4601,0,0,0,0,,,,
qb1106_4,Second shock - Did [shock] create a decrease or loss of assets or belongings?:_,int8,"0=No, 1=Yes",2,0,0,4601,0,0,0,0,,,,
qb1106_5,Second shock - Did [shock] create an unusual decrease in your household's abilit,int8,"0=No, 1=Yes",2,0,0,4601,0,0,0,0,,,,
qb1106_6,Second shock - What did the household do to compensate for those losses?:_,int8,"1=Have household members eat at relatives' or neighbours', 2=Reduce adult consumption so that children can eat, 3=Feed working members at the expense of non working members, 4=Reduce number of meals eaten per day, 5=Go entire day without eating …",18,0,0,4601,0,0,0,0,,,,
qb1106_7,Second shock - Has the household recovered from those losses?:_,int8,"0=No, 1=Yes, 2=Partially",3,0,0,4601,0,0,0,0,,,,
q1201_1,Do you know what your household's UBUDEHE category is?:,int8,"0=No, 1=Yes",2,0,0,4598,0,0,0,0,,,,
q1202,Did your household or one (or more) of its members benefit from any in kind food,int8,"0=No, 1=Yes",2,0,0,4601,0,0,0,0,,,,
qa1203_1,Food for school children (eaten at school or take-home) - Was this aid provided?,int8,"0=No, 1=Yes",2,0,0,4601,0,0,0,0,,,,
qa1203_2_1,Food for school children (eaten at school or take-home) - Who provided it?:_,int8,"1=Government, 2=WFP, 3=Other UN agency, 4=NGO, 5=Church/Mosque …",9,0,0,4601,0,0,0,0,,,,
qa1203_2_2,Food for school children (eaten at school or take-home) - Specify other:_,int8,,0,0,0,4601,0,0,0,0,,,,
qb1203_1,Food for pregnant and breastfeeding women and small children (MCHN) - Was this a,int8,"0=No, 1=Yes",2,0,0,4601,0,0,0,0,,,,
qb1203_2_1,Food for pregnant and breastfeeding women and small children (MCHN) - Who provid,int8,"1=Government, 2=WFP, 3=Other UN agency, 4=NGO, 5=Church/Mosque …",9,0,0,4601,0,0,0,0,,,,
qb1203_2_2,Food for pregnant and breastfeeding women and small children (MCHN) - Specify ot,int8,,0,0,0,4597,0,0,0,0,,,,
qc1203_1,Food for work - Was this aid provided?:_,int8,"0=No, 1=Yes",2,0,0,4601,0,0,0,0,,,,
qc1203_2_1,Food for work - Who provided it?:_,int8,"1=Government, 2=WFP, 3=Other UN agency, 4=NGO, 5=Church/Mosque …",9,0,0,4601,0,0,0,0,,,,
qc1203_2_2,Food for work - Specify other:_,int8,,0,0,0,4601,0,0,0,0,,,,
qd1203_1,Food for training - Was this aid provided?:_,int8,"0=No, 1=Yes",2,0,0,4601,0,0,0,0,,,,
qd1203_2_1,Food for training - Who provided it?:_,int8,"1=Government, 2=WFP, 3=Other UN agency, 4=NGO, 5=Church/Mosque …",9,0,0,4601,0,0,0,0,,,,
qd1203_2_2,Food for training - Specify other:_,int8,,0,0,0,4601,0,0,0,0,,,,
qe1203_1,One cup of milk per child - Was this aid provided?:_,int8,"0=No, 1=Yes",2,0,0,4601,0,0,0,0,,,,
qe1203_2_1,One cup of milk per child - Who provided it?:_,int8,"1=Government, 2=WFP, 3=Other UN agency, 4=NGO, 5=Church/Mosque …",9,0,0,4601,0,0,0,0,,,,
qe1203_2_2,One cup of milk per child - Specify other:_,int8,,0,0,0,4601,0,0,0,0,,,,
qf1203_1,Free food distributions - Was this aid provided?:_,int8,"0=No, 1=Yes",2,0,0,4601,0,0,0,0,,,,
qf1203_2_1,Free food distributions - Who provided it?:_,int8,"1=Government, 2=WFP, 3=Other UN agency, 4=NGO, 5=Church/Mosque …",9,0,0,4601,0,0,0,0,,,,
qf1203_2_2,Free food distributions - Specify other:_,int8,,0,0,0,4601,0,0,0,0,,,,
qg1203_1,"Other food assistance programs, specify ___________________ - Was this aid provi",int8,"0=No, 1=Yes",2,0,0,4601,0,0,0,0,,,,
qg1203_2_1,"Other food assistance programs, specify ___________________ - Who provided it?:_",int8,"1=Government, 2=WFP, 3=Other UN agency, 4=NGO, 5=Church/Mosque …",9,0,0,4601,0,0,0,0,,,,
qg1203_2_2,"Other food assistance programs, specify ___________________ - Specify other:_",int8,,0,0,0,4599,0,0,0,0,,,,
q1204_1,Social security/caisse sociale,int8,"0=No, 1=Yes",2,0,0,4601,0,0,0,0,,,,
q1204_2,VUP direct support,int8,"0=No, 1=Yes",2,0,0,4601,0,0,0,0,,,,
q1204_3,VUP public works,int8,"0=No, 1=Yes",2,0,0,4601,0,0,0,0,,,,
q1204_4,VUP access to financial services,int8,"0=No, 1=Yes",2,0,0,4601,0,0,0,0,,,,
q1204_5,UBUDEHE credit scheme/loan (individual or group),int8,"0=No, 1=Yes",2,0,0,4601,0,0,0,0,,,,
q1205,Did your household or one (or more) of its members benefit from any other non-fo,int8,"0=No, 1=Yes",2,0,0,4601,0,0,0,0,,,,
qa1206_1,Access to credit/loans for agricultural/livestock related activities (including,int8,"0=No, 1=Yes",2,0,0,4601,0,0,0,0,,,,
qa1206_2_1,Access to credit/loans for agricultural/livestock related activities (including,int8,"1=Government, 2=WFP, 3=Other UN agency, 4=NGO, 5=Church/Mosque …",9,0,0,4601,0,0,0,0,,,,
qa1206_2_2,Access to credit/loans for agricultural/livestock related activities (including,int8,,0,0,0,4599,0,0,0,0,,,,
qb1206_1,Access to credit/loans for Other NON agricultural/livestock related activities (,int8,"0=No, 1=Yes",2,0,0,4601,0,0,0,0,,,,
qb1206_2_1,Access to credit/loans for Other NON agricultural/livestock related activities (,int8,"1=Government, 2=WFP, 3=Other UN agency, 4=NGO, 5=Church/Mosque …",9,0,0,4601,0,0,0,0,,,,
qb1206_2_2,Access to credit/loans for Other NON agricultural/livestock related activities (,int8,,0,0,0,4598,0,0,0,0,,,,
qc1206_1,"Agricultural input assistance (tools, seeds, fertilizer, etc.) - Was this assist",int8,"0=No, 1=Yes",2,0,0,4601,0,0,0,0,,,,
qc1206_2_1,"Agricultural input assistance (tools, seeds, fertilizer, etc.) - Who provided it",int8,"1=Government, 2=WFP, 3=Other UN agency, 4=NGO, 5=Church/Mosque …",9,0,0,4601,0,0,0,0,,,,
qc1206_2_2,"Agricultural input assistance (tools, seeds, fertilizer, etc.) - Specify other:_",int8,,0,0,0,4601,0,0,0,0,,,,
qd1206_1,Training and technical assistance in improved agricultural/livestock practices -,int8,"0=No, 1=Yes",2,0,0,4601,0,0,0,0,,,,
qd1206_2_1,Training and technical assistance in improved agricultural/livestock practices -,int8,"1=Government, 2=WFP, 3=Other UN agency, 4=NGO, 5=Church/Mosque …",9,0,0,4601,0,0,0,0,,,,
qd1206_2_2,Training and technical assistance in improved agricultural/livestock practices -,int8,,0,0,0,4599,0,0,0,0,,,,
qe1206_1,Large Livestock (eg. cow) - Was this assistance provided?:_,int8,"0=No, 1=Yes",2,0,0,4601,0,0,0,0,,,,
qe1206_2_1,Large Livestock (eg. cow) - Who provided it?:_,int8,"1=Government, 2=WFP, 3=Other UN agency, 4=NGO, 5=Church/Mosque …",9,0,0,4601,0,0,0,0,,,,
qe1206_2_2,Large Livestock (eg. cow) - Specify other:_,int8,,0,0,0,4592,0,0,0,0,,,,
qf1206_1,Small livestock (eg. chicken rabbits…) - Was this assistance provided?:_,int8,"0=No, 1=Yes",2,0,0,4601,0,0,0,0,,,,
qf1206_2_1,Small livestock (eg. chicken rabbits…) - Who provided it?:_,int8,"1=Government, 2=WFP, 3=Other UN agency, 4=NGO, 5=Church/Mosque …",9,0,0,4601,0,0,0,0,,,,
qf1206_2_2,Small livestock (eg. chicken rabbits…) - Specify other:_,int8,,0,0,0,4597,0,0,0,0,,,,
qg1206_1,Fish ponds - Was this assistance provided?:_,int8,"0=No, 1=Yes",2,0,0,4601,0,0,0,0,,,,
qg1206_2_1,Fish ponds - Who provided it?:_,int8,"1=Government, 2=WFP, 3=Other UN agency, 4=NGO, 5=Church/Mosque …",9,0,0,4601,0,0,0,0,,,,
qg1206_2_2,Fish ponds - Specify other:_,int8,,0,0,0,4601,0,0,0,0,,,,
qh1206_1,Veterinary services - Was this assistance provided?:_,int8,"0=No, 1=Yes",2,0,0,4601,0,0,0,0,,,,
qh1206_2_1,Veterinary services - Who provided it?:_,int8,"1=Government, 2=WFP, 3=Other UN agency, 4=NGO, 5=Church/Mosque …",9,0,0,4601,0,0,0,0,,,,
qh1206_2_2,Veterinary services - Specify other:_,int8,,0,0,0,4601,0,0,0,0,,,,
qi1206_1,For education (e.g. school materials) - Was this assistance provided?:_,int8,"0=No, 1=Yes",2,0,0,4601,0,0,0,0,,,,
qi1206_2_1,For education (e.g. school materials) - Who provided it?:_,int8,"1=Government, 2=WFP, 3=Other UN agency, 4=NGO, 5=Church/Mosque …",9,0,0,4601,0,0,0,0,,,,
qi1206_2_2,For education (e.g. school materials) - Specify other:_,int8,,0,0,0,4596,0,0,0,0,,,,
qj1206_1,Direct transfers (other than VUP) - Was this assistance provided?:_,int8,"0=No, 1=Yes",2,0,0,4601,0,0,0,0,,,,
qj1206_2_1,Direct transfers (other than VUP) - Who provided it?:_,int8,"1=Government, 2=WFP, 3=Other UN agency, 4=NGO, 5=Church/Mosque …",9,0,0,4601,0,0,0,0,,,,
qj1206_2_2,Direct transfers (other than VUP) - Specify other:_,int8,,0,0,0,4597,0,0,0,0,,,,
qk1206_1,medical services (including mutuelle sante) - Was this assistance provided?:_,int8,"0=No, 1=Yes",2,0,0,4601,0,0,0,0,,,,
qk1206_2_1,medical services (including mutuelle sante) - Who provided it?:_,int8,"1=Government, 2=WFP, 3=Other UN agency, 4=NGO, 5=Church/Mosque …",9,0,0,4601,0,0,0,0,,,,
qk1206_2_2,medical services (including mutuelle sante) - Specify other:_,int8,,0,0,0,4590,0,0,0,0,,,,
ql1206_1,Construction/building materials - Was this assistance provided?:_,int8,"0=No, 1=Yes",2,0,0,4601,0,0,0,0,,,,
ql1206_2_1,Construction/building materials - Who provided it?:_,int8,"1=Government, 2=WFP, 3=Other UN agency, 4=NGO, 5=Church/Mosque …",9,0,0,4601,0,0,0,0,,,,
ql1206_2_2,Construction/building materials - Specify other:_,int8,,0,0,0,4600,0,0,0,0,,,,
qm1206_1,Water and/or sanitation - Was this assistance provided?:_,int8,"0=No, 1=Yes",2,0,0,4601,0,0,0,0,,,,
qm1206_2_1,Water and/or sanitation - Who provided it?:_,int8,"1=Government, 2=WFP, 3=Other UN agency, 4=NGO, 5=Church/Mosque …",9,0,0,4601,0,0,0,0,,,,
qm1206_2_2,Water and/or sanitation - Specify other:_,int8,,0,0,0,4598,0,0,0,0,,,,
qn1206_1,"Other, specify _____________________ - Was this assistance provided?:_",int8,"0=No, 1=Yes",2,0,0,4601,0,0,0,0,,,,
qn1206_2_1,"Other, specify _____________________ - Who provided it?:_",int8,"1=Government, 2=WFP, 3=Other UN agency, 4=NGO, 5=Church/Mosque …",9,0,0,4601,0,0,0,0,,,,
qn1206_2_2,"Other, specify _____________________ - Specify other:_",int8,,0,0,0,4598,0,0,0,0,,,,
q1301_1,Where there women to be measured?,int8,"0=No, 1=Yes",2,0,0,4601,0,0,0,0,,,,
q1301_2,Where there children to be measured?,int8,"0=No, 1=Yes",2,0,0,4601,0,0,0,0,,,,
hh_sizecheck,,int8,,0,0,0,4600,0,0,0,0,,,,
dependents,dependents in the HH,int8,,0,0,0,4600,0,0,0,0,,,,
perc_dependents,% dependents in the HH,double,,0,0,0,4599,0,0,0,0,,,,
males,males in the HH,int8,,0,0,0,4601,0,0,0,0,,,,
csi_reduced,CSI reduced,int8,,0,0,0,4600,0,0,0,0,,,,
starches,,int8,,0,0,0,4598,0,0,0,0,,,,
pulses,,int8,,0,0,0,4598,0,0,0,0,,,,
vegs,,int8,,0,0,0,4598,0,0,0,0,,,,
fruits,,int8,,0,0,0,4598,0,0,0,0,,,,
protein,,int8,,0,0,0,4598,0,0,0,0,,,,
oil,,int8,,0,0,0,4597,0,0,0,0,,,,
sugar,,int8,,0,0,0,4598,0,0,0,0,,,,
milk,,int8,,0,0,0,4598,0,0,0,0,,,,
fcs,Food Consumption Score,double,,0,0,0,4597,4058,0,0,0,,,,
females,females in the HH,int8,,0,0,0,4600,0,0,0,0,,,,
perc_females,% females in the HH,double,,0,0,0,4599,0,0,0,0,,,,
norma_weight,Normalized weight,double,,0,0,0,4601,0,0,0,0,,,,
corr_weigh,Corrected normalized wieght,double,,0,0,0,4601,0,0,0,0,,,,
corr_norm_weigh,,double,,0,0,0,4601,0,0,0,0,,,,
activity1,,int8,,0,0,0,4596,0,0,0,0,,,,
activity2,,int8,,0,0,0,4594,0,0,0,0,,,,
activity3,,int8,,0,0,0,4582,0,0,0,0,,,,
activity1_value,,double,,0,0,0,4596,0,0,0,0,,,,
activity2_value,,double,,0,0,0,2830,0,0,0,0,,,,
activity3_value,,double,,0,0,0,2821,0,0,0,0,,,,
total,,int8,,0,0,0,4601,0,0,0,0,,,,
act01,Agriculture production,double,,0,0,0,4596,0,0,0,0,,,,
act02,agriculture work,double,,0,0,0,4593,0,0,0,0,,,,
act03,livestock raising,double,,0,0,0,4591,0,0,0,0,,,,
act04,fishing hunting,double,,0,0,0,4601,0,0,0,0,,,,
act05,PS products from fishing and farming,double,,0,0,0,4601,0,0,0,0,,,,
act06,unskilled daily labour,double,,0,0,0,4592,0,0,0,0,,,,
act07,skilled labour,double,,0,0,0,4601,0,0,0,0,,,,
act08,PS agriculture products,double,,0,0,0,4601,0,0,0,0,,,,
act09,PS livestocks products,double,,0,0,0,4601,0,0,0,0,,,,
act10,PS livestocks,int8,,0,0,0,4601,0,0,0,0,,,,
act11,informal sale petty trade,double,,0,0,0,4596,0,0,0,0,,,,
act12,handicrafts,double,,0,0,0,4600,0,0,0,0,,,,
act13,transport,double,,0,0,0,4599,0,0,0,0,,,,
act14,salaried pension,double,,0,0,0,4601,0,0,0,0,,,,
act15,own business,int8,,0,0,0,4601,0,0,0,0,,,,
act16,VUP public works,int8,,0,0,0,4600,0,0,0,0,,,,
act17,VUP direct transfer,int8,,0,0,0,4601,0,0,0,0,,,,
act18,remittances,double,,0,0,0,4601,0,0,0,0,,,,
act19,begging,int8,,0,0,0,4601,0,0,0,0,,,,
act20,others,double,,0,0,0,4597,0,0,0,0,,,,
ps_hunting,PS products from fishing and farming,double,,0,0,0,4601,0,0,0,0,,,,
hunting_fishing,fishing hunting,double,,0,0,0,4601,0,0,0,0,,,,
livestock,livestock raising,double,,0,0,0,4591,0,0,0,0,,,,
ps_agri,PS agriculture products,double,,0,0,0,4601,0,0,0,0,,,,
ps_livestock_products,PS livestocks products,double,,0,0,0,4601,0,0,0,0,,,,
ps_livestock,PS livestocks,int8,,0,0,0,4601,0,0,0,0,,,,
vup_public,VUP public works,int8,,0,0,0,4600,0,0,0,0,,,,
vup_transfers,VUP direct transfer,int8,,0,0,0,4601,0,0,0,0,,,,
begging,begging,int8,,0,0,0,4601,0,0,0,0,,,,
others,others,double,,0,0,0,4597,0,0,0,0,,,,
agriculture,Agriculture production,double,,0,0,0,4596,0,0,0,0,,,,
agri_work,agriculture work,double,,0,0,0,4593,0,0,0,0,,,,
unskilled,unskilled daily labour,double,,0,0,0,4592,0,0,0,0,,,,
skilled,skilled labour,double,,0,0,0,4601,0,0,0,0,,,,
informal_sale,informal sale petty trade,double,,0,0,0,4596,0,0,0,0,,,,
handicrafts,handicrafts,double,,0,0,0,4600,0,0,0,0,,,,
transport,transport,double,,0,0,0,4599,0,0,0,0,,,,
salaried,salaried pension,double,,0,0,0,4601,0,0,0,0,,,,
business,own business,int8,,0,0,0,4601,0,0,0,0,,,,
remittances,remittances,double,,0,0,0,4601,0,0,0,0,,,,
vup_activity,COMPUTE VUP_activity=VUP_public + vup_transfers,int8,,0,0,0,4600,0,0,0,0,,,,
others_activity,COMPUTE others_activity=begging + others,double,,0,0,0,4597,0,0,0,0,,,,
livestock_hunting,COMPUTE livestock_hunting=livestock + hunting_fishing,double,,0,0,0,4591,0,0,0,0,,,,
purchase_sale,COMPUTE Purchase_sale=PS_agri + PS_livestock_products + PS_livestock + PS_huntin,double,,0,0,0,4601,0,0,0,0,,,,
improved_light,improved source of light (electricity battery vs others),int8,"0=no, 1=yes",2,0,0,4601,0,0,0,0,,,,
improved_roof,improved roof,int8,"0=no, 1=yes",2,0,0,4601,0,0,0,0,,,,
improved_floor,improved floor,int8,"0=no, 1=yes",2,0,0,4599,0,0,0,0,,,,
improved_toilet,improved toilet,int8,"0=no, 1=yes",2,0,0,4601,4058,0,0,0,,,,
improved_water,improved water,int8,"0=no, 1=yes",2,0,0,4599,4042,0,0,0,,,,
improved_wall,improved wall,int8,,0,0,0,4519,0,0,0,0,,,,
fac1_1,REGR factor score   1 for analysis 1,double,,0,0,0,4519,0,0,0,0,,,,
pc_income,per capita monthly income declared,double,,0,0,0,3497,0,0,0,0,,,,
pc_income_year,,double,,0,0,0,3497,0,0,0,0,,,,
q303_2,How much in rwanda francs,int32,,0,0,0,3527,0,0,0,0,,,,
independents,independents in the HH,int8,,0,0,0,4601,0,0,0,0,,,,
hh_size,HH size (computed),int8,,0,0,0,4600,0,0,0,0,,,,
c_stunted,stunting. flags as missing,int8,"0=No, 1=Severe, 2=Moderate",3,0,0,4384,0,0,0,0,,,,
c_underweight,underweighted. flags as missings,int8,"0=No, 1=Severe, 2=Moderate",3,0,0,4414,0,0,0,0,,,,
c_wasted,wasting. flags as missings,int8,"0=No, 1=Severe, 2=Moderate",3,0,0,4382,0,0,0,0,,,,
wasted_muac,,int8,"0=No, 1=Severe, 2=Moderate",3,0,0,4417,0,0,0,0,,,,
child_age_groups2,,int8,"1=< 1 year, 2=12-23 months, 3=24 - 35 months, 4=36 - 47, 5=48 - 59",5,0,0,4421,0,0,0,0,,,,
fdgrp1_consumed,"consumed group 1 (grains, roots, tubers)",int8,"0=did not consume, 1=consumed",2,0,0,1287,0,0,0,0,,,,
fdgrp2_consumed,"consumed group 2 (legumes, nuts)",int8,"0=did not consume, 1=consumed",2,0,0,1287,0,0,0,0,,,,
fdgrp3_consumed,consumed group 3 (dairy),int8,"0=did not consume, 1=consumed",2,0,0,1287,0,0,0,0,,,,
fdgrp4_consumed,consumed group 4 (meat/fish),int8,"0=did not consume, 1=consumed",2,0,0,1287,0,0,0,0,,,,
fdgrp5_consumed,consumed group 5 (eggs),int8,"0=did not consume, 1=consumed",2,0,0,1287,0,0,0,0,,,,
fdgrp6_consumed,consumed group 6 (vit a rich foods),int8,"0=did not consume, 1=consumed",2,0,0,1287,0,0,0,0,,,,
fdgrp7_consumed,"consumed group 7 (veg, fruits)",int8,"0=did not consume, 1=consumed",2,0,0,1287,0,0,0,0,,,,
diet_diversity,diet diversity (number of groups consumed),int8,,0,0,0,1287,0,0,0,0,,,,
min_diet_diversity,minimum dietary diversity,int8,"0=< 4 groups consumed, 1=>= 4 groups consumed",2,0,0,1287,0,0,0,0,,,,
age_cat_broad,Age categories,int8,"1=<1 year, 2=12-23 months, 3=24-35 months, 4=36-47 months, 5=48-49 months",5,0,0,4599,0,0,0,0,,,,
age_cat_diet,Age categories for diet calculations,int8,"1=6-11 months, 2=12-17 months, 3=18-23 months",3,0,0,1389,0,0,0,0,,,,
cu2,,int8,"0=Above 2, 1=Child under 11 months, 2=Child between 12 and 23 months",3,0,0,4601,0,0,0,0,,,,
cu_6m,Age groups for children under 6 months,int8,"1=Under 2 months, 2=2 to 4 months, 3=4 to 6 months",3,0,0,178,0,0,0,0,,,,
bf_ever,Child under 2 ever breastfead,int8,"0=No, 1=Yes",2,0,0,4521,0,0,0,0,,,,
bf_1h,Child under 2 breastfead within 1 hour from birth,int8,"0=No, 1=Yes",2,0,0,1488,0,0,0,0,,,,
milk_freq,Milk feeding frequency,int8,"0=<2 per day, 1=at least 2 per day",2,0,0,4601,0,0,0,0,,,,
meal_freq,Meal frequency,int8,,0,0,0,1096,0,0,0,0,,,,
min_meal_freq,Minimum meal frequency,int8,,0,0,0,1375,0,0,0,0,,,,
feed_freq,Is Meal frequency adequate?,int8,"0=Inadequate: child not getting minimum required meal frequency, 1=Adequate: child getting at least minimum required meal frequency",2,0,0,1096,0,0,0,0,,,,
acc_diet_score,,int8,,0,0,0,4308,0,0,0,0,,,,
acc_diet,Minimum acceptable diet,int8,"0=Minimum acceptable diet not met, 1=Met minimum acceptable diet",2,0,0,1206,0,0,0,0,,,,
iron_food,Child consumed iron rich food,int8,"0=No, 1=Yes",2,0,0,1189,0,0,0,0,,,,
int_urban,Interviewed urban status,int8,"1=Rural, 2=Urban, 3=Slum",3,0,0,4601,0,0,0,0,,,,
agro_climat,Agro-Climatic Zones,int8,"1=Bugarama plane, 2=Cyangugu and surrounding areas, 3=Areas bordering Lake Kivu, 4=Volcanic planes at high altitude, 5=Congo-Nile basin …",10,0,0,4601,0,0,0,0,,,,
bf_excl,,int8,,0,0,0,178,0,0,0,0,,,,
fever,Child had fever in past 2 weeks,int8,"0=No, 1=Yes",2,0,0,4594,0,0,0,0,,,,
cough,Child had caugh in past 2 weeks,int8,"0=No, 1=Yes",2,0,0,4594,0,0,0,0,,,,
diarrhoea,Child had diarrhoea in past 2 weeks,int8,"0=No, 1=Yes",2,0,0,4594,0,0,0,0,,,,
age_nut,Age groups for nutrition indicators,int8,"1=6-11 months, 2=12 to 23 months, 3=24 to 35 months, 4=36 to 47 months, 5=48 to 59 months",5,0,0,4397,0,0,0,0,,,,
age_edprs,Age groups for EDPRS,int8,"1=Btw 6 and 23 months, 2=Btw 24 months and 5 years",2,0,0,4397,0,0,0,0,,,,
agegroup,,int8,,0,0,0,4601,0,0,0,0,,,,
rwanda_lyr,Rwanda,int8,1=Rwanda,1,0,0,0,4058,0,0,0,,,,
urban_lyr,Urban status,int8,"1=Urban, 2=Rural",2,0,0,0,4058,0,0,0,,,,
s0_c_prov_lyr,Province,int8,"1=Kigali city, 2=Southern, 3=Western, 4=Northern, 5=Eastern",5,0,0,0,4058,0,0,0,,,,
s0_d_dist_lyr,District,int16,"101=Nyarugenge, 102=Gasabo, 103=Kicukiro, 201=Nyanza, 202=Gisagara …",30,0,0,0,4058,0,0,0,,,,
livezone_lyr,Livelihood zone,int8,"0=Kigali city, 1=Lake Kivu Coffee Zone, 2=West Congo-Nile Crest Tea Zone, 3=Northwest Volcanic Irish Potato Zone, 4=East Congo-Nile Highland Subsistence Farming Zone …",13,0,0,0,4058,0,0,0,,,,
fs_final_lyr_lyr,Final CARI food security index,int8,"1=Food secure, 2=Marginally food secure, 3=Moderately food insecure, 4=Severely food insecure",4,0,0,0,4058,0,0,0,,,,
wi_cat_lyr_lyr,Wealth Index groups,int8,"1=Poorest, 2=Poor, 3=Medium, 4=Wealth, 5=Wealthies",5,0,0,0,4058,0,0,0,,,,
wasted_global,Child wasted,int8,"0=No, 1=Yes",2,0,0,0,3810,0,0,0,,,,
stunted_global,Child stunted,int8,"0=No, 1=Yes",2,0,0,0,3810,0,0,0,,,,
underweight_global,Child underweight,int8,"0=No, 1=Yes",2,0,0,0,3810,0,0,0,,,,
chn_key,KEY,string,,0,2059,7819,4601,4058,6736,5776,4715,,,,
fs_final,Household food security situation,int8,"1=Food secure, 2=Marginally food secure, 3=Moderately food insecure, 4=Severely food insecure",4,0,0,0,4058,6736,0,0,,,2015: Final CARI food security index,
who_flag,,int8,"0=No flag, 1=Flagged",2,0,0,0,4058,0,0,0,,,,
normalized_weight_child,Normalized weight,double,,0,0,0,0,4058,0,0,0,,,,
s0_b_date,Interview date,double,,0,0,0,0,4058,6736,5776,0,,,,
livezone,Livelihoodzone,int8,"0=Kigali city, 1=Lake Kivu Coffee Zone, 2=West Congo-Nile Crest Tea Zone, 3=Northwest Volcanic Irish Potato Zone, 4=East Congo-Nile Highland Subsistence Farming Zone …",13,0,0,0,4058,0,0,0,,,,
fcg,Food Consumption Group,int8,"1=Poor Consumption, 2=Borderline Consumption, 3=Acceptable Consumption",3,0,0,0,4058,0,0,0,,,,
wi,Wealth Index,double,,0,0,0,0,4058,0,0,0,,,,
wi_cat,Household wealth index,int8,"1=Poorest, 2=Poor, 3=Medium, 4=Wealthy, 5=Wealthiest",5,0,0,0,4058,6736,0,0,,,2015: Wealth Index groups,
csi,Reduced coping strategies index,int8,,0,0,0,0,4058,0,0,0,,,,
wasted,Prevalence of global acute malnutrition,int8,"0=Normal, 1=Moderate, 2=Severe",3,0,0,0,3810,0,0,0,,wasted_v2 (2012),,
stunted,Prevalence of stunting,int8,"0=Normal, 1=Moderate, 2=Severe",3,0,0,0,3810,0,0,0,,stunted_v2 (2012),,
s13_01_v2,[2015..2015 version] How many women between 15 and 49 years old are present i,int8,,0,0,0,0,4058,0,0,0,,"s13_01 (2021, 2024)",,
s14_01_v2,[2015..2015 version] How many children under 5 years old (6 - 59.98 months) a,int8,,0,0,0,0,4058,0,0,0,,s14_01 (2018),,
s14_02,Primary Caregiver of Child,int8,"1=Mother, 2=Father, 3=Grandmother, 4=Close family relative, 5=Other relationship …",6,0,0,0,1,6736,0,0,,,2015: Child name,
s14_02_2,Primary Caregiver of Child,int8,"1= Mother, 2= Father, 3=Grandmother, 4= Close family relative, 5= Other relationship …",6,0,0,0,4058,0,0,0,,,,
s14_02_3,Respondent's relationship with child?,int8,"1= Mother, 2= Father, 3=Grandmother, 4= Close family relative, 5= Other relationship …",6,0,0,0,4058,0,0,0,,,,
s14_02_4,Child's mother id (from previous section),int8,"1= Woman 1, 2= Woman 2, 3= Woman 3, 4= Woman 4, 5= Woman 5 …",8,0,0,0,4058,0,0,0,,,,
s14_02_5,Does [child name] has birth card for proper  DOB and other information recording,int8,"0=No, 1=Yes",2,0,0,0,4058,0,0,0,,,,
s14_02_6,Child date of birth,double,,0,0,0,0,4058,0,0,0,,,,
s14_02_7,Child age in months,double,,0,0,0,0,4058,0,0,0,,,,
s14_02_8,Child sex,int8,"1=Male, 2=Female",2,0,0,0,4058,0,0,0,,,,
s14_03_v2,"[2015..2015 version] Since born, was [child name] ever breastfeed?",int8,"0=No, 1=Yes, 88=Don't know",3,0,0,0,4058,0,0,0,,s14_03 (2018),,
s14_03_2,How many hours after birth did you first put [child name] on breast?,int8,,0,0,0,0,3943,0,0,0,,,,
s14_03_3,How many days after the birth did you first put [child name] on breast?,int16,,0,0,0,0,89,0,0,0,,,,
s14_03_4,"In the first six month [child name] was born, was s/he given drinks or foods oth",int8,"0=No, 1=Yes, 88=Don't know",3,0,0,0,4058,0,0,0,,,,
s14_03_5,Are you still breastfeeding [child name]?,int8,"0=No, 1=Yes, 88=Don't know",3,0,0,0,3943,0,0,0,,,,
birthweight_cat,,int8,"1=Low birthweight (<2500g), 2= Normal or high birthweight (>2500g)",2,0,0,0,3729,0,0,0,,,,
s14_03_6,"When born, how big in Kg was [child name]?",double,,0,0,0,0,3729,0,0,0,,,,
as14_04,Did [child name] ever receive vitamin A drops?,int8,"0=No, 1=Yes, 88=Don't know",3,0,0,0,4058,0,0,0,,,,
s14_05_v2,[2015..2015 version] Was [child name] ill during last two weeks?,int8,"0=No, 1=Yes, 88=Don't know",3,0,0,0,4058,0,0,0,,s14_05 (2018),,
s14_05_2,Has [child name] had illness with fever during last two weeks?,int8,"0=No, 1=Yes, 88=Don't know",3,0,0,0,4056,0,0,0,,,,
s14_05_3,Has [child name] had illness with cough during last two weeks?,int8,"0=No, 1=Yes, 88=Don't know",3,0,0,0,4056,0,0,0,,,,
s14_05_4,Has [child name] had illness with diarrhoea during last two weeks?,int8,"0=No, 1=Yes, 88=Don't know",3,0,0,0,4056,0,0,0,,,,
s14_05_5,"During last two weeks when [child name] was sick, did s/he see any healthcare pr",int8,"0=No, 1=Yes, 88=Don't know",3,0,0,0,1619,0,0,0,,,,
s14_05_6,"During last six months, did [child name] receive deworming tablets?",int8,"0=No, 1=Yes, 88=Don't know",3,0,0,0,4058,0,0,0,,,,
s14_06_v2,[2015..2015 version] Does [child name] feed him/herself?,int8,"0=No, 1=Yes, 88=Don't know",3,0,0,0,4058,0,0,0,,s14_06 (2018),,
s14_06_2,"If yes, does [child name] use his/her hand or utensils for feeding?",int8,"1= Hands, 2= Utensils",2,0,0,0,2926,0,0,0,,,,
s14_06_3,Does [child name] have his/her hands washed before eating/meal,int8,"0=No, 1=Yes, 88=Don't know",3,0,0,0,872,0,0,0,,,,
s14_06_4,If the [child name] does not feed him/herself  do the person who feed him wash h,int8,"0=No, 1=Yes, 88=Don't know",3,0,0,0,1128,0,0,0,,,,
s14_07_v2,"[2015..2015 version] Yesterday, during day or night was [child name] breastfe",int8,"0=No, 1=Yes, 88=Don't know",3,0,0,0,1227,0,0,0,,s14_07 (2018),,
s14_07_2,Infant formula,int8,"0=No, 1=Yes, 88=Don't know",3,0,0,0,1371,0,0,0,,,,
s14_07_2_2,How many times did [child name] consume Infant formula,int8,,0,0,0,0,112,0,0,0,,,,
s14_07_3,"Milk (tinned, powdered, fresh",int8,"0=No, 1=Yes, 88=Don't know",3,0,0,0,1372,0,0,0,,,,
s14_07_3_2,"How many times did [child name] consume Milk (tinned, powdered, fresh",int8,,0,0,0,0,167,0,0,0,,,,
s14_07_4,Yogurt,int8,"0=No, 1=Yes, 88=Don't know",3,0,0,0,1371,0,0,0,,,,
s14_07_4_2,How many times did [child name] consume Yogurt,int8,,0,0,0,0,17,0,0,0,,,,
s14_07_5,Thin porridge,int8,"0=No, 1=Yes, 88=Don't know",3,0,0,0,1372,0,0,0,,,,
s14_07_5_2,How many times did [child name] consume Thin porridge,int8,,0,0,0,0,448,0,0,0,,,,
s14_07_6,CSB++,int8,"0=No, 1=Yes, 88=Don't know",3,0,0,0,1356,0,0,0,,,,
s14_07_6_2,How many times did [child name] consume CSB++,int8,,0,0,0,0,170,0,0,0,,,,
s14_08_v2,[2015..2015 version] Did [child name] start eating any solid/Semi-solid food?,int8,"0=No, 1=Yes",2,0,0,0,1372,0,0,0,,s14_08 (2018),,
as14_08,"Porridge, bread, rice, noodles, or other foods made from grains (maize, millet,",int8,"0=No, 1=Yes, 88=Don't know",3,0,0,0,1229,0,0,0,,,,
bs14_08,"Pumpkin, carrots, squash, or sweet potatoes that are yellow or orange inside",int8,"0=No, 1=Yes, 88=Don't know",3,0,0,0,1229,0,0,0,,,,
cs14_08,"White potatoes, white yams, manioc, cassava, plantains, green banana, yam, or an",int8,"0=No, 1=Yes, 88=Don't know",3,0,0,0,1229,0,0,0,,,,
ds14_08,"Any dark green leafy vegetables (broccoli, cassava greens, lettuce dark green, p",int8,"0=No, 1=Yes, 88=Don't know",3,0,0,0,1229,0,0,0,,,,
es14_08,"Ripe mangoes, ripe papayas, or passion fruit, tree tomato, apricot",int8,"0=No, 1=Yes, 88=Don't know",3,0,0,0,1229,0,0,0,,,,
fs14_08,Any other fruits or vegetables,int8,,0,0,0,0,1229,0,0,0,,,,
gs14_08,"Liver, kidney, heart, or other organ meats",int8,"0=No, 1=Yes, 88=Don't know",3,0,0,0,1229,0,0,0,,,,
hs14_08,"Any meat, such as beef, pork, lamb, goat, chicken, or duck, rabbit",int8,"0=No, 1=Yes, 88=Don't know",3,0,0,0,1229,0,0,0,,,,
is14_08,Eggs,int8,"0=No, 1=Yes, 88=Don't know",3,0,0,0,1229,0,0,0,,,,
js14_08,"Fresh or dried fish, shellfish, or seafood",int8,"0=No, 1=Yes, 88=Don't know",3,0,0,0,1229,0,0,0,,,,
ks14_08,"Any foods made from beans, peas, lentils, nuts or seeds",int8,"0=No, 1=Yes, 88=Don't know",3,0,0,0,1229,0,0,0,,,,
ls14_08,"Cheese, yogurt, or other milk products",int8,"0=No, 1=Yes, 88=Don't know",3,0,0,0,1228,0,0,0,,,,
ms14_08,"Foods made with red palm oil, red palm nut, or red palm nut pulp sauce",int8,"0=No, 1=Yes, 88=Don't know",3,0,0,0,1229,0,0,0,,,,
ns14_08,Super Cereal Plus / CSB++,int8,"0=No, 1=Yes, 88=Don't know",3,0,0,0,1229,0,0,0,,,,
os14_08,Micronutrient Powders (MNPs),int8,"0=No, 1=Yes, 88=Don't know",3,0,0,0,1229,0,0,0,,,,
s14_08_2,PLEASE WRITE DOWN OTHER FOODS OR LIQUIDS IN THIS BOX THAT RESPONDENT MENTIONED B,double,,0,0,0,0,399,0,0,0,,,,
s14_09_v2,"[2015..2015 version] Yesteday, during day or night how many times did [child",int8,,0,0,0,0,1201,0,0,0,,s14_09 (2018),,
s14_10_v2,[2015..2015 version] Is [child name] enrolled in any  supplementary feeding p,int8,"0=No, 1=Yes, 88=Don't know",3,0,0,0,1372,0,0,0,,s14_10 (2018),,
s14_10_2,"If any, which supplementary feeding programme?",int8,"1=(non-hospitalized) Therapeutic feeding, 2=(hospitalized, inpatient) Therapeutic feeding, 3=Supplementary feeding",3,0,0,0,114,0,0,0,,,,
s14_12_2,Child weight in kg,double,,0,0,0,0,4053,0,0,0,,,,
s14_12_3,Does [child name] present any disability preventing him or her from being measur,int8,"0=No, 1=Yes",2,0,0,0,4058,0,0,0,,,,
s14_12_4,Child length/height,double,,0,0,0,0,4037,0,0,0,,,,
s14_12_5,How was [child name] measured?,int8,"1=Lying, 2=Standing",2,0,0,0,4039,0,0,0,,,,
s14_12_6,Child's MUAC,int16,,0,0,0,0,4057,0,0,0,,,,
muac_groups,,int8,"1=Severe acute malnutrition (<115mm), 2=Moderate acute malnutrition (115mm – 125mm), 3=Normal nutritional status (>125mm)",3,0,0,0,4058,0,0,0,,,,
waznchs,Weight for Age Z-Score [NCHS],double,,0,0,0,0,3810,0,0,0,,,,
haznchs,Height for Age Z-Score [NCHS],double,,0,0,0,0,3810,0,0,0,,,,
whznchs,Weigt for Height Z-Score [NCHS],double,,0,0,0,0,3810,0,0,0,,,,
wazwho,Weight for Age Z-Score [WHO],double,,0,0,0,0,3810,0,0,0,,wazwho_v2 (2012),,
hazwho,Height for Age Z-Score [WHO],double,,0,0,0,0,3810,0,0,0,,hazwho_v2 (2012),,
bmizwho,Body Mass Index Z-Score [WHO],double,,0,0,0,0,3810,0,0,0,,,,
wamnchs,,double,,0,0,0,0,3810,0,0,0,,,,
hamnchs,,double,,0,0,0,0,3810,0,0,0,,,,
whmnchs,,double,,0,0,0,0,3810,0,0,0,,,,
muacz_age,MUACZ_age,double,,0,0,0,0,3810,5909,0,0,,,,
height_age_who,Height_Age_WHO,double,,0,0,0,0,3810,5910,0,0,,,,
muacz_ht,MUACZ_Ht,double,,0,0,0,0,3783,5855,0,0,,,,
mad001,"Grains, Roots, and Tubers",int8,"0=Not consummed, 1=Consummed",2,0,0,0,1372,0,0,0,,,,
mad002,Legumes and Nuts,int8,"0=Not consummed, 1=Consummed",2,0,0,0,1372,0,0,0,,,,
mad003,Dairy Products,int8,"0=Not consummed, 1=Consummed",2,0,0,0,1372,0,0,0,,,,
mad004,Flesh Foods,int8,"0=Not consummed, 1=Consummed",2,0,0,0,1372,0,0,0,,,,
mad005,Eggs,int8,"0=Not consummed, 1=Consummed",2,0,0,0,1372,0,0,0,,,,
mad006,Vitamin-A Rich Fruits and Vegetables,int8,"0=Not consummed, 1=Consummed",2,0,0,0,1372,0,0,0,,,,
mad007,Other Fruits and Vegetables,int8,"0=Not consummed, 1=Consummed",2,0,0,0,1372,0,0,0,,,,
mad008,Fortified Foods,int8,"0=Not consummed, 1=Consummed",2,0,0,0,1372,0,0,0,,,,
mad009,Food Group Score,int8,,0,0,0,0,1372,0,0,0,,,,
mad010,Number of Milk Feeds for Non-Breastfed Children,int8,,0,0,0,0,169,0,0,0,,,,
mad011,Diet Diversity Score,int8,"0=No, 1=Yes",2,0,0,0,1372,0,0,0,,,,
mad012,Minimum Meal Frequency Score,int8,"0=No, 1=Yes",2,0,0,0,1372,0,0,0,,,,
mad013,Minimum Acceptable Diet Score,int8,"0=No, 1=Yes",2,0,0,0,1372,0,0,0,,,,
s14_11_v2,[2015..2015 version] Does [child name] present billateral pitting (edema)?,int8,"0=No, 1=Yes",2,0,0,0,4058,0,0,0,,s14_11 (2018),,
whzwho,Weigt for Height Z-Score [WHO],double,,0,0,0,0,3810,0,0,0,,whzwho_v2 (2012),,
age_class,Child age classes,int8,"1=Under 2 years old, 2=2 years old and above",2,0,0,0,4058,0,0,0,,,,
s2_10,What is the current main source of water that your household use?,int8,"1= Public tap/ piped water, 2= Water tap at home, 3= Pond, lake, river or stream, 4= Borehole with pump, 5= Rain water …",9,0,0,0,4058,0,0,0,,,,
s2_07,What kind of toilet facility does your household use here in your household?,int8,"1= Flush latrine, 2= Pit latrine (floor, walls and roof), 3= Pit latrine (floor, walls without roof), 4= Pit latrine (floor, without walls and roof), 5= Pit latrine (no floor, walls or roof …",6,0,0,0,4058,0,0,0,,,,
s2_07_2,"If your household does not have its own toilet facility, then what do you use?",int8,"1=Borrow from neighbors,, 2=Public latrines in the village,, 3=Bush or stream or other inappropriate places",3,0,0,0,165,0,0,0,,,,
s2_07_3,Do you share the toilet facility with other households?,int8,"0=No, 1=Yes",2,0,0,0,3893,0,0,0,,,,
s2_13,"On average, how many liters of water does your household use per day? (make your",int16,,0,0,0,0,4054,0,0,0,,,,
water_source_treatment,,int8,"1=Improved water, boiled or ceramic treatment, 2=Improved water, treated with chlorine, 3=Improved water, untreated, 4=Unimproved water, boiled or ceramic treatment, 5=Unimproved water, treated with chlorine …",6,0,0,0,4042,0,0,0,,,,
feeding_hygiene,,int8,"0=fed with unwashed hands, 1=fed with washed hands or utensils, 88=do not know",3,0,0,0,4058,0,0,0,,,,
child_overweight,,int8,,0,0,0,0,4058,0,0,0,,,,
mhn_key,Mother unique ID,string,,0,2059,7819,4601,4058,6736,5776,4715,,,,
s13_02_2,Age of mother,int8,,0,0,0,0,3645,0,0,0,,,,
s13_02_3,Mother know how to read and write?,int8,"0= No, 1= Yes both read and write, 2= Yes (read only)",3,0,0,0,3645,0,0,0,,,,
s13_02_4,What is the level of education of the woman,int8,"1= No school, 2= Some/still primary, 3= Completed primary, 4= Vocational school, 5= Some/still secondary …",8,0,0,0,3645,0,0,0,,,,
as13_05,Before preparing meals?,int8,"0=No, 1=Yes",2,0,0,0,3645,0,0,0,,,,
bs13_05,After cleaning a child from toilet?,int8,"0=No, 1=Yes",2,0,0,0,3645,0,0,0,,,,
cs13_05,Before eating?,int8,"0=No, 1=Yes",2,0,0,0,3645,0,0,0,,,,
ds13_05,Whenever their dirty?,int8,"0=No, 1=Yes",2,0,0,0,3645,0,0,0,,,,
es13_05,After visiting toilet?,int8,"0=No, 1=Yes",2,0,0,0,3645,0,0,0,,,,
s13_05_2_v2,[2015..2015 version] What do you use to wash your hands after visiting toilet,int8,"1=Water only, 2=Water and homemade soap, 3=Water and washing soap, 4=Other",4,0,0,0,3628,0,0,0,,s13_05_2 (2018),,
s13_06_v3,[2015..2015 version] Does the woman presen any disability the prevents her fr,int8,"0=No, 1=Yes, Affecting MUAC, 2=Yes, Affecting Weight and height",3,0,0,0,3644,0,0,0,,"s13_06 (2021, 2024), s13_06_v2 (2018)",,
s13_06_2,Mothers MUAC in mm,int16,,0,0,0,0,3611,0,0,0,,,,
s13_06_3,Mothers height in Cm,int16,,0,0,0,0,3600,0,0,0,,,,
s13_06_4,Mothers weight in Cm,int16,,0,0,0,0,3602,0,0,0,,,,
bmi,Mothers Body mass index,double,,0,0,0,0,3285,0,0,0,,,,
bmic,Mothers Body mass index (grouped),int8,"1=Severe Thinness (< 16), 2=Moderate Thinness (16 - 17), 3=Mild Thinness (17 - 18.5), 4=Normal (18.5 - 25), 5=Overweight (25 - 30) …",8,0,0,0,3281,0,0,0,,,,
stunted_women,Mother stunted,int8,"0=Non-stunted, 1=Stunted",2,0,0,0,3285,0,0,0,,,,
underweight_women,Mother underweight,int8,"0=Non-underweight, 1=Underweight",2,0,0,0,3287,0,0,0,,,,
education_groups,Mother's eduction,int8,"1=No school, 2=Some primary, 3=Completed primary and or vocational training, 4=Some secondary and above",4,0,0,0,3645,0,0,0,,,,
v_s2_01,How many households does this village have?,int16,,0,0,0,0,4038,0,0,0,,,,
v_s2_02,How would you qualify this village ? (chose one option),int8,"1=Rural, 2=Urban organized, 3=Urban slum",3,0,0,0,4052,0,0,0,,,,
v_s2_03_1,VUP (schemes applied in the village),int8,,0,0,0,0,4052,0,0,0,,,,
v_s2_03_2,Land consolidation (schemes applied in the village),int8,,0,0,0,0,4052,0,0,0,,,,
v_s2_03_3,IDP model village (schemes applied in the village),int8,,0,0,0,0,4052,0,0,0,,,,
v_s2_03_4,Structured umudugudu (schemes applied in the village),int8,,0,0,0,0,4052,0,0,0,,,,
v_s2_03_5,"Other, specify (schemes applied in the village)",int8,,0,0,0,0,4052,0,0,0,,,,
v_s2_03_88,None (schemes applied in the village),int8,,0,0,0,0,4052,0,0,0,,,,
v_s3_01,What percentage of households in this village have access to electricity?,int8,,0,0,0,0,4052,0,0,0,,,,
v_s3_02,Is there any functioning primary school in this village?,int8,"0=No, 1=Yes",2,0,0,0,4052,0,0,0,,,,
v_s3_02_2,"If not, then how far away on average is the nearest functioning primary school?",int16,,0,0,0,0,3154,0,0,0,,,,
v_s3_03,Is there a functioning health facility in the village?,int8,"0=No, 1=Yes",2,0,0,0,4052,0,0,0,,,,
v_s3_03_2,"If not, then how far away on average is the nearest functioning health facility?",int16,,0,0,0,0,3776,0,0,0,,,,
v_s4_01,Is there a market in this village?,int8,"0=No, 1=Yes",2,0,0,0,4052,0,0,0,,,,
v_s4_02_2,Is this the main market your community mostly interacts with?,int8,"0=No, 1=Yes",2,0,0,0,234,0,0,0,,,,
v_s4_02_3,"If this is not the main market for the village or there is no market at all, how",int16,,0,0,0,0,3833,0,0,0,,,,
v_s4_02_4,Is the road to the main market for your community accessible all year round usin,int8,"0=Yes, 1=No",2,0,0,0,4052,0,0,0,,,,
health_facility_distance,,int8,"1=health facility in village, 2=less than 60 min, 3=60-120 min, 4=more than 120 min",4,0,0,0,4052,0,0,0,,,,
market_distance,,int8,"1=market in village, 2=less than 60 min, 3=60-120 min, 4=more than 120 min",4,0,0,0,4052,0,0,0,,,,
health_less_60min,,int8,"1=health facility available in less than 60 min, 2=health facility available in more than 60 min",2,0,0,0,4052,0,0,0,,,,
market_less_60min,,int8,"1=market available in less than 60 min, 2=market available in more than 60 min",2,0,0,0,4052,0,0,0,,,,
s12_01,Can you tell me the old ubudehe category of your household?,int8,"0=[0] Don't know, 1=[1] Umutindi nyakujya (Those in abject poverty), 2=[2] Umutindi (the very poor), 3=[3] Umukene (the poor), 4=[4] Umukene wifashije (the resourceful poor) …",7,0,0,0,4058,0,0,0,,,,
s12_02,Can you tell me the new ubudehe category of your household?,int8,"0=[0] Don't know, 1=[1] Category one, 2=[2] Category two, 3=[3] Category three, 4=[4] Category four",5,0,0,0,4058,0,0,0,,,,
road_distance,Village distance to road,int8,"1=less than 2km, 2=2-5km, 3=5-10km, 4=more than 10km",4,0,0,0,4058,0,0,0,,,,
road_distance_less_5,,int8,"0=no, 1=yes",2,0,0,0,3998,0,0,0,,,,
filter__,S0_C_Prov  > 1 and Urban >1 (FILTER),int8,"0=Not Selected, 1=Selected",2,0,0,0,4058,0,0,0,,filter___v2 (2012),,
woman_key,Child mother unique identification,string,,0,2059,7819,4601,4058,6736,5776,4715,,,,
child_key,Chid unique identification,string,,0,2059,7819,4601,4058,6736,5776,4715,,,,
all_sample,Rwanda,int8,1=Rwanda,1,0,0,0,0,6736,0,0,,,,
ubudehe,Household ubudehe category,int8,"0=[0] Don't know, 1=[1] Category one, 2=[2] Category two, 3=[3] Category three, 4=[4] Category four …",6,0,0,0,0,6736,0,0,,,,
s0_e_livezone,Livelihood zones,int8,"0=Kigali city, 1=Lake Kivu Coffee Zone, 2=West Congo-Nile Crest Tea Zone, 3=Northwest Volcanic Irish Potato Zone, 4=East Congo-Nile Highland Subsistence Farming Zone …",13,0,0,0,0,6736,0,0,,,,
livelihood_group,Household livelihood group,int8,"1=Low-income agriculturalists, 2=Agro-pastoralists, 3=Agricultural daily labour, 4=Unskilled daily labour, 5=Skilled labour …",10,0,0,0,0,6736,0,0,,,,
hhsize_cat,Household size (category),int8,"1=1 member, 2=2-4 members, 3=5-7 members, 4=8-10 members, 5=>10 members",5,0,0,0,0,6736,0,0,,,,
s1_01_3,Household head's gender,int8,"1=Male, 2=Female",2,0,0,0,0,6736,0,0,,,,
age_headhh,Household head's age (category),int8,"2=18-39 years old, 3=40-60 years old, 4=>60 years old",3,0,0,0,0,6736,0,0,,,,
s1_01_4,Household head's age,int8,,0,0,0,0,0,6736,0,0,,,,
vhhsize,Village N HHs,int16,,0,0,0,0,0,6736,0,0,,,,
vsamplesize,Village Sample Size,int8,,0,0,0,0,0,6736,0,0,,,,
totdisthhs,District weight,double,,0,0,0,0,0,6736,0,0,,,,
s1_01,Household size,int8,,0,0,0,0,0,6736,0,0,,,,
s14_01,Child index from demograpy section,int8,,0,0,0,0,0,6736,0,0,,s14_01_v2 (2015),,
s14_01_3,Child date of birth,double,,0,0,0,0,0,6736,0,0,,,,
s14_01_4,Child age in months,double,,0,0,0,0,0,6736,0,0,,,,
s14_01_4_cat,Child age group,int8,"1=Exclude (<6m), 2=Include (6-60m)",2,0,0,0,0,6736,0,0,,,,
s14_01_5,Child sex,int8,"1=Male, 2=Female",2,0,0,0,0,6736,0,0,,,,
s14_03,Respondent's relationship with child?,int8,"1=Mother, 2=Father, 3=Grandmother, 4=Close family relative, 5=Other relationship …",6,0,0,0,0,6736,0,0,,s14_03_v2 (2015),,
s14_04,Child's mother,int8,"1=${S1C20}, 2=${S1C21}, 3=${S1C22}, 4=${S1C23}, 5=${S1C24} …",32,0,0,0,0,6736,0,0,,,,
s14_05,Is [child name] currently present for interview and anthropometric measurement?,int8,"0=No, 1=Yes",2,0,0,0,0,6736,0,0,,s14_05_v2 (2015),,
s14_06,"When born, how big in Kg was [child name], refer to the child growth card?",double,,0,0,0,0,0,5882,0,0,,s14_06_v2 (2015),,
s14_07,"Since September 2017 (last 6 months), has [NAME] received vit A drops? (show the",int8,"0=No, 1=Yes, 88=Don't know",3,0,0,0,0,5948,0,0,,s14_07_v2 (2015),,
s14_08,"During last six months, did [child name] receive deworming tablets?",int8,"0=No, 1=Yes, 88=Don't know",3,0,0,0,0,5303,0,0,,s14_08_v2 (2015),,
s14_09,Has [child name] had illness with fever during last two weeks?,int8,"0=No, 1=Yes, 88=Don't know",3,0,0,0,0,5948,0,0,,s14_09_v2 (2015),,
s14_10,Has [child name] had illness with cough during last two weeks?,int8,"0=No, 1=Yes, 88=Don't know",3,0,0,0,0,5948,0,0,,s14_10_v2 (2015),,
s14_11,Has [child name] had illness with diarrhea during last two weeks?,int8,"0=No, 1=Yes, 88=Don't know",3,0,0,0,0,5948,0,0,,s14_11_v2 (2015),,
s14_11_2,"During the last 2 weeks when [child name] had diarrhea, how did you treat it?",int8,"1=Was given more drinks, 2=Was given more food, 3=Was frequently breastfed, 4=Was given clean safe drinking water, 5=Was given RUTF …",9,0,0,0,0,869,0,0,,,,
s14_11_2_smt_1,"During the last 2 weeks when [child name] had diarrhea, how did you treat it? (W",int8,"0=No, 1=Yes",2,0,0,0,0,6736,0,0,,,,
s14_11_2_smt_2,"During the last 2 weeks when [child name] had diarrhea, how did you treat it? (W",int8,"0=No, 1=Yes",2,0,0,0,0,6736,0,0,,,,
s14_11_2_smt_3,"During the last 2 weeks when [child name] had diarrhea, how did you treat it? (W",int8,"0=No, 1=Yes",2,0,0,0,0,6736,0,0,,,,
s14_11_2_smt_4,"During the last 2 weeks when [child name] had diarrhea, how did you treat it? (W",int8,"0=No, 1=Yes",2,0,0,0,0,6736,0,0,,,,
s14_11_2_smt_5,"During the last 2 weeks when [child name] had diarrhea, how did you treat it? (W",int8,"0=No, 1=Yes",2,0,0,0,0,6736,0,0,,,,
s14_11_2_smt_6,"During the last 2 weeks when [child name] had diarrhea, how did you treat it? (W",int8,"0=No, 1=Yes",2,0,0,0,0,6736,0,0,,,,
s14_11_2_smt_7,"During the last 2 weeks when [child name] had diarrhea, how did you treat it? (W",int8,"0=No, 1=Yes",2,0,0,0,0,6736,0,0,,,,
s14_11_2_smt_8,"During the last 2 weeks when [child name] had diarrhea, how did you treat it? (W",int8,"0=No, 1=Yes",2,0,0,0,0,6736,0,0,,,,
s14_11_2_smt_88,"During the last 2 weeks when [child name] had diarrhea, how did you treat it? (N",int8,"0=No, 1=Yes",2,0,0,0,0,6736,0,0,,,,
s14_11_2_2,Please specify what other treatment were,string,,0,2059,7819,4601,4058,6736,5776,4715,,,,
s14_12,"During last two weeks when [child name] was sick, did s/he see any healthcare pr",int8,"0=None, 1=Staff at health facility, 2=Community health care worker, 3=Traditional",4,0,0,0,0,4246,0,0,,,,
s14_13,Does [child name] have his/her hands washed before eating/meal,int8,"0=No, 1=Yes, 88=Don't know",3,0,0,0,0,5948,0,0,,,,
s14_14,Did [child name] sleep under a mosquito net last night?,int8,"0=No, 1=Yes",2,0,0,0,0,5948,0,0,,,,
as14_15,Was [child name] breastfed yesterday during day or at night?,int8,"0=No, 1=Yes",2,0,0,0,0,2569,0,0,,,,
as14_15_2,Has [child name]ever been breastfed?,int8,"0=No, 1=Yes",2,0,0,0,0,187,0,0,,,,
as14_15_3,How long after birth did you first put [child name]to the breast after birth?,int8,"1=Less than 1 hour, 2=Between 1 -23 hours, 3=24 hours or more, 4=Don't remember",4,0,0,0,0,2563,0,0,,,,
bs14_15,"Yesterday, during the day or night, did [child name] drink Plain water",int8,"0=No, 1=Yes, 88=Don't know",3,0,0,0,0,2561,0,0,,,,
cs14_15,"Yesterday, during the day or night, did [child name] drink any drinks made with",int8,"0=No, 1=Yes, 88=Don't know",3,0,0,0,0,2568,0,0,,,,
cs14_15_2,How many times did [child name] consume this Infant formula,int8,,0,0,0,0,0,39,0,0,,,,
ds14_15,"Yesterday, during the day or night, did [child name] consume Milk (tinned, powde",int8,"0=No, 1=Yes, 88=Don't know",3,0,0,0,0,2568,0,0,,,,
ds14_15_2,"How many times did [child name] consume Milk (tinned, powdered, fresh",int8,,0,0,0,0,0,366,0,0,,,,
es14_15,"Yesterday, during the day or night, did [child name] dr",int8,"0=No, 1=Yes, 88=Don't know",3,0,0,0,0,2569,0,0,,,,
fs14_15,"Yesterday, during the day or night, did [child name] drink any clear broth",int8,"0=No, 1=Yes, 88=Don't know",3,0,0,0,0,2569,0,0,,,,
gs14_15,"Yesterday, during the day or night, did [child name] drink any sour milk or yogu",int8,"0=No, 1=Yes, 88=Don't know",3,0,0,0,0,2566,0,0,,,,
gs14_15_2,How many times did [child name] consume Yogurt,int8,,0,0,0,0,0,68,0,0,,,,
hs14_15,"Yesterday, during the day or night, did [child name] drink any fortified blended",int8,"0=No, 1=Yes, 88=Don't know",3,0,0,0,0,2569,0,0,,,,
hs14_15_2,How many times did [child name] consume FBF (shisha kibondo)?,int8,,0,0,0,0,0,231,0,0,,,,
is14_15,"Yesterday, during the day or night, did [child name] drink any other FBF (Sosoma",int8,"0=No, 1=Yes, 88=Don't know",3,0,0,0,0,2569,0,0,,,,
js14_15,"Yesterday, during the day or night, did [child name] drink any thin porridge, fo",int8,"0=No, 1=Yes, 88=Don't know",3,0,0,0,0,2569,0,0,,,,
ks14_15,"Yesterday, during the day or night, did [child name] drinkTea or coffee with mil",int8,"0=No, 1=Yes, 88=Don't know",3,0,0,0,0,2567,0,0,,,,
ls14_15,"Yesterday, during the day or",int8,"0=No, 1=Yes, 88=Don't know",3,0,0,0,0,2568,0,0,,,,
ms14_15,"Yesterday, during the day or night, did [child name]  drink  anything from a bot",int8,"0=No, 1=Yes, 88=Don't know",3,0,0,0,0,2568,0,0,,,,
as14_16,"Yesterday, during the day or night, did [child name] eat any Porridge, bread, ri",int8,"0=No, 1=Yes, 88=Don't know",3,0,0,0,0,2043,0,0,,,,
bs14_16,"Yesterday, during the day or night, did [child name] eat any White potatoes, whi",int8,"0=No, 1=Yes, 88=Don't know",3,0,0,0,0,2043,0,0,,,,
cs14_16,"Yesterday, during the day or night",int8,"0=No, 1=Yes, 88=Don't know",3,0,0,0,0,2043,0,0,,,,
ds14_16,"Yesterday, during the day or night, did [child name] eat any Milk, Cheese, yogur",int8,"0=No, 1=Yes, 88=Don't know",3,0,0,0,0,2043,0,0,,,,
es14_16,"Yesterday, during the day or night, did [child name] eat any  Liver, kidney, hea",int8,"0=No, 1=Yes, 88=Don't know",3,0,0,0,0,2043,0,0,,,,
fs14_16,"Yesterday, during the day or night, did [child name] eat any meat, such as beef,",int8,"0=No, 1=Yes, 88=Don't know",3,0,0,0,0,2043,0,0,,,,
gs14_16,"Yesterday, during the day or night, did [child name] eat any  Fresh or dried fis",int8,"0=No, 1=Yes, 88=Don't know",3,0,0,0,0,2043,0,0,,,,
hs14_16,"Yesterday, during the day or night, did [child name] eat any Eggs",int8,"0=No, 1=Yes, 88=Don't know",3,0,0,0,0,2043,0,0,,,,
is14_16,"Yesterday, during the day or night, did [child name] eat any  Vit A rich vegetab",int8,"0=No, 1=Yes, 88=Don't know",3,0,0,0,0,2043,0,0,,,,
js14_16,"Yesterday, during the day or night, did [child name] eat any dark green leafy ve",int8,"0=No, 1=Yes, 88=Don't know",3,0,0,0,0,2043,0,0,,,,
ks14_16,"Yesterday, during the day or night, did [child name] eat any Ripe mangoes, ripe",int8,"0=No, 1=Yes, 88=Don't know",3,0,0,0,0,2043,0,0,,,,
ls14_16,"Yesterday, during the day or night, did [child name] ea",int8,"0=No, 1=Yes, 88=Don't know",3,0,0,0,0,2043,0,0,,,,
ms14_16,"Yesterday, during the day or night, did [child name] eat any  Foods made with re",int8,"0=No, 1=Yes, 88=Don't know",3,0,0,0,0,2043,0,0,,,,
ns14_16,"Yesterday, during the day or night, did [child name] eat any shisha kibondo?",int8,"0=No, 1=Yes, 88=Don't know",3,0,0,0,0,1814,0,0,,,,
os14_16,"Yesterday, during the day or night, did [child name] eat any other FBF (e.g. sos",int8,"0=No, 1=Yes, 88=Don't know",3,0,0,0,0,2043,0,0,,,,
ps14_16,"Yesterday, during the day or night, did [child name] eat any RUTF (e.g. Plumpy’N",int8,"0=No, 1=Yes, 88=Don't know",3,0,0,0,0,2043,0,0,,,,
qs14_16,"Yesterday, during the day or night, did [child name] eat any Iron fortified soli",int8,"0=No, 1=Yes, 88=Don't know",3,0,0,0,0,2043,0,0,,,,
rs14_16,"Yesterday, during the day or night, did [child name] eat any food to which you a",int8,"0=No, 1=Yes, 88=Don't know",3,0,0,0,0,2043,0,0,,,,
s14_17,"Yesteday, during day or night how many times did [child name] eat solid, semisol",int8,,0,0,0,0,0,2043,0,0,,,,
s14_18,Is [child name] enrolled in Shisha Kibondo?,int8,"0=No, 1=Yes, 88=Don't know",3,0,0,0,0,2043,0,0,,,,
s14_19,Is [child name] enrolled in any supplementary feeding programme?,int8,"0=No, 1=Yes, 88=Don't know",3,0,0,0,0,2043,0,0,,,,
s14_19_2,"If any, which supplementary feeding programme?",int8,"1=(non-hospitalized) Therapeutic feeding, 2=(hospitalized, inpatient) Therapeutic feeding, 3=Supplementary feeding",3,0,0,0,0,197,0,0,,,,
s14_20,Does [child name] present any disability preventing him or her from being measur,int8,"0=None, 1=Can't measure Odema, 2=Can't measure weight, 3=Can't measure height, 4=Can't measure MUAC",5,0,0,0,0,5929,0,0,,,,
s14_20_smt_0,Does [child name] present any disability preventing him or her from being measur,int8,"0=No, 1=Yes",2,0,0,0,0,6736,0,0,,,,
s14_20_smt_1,Does [child name] present any disability preventing him or her from being measur,int8,"0=No, 1=Yes",2,0,0,0,0,6736,0,0,,,,
s14_20_smt_2,Does [child name] present any disability preventing him or her from being measur,int8,"0=No, 1=Yes",2,0,0,0,0,6736,0,0,,,,
s14_20_smt_3,Does [child name] present any disability preventing him or her from being measur,int8,"0=No, 1=Yes",2,0,0,0,0,6736,0,0,,,,
s14_20_smt_4,Does [child name] present any disability preventing him or her from being measur,int8,"0=No, 1=Yes",2,0,0,0,0,6736,0,0,,,,
ena_survdate,Survey Date (ENA),string,,0,2059,7819,4601,4058,6736,5776,4715,,,,
ena_dob,Date of birth (ENA),string,,0,2059,7819,4601,4058,6736,5776,4715,,,,
ena_dobm,Age in Months (ENA),double,,0,0,0,0,0,5910,0,0,,,,
ena_weight,Child weight (ENA),double,,0,0,0,0,0,5910,0,0,,,,
ena_height,Child height (ENA),double,,0,0,0,0,0,5910,0,0,,,,
e0a_edema,Childh has EDEMA?,int8,"0=No, 1=Yes",2,0,0,0,0,5910,0,0,,,,
ena_muac,Child MUAC (ENA),int16,,0,0,0,0,0,5910,0,0,,,,
waz_nchs,WAZ_NCHS,double,,0,0,0,0,0,5910,0,0,,,,
haz_nchs,HAZ_NCHS,double,,0,0,0,0,0,5910,0,0,,,,
whz_nchs,WHZ_NCHS,double,,0,0,0,0,0,5910,0,0,,,,
waz_who,WAZ_WHO,double,,0,0,0,0,0,5910,0,0,,,,
haz_who,HAZ_WHO,double,,0,0,0,0,0,5910,0,0,,,,
whz_who,WHZ_WHO,double,,0,0,0,0,0,5910,0,0,,,,
bmiz_who,BMIZ_WHO,double,,0,0,0,0,0,5910,0,0,,,,
wam_nchs,WAM_NCHS,double,,0,0,0,0,0,5910,0,0,,,,
ham_nchs,HAM_NCHS,double,,0,0,0,0,0,5910,0,0,,,,
whm_nchs,WHM_NCHS,double,,0,0,0,0,0,5910,0,0,,,,
flag_nchs,Flag_NCHS,string,,0,2059,7819,4601,4058,6736,5776,4715,,,,
flag_who,Flag_WHO,string,,0,2059,7819,4601,4058,6736,5776,4715,,,,
age_cat_child,Age_6-59M_10cat,int8,"1=<6 months, 2=6-11 months, 3=12-17 months, 4=18-23 months, 5=24-29 months …",10,0,0,0,0,5723,0,0,,,,
age_6_59_5cat,Age_6-59M_5cat,int8,"1=6-11, 2=12-23, 3=24-35, 4=36-47, 5=48-59",5,0,0,0,0,5723,0,0,,,,
agecat,Age_6-23M_3cat,int8,"1=6-11 months, 2=12-17 months, 3=18-23 months",3,0,0,0,0,2040,0,0,,,,
mad_fbf1_v01,"[2018..2018 version] Last 24Hrs, child ate Grains, Roots, Tubers (FBF1)",int8,"0=No, 1=Yes",2,0,0,0,0,2040,0,0,,,,
mad_fbf1_v02,"[2018..2018 version] Last 24Hrs, child ate Legumes and Nuts (FBF1)",int8,"0=No, 1=Yes",2,0,0,0,0,2040,0,0,,,,
mad_fbf1_v03,"[2018..2018 version] Last 24Hrs, child ate Dairy Products (FBF1)",int8,"0=No, 1=Yes",2,0,0,0,0,2040,0,0,,,,
mad_fbf1_v04,"[2018..2018 version] Last 24Hrs, child ate Flesh Foods and Fortified Foods (F",int8,"0=No, 1=Yes",2,0,0,0,0,2040,0,0,,,,
mad_fbf1_v05,"[2018..2018 version] Last 24Hrs, child ate Eggs (FBF1)",int8,"0=No, 1=Yes",2,0,0,0,0,2040,0,0,,,,
mad_fbf1_v06,"[2018..2018 version] Last 24Hrs, child ate Vitamin-A Rich Fruits and Vegetabl",int8,"0=No, 1=Yes",2,0,0,0,0,2040,0,0,,,,
mad_fbf1_v07,"[2018..2018 version] Last 24Hrs, child ate Other Fruits and Vegetables (FBF1)",int8,"0=No, 1=Yes",2,0,0,0,0,2040,0,0,,,,
mad_fbf1_v08,[2018..2018 version] Food Group Score (FBF1),int8,,0,0,0,0,0,2040,0,0,,,,
mad_fbf1_v09,[2018..2018 version] Number of Milk Feeds for Non-Breastfed Children (FBF1),int8,,0,0,0,0,0,181,0,0,,,,
mad_fbf1_cdds,Diet Diversity Score (FBF1),int8,"0=No, 1=Yes",2,0,0,0,0,2040,0,0,,,,
mad_fbf1_cmmfs,Minimum Meal Frequency Score (FBF1),int8,"0=No, 1=Yes",2,0,0,0,0,2040,0,0,,,,
mad_fbf1_cmad,Minimum Acceptable Diet Score (FBF1),int8,"0=No, 1=Yes",2,0,0,0,0,2040,0,0,,,,
mad_fbf4_v01,"[2018..2018 version] Last 24Hrs, child ate Grains, Roots, Tubers (FBF4)",int8,"0=No, 1=Yes",2,0,0,0,0,2040,0,0,,,,
mad_fbf4_v02,"[2018..2018 version] Last 24Hrs, child ate Legumes and Nuts (FBF4)",int8,"0=No, 1=Yes",2,0,0,0,0,2040,0,0,,,,
mad_fbf4_v03,"[2018..2018 version] Last 24Hrs, child ate Dairy Products (FBF4)",int8,"0=No, 1=Yes",2,0,0,0,0,2040,0,0,,,,
mad_fbf4_v04,"[2018..2018 version] Last 24Hrs, child ate Flesh Foods and Fortified Foods (F",int8,"0=No, 1=Yes",2,0,0,0,0,2040,0,0,,,,
mad_fbf4_v05,"[2018..2018 version] Last 24Hrs, child ate Eggs (FBF4)",int8,"0=No, 1=Yes",2,0,0,0,0,2040,0,0,,,,
mad_fbf4_v06,"[2018..2018 version] Last 24Hrs, child ate Vitamin-A Rich Fruits and Vegetabl",int8,"0=No, 1=Yes",2,0,0,0,0,2040,0,0,,,,
mad_fbf4_v07,"[2018..2018 version] Last 24Hrs, child ate Other Fruits and Vegetables (FBF4)",int8,"0=No, 1=Yes",2,0,0,0,0,2040,0,0,,,,
mad_fbf4_v08,[2018..2018 version] Food Group Score (FBF4),int8,,0,0,0,0,0,2040,0,0,,,,
mad_fbf4_v09,[2018..2018 version] Number of Milk Feeds for Non-Breastfed Children (FBF4),int8,,0,0,0,0,0,181,0,0,,,,
mad_fbf4_cdds,Diet Diversity Score (FBF4),int8,"0=No, 1=Yes",2,0,0,0,0,2040,0,0,,,,
mad_fbf4_cmmfs,Minimum Meal Frequency Score (FBF4),int8,"0=No, 1=Yes",2,0,0,0,0,2040,0,0,,,,
mad_fbf4_cmad,Minimum Acceptable Diet Score (FBF4),int8,"0=No, 1=Yes",2,0,0,0,0,2040,0,0,,,,
waz_who_cat,Underweight,int8,"0=Normal, 1=Moderate, 2=Severe",3,0,0,0,0,5910,0,0,,,,
whz_who_cat,Wasting,int8,"0=Normal, 1=Moderate, 2=Severe",3,0,0,0,0,5910,0,0,,,,
haz_who_cat,Stunting,int8,"0=Normal, 1=Moderate, 2=Severe",3,0,0,0,0,5910,0,0,,,,
global_stunting,Global Stunting,int8,"0=No stunted, 1=Stunted",2,0,0,0,0,5910,0,0,,,,
global_wasting,Global Wasting,int8,"0=No wasted, 1=Wasted",2,0,0,0,0,5910,0,0,,,,
global_underweight,Global Underweight,int8,"0=No underweight, 1=Underweight",2,0,0,0,0,5910,0,0,,,,
separator_two,==============================,int8,,0,0,0,0,0,0,0,0,,,,
spliter_two,For this section onwards comes mothers information,int8,,0,0,0,0,0,0,0,0,,,,
s13_01_3_v2,[2018..2018 version] Woman's age,int8,,0,0,0,0,0,5873,0,0,,"s13_01_3 (2021, 2024)",,
s13_01_4_v2,[2018..2018 version] Woman's literacy level,int8,"0=No, 1=Yes (both read and write), 2=Yes (read only)",3,0,0,0,0,5873,0,0,,"s13_01_4 (2021, 2024)",,
s13_01_5_v2,[2018..2018 version] Woman's education level,int8,"1=No school, 2=Some/still primary, 3=Completed primary, 4=Vocational school, 5=Some/still secondary …",9,0,0,0,0,5873,0,0,,"s13_01_5 (2021, 2024)",,
s13_02_v2,[2018..2018 version] Is [woman name] currently present for interview?,int8,"0=No, 1=Yes",2,0,0,0,0,5873,0,0,,"s13_02 (2021, 2024)",,
s13_03_v2,[2018..2018 version] Are you currently using any contraceptive methods?,int8,"0=No, 1=Yes",2,0,0,0,0,5873,0,0,,"s13_03 (2021, 2024)",,
s13_03_2,Which method do you use?,int8,"1=Cervical mucus, 2=Beads, 3=Pills, 4=Condom, 5=Injectables …",9,0,0,0,0,3604,0,0,,,,
s13_03_3,Specfy other methods,int8,,0,0,0,0,0,0,0,0,,,,
s13_04_v2,[2018..2018 version] Have you ever been pregnant and gave birth at least once,int8,"0=Never been pregnant, 1=Never gave birth but been pregnant, 2=Yes (was pregnant and gave brith), 88=Don't know",4,0,0,0,0,5873,0,0,,s13_04 (2021),,
s13_05_v2,[2018..2018 version] Are you currently pregnant or breastfeeding,int8,"1=Pregnant only, 2=Both (pregnant and lactating), 3=Lactating only, 4=Neither, 88=Don't know",5,0,0,0,0,5850,0,0,,"s13_05 (2021, 2024)",,
s13_05_2,Are you enrolled in the shisha kibondo / mubyeyi program?,int8,"0=No, 1=Yes",2,0,0,0,0,4223,0,0,,s13_05_2_v2 (2015),,
s13_06_v2,"[2018..2018 version] During your last pregnancy, have you ever been visited b",int8,"0=No, 1=Yes",2,0,0,0,0,5850,0,0,,"s13_06 (2021, 2024), s13_06_v3 (2015)",,
s13_07_v2,[2018..2018 version] During the first 6 weeks that s/he was born (the child t,int8,"0=No, 1=Yes",2,0,0,0,0,3905,0,0,,"s13_07 (2021, 2024)",,
s13_08_v2,[2018..2018 version] Did you see anyone for antenatal care for this/the recen,int8,"0=No, 1=Yes",2,0,0,0,0,5850,0,0,,"s13_08 (2021, 2024)",,
s13_08_2,Where did you receive antenatal care for this/the recent pregnancy?,int8,"1=Public health care provider (at health center or hospital), 2=Private health care provider (at health center or hospital), 3=Other (speficy)",3,0,0,0,0,5726,0,0,,,,
s13_08_3,How many months pregnant were you when you first received antenatal care for the,int8,,0,0,0,0,0,5689,0,0,,,,
s13_09_v2,[2018..2018 version] How many antenatal care visits did you attend during you,int8,,0,0,0,0,0,5838,0,0,,"s13_09 (2021, 2024)",,
s13_10_v2,"[2018..2018 version] During your recent pregnancy, did you take any iron supp",int8,"0=No, 1=Yes",2,0,0,0,0,5850,0,0,,"s13_10 (2021, 2024)",,
s13_10_2,"Women are usually given 90 pills, how many of those did you take?",int8,"1=All of them (90 pills), 2=More than a half (50 - 75 pills), 3=About a half (35 - 45 pills), 4=Less than a half (<35 pills)",4,0,0,0,0,3921,0,0,,,,
s13_11_v2,[2018..2018 version] Have you ever received any counselling or education on n,int8,"0=No, 1=Yes",2,0,0,0,0,5873,0,0,,"s13_11 (2021, 2024)",,
s13_11_2_v2,[2018..2018 version] Who provided this counseling or education on nutrition?,int8,"1=Health care worker (CHW), 2=Heath facility worker, 3=NGO worker, 4=Mothers in the community, 5=Local authorities …",7,0,0,0,0,2802,0,0,,"s13_11_2 (2021, 2024)",,
s13_12_v2,[2018..2018 version] Did you sleep under a mosquito net last night?,int8,"0=No, 1=Yes",2,0,0,0,0,5873,0,0,,"s13_12 (2021, 2024)",,
s13_13_v2,[2018..2018 version] Have you ever been ill during the last two weeks?,int8,"0=No, 1=Yes",2,0,0,0,0,5873,0,0,,"s13_13 (2021, 2024)",,
s13_13_2,"Last 2 weeks when you were sick, did you consult any healthcare service?",int8,"0=None, 1=Staff at health facility, 2=Community health care worker, 3=Traditional",4,0,0,0,0,2065,0,0,,,,
s13_14_v2,[2018..2018 version] Tell me all the times you wash hands,int8,"1=Before preparing meals, 2=After cleaning a child from toilet, 3=Before eating, 4=Whenever their dirty, 5=After visiting toilet …",7,0,0,0,0,920,0,0,,"s13_14 (2021, 2024)",,
s13_14_smt_1,Tell me all the times you wash hands (Before preparing meals),int8,"0=No, 1=Yes",2,0,0,0,0,5873,0,0,,,,
s13_14_smt_2,Tell me all the times you wash hands (After cleaning a child from toilet),int8,"0=No, 1=Yes",2,0,0,0,0,5873,0,0,,,,
s13_14_smt_3,Tell me all the times you wash hands (Before eating),int8,"0=No, 1=Yes",2,0,0,0,0,5873,0,0,,,,
s13_14_smt_4,Tell me all the times you wash hands (Whenever their dirty),int8,"0=No, 1=Yes",2,0,0,0,0,5873,0,0,,,,
s13_14_smt_5,Tell me all the times you wash hands (After visiting toilet),int8,"0=No, 1=Yes",2,0,0,0,0,5873,0,0,,,,
s13_14_smt_6,Tell me all the times you wash hands (Other),int8,"0=No, 1=Yes",2,0,0,0,0,5873,0,0,,,,
s13_14_smt_88,Tell me all the times you wash hands (Never),int8,"0=No, 1=Yes",2,0,0,0,0,5873,0,0,,,,
s13_14_2,"The last time you washed your hands, what did  you use?",int8,"1=Water only, 2=Water and homemade soap, 3=Water and washing soap, 4=Other",4,0,0,0,0,5862,0,0,,,,
s13_15,Does the woman present any disability the prevents her from being measured MUAC?,int8,"0=No, 1=Yes",2,0,0,0,0,5873,0,0,,,,
s13_16,Mother's  MUAC in mm,int16,,0,0,0,0,0,5842,0,0,,,,
muac_cat_v2,[2018..2018 version] Mother's  MUAC in mm (categories),int8,"1=<210cm, 2=210-230 cm, 3=>230 cm",3,0,0,0,0,5842,0,0,,muac_cat (2021),,
as13_17,"Foods made from grains (Porridge, bread, rice, pasta/noodles or other foods made",int8,"0=No, 1=Yes",2,0,0,0,0,5873,0,0,,,,
bs13_17,"White roots and tubers and plantains (White potatoes, white yams, manioc/cassava",int8,"0=No, 1=Yes",2,0,0,0,0,5873,0,0,,,,
cs13_17,"Pulses (beans, peas and lentils) (Mature beans or peas (fresh or dried seed), le",int8,"0=No, 1=Yes",2,0,0,0,0,5873,0,0,,,,
ds13_17,"Nuts and seeds (Any tree nut, groundnut/peanut or certain seeds, or nut/seed “bu",int8,"0=No, 1=Yes",2,0,0,0,0,5873,0,0,,,,
es13_17,"Milk and milk products (Milk, cheese, yoghurt or other milk products but NOT inc",int8,"0=No, 1=Yes",2,0,0,0,0,5873,0,0,,,,
gs13_17,"Organ meat (Liver, kidney, heart or other organ meats or blood-based foods, incl",int8,"0=No, 1=Yes",2,0,0,0,0,5873,0,0,,,,
hs13_17,"Meat and poultry (Beef, pork, lamb, goat, rabbit, wild game meat, chicken, duck",int8,"0=No, 1=Yes",2,0,0,0,0,5873,0,0,,,,
is13_17,"Fish and seafood (Fresh or dried fish, shellfish or seafood )",int8,"0=No, 1=Yes",2,0,0,0,0,5873,0,0,,,,
js13_17,Eggs (Eggs from poultry or any other bird ),int8,"0=No, 1=Yes",2,0,0,0,0,5873,0,0,,,,
ks13_17,Dark green leafy vegetables (List examples of any medium-to-dark green leafy veg,int8,"0=No, 1=Yes",2,0,0,0,0,5873,0,0,,,,
ls13_17,"Vitamin A-rich vegetables, roots and tubers (Pumpkin, carrots, squash or sweet p",int8,"0=No, 1=Yes",2,0,0,0,0,5873,0,0,,,,
ms13_17_v2,"[2018..2018 version] Vitamin A-rich fruits (Ripe mango, ripe papaya, tree tom",int8,"0=No, 1=Yes",2,0,0,0,0,5873,0,0,,ms13_17 (2021),,
ns13_17,Other vegetables (),int8,"0=No, 1=Yes",2,0,0,0,0,5873,0,0,,,,
os13_17,Other fruits (),int8,"0=No, 1=Yes",2,0,0,0,0,5873,0,0,,,,
ps13_17,Shisha Kibondo/ Mubyeyi,int8,"0=No, 1=Yes",2,0,0,0,0,5873,0,0,,,,
qs13_17,"Any fortified blended foods (Nootri-mama, Nootri family, Sosoma)",int8,"0=No, 1=Yes",2,0,0,0,0,5873,0,0,,,,
cereals_mddw,Cereals_MDDW,int8,,0,0,0,0,0,5873,0,0,,,,
pulses_mddw,Pulses_MDDW,int8,,0,0,0,0,0,5873,0,0,,,,
nuts_mddw,Nuts_MDDW,int8,,0,0,0,0,0,5873,0,0,,,,
milk_mddw,Milk_MDDW,int8,,0,0,0,0,0,5873,0,0,,,,
meat_mddw,Meat_MDDW,int8,,0,0,0,0,0,5873,0,0,,,,
eggs_mddw,Eggs_MDDW,int8,,0,0,0,0,0,5873,0,0,,,,
greenveg_mddw,GreenVeg_MDDW,int8,,0,0,0,0,0,5873,0,0,,,,
vita_mddw,VitA_MDDW,int8,,0,0,0,0,0,5873,0,0,,,,
otherveg_mddw,OtherVeg_MDDW,int8,,0,0,0,0,0,5873,0,0,,,,
otherfruit_mddw,OtherFruit_MDDW,int8,,0,0,0,0,0,5873,0,0,,,,
tot_mddw,Minimum Dietary Diverstity - Women,int8,,0,0,0,0,0,5873,0,0,,,,
mddwless5,Minimum Dietary Diverstity - Women (Categories),int8,"1=<5 food groups, 2=5 food groups or more",2,0,0,0,0,5873,0,0,,,,
age_cat_child_rec,Child age class,int8,"1=Less than 6 months, 2=6 - 23 Months, 3=24-59 months, 4=No age recorded",4,0,0,0,0,6736,0,0,,,,
s13_01,S13_01 Child index from demograpy section,int8,,0,0,0,0,0,0,5776,4715,,s13_01_v2 (2015),2021: Child index from demograpy section,
s13_01_2,S13_01_2 Child's name,string,,0,2059,7819,4601,4058,6736,5776,4715,,,2021: Child's name,
s13_01_3,S13_01_3 Child date of birth,string,,0,2059,7819,4601,4058,6736,5776,4715,,s13_01_3_v2 (2018),2021: Child date of birth,
s13_01_4,S13_01_4 Child age in months,double,,0,0,0,0,0,0,5776,4715,,s13_01_4_v2 (2018),2021: Child age in months,
s13_01_5,S13_01_5 Child sex,int8,"1=Male, 2=Female",2,0,0,0,0,0,5776,4715,,s13_01_5_v2 (2018),2021: Child sex,
s13_02,S13_02 Primary Caregiver of Child,int8,"1=Mother, 2=Father, 3=Grandmother, 4=Close family relative, 5=Other relationship …",6,0,0,0,0,0,5776,4715,,s13_02_v2 (2018),2021: Primary Caregiver of Child,
s13_03,S13_03 Respondent's relationship with child?,int8,"1=Mother, 2=Father, 3=Grandmother, 4=Close family relative, 5=Other relationship …",6,0,0,0,0,0,5776,4715,,s13_03_v2 (2018),2021: Respondent's relationship with child?,
s13_04,Child's mother,int8,"1=${S1C20}, 2=${S1C21}, 3=${S1C22}, 4=${S1C23}, 5=${S1C24} …",32,0,0,0,0,0,5776,0,,s13_04_v2 (2018),,
mother_education,Child mother Education level,int8,"1=No school, 2=Some/still primary, 3=Completed primary, 4=Vocational school, 5=Some/still secondary …",9,0,0,0,0,0,5516,0,,,,
s13_05,S13_05 Is [CHILD_NAME] currently present for interview and anthropometric measur,int8,"0=No, 1=Yes",2,0,0,0,0,0,5776,4715,,s13_05_v2 (2018),2021: Is [Name] currently present for interview and anth,
s13_06,"S13_06 When born, how big in Kg was [CHILD_NAME], refer to the child growth card",double,,0,0,0,0,0,0,5182,4715,,"s13_06_v2 (2018), s13_06_v3 (2015)","2021: When born, how big in Kg was [Name], refer to the ",
s13_07,"S13_07 Since September 2023 (last 6 months), has [NAME] received vit A drops? (s",int8,"0=No, 1=Yes, 88=Don't know",3,0,0,0,0,0,5160,4261,,s13_07_v2 (2018),"2021: Since September 2020 (last 6 months), has [NAME] r",
s13_08,"S13_08 During last six months, did [CHILD_NAME] receive deworming tablets?",int8,"0=No, 1=Yes, 88=Don't know",3,0,0,0,0,0,4627,3807,,s13_08_v2 (2018),"2021: During last six months, did [Name] receive dewormi",
s13_09,S13_09 Has [CHILD_NAME] had illness with fever during last two weeks?,int8,"0=No, 1=Yes, 88=Don't know",3,0,0,0,0,0,5160,4261,,s13_09_v2 (2018),2021: Has [Name] had illness with fever during last two ,
s13_10,S13_10 Has [CHILD_NAME] had illness with cough during last two weeks?,int8,"0=No, 1=Yes, 88=Don't know",3,0,0,0,0,0,5160,4261,,s13_10_v2 (2018),2021: Has [Name] had illness with cough during last two ,
s13_11,S13_11 Has [CHILD_NAME] had illness with diarrhea during last two weeks?,int8,"0=No, 1=Yes, 88=Don't know",3,0,0,0,0,0,5160,4261,,s13_11_v2 (2018),2021: Has [Name] had illness with diarrhea during last t,
s13_11_2,"S13_11_2 During the last 2 weeks when [CHILD_NAME] had diarrhea, how did you tre",string,,0,2059,7819,4601,4058,6736,5776,4715,,s13_11_2_v2 (2018),"2021: During the last 2 weeks when [Name] had diarrhea, ",
s13_11_2_smt_1_v2,"[2021..2021 version] During the last 2 weeks when [Name] had diarrhea, how di",int8,"0=No, 1=Yes, 88=Don't know",3,0,0,0,0,0,907,0,,s13_11_2_smt_1 (2024),,
s13_11_2_smt_2_v2,"[2021..2021 version] During the last 2 weeks when [Name] had diarrhea, how di",int8,"0=No, 1=Yes, 88=Don't know",3,0,0,0,0,0,907,0,,s13_11_2_smt_2 (2024),,
s13_11_2_smt_3_v2,"[2021..2021 version] During the last 2 weeks when [Name] had diarrhea, how di",int8,"0=No, 1=Yes, 88=Don't know",3,0,0,0,0,0,907,0,,s13_11_2_smt_3 (2024),,
s13_11_2_smt_4_v2,"[2021..2021 version] During the last 2 weeks when [Name] had diarrhea, how di",int8,"0=No, 1=Yes, 88=Don't know",3,0,0,0,0,0,907,0,,s13_11_2_smt_4 (2024),,
s13_11_2_smt_5_v2,"[2021..2021 version] During the last 2 weeks when [Name] had diarrhea, how di",int8,"0=No, 1=Yes, 88=Don't know",3,0,0,0,0,0,907,0,,s13_11_2_smt_5 (2024),,
s13_11_2_smt_6_v2,"[2021..2021 version] During the last 2 weeks when [Name] had diarrhea, how di",int8,"0=No, 1=Yes, 88=Don't know",3,0,0,0,0,0,907,0,,s13_11_2_smt_6 (2024),,
s13_11_2_smt_7_v2,"[2021..2021 version] During the last 2 weeks when [Name] had diarrhea, how di",int8,"0=No, 1=Yes, 88=Don't know",3,0,0,0,0,0,907,0,,s13_11_2_smt_7 (2024),,
s13_11_2_smt_8_v2,"[2021..2021 version] During the last 2 weeks when [Name] had diarrhea, how di",int8,"0=No, 1=Yes, 88=Don't know",3,0,0,0,0,0,907,0,,s13_11_2_smt_8 (2024),,
s13_11_2_smt_88_v2,"[2021..2021 version] During the last 2 weeks when [Name] had diarrhea, how di",int8,"0=No, 1=Yes, 88=Don't know",3,0,0,0,0,0,907,0,,s13_11_2_smt_88 (2024),,
s13_11_2_2,Please specify what other treatment wereâ€¦,string,,0,2059,7819,4601,4058,6736,5776,4715,,,,
s13_12,"S13_12 During last two weeks when [CHILD_NAME] was sick, did s/he see any health",int8,"0=None, 1=Staff at health facility, 2=Community health care worker, 3=Staff at Private hospital, 4=Traditional",5,0,0,0,0,0,3073,2780,,s13_12_v2 (2018),"2021: During last two weeks when [Name] was sick, did s/",
s13_13,S13_13 Does [CHILD_NAME] have his/her hands washed before eating/meal,int8,"0=No, 1=Yes, 88=Don't know",3,0,0,0,0,0,5160,4261,,s13_13_v2 (2018),2021: Does [Name] have his/her hands washed before eatin,
s13_14,S13_14 Did [CHILD_NAME] sleep under a mosquito net last night?,int8,"0=No, 1=Yes",2,0,0,0,0,0,5160,4261,,s13_14_v2 (2018),2021: Did [Name] sleep under a mosquito net last night?,
as13_15,AS13_15 Was [CHILD_NAME] breastfed yesterday during day or at night?,int8,"0=No, 1=Yes",2,0,0,0,0,0,2066,1896,,,2021: Was [Name] breastfed yesterday during day or at ni,
as13_15_2,AS13_15_2 Has [CHILD_NAME]ever been breastfed?,int8,"0=No, 1=Yes",2,0,0,0,0,0,110,110,,,2021: Has [Name]ever been breastfed?,
as13_15_2_1,. Why did you stop breastfeeding?,int8,"0=Stop breastfeeding because of Covid19 reasons, 1=Doctor/nurse told me to stop breastfeeding or not to start breastfeeding because of COVID-19, 2=A family member/friend told me to stop/not to BF because of COVID-19, 3=I heard on the radio/TV/read online that Covid is in breastmilk and not to breastfeed, 4=I heard on social media that Covid is in breastmilk and not to breastfeed …",8,0,0,0,0,0,100,0,,,,
as13_15_2_0,. Other reasons(Specify),string,,0,2059,7819,4601,4058,6736,5776,4715,,,,
as13_15_3,AS13_15_3 How long after birth did you first put [CHILD_NAME]to the breast after,int8,"1=Less than 1 hour, 2=Between 1 -23 hours, 3=24 hours or more, 4=Don't remember",4,0,0,0,0,0,2056,1890,,,2021: How long after birth did you first put [Name]to th,
bs13_15,"BS13_15 Yesterday, during the day or night, did [CHILD_NAME] drink Plain water",int8,"0=No, 1=Yes, 88=Don't know",3,0,0,0,0,0,2059,1896,,,"2021: Yesterday, during the day or night, did [Name] dri",
cs13_15,"CS13_15 Yesterday, during the day or night, did [CHILD_NAME] drink any drinks ma",int8,"0=No, 1=Yes, 88=Don't know",3,0,0,0,0,0,2065,1896,,,"2021: Yesterday, during the day or night, did [Name] dri",
cs13_15_2,CS13_15_2 How many times did [CHILD_NAME] consume this Infant formula,int8,,0,0,0,0,0,0,37,38,,,2021: How many times did [Name] consume this Infant form,
ds13_15,"DS13_15 Yesterday, during the day or night, did [CHILD_NAME] drink any Milk made",int8,"0=No, 1=Yes, 88=Don't know",3,0,0,0,0,0,2065,1896,,,"2021: Yesterday, during the day or night, did [Name] dri",
ds13_15_2,"DS13_15_2 How many times did [CHILD_NAME] consume Milk (tinned, powdered, fresh",int8,,0,0,0,0,0,0,262,231,,,"2021: How many times did [Name] consume Milk (tinned, po",
es13_15,"ES13_15 Yesterday, during the day or night, did [CHILD_NAME] drink any juice or",int8,"0=No, 1=Yes, 88=Don't know",3,0,0,0,0,0,2065,1896,,,"2021: Yesterday, during the day or night, did [Name] dri",
fs13_15,"FS13_15 Yesterday, during the day or night, did [CHILD_NAME] drink any clear bro",int8,"0=No, 1=Yes, 88=Don't know",3,0,0,0,0,0,2066,1896,,,"2021: Yesterday, during the day or night, did [Name] dri",
gs13_15,"GS13_15 Yesterday, during the day or night, did [CHILD_NAME] drink any sour milk",int8,"0=No, 1=Yes, 88=Don't know",3,0,0,0,0,0,2066,1896,,,"2021: Yesterday, during the day or night, did [Name] dri",
hs13_15,"HS13_15 Yesterday, during the day or night, did [CHILD_NAME] drink any fortified",int8,"0=No, 1=Yes, 88=Don't know",3,0,0,0,0,0,2061,1896,,,"2021: Yesterday, during the day or night, did [Name] dri",
hs13_15_2,HS13_15_2 How many times did [CHILD_NAME] consume FBF (shisha kibondo)?,int8,,0,0,0,0,0,0,278,218,,,2021: How many times did [Name] consume FBF (shisha kibo,
is13_15,"IS13_15 Yesterday, during the day or night, did [CHILD_NAME] drink any other FBF",int8,"0=No, 1=Yes, 88=Don't know",3,0,0,0,0,0,2066,1896,,,"2021: Yesterday, during the day or night, did [Name] dri",
js13_15,"JS13_15 Yesterday, during the day or night, did [CHILD_NAME] drink any thin porr",int8,"0=No, 1=Yes, 88=Don't know",3,0,0,0,0,0,2066,1896,,,"2021: Yesterday, during the day or night, did [Name] dri",
ks13_15,"KS13_15 Yesterday, during the day or night, did [CHILD_NAME] drinkTea or coffee",int8,"0=No, 1=Yes, 88=Don't know",3,0,0,0,0,0,2065,1896,,,"2021: Yesterday, during the day or night, did [Name] dri",
ls13_15,"LS13_15 Yesterday, during the day or night, did [CHILD_NAME] drink any other wat",int8,"0=No, 1=Yes, 88=Don't know",3,0,0,0,0,0,2065,1896,,,"2021: Yesterday, during the day or night, did [Name] dri",
ms13_15,"MS13_15 Yesterday, during the day or night, did [CHILD_NAME] drink anything from",int8,"0=No, 1=Yes, 88=Don't know",3,0,0,0,0,0,2064,1896,,,"2021: Yesterday, during the day or night, did [Name] dri",
ms13_15_1,Has your child's [Name] food consumption changed because of Covid19 pandemic?,int8,"1=Yes, increase consumption, 2=Yes, decrease consumption, 3=No change",3,0,0,0,0,0,2064,0,,,,
ms13_17,. Has the frequency of food consumption of your child [Name] changed because of,int8,"0=No, 1=Yes, more frequent, 2=Yes, less frequent, 3=Yes, but not because of Covid19, 88=Do not know",5,0,0,0,0,0,2064,0,,ms13_17_v2 (2018),,
as13_16,"AS13_16 Yesterday, during the day or night, did [child name] eat any Porridge, b",int8,"0=No, 1=Yes, 88=Don't know",3,0,0,0,0,0,1648,1442,,,"2021: Yesterday, during the day or night, did [child nam",
bs13_16,"BS13_16 Yesterday, during the day or night, did [child name] eat any White potat",int8,"0=No, 1=Yes, 88=Don't know",3,0,0,0,0,0,1648,1442,,,"2021: Yesterday, during the day or night, did [child nam",
bs13_16_1,"BS13_16_1 Yesterday, during the day or night, did [child name] eat any fats incl",int8,"0=No, 1=Yes, 88=Don't know",3,0,0,0,0,0,1648,1442,,,"2021: Yesterday, during the day or night, did [child nam",
cs13_16,"CS13_16 Yesterday, during the day or night, did [child name] eat any Legumes and",int8,"0=No, 1=Yes, 88=Don't know",3,0,0,0,0,0,1648,1442,,,"2021: Yesterday, during the day or night, did [child nam",
ds13_16,"DS13_16 Yesterday, during the day or night, did [child name] eat any Milk, Chees",int8,"0=No, 1=Yes, 88=Don't know",3,0,0,0,0,0,1648,1442,,,"2021: Yesterday, during the day or night, did [child nam",
es13_16,"ES13_16 Yesterday, during the day or night, did [child name] eat any Liver, kidn",int8,"0=No, 1=Yes, 88=Don't know",3,0,0,0,0,0,1648,1442,,,"2021: Yesterday, during the day or night, did [child nam",
fs13_16,"FS13_16 Yesterday, during the day or night, did [child name] eat any meat, such",int8,"0=No, 1=Yes, 88=Don't know",3,0,0,0,0,0,1648,1442,,,"2021: Yesterday, during the day or night, did [child nam",
gs13_16,"GS13_16 Yesterday, during the day or night, did [child name] eat any Fresh or dr",int8,"0=No, 1=Yes, 88=Don't know",3,0,0,0,0,0,1648,1442,,,"2021: Yesterday, during the day or night, did [child nam",
hs13_16,"HS13_16 Yesterday, during the day or night, did [child name] eat any Eggs",int8,"0=No, 1=Yes, 88=Don't know",3,0,0,0,0,0,1648,1442,,,"2021: Yesterday, during the day or night, did [child nam",
is13_16,"IS13_16 Yesterday, during the day or night, did [child name] eat any Vit A rich",int8,"0=No, 1=Yes, 88=Don't know",3,0,0,0,0,0,1648,1442,,,"2021: Yesterday, during the day or night, did [child nam",
js13_16,"JS13_16 Yesterday, during the day or night, did [child name] eat any dark green",int8,"0=No, 1=Yes, 88=Don't know",3,0,0,0,0,0,1648,1442,,,"2021: Yesterday, during the day or night, did [child nam",
ks13_16,"KS13_16 Yesterday, during the day or night, did [child name] eat any Ripe mangoe",int8,"0=No, 1=Yes, 88=Don't know",3,0,0,0,0,0,1648,1442,,,"2021: Yesterday, during the day or night, did [child nam",
ls13_16,"LS13_16 Yesterday, during the day or night, did [child name] eat any other fruit",int8,"0=No, 1=Yes, 88=Don't know",3,0,0,0,0,0,1648,1442,,,"2021: Yesterday, during the day or night, did [child nam",
ms13_16,"MS13_16 Yesterday, during the day or night, did [child name] eat any Foods made",int8,"0=No, 1=Yes, 88=Don't know",3,0,0,0,0,0,1648,1442,,,"2021: Yesterday, during the day or night, did [child nam",
ns13_16,"NS13_16 Yesterday, during the day or night, did [child name] eat any shisha kibo",int8,"0=No, 1=Yes, 88=Don't know",3,0,0,0,0,0,1368,1224,,,"2021: Yesterday, during the day or night, did [child nam",
os13_16,"OS13_16 Yesterday, during the day or night, did [child name] eat any other FBF (",int8,"0=No, 1=Yes, 88=Don't know",3,0,0,0,0,0,1648,1442,,,"2021: Yesterday, during the day or night, did [child nam",
ps13_16,"PS13_16 Yesterday, during the day or night, did [child name] eat any RUTF (e.g.",int8,"0=No, 1=Yes, 88=Don't know",3,0,0,0,0,0,1648,1442,,,"2021: Yesterday, during the day or night, did [child nam",
qs13_16,"QS13_16 Yesterday, during the day or night, did [child name] eat any bio-fortied",int8,"0=No, 1=Yes, 88=Don't know",3,0,0,0,0,0,1648,1442,,,"2021: Yesterday, during the day or night, did [child nam",
rs13_16,"RS13_16 Yesterday, during the day or night, did [child name] eat any food to whi",int8,"0=No, 1=Yes, 88=Don't know",3,0,0,0,0,0,1648,374,,,"2021: Yesterday, during the day or night, did [child nam",
s13_17,"S13_17 Yesteday, during day or night how many times did [child name] eat solid,",int8,"0=No, 1=Yes, 88=Don't know",3,0,0,0,0,0,1648,1442,,,"2021: Yesteday, during day or night how many times did [",
s13_18,S13_18 Is [child name] enrolled in Shisha Kibondo?,int8,"0=No, 1=Yes, 88=Don't know",3,0,0,0,0,0,1648,1442,,,2021: Is [child name] enrolled in Shisha Kibondo?,
s13_19,S13_19 Is [child name] enrolled in any supplementary feeding programme?,int8,"0=No, 1=Yes, 88=Don't know",3,0,0,0,0,0,1648,1442,,,2021: Is [child name] enrolled in any supplementary feed,
s13_19_2,"S13_19_2 If any, which supplementary feeding programme?",int8,"1=(non-hospitalized) Therapeutic feeding, 2=(hospitalized, inpatient) Therapeutic feeding, 3=Supplementary feeding",3,0,0,0,0,0,176,144,,,"2021: If any, which supplementary feeding programme?",
s13_20,S13_20 Does [child name] present any disability preventing him or her from being,string,,0,2059,7819,4601,4058,6736,5776,4715,,,2021: Does [child name] present any disability preventin,
s13_20_smt_0_v2,[2021..2021 version] Does [child name] present any disability preventing him,int8,"0=No, 1=Yes, 88=Don't know",3,0,0,0,0,0,5160,0,,s13_20_smt_0 (2024),,
s13_20_smt_1_v2,[2021..2021 version] Does [child name] present any disability preventing him,int8,"0=No, 1=Yes, 88=Don't know",3,0,0,0,0,0,5160,0,,s13_20_smt_1 (2024),,
s13_20_smt_2_v2,[2021..2021 version] Does [child name] present any disability preventing him,int8,"0=No, 1=Yes, 88=Don't know",3,0,0,0,0,0,5160,0,,s13_20_smt_2 (2024),,
s13_20_smt_3_v2,[2021..2021 version] Does [child name] present any disability preventing him,int8,"0=No, 1=Yes, 88=Don't know",3,0,0,0,0,0,5160,0,,s13_20_smt_3 (2024),,
s13_20_smt_4_v2,[2021..2021 version] Does [child name] present any disability preventing him,int8,"0=No, 1=Yes, 88=Don't know",3,0,0,0,0,0,5160,0,,s13_20_smt_4 (2024),,
oedema,oedema Does [child name] present bilateral pitting (edema)?,int8,"0=No, 1=Yes",2,0,0,0,0,0,5156,4261,,,2021: Does [child name] present bilateral pitting (edema,
waz,Weight for Age Z-Score,double,,0,0,0,0,0,0,5150,0,,,,
haz,Height for Age Z-Score,double,,0,0,0,0,0,0,5137,0,,,,
whz,Weight for Height Z-Score,double,,0,0,0,0,0,0,5134,0,,,,
wasting,wasted Wasting results,int8,"0=Normal, 1=Moderately wasted, 2=Severely wasted",3,0,0,0,0,0,5137,4261,,,2021: Wasting,
stunting,stunted Stunting results,int8,"0=Normal, 1=Moderately stunted, 2=Severely stunted",3,0,0,0,0,0,5137,4261,,,2021: Stunting,
today,today,double,,0,0,0,0,0,0,5776,0,,,,
hhchildatebeans,,int8,"0=No, 1=Yes",2,0,0,0,0,0,5776,0,,,,
hhwomenatebeans,,int8,"0=No, 1=Yes",2,0,0,0,0,0,5776,0,,,,
hhchildatemilk,,int8,"0=No, 1=Yes",2,0,0,0,0,0,5776,0,,,,
hhchildatemeat,,int8,"0=No, 1=Yes",2,0,0,0,0,0,5776,0,,,,
hhchildatevegetables,,int8,"0=No, 1=Yes",2,0,0,0,0,0,5776,0,,,,
hhchildateoil,,int8,"0=No, 1=Yes",2,0,0,0,0,0,5776,0,,,,
hhwomenatenuts,,int8,"0=No, 1=Yes",2,0,0,0,0,0,5776,0,,,,
hhwomenatemilk,,int8,"0=No, 1=Yes",2,0,0,0,0,0,5776,0,,,,
hhwomenatemeat,,int8,"0=No, 1=Yes",2,0,0,0,0,0,5776,0,,,,
hhwomenatevegetables,,int8,"0=No, 1=Yes",2,0,0,0,0,0,5776,0,,,,
hhwomenatefruits,,int8,"0=No, 1=Yes",2,0,0,0,0,0,5776,0,,,,
age_cat_child1,,int8,"1=<6 months, 2=6-11 months, 3=12-17 months, 4=18-23 months, 5=24-29 months …",10,0,0,0,0,0,5776,0,,,,
age_cat_child2,,int8,"1=<6, 2=6 to 8, 3=9 to 11, 4=12 to 17, 5=18 to 23 …",8,0,0,0,0,0,5776,0,,,,
age_cat_child3,,int8,"1=<6, 2=6 to 11, 3=12 to 23, 4=24 to 35, 5=36 to 47 …",6,0,0,0,0,0,5776,0,,,,
foodsecure,FoodSecure,int8,"1=Food Secure, 2=Food Insecure",2,0,0,0,0,0,5776,0,,,,
globstunting,Global_Stunting,int8,"0=Normal, 1=Stunted",2,0,0,0,0,0,5137,0,,,,
fs_stunting,FS_Stunting,int8,"0=FoodSecure_NoStunted, 1=FoodSecure_Stunted, 2=FoodInsec_NoStunted, 3=FoodInsec_Stunted",4,0,0,0,0,0,5137,0,,,,
sam,SAM,int8,"0=No SAM, 1=SAM",2,0,0,0,0,0,5776,0,,,,
childrenunder5,,int8,,0,0,0,0,0,0,5776,0,,,,
muac_cat,MUAC_Cat,int8,"1=Normal, 2=MAM, 3=SAM",3,0,0,0,0,0,5156,0,,muac_cat_v2 (2018),,
wasting_final,Wasting_final,int8,"0=Normal, 2=MAM, 3=SAM",3,0,0,0,0,0,5156,0,,,,
globalwasting,Global_Wasting,int8,"0=Normal, 1=Global Acute Malnutrition",2,0,0,0,0,0,5156,0,,,,
food_shortage,,int8,"0=No, 1=Yes",2,0,0,0,0,0,5776,0,,,,
s13_04_01,S13_04_01 Does [CHILD_NAME] present any chronic conditions desease confirmed by,int8,"0=No, 1=Yes",2,0,0,0,0,0,0,4715,,,,
s13_04_01_1,"S13_04_01_1 If yes, what are these chronic conditions?",int8,,0,0,0,0,0,0,0,37,,,,
s13_04_01_1_smt_1,S13_04_01_1/Diabetes,int8,"0=No, 1=Yes",2,0,0,0,0,0,0,37,,,,
s13_04_01_1_smt_2,"S13_04_01_1/Cardiac diseases (High blood pressure, heart disease, high blood lip",int8,"0=No, 1=Yes",2,0,0,0,0,0,0,37,,,,
s13_04_01_1_smt_3,S13_04_01_1/Cancer,int8,"0=No, 1=Yes",2,0,0,0,0,0,0,37,,,,
s13_04_01_1_smt_4,"S13_04_01_1/Acquired Neurodegenerative disorders (Alzheimer, Epilepsy, Motor neu",int8,"0=No, 1=Yes",2,0,0,0,0,0,0,37,,,,
s13_04_01_1_smt_5,S13_04_01_1/Obesity,int8,"0=No, 1=Yes",2,0,0,0,0,0,0,37,,,,
s13_04_01_1_smt_6,S13_04_01_1/Lung disease,int8,"0=No, 1=Yes",2,0,0,0,0,0,0,37,,,,
s13_04_01_1_smt_7,S13_04_01_1/Osteoarthritis,int8,"0=No, 1=Yes",2,0,0,0,0,0,0,37,,,,
s13_04_01_1_smt_8,S13_04_01_1/Depression,int8,"0=No, 1=Yes",2,0,0,0,0,0,0,37,,,,
s13_04_01_1_smt_9,S13_04_01_1/Dementia,int8,"0=No, 1=Yes",2,0,0,0,0,0,0,37,,,,
s13_04_01_1_smt_21,S13_04_01_1/Others,int8,"0=No, 1=Yes",2,0,0,0,0,0,0,37,,,,
s13_11_2_smt_1,S13_11_2/Was given more drinks,int8,"0=No, 1=Yes",2,0,0,0,0,0,0,778,,s13_11_2_smt_1_v2 (2021),,
s13_11_2_smt_2,S13_11_2/Was given more food,int8,"0=No, 1=Yes",2,0,0,0,0,0,0,778,,s13_11_2_smt_2_v2 (2021),,
s13_11_2_smt_3,S13_11_2/Was frequently breastfed,int8,"0=No, 1=Yes",2,0,0,0,0,0,0,778,,s13_11_2_smt_3_v2 (2021),,
s13_11_2_smt_4,S13_11_2/Was given clean safe drinking water,int8,"0=No, 1=Yes",2,0,0,0,0,0,0,778,,s13_11_2_smt_4_v2 (2021),,
s13_11_2_smt_5,S13_11_2/Was given RUTF,int8,"0=No, 1=Yes",2,0,0,0,0,0,0,778,,s13_11_2_smt_5_v2 (2021),,
s13_11_2_smt_6,S13_11_2/Was given homemade or packaged (ReSoMal) oral rehidration salts,int8,"0=No, 1=Yes",2,0,0,0,0,0,0,778,,s13_11_2_smt_6_v2 (2021),,
s13_11_2_smt_7,S13_11_2/Was zinc supplement given along with the home or packaged oral rehidrat,int8,"0=No, 1=Yes",2,0,0,0,0,0,0,778,,s13_11_2_smt_7_v2 (2021),,
s13_11_2_smt_8,S13_11_2/Was given other diarrhea treatment,int8,"0=No, 1=Yes",2,0,0,0,0,0,0,778,,s13_11_2_smt_8_v2 (2021),,
s13_11_2_smt_88,S13_11_2/Nothing was done,int8,"0=No, 1=Yes",2,0,0,0,0,0,0,778,,s13_11_2_smt_88_v2 (2021),,
s13_11_1,S13_11_1 Has [CHILD_NAME] had illness with mounth during last two weeks?,int8,"0=No, 1=Yes, 88=Don't know",3,0,0,0,0,0,0,4261,,,,
s13_11_1_1_smt_1,S13_11_1_1/Pain in teeth,int8,"0=No, 1=Yes",2,0,0,0,0,0,0,174,,,,
s13_11_1_1_smt_2,S13_11_1_1/discolored teeth,int8,"0=No, 1=Yes",2,0,0,0,0,0,0,174,,,,
s13_11_1_1_smt_3,S13_11_1_1/Crooked teeth,int8,"0=No, 1=Yes",2,0,0,0,0,0,0,174,,,,
s13_11_1_1_smt_4,S13_11_1_1/bad breath,int8,"0=No, 1=Yes",2,0,0,0,0,0,0,174,,,,
s13_11_1_1_smt_5,S13_11_1_1/bleeding gums,int8,"0=No, 1=Yes",2,0,0,0,0,0,0,174,,,,
s13_11_1_1_smt_0,S13_11_1_1/Other,int8,"0=No, 1=Yes",2,0,0,0,0,0,0,174,,,,
s13_13_1,S13_13 What did [CHILD_NAME] use to wash hand,int8,"1=Soap, 2=Water only",2,0,0,0,0,0,0,3759,,,,
rs13_16_0,"RS13_16_0 Is the [child name] ernolled in ""Ongera""Micronutrient powder or sprink",int8,"0=No, 1=Yes, 88=Don't know",3,0,0,0,0,0,0,1172,,,,
rs13_16_1,"RS13_16_1 During the last 7 days, how many time [child name] ate Ongera products",int8,,0,0,0,0,0,0,0,104,,,,
s13_20_smt_0,S13_20/None,int8,"0=No, 1=Yes",2,0,0,0,0,0,0,4261,,s13_20_smt_0_v2 (2021),,
s13_20_smt_1,S13_20/Can't measure Odema,int8,"0=No, 1=Yes",2,0,0,0,0,0,0,4261,,s13_20_smt_1_v2 (2021),,
s13_20_smt_2,S13_20/Can't measure weight,int8,"0=No, 1=Yes",2,0,0,0,0,0,0,4261,,s13_20_smt_2_v2 (2021),,
s13_20_smt_3,S13_20/Can't measure height,int8,"0=No, 1=Yes",2,0,0,0,0,0,0,4261,,s13_20_smt_3_v2 (2021),,
s13_20_smt_4,S13_20/Can't measure MUAC,int8,"0=No, 1=Yes",2,0,0,0,0,0,0,4261,,s13_20_smt_4_v2 (2021),,
