20:53:47 01_clean INFO ==== 01_clean | run 20260906-205346 | python 3.13.5 | pandas 2.2.3 | pyreadstat 1.3.4
20:53:47 01_clean INFO ================ 2006 ================
20:53:47 01_clean INFO 2006: 212 of 813 panel rows, 356 columns after stripping the wave prefixes
20:53:47 01_clean INFO 2006: 2 columns dropped, not asked in this round
20:53:47 01_clean INFO destring g5bx (56 values)
20:53:47 01_clean INFO destring c7fx (59 values)
20:53:47 01_clean INFO destring k3j2x (212 values)
20:53:47 01_clean INFO PASS  row count unchanged (212)
20:53:47 01_clean INFO PASS  212 establishments == the implementation report's 212
20:53:47 01_clean INFO PASS  World Bank firm id unique
20:53:47 01_clean INFO PASS  2006: no sampling weight in the World Bank panel file (declared limitation, see the README)
20:53:47 01_clean INFO 2006: 212 establishments x 356 variables | weighted universe (strict) = not shipped for this round
20:53:47 01_clean INFO all hard checks passed (0 soft warnings)
20:53:47 01_clean WARNING wave:2006: variable 'survey' not in variable_names.csv -> named 'wbes_source_survey'
20:53:47 01_clean WARNING wave:2006: variable 'year' not in variable_names.csv -> named 'wbes_survey_year'
20:53:47 01_clean WARNING wave:2006: variable 'wave' not in variable_names.csv -> named 'wbes_round'
20:53:47 01_clean WARNING wave:2006: variable 'idstd' not in variable_names.csv -> named 'wbes_world_bank_standard_firm'
20:53:47 01_clean WARNING wave:2006: variable 'panelid' not in variable_names.csv -> named 'wbes_firm_identifier_shared'
20:53:47 01_clean WARNING wave:2006: variable 'panel' not in variable_names.csv -> named 'wbes_rounds_firm_interviewed'
20:53:47 01_clean WARNING wave:2006: variable 'a3a' not in variable_names.csv -> named 'wbes_region_establishment'
20:53:47 01_clean WARNING wave:2006: variable 'a6a' not in variable_names.csv -> named 'wbes_sampling_size_class'
20:53:47 01_clean WARNING wave:2006: variable 'a6b' not in variable_names.csv -> named 'wbes_screener_size_class'
20:53:47 01_clean WARNING wave:2006: variable 'strata' not in variable_names.csv -> named 'wbes_sampling_stratum_industry'
20:53:47 01_clean WARNING wave:2006: variable 'wstrict' not in variable_names.csv -> named 'wbes_sampling_weight_strict'
20:53:47 01_clean WARNING wave:2006: variable 'wmedian' not in variable_names.csv -> named 'wbes_sampling_weight_median'
20:53:47 01_clean WARNING wave:2006: variable 'wweak' not in variable_names.csv -> named 'wbes_sampling_weight_weak'
20:53:47 01_clean WARNING wave:2006: variable 'eligibility2019' not in variable_names.csv -> named 'wbes_eligibility_firm_2019'
20:53:47 01_clean WARNING wave:2006: variable 'status2019' not in variable_names.csv -> named 'wbes_status_firm_2019'
20:53:47 01_clean WARNING wave:2006: variable 'eligibility2011' not in variable_names.csv -> named 'wbes_eligibility_firm_2011'
20:53:47 01_clean WARNING wave:2006: variable 'status2011' not in variable_names.csv -> named 'wbes_status_firm_2011'
20:53:47 01_clean WARNING wave:2006: variable 'a1' not in variable_names.csv -> named 'wbes_country_1'
20:53:47 01_clean WARNING wave:2006: variable 'a14d' not in variable_names.csv -> named 'wbes_day_14d'
20:53:47 01_clean WARNING wave:2006: variable 'a14h' not in variable_names.csv -> named 'wbes_hour_14h'
20:53:47 01_clean WARNING wave:2006: variable 'a14m' not in variable_names.csv -> named 'wbes_month_14m'
20:53:47 01_clean WARNING wave:2006: variable 'a14min' not in variable_names.csv -> named 'wbes_minutes'
20:53:47 01_clean WARNING wave:2006: variable 'a15d' not in variable_names.csv -> named 'wbes_day_15d'
20:53:47 01_clean WARNING wave:2006: variable 'a15h' not in variable_names.csv -> named 'wbes_hour_15h'
20:53:47 01_clean WARNING wave:2006: variable 'a15m' not in variable_names.csv -> named 'wbes_month_15m'
20:53:47 01_clean WARNING wave:2006: variable 'a15min' not in variable_names.csv -> named 'wbes_minutes_a15min'
20:53:47 01_clean WARNING wave:2006: variable 'a16' not in variable_names.csv -> named 'wbes_perception_questions'
20:53:47 01_clean WARNING wave:2006: variable 'a17' not in variable_names.csv -> named 'wbes_responses_questions_figures'
20:53:47 01_clean WARNING wave:2006: variable 'a18' not in variable_names.csv -> named 'wbes_questionnaire_completed'
20:53:47 01_clean WARNING wave:2006: variable 'a19h' not in variable_names.csv -> named 'wbes_option2_estimate_hours'
20:53:47 01_clean WARNING wave:2006: variable 'a19m' not in variable_names.csv -> named 'wbes_option2_estimate_minutes'
20:53:47 01_clean WARNING wave:2006: variable 'a7' not in variable_names.csv -> named 'wbes_estab_part_multi_estab_firm'
20:53:47 01_clean WARNING wave:2006: variable 'b2a' not in variable_names.csv -> named 'wbes_owned_private_domestic'
20:53:47 01_clean WARNING wave:2006: variable 'b2b' not in variable_names.csv -> named 'wbes_owned_private_foreign'
20:53:47 01_clean WARNING wave:2006: variable 'b2c' not in variable_names.csv -> named 'wbes_owned_government'
20:53:47 01_clean WARNING wave:2006: variable 'b2d' not in variable_names.csv -> named 'wbes_owned_other'
20:53:47 01_clean WARNING wave:2006: variable 'c8' not in variable_names.csv -> named 'wbes_c8'
20:53:47 01_clean WARNING wave:2006: variable 'c10' not in variable_names.csv -> named 'wbes_generator_shared_owned'
20:53:47 01_clean WARNING wave:2006: variable 'c11' not in variable_names.csv -> named 'wbes_electricity_generator_owned'
20:53:47 01_clean WARNING wave:2006: variable 'c12' not in variable_names.csv -> named 'wbes_application_obtain_water'
20:53:47 01_clean WARNING wave:2006: variable 'c13' not in variable_names.csv -> named 'wbes_days_obtain_water'
20:53:47 01_clean WARNING wave:2006: variable 'c14' not in variable_names.csv -> named 'wbes_applied_water_connection'
20:53:47 01_clean WARNING wave:2006: variable 'c15' not in variable_names.csv -> named 'wbes_experience_insufficient'
20:53:47 01_clean WARNING wave:2006: variable 'c16' not in variable_names.csv -> named 'wbes_frequency_incidents_water'
20:53:47 01_clean WARNING wave:2006: variable 'c17' not in variable_names.csv -> named 'wbes_avg_length_water_shortages'
20:53:47 01_clean WARNING wave:2006: variable 'c22b' not in variable_names.csv -> named 'wbes_establishment_own_website'
20:53:47 01_clean WARNING wave:2006: variable 'c3' not in variable_names.csv -> named 'wbes_application_obtain_3'
20:53:47 01_clean WARNING wave:2006: variable 'c30a' not in variable_names.csv -> named 'wbes_obstacle_electricity'
20:53:47 01_clean WARNING wave:2006: variable 'c4' not in variable_names.csv -> named 'wbes_days_receive_electrical'
20:53:47 01_clean WARNING wave:2006: variable 'c5' not in variable_names.csv -> named 'wbes_informal_gift_electrical'
20:53:47 01_clean WARNING wave:2006: variable 'c6' not in variable_names.csv -> named 'wbes_fy_estab_experience_power'
20:53:47 01_clean WARNING wave:2006: variable 'c7' not in variable_names.csv -> named 'wbes_power_outages_experienced'
20:53:47 01_clean WARNING wave:2006: variable 'c9a' not in variable_names.csv -> named 'wbes_fy_losses_annual_sales_due'
20:53:47 01_clean WARNING wave:2006: variable 'c9b' not in variable_names.csv -> named 'wbes_fy_value_losses_due_power'
20:53:47 01_clean WARNING wave:2006: variable 'd12a' not in variable_names.csv -> named 'wbes_material_inputs_domestic'
20:53:47 01_clean WARNING wave:2006: variable 'd12b' not in variable_names.csv -> named 'wbes_material_inputs_foreign'
20:53:47 01_clean WARNING wave:2006: variable 'd13' not in variable_names.csv -> named 'wbes_material_inputs_imported'
20:53:47 01_clean WARNING wave:2006: variable 'd14' not in variable_names.csv -> named 'wbes_avg_num_days_imported_goods'
20:53:47 01_clean WARNING wave:2006: variable 'd1a2' not in variable_names.csv -> named 'wbes_product_service_isic_rev'
20:53:47 01_clean WARNING wave:2006: variable 'd1a3' not in variable_names.csv -> named 'wbes_product_svc_pct_annual'
20:53:47 01_clean WARNING wave:2006: variable 'd2' not in variable_names.csv -> named 'wbes_fiscal_year'
20:53:47 01_clean WARNING wave:2006: variable 'd30a' not in variable_names.csv -> named 'wbes_obstacle_transport'
20:53:47 01_clean WARNING wave:2006: variable 'd30b' not in variable_names.csv -> named 'wbes_obstacle_customs_trade'
20:53:47 01_clean WARNING wave:2006: variable 'd3a' not in variable_names.csv -> named 'wbes_sales_national_sales'
20:53:47 01_clean WARNING wave:2006: variable 'd3b' not in variable_names.csv -> named 'wbes_o_sales_indirect_exports'
20:53:47 01_clean WARNING wave:2006: variable 'd3c' not in variable_names.csv -> named 'wbes_sales_direct_exports'
20:53:47 01_clean WARNING wave:2006: variable 'd4' not in variable_names.csv -> named 'wbes_fy_avg_num_days_exported'
20:53:47 01_clean WARNING wave:2006: variable 'e6' not in variable_names.csv -> named 'wbes_use_technology_licensed'
20:53:47 01_clean WARNING wave:2006: variable 'g2' not in variable_names.csv -> named 'wbes_applic_obtain_construction'
20:53:47 01_clean WARNING wave:2006: variable 'g3' not in variable_names.csv -> named 'wbes_days_obtain_construction'
20:53:47 01_clean WARNING wave:2006: variable 'g30a' not in variable_names.csv -> named 'wbes_obstacle_access_land'
20:53:47 01_clean WARNING wave:2006: variable 'g4' not in variable_names.csv -> named 'wbes_informal_gift_construction'
20:53:47 01_clean WARNING wave:2006: variable 'h1' not in variable_names.csv -> named 'wbes_new_products_svc_introduced'
20:53:47 01_clean WARNING wave:2006: variable 'h30' not in variable_names.csv -> named 'wbes_obstacle_courts'
20:53:47 01_clean WARNING wave:2006: variable 'i1' not in variable_names.csv -> named 'wbes_fy_estab_pay_security'
20:53:47 01_clean WARNING wave:2006: variable 'i2a' not in variable_names.csv -> named 'wbes_annual_percentage_security'
20:53:47 01_clean WARNING wave:2006: variable 'i2b' not in variable_names.csv -> named 'wbes_fiscal_year_annual_cost'
20:53:47 01_clean WARNING wave:2006: variable 'i3' not in variable_names.csv -> named 'wbes_losses_due_experienced'
20:53:47 01_clean WARNING wave:2006: variable 'i30' not in variable_names.csv -> named 'wbes_obstacle_crime_theft'
20:53:47 01_clean WARNING wave:2006: variable 'i4a' not in variable_names.csv -> named 'wbes_losses_due_fy_sales'
20:53:47 01_clean WARNING wave:2006: variable 'i4b' not in variable_names.csv -> named 'wbes_value_losses_due_theft'
20:53:47 01_clean WARNING wave:2006: variable 'j10' not in variable_names.csv -> named 'wbes_application_obtain_import'
20:53:47 01_clean WARNING wave:2006: variable 'j11' not in variable_names.csv -> named 'wbes_days_obtain_import_license'
20:53:47 01_clean WARNING wave:2006: variable 'j12' not in variable_names.csv -> named 'wbes_applied_import_license'
20:53:47 01_clean WARNING wave:2006: variable 'j13' not in variable_names.csv -> named 'wbes_application_obtain_13'
20:53:47 01_clean WARNING wave:2006: variable 'j14' not in variable_names.csv -> named 'wbes_days_obtain_operating'
20:53:47 01_clean WARNING wave:2006: variable 'j15' not in variable_names.csv -> named 'wbes_applied_operating_license'
20:53:47 01_clean WARNING wave:2006: variable 'j3' not in variable_names.csv -> named 'wbes_estab_inspected_tax'
20:53:47 01_clean WARNING wave:2006: variable 'j30a' not in variable_names.csv -> named 'wbes_obstacle_tax_rates'
20:53:47 01_clean WARNING wave:2006: variable 'j30b' not in variable_names.csv -> named 'wbes_obstacle_tax'
20:53:47 01_clean WARNING wave:2006: variable 'j30c' not in variable_names.csv -> named 'wbes_obstacle_biz_licensing'
20:53:47 01_clean WARNING wave:2006: variable 'j30e' not in variable_names.csv -> named 'wbes_obstacle_political'
20:53:47 01_clean WARNING wave:2006: variable 'j30f' not in variable_names.csv -> named 'wbes_obstacle_corruption'
20:53:47 01_clean WARNING wave:2006: variable 'j4' not in variable_names.csv -> named 'wbes_frequency_inspections'
20:53:47 01_clean WARNING wave:2006: variable 'j5' not in variable_names.csv -> named 'wbes_inspections_gift_informal'
20:53:47 01_clean WARNING wave:2006: variable 'j6' not in variable_names.csv -> named 'wbes_value_avg_estab_country'
20:53:47 01_clean WARNING wave:2006: variable 'j7a' not in variable_names.csv -> named 'wbes_annual_pct_informal'
20:53:47 01_clean WARNING wave:2006: variable 'j7b' not in variable_names.csv -> named 'wbes_annual_informal_payment'
20:53:47 01_clean WARNING wave:2006: variable 'k10' not in variable_names.csv -> named 'wbes_year_recent_loan_line'
20:53:47 01_clean WARNING wave:2006: variable 'k11' not in variable_names.csv -> named 'wbes_recent_loan_value_time'
20:53:47 01_clean WARNING wave:2006: variable 'k13' not in variable_names.csv -> named 'wbes_financing_required_recent'
20:53:47 01_clean WARNING wave:2006: variable 'k14a' not in variable_names.csv -> named 'wbes_collateral_land_buildings'
20:53:47 01_clean WARNING wave:2006: variable 'k14b' not in variable_names.csv -> named 'wbes_type_collateral_equipment'
20:53:47 01_clean WARNING wave:2006: variable 'k14c' not in variable_names.csv -> named 'wbes_type_collateral_accounts'
20:53:47 01_clean WARNING wave:2006: variable 'k14d' not in variable_names.csv -> named 'wbes_collateral_personal_assets'
20:53:47 01_clean WARNING wave:2006: variable 'k14e' not in variable_names.csv -> named 'wbes_type_collateral_other'
20:53:47 01_clean WARNING wave:2006: variable 'k15a' not in variable_names.csv -> named 'wbes_value_collateral_required'
20:53:47 01_clean WARNING wave:2006: variable 'k16' not in variable_names.csv -> named 'wbes_fy_estab_apply_new_loans'
20:53:47 01_clean WARNING wave:2006: variable 'k17' not in variable_names.csv -> named 'wbes_reason_not_applying_new'
20:53:47 01_clean WARNING wave:2006: variable 'k30' not in variable_names.csv -> named 'wbes_obstacle_access_finance'
20:53:47 01_clean WARNING wave:2006: variable 'k3a' not in variable_names.csv -> named 'wbes_working_capital_internal'
20:53:47 01_clean WARNING wave:2006: variable 'k3bc' not in variable_names.csv -> named 'wbes_working_capital_banks'
20:53:47 01_clean WARNING wave:2006: variable 'k3e' not in variable_names.csv -> named 'wbes_working_capital_non_bank'
20:53:47 01_clean WARNING wave:2006: variable 'k3f' not in variable_names.csv -> named 'wbes_working_capital_bought'
20:53:47 01_clean WARNING wave:2006: variable 'k3hd' not in variable_names.csv -> named 'wbes_working_capital_money'
20:53:47 01_clean WARNING wave:2006: variable 'k4' not in variable_names.csv -> named 'wbes_estab_purchase_fixed_assets'
20:53:47 01_clean WARNING wave:2006: variable 'k5a' not in variable_names.csv -> named 'wbes_fy_internal_funds_retained'
20:53:47 01_clean WARNING wave:2006: variable 'k5bc' not in variable_names.csv -> named 'wbes_fy_fixed_assets_funded_bank'
20:53:47 01_clean WARNING wave:2006: variable 'k5e' not in variable_names.csv -> named 'wbes_fy_fixed_assets_funded_non'
20:53:47 01_clean WARNING wave:2006: variable 'k5f' not in variable_names.csv -> named 'wbes_fy_credit_suppliers'
20:53:47 01_clean WARNING wave:2006: variable 'k5hdj' not in variable_names.csv -> named 'wbes_last_fy_other_money_lenders'
20:53:47 01_clean WARNING wave:2006: variable 'k5i' not in variable_names.csv -> named 'wbes_fy_ownersatm_contributions'
20:53:47 01_clean WARNING wave:2006: variable 'k7' not in variable_names.csv -> named 'wbes_time_estab_overdraft'
20:53:47 01_clean WARNING wave:2006: variable 'k8' not in variable_names.csv -> named 'wbes_estab_line_credit_loan'
20:53:47 01_clean WARNING wave:2006: variable 'k9' not in variable_names.csv -> named 'wbes_financial_institution'
20:53:47 01_clean WARNING wave:2006: variable 'l1' not in variable_names.csv -> named 'wbes_num_permanent_employees_end'
20:53:47 01_clean WARNING wave:2006: variable 'l10' not in variable_names.csv -> named 'wbes_formal_training_programs'
20:53:47 01_clean WARNING wave:2006: variable 'l2' not in variable_names.csv -> named 'wbes_num_permanent_emps_end'
20:53:47 01_clean WARNING wave:2006: variable 'l30a' not in variable_names.csv -> named 'wbes_obstacle_labor_regulations'
20:53:47 01_clean WARNING wave:2006: variable 'l30b' not in variable_names.csv -> named 'wbes_obstacle_inadequately'
20:53:47 01_clean WARNING wave:2006: variable 'l5' not in variable_names.csv -> named 'wbes_num_full_female'
20:53:47 01_clean WARNING wave:2006: variable 'l6' not in variable_names.csv -> named 'wbes_num_full_time_temporary'
20:53:47 01_clean WARNING wave:2006: variable 'l6a' not in variable_names.csv -> named 'wbes_female_temporary_full_time'
20:53:47 01_clean WARNING wave:2006: variable 'l8' not in variable_names.csv -> named 'wbes_avg_length_employ_full_time'
20:53:47 01_clean WARNING wave:2006: variable 'n2a' not in variable_names.csv -> named 'wbes_labor_cost_incl_wages'
20:53:47 01_clean WARNING wave:2006: variable 'n2b' not in variable_names.csv -> named 'wbes_annual_costs_electricity'
20:53:47 01_clean WARNING wave:2006: variable 'n2e' not in variable_names.csv -> named 'wbes_cost_raw_materials'
20:53:47 01_clean WARNING wave:2006: variable 'n3' not in variable_names.csv -> named 'wbes_establishment_sales_years'
20:53:47 01_clean WARNING wave:2006: variable 'afb3b' not in variable_names.csv -> named 'wbes_largest_owner_female'
20:53:47 01_clean WARNING wave:2006: variable 'afb4a1' not in variable_names.csv -> named 'wbes_african_nationality_largest'
20:53:47 01_clean WARNING wave:2006: variable 'afb4a4' not in variable_names.csv -> named 'wbes_asian_nationality'
20:53:47 01_clean WARNING wave:2006: variable 'afb7a' not in variable_names.csv -> named 'wbes_highest_educ_top_manager'
20:53:47 01_clean WARNING wave:2006: variable 'c19' not in variable_names.csv -> named 'wbes_application_obtain_19'
20:53:47 01_clean WARNING wave:2006: variable 'c20' not in variable_names.csv -> named 'wbes_days_receive_telephone'
20:53:47 01_clean WARNING wave:2006: variable 'c21' not in variable_names.csv -> named 'wbes_applied_tele_connection'
20:53:47 01_clean WARNING wave:2006: variable 'c22a' not in variable_names.csv -> named 'wbes_communicate_clients_mail'
20:53:47 01_clean WARNING wave:2006: variable 'c30b' not in variable_names.csv -> named 'wbes_obstacle_telecommunications'
20:53:47 01_clean WARNING wave:2006: variable 'afd3f' not in variable_names.csv -> named 'wbes_export_revenue_neighboring'
20:53:47 01_clean WARNING wave:2006: variable 'afd3g' not in variable_names.csv -> named 'wbes_export_revenue_developed'
20:53:47 01_clean WARNING wave:2006: variable 'afd3h' not in variable_names.csv -> named 'wbes_export_revenue_other'
20:53:47 01_clean WARNING wave:2006: variable 'afd5a' not in variable_names.csv -> named 'wbes_clearing_costs_avg'
20:53:47 01_clean WARNING wave:2006: variable 'afd5b' not in variable_names.csv -> named 'wbes_consignments_handled'
20:53:47 01_clean WARNING wave:2006: variable 'afd5c' not in variable_names.csv -> named 'wbes_consignments_physically'
20:53:47 01_clean WARNING wave:2006: variable 'd6' not in variable_names.csv -> named 'wbes_fy_export_losses_due_theft'
20:53:47 01_clean WARNING wave:2006: variable 'd7' not in variable_names.csv -> named 'wbes_fy_export_losses_due'
20:53:47 01_clean WARNING wave:2006: variable 'afd7a1' not in variable_names.csv -> named 'wbes_benefit_suspension'
20:53:47 01_clean WARNING wave:2006: variable 'afd7a2' not in variable_names.csv -> named 'wbes_benefit_profit_tax'
20:53:47 01_clean WARNING wave:2006: variable 'afd7a3' not in variable_names.csv -> named 'wbes_benefit_vat_reimbursement'
20:53:47 01_clean WARNING wave:2006: variable 'afd7a4' not in variable_names.csv -> named 'wbes_benefit_export_financing'
20:53:47 01_clean WARNING wave:2006: variable 'afd7a5' not in variable_names.csv -> named 'wbes_benefit_export_investment'
20:53:47 01_clean WARNING wave:2006: variable 'afd7b' not in variable_names.csv -> named 'wbes_reason_estab_not_advantage'
20:53:47 01_clean WARNING wave:2006: variable 'afe2a' not in variable_names.csv -> named 'wbes_new_competitors_entered'
20:53:47 01_clean WARNING wave:2006: variable 'k1c' not in variable_names.csv -> named 'wbes_fy_material_inputs_svc_paid'
20:53:47 01_clean WARNING wave:2006: variable 'k2c' not in variable_names.csv -> named 'wbes_fy_annual_sales_paid'
20:53:47 01_clean WARNING wave:2006: variable 'afk7a' not in variable_names.csv -> named 'wbes_establishments_overdraft'
20:53:47 01_clean WARNING wave:2006: variable 'afk8a' not in variable_names.csv -> named 'wbes_recent_credit_form'
20:53:47 01_clean WARNING wave:2006: variable 'afk10a' not in variable_names.csv -> named 'wbes_rate_interest_recent_line'
20:53:47 01_clean WARNING wave:2006: variable 'afj8' not in variable_names.csv -> named 'wbes_pct_annual_sales_reported'
20:53:47 01_clean WARNING wave:2006: variable 'afl8a' not in variable_names.csv -> named 'wbes_end_fiscal_year_part_time'
20:53:47 01_clean WARNING wave:2006: variable 'afl12' not in variable_names.csv -> named 'wbes_percent_workforce_unionized'
20:53:47 01_clean WARNING wave:2006: variable 'afl14' not in variable_names.csv -> named 'wbes_estab_find_new_employees'
20:53:47 01_clean WARNING wave:2006: variable 'afs1a' not in variable_names.csv -> named 'wbes_high_absenteeism_due'
20:53:47 01_clean WARNING wave:2006: variable 'afs1b' not in variable_names.csv -> named 'wbes_high_absenteeism_emps_1b'
20:53:47 01_clean WARNING wave:2006: variable 'afs2a' not in variable_names.csv -> named 'wbes_high_absenteeism_due_hiv'
20:53:47 01_clean WARNING wave:2006: variable 'afs2b' not in variable_names.csv -> named 'wbes_high_absenteeism_h'
20:53:47 01_clean WARNING wave:2006: variable 'afs3a' not in variable_names.csv -> named 'wbes_hiv_prevention_messages'
20:53:47 01_clean WARNING wave:2006: variable 'afs3b' not in variable_names.csv -> named 'wbes_hiv_prevention_free_condom'
20:53:47 01_clean WARNING wave:2006: variable 'afs3c' not in variable_names.csv -> named 'wbes_hiv_prevention_activ'
20:53:47 01_clean WARNING wave:2006: variable 'f1' not in variable_names.csv -> named 'wbes_fy_capacity_utilization'
20:53:47 01_clean WARNING wave:2006: variable 'f2' not in variable_names.csv -> named 'wbes_hours_week_operated_estab'
20:53:47 01_clean WARNING wave:2006: variable 'g5a' not in variable_names.csv -> named 'wbes_selling_area_establishment'
20:53:47 01_clean WARNING wave:2006: variable 'g5b' not in variable_names.csv -> named 'wbes_area_measured'
20:53:47 01_clean WARNING wave:2006: variable 'g5bx' not in variable_names.csv -> named 'wbes_units_not_included_above'
20:53:47 01_clean WARNING wave:2006: variable 'l3a' not in variable_names.csv -> named 'wbes_num_full_production_workers'
20:53:47 01_clean WARNING wave:2006: variable 'l4a1' not in variable_names.csv -> named 'wbes_num_permanent_skilled_prod'
20:53:47 01_clean WARNING wave:2006: variable 'callback' not in variable_names.csv -> named 'wbes_callback'
20:53:47 01_clean WARNING wave:2006: variable 'intcode' not in variable_names.csv -> named 'wbes_interviewer'
20:53:47 01_clean WARNING wave:2006: variable 'industry' not in variable_names.csv -> named 'wbes_industry'
20:53:47 01_clean WARNING wave:2006: variable 'sampstra' not in variable_names.csv -> named 'wbes_sample_stratum'
20:53:47 01_clean WARNING wave:2006: variable 'screenst' not in variable_names.csv -> named 'wbes_screener_stratum'
20:53:47 01_clean WARNING wave:2006: variable 'stratmat' not in variable_names.csv -> named 'wbes_stratum_match'
20:53:47 01_clean WARNING wave:2006: variable 'zone' not in variable_names.csv -> named 'wbes_zone'
20:53:47 01_clean WARNING wave:2006: variable 'fins' not in variable_names.csv -> named 'wbes_estab_maintain_financial'
20:53:47 01_clean WARNING wave:2006: variable 'a13' not in variable_names.csv -> named 'wbes_supervisor'
20:53:47 01_clean WARNING wave:2006: variable 'startamp' not in variable_names.csv -> named 'wbes_am_pm'
20:53:47 01_clean WARNING wave:2006: variable 'b1' not in variable_names.csv -> named 'wbes_current_legal_status'
20:53:47 01_clean WARNING wave:2006: variable 'b1x' not in variable_names.csv -> named 'wbes_other_legal_status'
20:53:47 01_clean WARNING wave:2006: variable 'b3a' not in variable_names.csv -> named 'wbes_pct_largest_shareholder'
20:53:47 01_clean WARNING wave:2006: variable 'b3b3' not in variable_names.csv -> named 'wbes_indian_origin'
20:53:47 01_clean WARNING wave:2006: variable 'b3b4' not in variable_names.csv -> named 'wbes_lebanese_middle_eastern'
20:53:47 01_clean WARNING wave:2006: variable 'b3b6' not in variable_names.csv -> named 'wbes_european_caucasian_origin'
20:53:47 01_clean WARNING wave:2006: variable 'b3b7' not in variable_names.csv -> named 'wbes_other_ethnic_origin'
20:53:47 01_clean WARNING wave:2006: variable 'b4b' not in variable_names.csv -> named 'wbes_years_experience_top'
20:53:47 01_clean WARNING wave:2006: variable 'b4c' not in variable_names.csv -> named 'wbes_year_estab_begin_operations'
20:53:47 01_clean WARNING wave:2006: variable 'c1a' not in variable_names.csv -> named 'wbes_manufacturing'
20:53:47 01_clean WARNING wave:2006: variable 'c1b' not in variable_names.csv -> named 'wbes_services'
20:53:47 01_clean WARNING wave:2006: variable 'c1c' not in variable_names.csv -> named 'wbes_other_1c'
20:53:47 01_clean WARNING wave:2006: variable 'c1cx' not in variable_names.csv -> named 'wbes_c1cx'
20:53:47 01_clean WARNING wave:2006: variable 'c2a1' not in variable_names.csv -> named 'wbes_paid_delivery_1'
20:53:47 01_clean WARNING wave:2006: variable 'c2a2' not in variable_names.csv -> named 'wbes_paid_delivery_2'
20:53:47 01_clean WARNING wave:2006: variable 'c2b' not in variable_names.csv -> named 'wbes_sales_came_selling'
20:53:47 01_clean WARNING wave:2006: variable 'c2c' not in variable_names.csv -> named 'wbes_payments_recvd_non_cash'
20:53:47 01_clean WARNING wave:2006: variable 'c2d' not in variable_names.csv -> named 'wbes_approx_output_went'
20:53:47 01_clean WARNING wave:2006: variable 'c2e' not in variable_names.csv -> named 'wbes_principal_buyer_estab'
20:53:47 01_clean WARNING wave:2006: variable 'c3a1' not in variable_names.csv -> named 'wbes_first'
20:53:47 01_clean WARNING wave:2006: variable 'c3b1' not in variable_names.csv -> named 'wbes_second'
20:53:47 01_clean WARNING wave:2006: variable 'c3b2' not in variable_names.csv -> named 'wbes_isic'
20:53:47 01_clean WARNING wave:2006: variable 'c3b3' not in variable_names.csv -> named 'wbes_percentage_sales'
20:53:47 01_clean WARNING wave:2006: variable 'c5a' not in variable_names.csv -> named 'wbes_main_market'
20:53:47 01_clean WARNING wave:2006: variable 'c5b' not in variable_names.csv -> named 'wbes_local_market_share'
20:53:47 01_clean WARNING wave:2006: variable 'c5c' not in variable_names.csv -> named 'wbes_national_market_share'
20:53:47 01_clean WARNING wave:2006: variable 'c5d1' not in variable_names.csv -> named 'wbes_describe_change_sales'
20:53:47 01_clean WARNING wave:2006: variable 'c5d2' not in variable_names.csv -> named 'wbes_describe_change_prices'
20:53:47 01_clean WARNING wave:2006: variable 'c5d3' not in variable_names.csv -> named 'wbes_competitors_face'
20:53:47 01_clean WARNING wave:2006: variable 'c6b1' not in variable_names.csv -> named 'wbes_year_begin_directly'
20:53:47 01_clean WARNING wave:2006: variable 'c6b3a1' not in variable_names.csv -> named 'wbes_country_1_c6b3a1'
20:53:47 01_clean WARNING wave:2006: variable 'c6b3a2' not in variable_names.csv -> named 'wbes_percentage_2'
20:53:47 01_clean WARNING wave:2006: variable 'c6b3b1' not in variable_names.csv -> named 'wbes_country_1_c6b3b1'
20:53:47 01_clean WARNING wave:2006: variable 'c6b3b2' not in variable_names.csv -> named 'wbes_percentage_2_c6b3b2'
20:53:47 01_clean WARNING wave:2006: variable 'c6c1' not in variable_names.csv -> named 'wbes_year_begin_indirectly'
20:53:47 01_clean WARNING wave:2006: variable 'c7e' not in variable_names.csv -> named 'wbes_main_point_exit'
20:53:47 01_clean WARNING wave:2006: variable 'c7f' not in variable_names.csv -> named 'wbes_type_point_exit'
20:53:47 01_clean WARNING wave:2006: variable 'c7fx' not in variable_names.csv -> named 'wbes_other_point_exit'
20:53:47 01_clean WARNING wave:2006: variable 'c7g2' not in variable_names.csv -> named 'wbes_longest_days_clear_customs'
20:53:47 01_clean WARNING wave:2006: variable 'c8a5x' not in variable_names.csv -> named 'wbes_c8a5x'
20:53:47 01_clean WARNING wave:2006: variable 'c8bx' not in variable_names.csv -> named 'wbes_c8bx'
20:53:47 01_clean WARNING wave:2006: variable 'd1b3' not in variable_names.csv -> named 'wbes_longest_number_days_custo'
20:53:47 01_clean WARNING wave:2006: variable 'd2a' not in variable_names.csv -> named 'wbes_prod_inputs_delivered_roa'
20:53:47 01_clean WARNING wave:2006: variable 'd2b' not in variable_names.csv -> named 'wbes_main_point_origin_c'
20:53:47 01_clean WARNING wave:2006: variable 'd2c1' not in variable_names.csv -> named 'wbes_cost_transportation_point_1'
20:53:47 01_clean WARNING wave:2006: variable 'd2c2' not in variable_names.csv -> named 'wbes_cost_transportation_unit'
20:53:47 01_clean WARNING wave:2006: variable 'd2c3' not in variable_names.csv -> named 'wbes_long_ship_input_point'
20:53:47 01_clean WARNING wave:2006: variable 'd4a' not in variable_names.csv -> named 'wbes_prior_receiving_days'
20:53:47 01_clean WARNING wave:2006: variable 'd4b' not in variable_names.csv -> named 'wbes_years_known_prim_supplier'
20:53:47 01_clean WARNING wave:2006: variable 'd4c' not in variable_names.csv -> named 'wbes_subcontract_part_production'
20:53:47 01_clean WARNING wave:2006: variable 'e2b' not in variable_names.csv -> named 'wbes_estab_internationally'
20:53:47 01_clean WARNING wave:2006: variable 'e2c2' not in variable_names.csv -> named 'wbes_estab_introduce_onto'
20:53:47 01_clean WARNING wave:2006: variable 'e3a1' not in variable_names.csv -> named 'wbes_domestic_competitors_prod'
20:53:47 01_clean WARNING wave:2006: variable 'e3a2' not in variable_names.csv -> named 'wbes_foreign_competitors_prod'
20:53:47 01_clean WARNING wave:2006: variable 'f1a14' not in variable_names.csv -> named 'wbes_macroeconomic_instability'
20:53:47 01_clean WARNING wave:2006: variable 'f1a17' not in variable_names.csv -> named 'wbes_practices_competitors'
20:53:47 01_clean WARNING wave:2006: variable 'f1b1' not in variable_names.csv -> named 'wbes_serious_obstacle'
20:53:47 01_clean WARNING wave:2006: variable 'f1b2' not in variable_names.csv -> named 'wbes_second_serious_obstacle'
20:53:47 01_clean WARNING wave:2006: variable 'f1b3' not in variable_names.csv -> named 'wbes_third_serious_obstacle'
20:53:47 01_clean WARNING wave:2006: variable 'g5' not in variable_names.csv -> named 'wbes_pct_estab_water_suppl'
20:53:47 01_clean WARNING wave:2006: variable 'g6a' not in variable_names.csv -> named 'wbes_estab_use_transport_mak'
20:53:47 01_clean WARNING wave:2006: variable 'g6b' not in variable_names.csv -> named 'wbes_pct_terms_shipment_value'
20:53:47 01_clean WARNING wave:2006: variable 'g7a' not in variable_names.csv -> named 'wbes_pct_value_domestic_shipm_7a'
20:53:47 01_clean WARNING wave:2006: variable 'g7b' not in variable_names.csv -> named 'wbes_pct_value_domestic_shipm_7b'
20:53:47 01_clean WARNING wave:2006: variable 'h1a' not in variable_names.csv -> named 'wbes_fair_impartial_uncorrupted'
20:53:47 01_clean WARNING wave:2006: variable 'h1b' not in variable_names.csv -> named 'wbes_quick'
20:53:47 01_clean WARNING wave:2006: variable 'h1c' not in variable_names.csv -> named 'wbes_affordable'
20:53:47 01_clean WARNING wave:2006: variable 'h1d' not in variable_names.csv -> named 'wbes_able_enforce_decision'
20:53:47 01_clean WARNING wave:2006: variable 'h2a' not in variable_names.csv -> named 'wbes_establishment_payment_d'
20:53:47 01_clean WARNING wave:2006: variable 'h2b' not in variable_names.csv -> named 'wbes_court_system_used_resolve'
20:53:47 01_clean WARNING wave:2006: variable 'h2c' not in variable_names.csv -> named 'wbes_court_judgment'
20:53:47 01_clean WARNING wave:2006: variable 'h2d' not in variable_names.csv -> named 'wbes_weeks_courts_come_jud'
20:53:47 01_clean WARNING wave:2006: variable 'h2e' not in variable_names.csv -> named 'wbes_decision_court_enforced'
20:53:47 01_clean WARNING wave:2006: variable 'h2f' not in variable_names.csv -> named 'wbes_weeks_enforcement_court'
20:53:47 01_clean WARNING wave:2006: variable 'i1a' not in variable_names.csv -> named 'wbes_typical_week_percentage'
20:53:47 01_clean WARNING wave:2006: variable 'i1b1' not in variable_names.csv -> named 'wbes_govt_officials'
20:53:47 01_clean WARNING wave:2006: variable 'i1b2' not in variable_names.csv -> named 'wbes_common_establishments_line'
20:53:47 01_clean WARNING wave:2006: variable 'i1b3' not in variable_names.csv -> named 'wbes_establishments_line_biz'
20:53:47 01_clean WARNING wave:2006: variable 'j1' not in variable_names.csv -> named 'wbes_full_time_emps_estab_employ'
20:53:47 01_clean WARNING wave:2006: variable 'j2a2' not in variable_names.csv -> named 'wbes_non_production_total_number'
20:53:47 01_clean WARNING wave:2006: variable 'j2b1b' not in variable_names.csv -> named 'wbes_unskilled_prod_workers'
20:53:47 01_clean WARNING wave:2006: variable 'j2d1' not in variable_names.csv -> named 'wbes_average_monthly_pr'
20:53:47 01_clean WARNING wave:2006: variable 'j2d2' not in variable_names.csv -> named 'wbes_avg_monthly_compensation_2'
20:53:47 01_clean WARNING wave:2006: variable 'j2e' not in variable_names.csv -> named 'wbes_pct_payments_establishmen'
20:53:47 01_clean WARNING wave:2006: variable 'j5_2006' not in variable_names.csv -> named 'wbes_pct_workforce_estimate_th'
20:53:47 01_clean WARNING wave:2006: variable 'j6ax' not in variable_names.csv -> named 'wbes_other'
20:53:47 01_clean WARNING wave:2006: variable 'j6c' not in variable_names.csv -> named 'wbes_labor_regulations_affect'
20:53:47 01_clean WARNING wave:2006: variable 'j6d' not in variable_names.csv -> named 'wbes_not_comply_labor_6d'
20:53:47 01_clean WARNING wave:2006: variable 'j6e' not in variable_names.csv -> named 'wbes_j6e'
20:53:47 01_clean WARNING wave:2006: variable 'j6f' not in variable_names.csv -> named 'wbes_not_comply_labor_6f'
20:53:47 01_clean WARNING wave:2006: variable 'j6g' not in variable_names.csv -> named 'wbes_j6g'
20:53:47 01_clean WARNING wave:2006: variable 'j8a' not in variable_names.csv -> named 'wbes_avg_educational_attainment'
20:53:47 01_clean WARNING wave:2006: variable 'j8c1' not in variable_names.csv -> named 'wbes_production_workers'
20:53:47 01_clean WARNING wave:2006: variable 'j8c2' not in variable_names.csv -> named 'wbes_non_production_workers_2'
20:53:47 01_clean WARNING wave:2006: variable 'k1a' not in variable_names.csv -> named 'wbes_estab_annual_financial_st'
20:53:47 01_clean WARNING wave:2006: variable 'k1b' not in variable_names.csv -> named 'wbes_estab_checking_saving_acc'
20:53:47 01_clean WARNING wave:2006: variable 'k1c1' not in variable_names.csv -> named 'wbes_land_occupied_estab_pct_1'
20:53:47 01_clean WARNING wave:2006: variable 'k1c2' not in variable_names.csv -> named 'wbes_land_occupied_estab_pct_2'
20:53:47 01_clean WARNING wave:2006: variable 'k1c3' not in variable_names.csv -> named 'wbes_land_occupied_estab_pct_3'
20:53:47 01_clean WARNING wave:2006: variable 'k1c3x' not in variable_names.csv -> named 'wbes_other_3x'
20:53:47 01_clean WARNING wave:2006: variable 'k3j1x' not in variable_names.csv -> named 'wbes_other_working_capital'
20:53:47 01_clean WARNING wave:2006: variable 'k3j2x' not in variable_names.csv -> named 'wbes_other_fixed_assets'
20:53:47 01_clean WARNING wave:2006: variable 'k4f' not in variable_names.csv -> named 'wbes_total_duration_term_months'
20:53:47 01_clean WARNING wave:2006: variable 'k4g' not in variable_names.csv -> named 'wbes_financial_institutions'
20:53:47 01_clean WARNING wave:2006: variable 'k4j5x' not in variable_names.csv -> named 'wbes_other_5x'
20:53:47 01_clean WARNING wave:2006: variable 'k5b' not in variable_names.csv -> named 'wbes_applications_submitted'
20:53:47 01_clean WARNING wave:2006: variable 'k5c' not in variable_names.csv -> named 'wbes_applications_rejected'
20:53:47 01_clean WARNING wave:2006: variable 'k5d' not in variable_names.csv -> named 'wbes_common_reason_lender'
20:53:47 01_clean WARNING wave:2006: variable 'l2c' not in variable_names.csv -> named 'wbes_total_annual_depreciation'
20:53:47 01_clean WARNING wave:2006: variable 'l2d' not in variable_names.csv -> named 'wbes_cost_rental_land_builidngs'
20:53:47 01_clean WARNING wave:2006: variable 'l3b' not in variable_names.csv -> named 'wbes_fuel'
20:53:47 01_clean WARNING wave:2006: variable 'l3c' not in variable_names.csv -> named 'wbes_water'
20:53:47 01_clean WARNING wave:2006: variable 'l3d' not in variable_names.csv -> named 'wbes_transportation_goods_not'
20:53:47 01_clean WARNING wave:2006: variable 'l3e' not in variable_names.csv -> named 'wbes_communications_services'
20:53:47 01_clean WARNING wave:2006: variable 'l3f' not in variable_names.csv -> named 'wbes_royalty_fees_licenses'
20:53:47 01_clean WARNING wave:2006: variable 'l4a' not in variable_names.csv -> named 'wbes_machinery_vehicles_new_used'
20:53:47 01_clean WARNING wave:2006: variable 'l4b' not in variable_names.csv -> named 'wbes_land_buildings_4b'
20:53:47 01_clean WARNING wave:2006: variable 'l5a' not in variable_names.csv -> named 'wbes_machinery_vehicles_equip_5a'
20:53:47 01_clean WARNING wave:2006: variable 'l5b' not in variable_names.csv -> named 'wbes_land_buildings_5b'
20:53:47 01_clean WARNING wave:2006: variable 'l6a_2006' not in variable_names.csv -> named 'wbes_machinery_vehicules_equip'
20:53:47 01_clean WARNING wave:2006: variable 'l6b' not in variable_names.csv -> named 'wbes_land_buildings_use_own_n'
20:53:47 01_clean WARNING wave:2006: variable 'l7' not in variable_names.csv -> named 'wbes_cost_replacing'
20:53:47 01_clean WARNING wave:2006: variable 'endampm' not in variable_names.csv -> named 'wbes_am_pm_endampm'
20:53:47 01_clean WARNING wave:2006: variable 'comments' not in variable_names.csv -> named 'wbes_comments'
20:53:47 01_clean WARNING wave:2006: variable 'commen_a' not in variable_names.csv -> named 'wbes_comments_commena'
20:53:47 01_clean WARNING wave:2006: variable 'weights_locsec' not in variable_names.csv -> named 'wbes_locations_sectors_weights'
20:53:47 01_clean WARNING wave:2006: variable 'weights_sec' not in variable_names.csv -> named 'wbes_sectors_weights'
20:53:47 01_clean WARNING wave:2006: variable 'e3b1' not in variable_names.csv -> named 'wbes_domestic_competitors_prices'
20:53:47 01_clean WARNING wave:2006: variable 'e3b2' not in variable_names.csv -> named 'wbes_foreign_competitors_prices'
20:53:47 01_clean WARNING wave:2006: variable 'e3c1' not in variable_names.csv -> named 'wbes_domestic_competitors'
20:53:47 01_clean WARNING wave:2006: variable 'e3c2' not in variable_names.csv -> named 'wbes_foreign_competitors'
20:53:47 01_clean WARNING wave:2006: variable 'e4' not in variable_names.csv -> named 'wbes_estab_compete_against'
20:53:47 01_clean WARNING wave:2006: variable 'f1a18' not in variable_names.csv -> named 'wbes_zoning_restrictions'
20:53:47 01_clean WARNING wave:2006: variable 'f1a19' not in variable_names.csv -> named 'wbes_regulation_hours_operation'
20:53:47 01_clean WARNING wave:2006: variable 'f1a20' not in variable_names.csv -> named 'wbes_regulation_pricing_mark_ups'
20:53:47 01_clean WARNING wave:2006: variable 'g2a' not in variable_names.csv -> named 'wbes_estab_high_speed_broadband'
20:53:47 01_clean WARNING wave:2006: variable 'g2b1' not in variable_names.csv -> named 'wbes_communicate_clients_1'
20:53:47 01_clean WARNING wave:2006: variable 'g2b2' not in variable_names.csv -> named 'wbes_deliver_svc_estab_clients'
20:53:47 01_clean WARNING wave:2006: variable 'g2b3' not in variable_names.csv -> named 'wbes_research_develop_ideas_new'
20:53:47 01_clean WARNING wave:2006: variable 'g2b4' not in variable_names.csv -> named 'wbes_purchases_establishment'
20:53:47 01_clean WARNING wave:2006: variable 'g2c' not in variable_names.csv -> named 'wbes_concerns_security_internet'
20:53:47 01_clean WARNING wave:2006: variable 'g2d1' not in variable_names.csv -> named 'wbes_estab_experience'
20:53:47 01_clean WARNING wave:2006: variable 'g2d2' not in variable_names.csv -> named 'wbes_times_typical_month'
20:53:47 01_clean WARNING wave:2006: variable 'g2d3' not in variable_names.csv -> named 'wbes_avg_long_unavailibility_co'
20:53:47 01_clean WARNING wave:2006: variable 'g3b1' not in variable_names.csv -> named 'wbes_buildings_occupied_estab_o'
20:53:47 01_clean WARNING wave:2006: variable 'g3b2' not in variable_names.csv -> named 'wbes_buildings_occupied_estab_l'
20:53:47 01_clean WARNING wave:2006: variable 'g3c' not in variable_names.csv -> named 'wbes_estab_acquired_attempted'
20:53:47 01_clean WARNING wave:2006: variable 'g3d' not in variable_names.csv -> named 'wbes_estab_unsuccessful_acquirin'
20:53:47 01_clean WARNING wave:2006: variable 'j7a_2006' not in variable_names.csv -> named 'wbes_important_technical_staff'
20:53:47 01_clean WARNING wave:2006: variable 'j7b1' not in variable_names.csv -> named 'wbes_basic_computer_skills_rate'
20:53:47 01_clean WARNING wave:2006: variable 'j7b2' not in variable_names.csv -> named 'wbes_basic_computer_skills'
20:53:47 01_clean WARNING wave:2006: variable 'j7c1' not in variable_names.csv -> named 'wbes_good_working_rate'
20:53:47 01_clean WARNING wave:2006: variable 'j7c2' not in variable_names.csv -> named 'wbes_good_working_ch'
20:53:47 01_clean WARNING wave:2006: variable 'j7d1' not in variable_names.csv -> named 'wbes_facility_industry_rate'
20:53:47 01_clean WARNING wave:2006: variable 'j7d2' not in variable_names.csv -> named 'wbes_facility_industry_change'
20:53:47 01_clean WARNING wave:2006: variable 'j7e1' not in variable_names.csv -> named 'wbes_knowledge_hardware_rate'
20:53:47 01_clean WARNING wave:2006: variable 'j7e2' not in variable_names.csv -> named 'wbes_knowledge_hardware_change'
20:53:47 01_clean WARNING wave:2006: variable 'j7f1' not in variable_names.csv -> named 'wbes_advanced_knowledge_rate'
20:53:47 01_clean WARNING wave:2006: variable 'j7f2' not in variable_names.csv -> named 'wbes_advanced_knowledge_cha'
20:53:47 01_clean WARNING wave:2006: variable 'l4c' not in variable_names.csv -> named 'wbes_information_technology'
20:53:47 01_clean WARNING wave:2006: variable 'id2006' not in variable_names.csv -> named 'wbes_id_number_survey'
20:53:47 01_clean INFO wrote WBES_2006_establishment_clean.dta  (212 rows x 356 vars, 0.6 MB)
20:53:47 01_clean INFO ================ 2011 ================
20:53:47 01_clean INFO 2011: 241 of 813 panel rows, 261 columns after stripping the wave prefixes
20:53:47 01_clean INFO 2011: 2 columns dropped, not asked in this round
20:53:48 01_clean INFO PASS  row count unchanged (241)
20:53:48 01_clean INFO PASS  241 establishments == the implementation report's 241
20:53:48 01_clean INFO PASS  World Bank firm id unique
20:53:48 01_clean INFO PASS  2011: no sampling weight in the World Bank panel file (declared limitation, see the README)
20:53:48 01_clean INFO 2011: 241 establishments x 261 variables | weighted universe (strict) = not shipped for this round
20:53:48 01_clean INFO all hard checks passed (0 soft warnings)
20:53:48 01_clean WARNING wave:2011: variable 'survey' not in variable_names.csv -> named 'wbes_source_survey'
20:53:48 01_clean WARNING wave:2011: variable 'year' not in variable_names.csv -> named 'wbes_survey_year'
20:53:48 01_clean WARNING wave:2011: variable 'wave' not in variable_names.csv -> named 'wbes_round'
20:53:48 01_clean WARNING wave:2011: variable 'idstd' not in variable_names.csv -> named 'wbes_world_bank_standard_firm'
20:53:48 01_clean WARNING wave:2011: variable 'panelid' not in variable_names.csv -> named 'wbes_firm_identifier_shared'
20:53:48 01_clean WARNING wave:2011: variable 'panel' not in variable_names.csv -> named 'wbes_rounds_firm_interviewed'
20:53:48 01_clean WARNING wave:2011: variable 'a2' not in variable_names.csv -> named 'wbes_sampling_region'
20:53:48 01_clean WARNING wave:2011: variable 'a3a' not in variable_names.csv -> named 'wbes_region_establishment'
20:53:48 01_clean WARNING wave:2011: variable 'a3' not in variable_names.csv -> named 'wbes_size_locality'
20:53:48 01_clean WARNING wave:2011: variable 'a4a' not in variable_names.csv -> named 'wbes_industry_sampling_sector'
20:53:48 01_clean WARNING wave:2011: variable 'a4b' not in variable_names.csv -> named 'wbes_industry_screener_sector'
20:53:48 01_clean WARNING wave:2011: variable 'a6a' not in variable_names.csv -> named 'wbes_sampling_size_class'
20:53:48 01_clean WARNING wave:2011: variable 'a6b' not in variable_names.csv -> named 'wbes_screener_size_class'
20:53:48 01_clean WARNING wave:2011: variable 'strata' not in variable_names.csv -> named 'wbes_sampling_stratum_industry'
20:53:48 01_clean WARNING wave:2011: variable 'wstrict' not in variable_names.csv -> named 'wbes_sampling_weight_strict'
20:53:48 01_clean WARNING wave:2011: variable 'wmedian' not in variable_names.csv -> named 'wbes_sampling_weight_median'
20:53:48 01_clean WARNING wave:2011: variable 'wweak' not in variable_names.csv -> named 'wbes_sampling_weight_weak'
20:53:48 01_clean WARNING wave:2011: variable 'eligibility2019' not in variable_names.csv -> named 'wbes_eligibility_firm_2019'
20:53:48 01_clean WARNING wave:2011: variable 'status2019' not in variable_names.csv -> named 'wbes_status_firm_2019'
20:53:48 01_clean WARNING wave:2011: variable 'eligibility2011' not in variable_names.csv -> named 'wbes_eligibility_firm_2011'
20:53:48 01_clean WARNING wave:2011: variable 'status2011' not in variable_names.csv -> named 'wbes_status_firm_2011'
20:53:48 01_clean WARNING wave:2011: variable 'a1' not in variable_names.csv -> named 'wbes_country'
20:53:48 01_clean WARNING wave:2011: variable 'a14d' not in variable_names.csv -> named 'wbes_day_14d'
20:53:48 01_clean WARNING wave:2011: variable 'a14h' not in variable_names.csv -> named 'wbes_hour_14h'
20:53:48 01_clean WARNING wave:2011: variable 'a14m' not in variable_names.csv -> named 'wbes_month_14m'
20:53:48 01_clean WARNING wave:2011: variable 'a14min' not in variable_names.csv -> named 'wbes_minutes'
20:53:48 01_clean WARNING wave:2011: variable 'a15d' not in variable_names.csv -> named 'wbes_day_15d'
20:53:48 01_clean WARNING wave:2011: variable 'a15h' not in variable_names.csv -> named 'wbes_hour_15h'
20:53:48 01_clean WARNING wave:2011: variable 'a15m' not in variable_names.csv -> named 'wbes_month_15m'
20:53:48 01_clean WARNING wave:2011: variable 'a15min' not in variable_names.csv -> named 'wbes_minutes_a15min'
20:53:48 01_clean WARNING wave:2011: variable 'a16' not in variable_names.csv -> named 'wbes_perception_questions'
20:53:48 01_clean WARNING wave:2011: variable 'a17' not in variable_names.csv -> named 'wbes_responses_questions_figures'
20:53:48 01_clean WARNING wave:2011: variable 'a18' not in variable_names.csv -> named 'wbes_questionnaire_completed'
20:53:48 01_clean WARNING wave:2011: variable 'a19h' not in variable_names.csv -> named 'wbes_option2_estimate_hours'
20:53:48 01_clean WARNING wave:2011: variable 'a19m' not in variable_names.csv -> named 'wbes_option2_estimate_minutes'
20:53:48 01_clean WARNING wave:2011: variable 'a7' not in variable_names.csv -> named 'wbes_estab_part_multi_estab_firm'
20:53:48 01_clean WARNING wave:2011: variable 'b2a' not in variable_names.csv -> named 'wbes_owned_private_domestic'
20:53:48 01_clean WARNING wave:2011: variable 'b2b' not in variable_names.csv -> named 'wbes_owned_private_foreign'
20:53:48 01_clean WARNING wave:2011: variable 'b2c' not in variable_names.csv -> named 'wbes_owned_government'
20:53:48 01_clean WARNING wave:2011: variable 'b2d' not in variable_names.csv -> named 'wbes_owned_other'
20:53:48 01_clean WARNING wave:2011: variable 'c8' not in variable_names.csv -> named 'wbes_c8'
20:53:48 01_clean WARNING wave:2011: variable 'c10' not in variable_names.csv -> named 'wbes_generator_shared_owned'
20:53:48 01_clean WARNING wave:2011: variable 'c11' not in variable_names.csv -> named 'wbes_electricity_generator_owned'
20:53:48 01_clean WARNING wave:2011: variable 'c12' not in variable_names.csv -> named 'wbes_application_obtain_water'
20:53:48 01_clean WARNING wave:2011: variable 'c13' not in variable_names.csv -> named 'wbes_days_obtain_water'
20:53:48 01_clean WARNING wave:2011: variable 'c14' not in variable_names.csv -> named 'wbes_applied_water_connection'
20:53:48 01_clean WARNING wave:2011: variable 'c15' not in variable_names.csv -> named 'wbes_experience_insufficient'
20:53:48 01_clean WARNING wave:2011: variable 'c16' not in variable_names.csv -> named 'wbes_frequency_incidents_water'
20:53:48 01_clean WARNING wave:2011: variable 'c17' not in variable_names.csv -> named 'wbes_avg_length_water_shortages'
20:53:48 01_clean WARNING wave:2011: variable 'c22b' not in variable_names.csv -> named 'wbes_establishment_own_website'
20:53:48 01_clean WARNING wave:2011: variable 'c3' not in variable_names.csv -> named 'wbes_application_obtain_3'
20:53:48 01_clean WARNING wave:2011: variable 'c30a' not in variable_names.csv -> named 'wbes_obstacle_electricity'
20:53:48 01_clean WARNING wave:2011: variable 'c4' not in variable_names.csv -> named 'wbes_days_receive_electrical'
20:53:48 01_clean WARNING wave:2011: variable 'c5' not in variable_names.csv -> named 'wbes_informal_gift_electrical'
20:53:48 01_clean WARNING wave:2011: variable 'c6' not in variable_names.csv -> named 'wbes_fy_estab_experience_power'
20:53:48 01_clean WARNING wave:2011: variable 'c7' not in variable_names.csv -> named 'wbes_power_outages_experienced'
20:53:48 01_clean WARNING wave:2011: variable 'c9a' not in variable_names.csv -> named 'wbes_fy_losses_annual_sales_due'
20:53:48 01_clean WARNING wave:2011: variable 'c9b' not in variable_names.csv -> named 'wbes_fy_value_losses_due_power'
20:53:48 01_clean WARNING wave:2011: variable 'd12a' not in variable_names.csv -> named 'wbes_material_inputs_domestic'
20:53:48 01_clean WARNING wave:2011: variable 'd12b' not in variable_names.csv -> named 'wbes_material_inputs_foreign'
20:53:48 01_clean WARNING wave:2011: variable 'd13' not in variable_names.csv -> named 'wbes_material_inputs_imported'
20:53:48 01_clean WARNING wave:2011: variable 'd14' not in variable_names.csv -> named 'wbes_avg_num_days_imported_goods'
20:53:48 01_clean WARNING wave:2011: variable 'd1a2' not in variable_names.csv -> named 'wbes_product_service_isic_rev'
20:53:48 01_clean WARNING wave:2011: variable 'd1a3' not in variable_names.csv -> named 'wbes_product_svc_pct_annual'
20:53:48 01_clean WARNING wave:2011: variable 'd2' not in variable_names.csv -> named 'wbes_fiscal_year'
20:53:48 01_clean WARNING wave:2011: variable 'd30a' not in variable_names.csv -> named 'wbes_obstacle_transport'
20:53:48 01_clean WARNING wave:2011: variable 'd30b' not in variable_names.csv -> named 'wbes_obstacle_customs_trade'
20:53:48 01_clean WARNING wave:2011: variable 'd3a' not in variable_names.csv -> named 'wbes_sales_national_sales'
20:53:48 01_clean WARNING wave:2011: variable 'd3b' not in variable_names.csv -> named 'wbes_o_sales_indirect_exports'
20:53:48 01_clean WARNING wave:2011: variable 'd3c' not in variable_names.csv -> named 'wbes_sales_direct_exports'
20:53:48 01_clean WARNING wave:2011: variable 'd4' not in variable_names.csv -> named 'wbes_fy_avg_num_days_exported'
20:53:48 01_clean WARNING wave:2011: variable 'e6' not in variable_names.csv -> named 'wbes_use_technology_licensed'
20:53:48 01_clean WARNING wave:2011: variable 'g2' not in variable_names.csv -> named 'wbes_applic_obtain_construction'
20:53:48 01_clean WARNING wave:2011: variable 'g3' not in variable_names.csv -> named 'wbes_days_obtain_construction'
20:53:48 01_clean WARNING wave:2011: variable 'g30a' not in variable_names.csv -> named 'wbes_obstacle_access_land'
20:53:48 01_clean WARNING wave:2011: variable 'g4' not in variable_names.csv -> named 'wbes_informal_gift_construction'
20:53:48 01_clean WARNING wave:2011: variable 'h1' not in variable_names.csv -> named 'wbes_new_products_svc_introduced'
20:53:48 01_clean WARNING wave:2011: variable 'h30' not in variable_names.csv -> named 'wbes_obstacle_courts'
20:53:48 01_clean WARNING wave:2011: variable 'i1' not in variable_names.csv -> named 'wbes_fy_estab_pay_security'
20:53:48 01_clean WARNING wave:2011: variable 'i2a' not in variable_names.csv -> named 'wbes_annual_percentage_security'
20:53:48 01_clean WARNING wave:2011: variable 'i2b' not in variable_names.csv -> named 'wbes_fiscal_year_annual_cost'
20:53:48 01_clean WARNING wave:2011: variable 'i3' not in variable_names.csv -> named 'wbes_losses_due_experienced'
20:53:48 01_clean WARNING wave:2011: variable 'i30' not in variable_names.csv -> named 'wbes_obstacle_crime_theft'
20:53:48 01_clean WARNING wave:2011: variable 'i4a' not in variable_names.csv -> named 'wbes_losses_due_fy_sales'
20:53:48 01_clean WARNING wave:2011: variable 'i4b' not in variable_names.csv -> named 'wbes_value_losses_due_theft'
20:53:48 01_clean WARNING wave:2011: variable 'j10' not in variable_names.csv -> named 'wbes_application_obtain_import'
20:53:48 01_clean WARNING wave:2011: variable 'j11' not in variable_names.csv -> named 'wbes_days_obtain_import_license'
20:53:48 01_clean WARNING wave:2011: variable 'j12' not in variable_names.csv -> named 'wbes_applied_import_license'
20:53:48 01_clean WARNING wave:2011: variable 'j13' not in variable_names.csv -> named 'wbes_application_obtain_13'
20:53:48 01_clean WARNING wave:2011: variable 'j14' not in variable_names.csv -> named 'wbes_days_obtain_operating'
20:53:48 01_clean WARNING wave:2011: variable 'j15' not in variable_names.csv -> named 'wbes_applied_operating_license'
20:53:48 01_clean WARNING wave:2011: variable 'j3' not in variable_names.csv -> named 'wbes_estab_inspected_tax'
20:53:48 01_clean WARNING wave:2011: variable 'j30a' not in variable_names.csv -> named 'wbes_obstacle_tax_rates'
20:53:48 01_clean WARNING wave:2011: variable 'j30b' not in variable_names.csv -> named 'wbes_obstacle_tax'
20:53:48 01_clean WARNING wave:2011: variable 'j30c' not in variable_names.csv -> named 'wbes_obstacle_biz_licensing'
20:53:48 01_clean WARNING wave:2011: variable 'j30e' not in variable_names.csv -> named 'wbes_obstacle_political'
20:53:48 01_clean WARNING wave:2011: variable 'j30f' not in variable_names.csv -> named 'wbes_obstacle_corruption'
20:53:48 01_clean WARNING wave:2011: variable 'j4' not in variable_names.csv -> named 'wbes_frequency_inspections'
20:53:48 01_clean WARNING wave:2011: variable 'j5' not in variable_names.csv -> named 'wbes_inspections_gift_informal'
20:53:48 01_clean WARNING wave:2011: variable 'j6' not in variable_names.csv -> named 'wbes_value_avg_estab_country'
20:53:48 01_clean WARNING wave:2011: variable 'j7a' not in variable_names.csv -> named 'wbes_annual_pct_informal'
20:53:48 01_clean WARNING wave:2011: variable 'j7b' not in variable_names.csv -> named 'wbes_annual_informal_payment'
20:53:48 01_clean WARNING wave:2011: variable 'k10' not in variable_names.csv -> named 'wbes_year_recent_loan_line'
20:53:48 01_clean WARNING wave:2011: variable 'k11' not in variable_names.csv -> named 'wbes_recent_loan_value_time'
20:53:48 01_clean WARNING wave:2011: variable 'k13' not in variable_names.csv -> named 'wbes_financing_required_recent'
20:53:48 01_clean WARNING wave:2011: variable 'k14a' not in variable_names.csv -> named 'wbes_collateral_land_buildings'
20:53:48 01_clean WARNING wave:2011: variable 'k14b' not in variable_names.csv -> named 'wbes_type_collateral_equipment'
20:53:48 01_clean WARNING wave:2011: variable 'k14c' not in variable_names.csv -> named 'wbes_type_collateral_accounts'
20:53:48 01_clean WARNING wave:2011: variable 'k14d' not in variable_names.csv -> named 'wbes_collateral_personal_assets'
20:53:48 01_clean WARNING wave:2011: variable 'k14e' not in variable_names.csv -> named 'wbes_type_collateral_other'
20:53:48 01_clean WARNING wave:2011: variable 'k15a' not in variable_names.csv -> named 'wbes_value_collateral_required'
20:53:48 01_clean WARNING wave:2011: variable 'k16' not in variable_names.csv -> named 'wbes_fy_estab_apply_new_loans'
20:53:48 01_clean WARNING wave:2011: variable 'k17' not in variable_names.csv -> named 'wbes_reason_not_applying_new'
20:53:48 01_clean WARNING wave:2011: variable 'k30' not in variable_names.csv -> named 'wbes_obstacle_access_finance'
20:53:48 01_clean WARNING wave:2011: variable 'k3a' not in variable_names.csv -> named 'wbes_working_capital_internal'
20:53:48 01_clean WARNING wave:2011: variable 'k3bc' not in variable_names.csv -> named 'wbes_working_capital_banks'
20:53:48 01_clean WARNING wave:2011: variable 'k3e' not in variable_names.csv -> named 'wbes_working_capital_non_bank'
20:53:48 01_clean WARNING wave:2011: variable 'k3f' not in variable_names.csv -> named 'wbes_working_capital_bought'
20:53:48 01_clean WARNING wave:2011: variable 'k3hd' not in variable_names.csv -> named 'wbes_working_capital_money'
20:53:48 01_clean WARNING wave:2011: variable 'k4' not in variable_names.csv -> named 'wbes_estab_purchase_fixed_assets'
20:53:48 01_clean WARNING wave:2011: variable 'k5a' not in variable_names.csv -> named 'wbes_fy_internal_funds_retained'
20:53:48 01_clean WARNING wave:2011: variable 'k5bc' not in variable_names.csv -> named 'wbes_fy_fixed_assets_funded_bank'
20:53:48 01_clean WARNING wave:2011: variable 'k5e' not in variable_names.csv -> named 'wbes_fy_fixed_assets_funded_non'
20:53:48 01_clean WARNING wave:2011: variable 'k5f' not in variable_names.csv -> named 'wbes_fy_credit_suppliers'
20:53:48 01_clean WARNING wave:2011: variable 'k5hdj' not in variable_names.csv -> named 'wbes_last_fy_other_money_lenders'
20:53:48 01_clean WARNING wave:2011: variable 'k5i' not in variable_names.csv -> named 'wbes_fy_ownersatm_contributions'
20:53:48 01_clean WARNING wave:2011: variable 'k7' not in variable_names.csv -> named 'wbes_time_estab_overdraft'
20:53:48 01_clean WARNING wave:2011: variable 'k8' not in variable_names.csv -> named 'wbes_estab_line_credit_loan'
20:53:48 01_clean WARNING wave:2011: variable 'k9' not in variable_names.csv -> named 'wbes_financial_institution'
20:53:48 01_clean WARNING wave:2011: variable 'l1' not in variable_names.csv -> named 'wbes_num_permanent'
20:53:48 01_clean WARNING wave:2011: variable 'l10' not in variable_names.csv -> named 'wbes_formal_training_programs'
20:53:48 01_clean WARNING wave:2011: variable 'l2' not in variable_names.csv -> named 'wbes_num_permanent_years'
20:53:48 01_clean WARNING wave:2011: variable 'l30a' not in variable_names.csv -> named 'wbes_obstacle_labor_regulations'
20:53:48 01_clean WARNING wave:2011: variable 'l30b' not in variable_names.csv -> named 'wbes_obstacle_inadequately'
20:53:48 01_clean WARNING wave:2011: variable 'l5' not in variable_names.csv -> named 'wbes_num_full_time_emps_end_fy'
20:53:48 01_clean WARNING wave:2011: variable 'l6' not in variable_names.csv -> named 'wbes_num_full_time_temporary'
20:53:48 01_clean WARNING wave:2011: variable 'l6a' not in variable_names.csv -> named 'wbes_female_temporary_full_time'
20:53:48 01_clean WARNING wave:2011: variable 'l8' not in variable_names.csv -> named 'wbes_avg_length_employ_full_time'
20:53:48 01_clean WARNING wave:2011: variable 'n2a' not in variable_names.csv -> named 'wbes_labor_cost_incl_wages'
20:53:48 01_clean WARNING wave:2011: variable 'n2b' not in variable_names.csv -> named 'wbes_annual_costs_electricity'
20:53:48 01_clean WARNING wave:2011: variable 'n2e' not in variable_names.csv -> named 'wbes_cost_raw_materials'
20:53:48 01_clean WARNING wave:2011: variable 'n3' not in variable_names.csv -> named 'wbes_establishment_sales_years'
20:53:48 01_clean WARNING wave:2011: variable 'afb3b' not in variable_names.csv -> named 'wbes_largest_owner_female'
20:53:48 01_clean WARNING wave:2011: variable 'afb4a1' not in variable_names.csv -> named 'wbes_african_nationality_largest'
20:53:48 01_clean WARNING wave:2011: variable 'afb4a4' not in variable_names.csv -> named 'wbes_asian_nationality'
20:53:48 01_clean WARNING wave:2011: variable 'afb7a' not in variable_names.csv -> named 'wbes_highest_educ_top_manager'
20:53:48 01_clean WARNING wave:2011: variable 'c19' not in variable_names.csv -> named 'wbes_application_obtain_19'
20:53:48 01_clean WARNING wave:2011: variable 'c20' not in variable_names.csv -> named 'wbes_days_receive_telephone'
20:53:48 01_clean WARNING wave:2011: variable 'c21' not in variable_names.csv -> named 'wbes_applied_tele_connection'
20:53:48 01_clean WARNING wave:2011: variable 'c22a' not in variable_names.csv -> named 'wbes_communicate_clients'
20:53:48 01_clean WARNING wave:2011: variable 'c30b' not in variable_names.csv -> named 'wbes_obstacle_telecommunications'
20:53:48 01_clean WARNING wave:2011: variable 'afd3f' not in variable_names.csv -> named 'wbes_export_revenue_neighboring'
20:53:48 01_clean WARNING wave:2011: variable 'afd3g' not in variable_names.csv -> named 'wbes_export_revenue_developed'
20:53:48 01_clean WARNING wave:2011: variable 'afd3h' not in variable_names.csv -> named 'wbes_export_revenue_other'
20:53:48 01_clean WARNING wave:2011: variable 'afd5a' not in variable_names.csv -> named 'wbes_clearing_costs_avg'
20:53:48 01_clean WARNING wave:2011: variable 'afd5b' not in variable_names.csv -> named 'wbes_consignments_handled'
20:53:48 01_clean WARNING wave:2011: variable 'afd5c' not in variable_names.csv -> named 'wbes_consignments_physically'
20:53:48 01_clean WARNING wave:2011: variable 'd6' not in variable_names.csv -> named 'wbes_fy_export_losses_due_theft'
20:53:48 01_clean WARNING wave:2011: variable 'd7' not in variable_names.csv -> named 'wbes_fy_export_losses_due'
20:53:48 01_clean WARNING wave:2011: variable 'afd7a1' not in variable_names.csv -> named 'wbes_benefit_suspension'
20:53:48 01_clean WARNING wave:2011: variable 'afd7a2' not in variable_names.csv -> named 'wbes_benefit_profit_tax'
20:53:48 01_clean WARNING wave:2011: variable 'afd7a3' not in variable_names.csv -> named 'wbes_benefit_vat_reimbursement'
20:53:48 01_clean WARNING wave:2011: variable 'afd7a4' not in variable_names.csv -> named 'wbes_benefit_export_financing'
20:53:48 01_clean WARNING wave:2011: variable 'afd7a5' not in variable_names.csv -> named 'wbes_benefit_export_investment'
20:53:48 01_clean WARNING wave:2011: variable 'afd7b' not in variable_names.csv -> named 'wbes_reason_estab_not_advantage'
20:53:48 01_clean WARNING wave:2011: variable 'afe2a' not in variable_names.csv -> named 'wbes_new_competitors_entered'
20:53:48 01_clean WARNING wave:2011: variable 'k1c' not in variable_names.csv -> named 'wbes_fy_material_inputs_svc_paid'
20:53:48 01_clean WARNING wave:2011: variable 'k2c' not in variable_names.csv -> named 'wbes_fy_annual_sales_paid'
20:53:48 01_clean WARNING wave:2011: variable 'afk7a' not in variable_names.csv -> named 'wbes_establishments_overdraft'
20:53:48 01_clean WARNING wave:2011: variable 'afk8a' not in variable_names.csv -> named 'wbes_recent_credit_form'
20:53:48 01_clean WARNING wave:2011: variable 'afk10a' not in variable_names.csv -> named 'wbes_rate_interest_recent_line'
20:53:48 01_clean WARNING wave:2011: variable 'afj8' not in variable_names.csv -> named 'wbes_pct_annual_sales_reported'
20:53:48 01_clean WARNING wave:2011: variable 'afl8a' not in variable_names.csv -> named 'wbes_end_fiscal_year_part_time'
20:53:48 01_clean WARNING wave:2011: variable 'afl12' not in variable_names.csv -> named 'wbes_percent_workforce_unionized'
20:53:48 01_clean WARNING wave:2011: variable 'afl14' not in variable_names.csv -> named 'wbes_estab_find_new_employees'
20:53:48 01_clean WARNING wave:2011: variable 'afs1a' not in variable_names.csv -> named 'wbes_high_absenteeism_due'
20:53:48 01_clean WARNING wave:2011: variable 'afs1b' not in variable_names.csv -> named 'wbes_high_absenteeism_emps_1b'
20:53:48 01_clean WARNING wave:2011: variable 'afs2a' not in variable_names.csv -> named 'wbes_high_absenteeism_due_hiv'
20:53:48 01_clean WARNING wave:2011: variable 'afs2b' not in variable_names.csv -> named 'wbes_high_absenteeism_h'
20:53:48 01_clean WARNING wave:2011: variable 'afs3a' not in variable_names.csv -> named 'wbes_hiv_prevention_messages'
20:53:48 01_clean WARNING wave:2011: variable 'afs3b' not in variable_names.csv -> named 'wbes_hiv_prevention_free_condom'
20:53:48 01_clean WARNING wave:2011: variable 'afs3c' not in variable_names.csv -> named 'wbes_hiv_prevention_activ'
20:53:48 01_clean WARNING wave:2011: variable 'a0' not in variable_names.csv -> named 'wbes_questionnaire'
20:53:48 01_clean WARNING wave:2011: variable 'a14y' not in variable_names.csv -> named 'wbes_year_14y'
20:53:48 01_clean WARNING wave:2011: variable 'a1a' not in variable_names.csv -> named 'wbes_language_interview'
20:53:48 01_clean WARNING wave:2011: variable 'a7a' not in variable_names.csv -> named 'wbes_number_establishments_firm'
20:53:48 01_clean WARNING wave:2011: variable 'a11' not in variable_names.csv -> named 'wbes_hq_financial_statements'
20:53:48 01_clean WARNING wave:2011: variable 'a9' not in variable_names.csv -> named 'wbes_estab_financial_prepared'
20:53:48 01_clean WARNING wave:2011: variable 'b1' not in variable_names.csv -> named 'wbes_legal_status_firm'
20:53:48 01_clean WARNING wave:2011: variable 'b1x' not in variable_names.csv -> named 'wbes_other'
20:53:48 01_clean WARNING wave:2011: variable 'b3' not in variable_names.csv -> named 'wbes_pct_firm_largest_owner'
20:53:48 01_clean WARNING wave:2011: variable 'b5' not in variable_names.csv -> named 'wbes_year_estab_began_operations'
20:53:48 01_clean WARNING wave:2011: variable 'b6' not in variable_names.csv -> named 'wbes_full_time_emps_estab'
20:53:48 01_clean WARNING wave:2011: variable 'b6b' not in variable_names.csv -> named 'wbes_year_estab_formally'
20:53:48 01_clean WARNING wave:2011: variable 'b7' not in variable_names.csv -> named 'wbes_years_experience_working'
20:53:48 01_clean WARNING wave:2011: variable 'b7a' not in variable_names.csv -> named 'wbes_top_manager_female'
20:53:48 01_clean WARNING wave:2011: variable 'b8' not in variable_names.csv -> named 'wbes_estab_internationally'
20:53:48 01_clean WARNING wave:2011: variable 'd1a1x' not in variable_names.csv -> named 'wbes_product_svc_largest_annual'
20:53:48 01_clean WARNING wave:2011: variable 'd2x' not in variable_names.csv -> named 'wbes_number'
20:53:48 01_clean WARNING wave:2011: variable 'e11' not in variable_names.csv -> named 'wbes_estab_compete_against'
20:53:48 01_clean WARNING wave:2011: variable 'e30' not in variable_names.csv -> named 'wbes_obstacle_practices'
20:53:48 01_clean WARNING wave:2011: variable 'h2' not in variable_names.csv -> named 'wbes_new_products_svc_new_thr'
20:53:48 01_clean WARNING wave:2011: variable 'h5' not in variable_names.csv -> named 'wbes_yrs_estab_introduced_new'
20:53:48 01_clean WARNING wave:2011: variable 'h8' not in variable_names.csv -> named 'wbes_fiscal_year_estab_r_d_excl'
20:53:48 01_clean WARNING wave:2011: variable 'h9' not in variable_names.csv -> named 'wbes_r_d_either_house_external'
20:53:48 01_clean WARNING wave:2011: variable 'k6' not in variable_names.csv -> named 'wbes_estab_checking_saving'
20:53:48 01_clean WARNING wave:2011: variable 'k15b' not in variable_names.csv -> named 'wbes_open_lines_credit'
20:53:48 01_clean WARNING wave:2011: variable 'k15c' not in variable_names.csv -> named 'wbes_outstanding_balance_open'
20:53:48 01_clean WARNING wave:2011: variable 'k15d' not in variable_names.csv -> named 'wbes_outstanding_personal_loans'
20:53:48 01_clean WARNING wave:2011: variable 'k21' not in variable_names.csv -> named 'wbes_financial_statements'
20:53:48 01_clean WARNING wave:2011: variable 'h7a' not in variable_names.csv -> named 'wbes_court_system_fair_impartial'
20:53:48 01_clean WARNING wave:2011: variable 'j2' not in variable_names.csv -> named 'wbes_senior_management_time'
20:53:48 01_clean WARNING wave:2011: variable 'j6a' not in variable_names.csv -> named 'wbes_govt_contract_secured'
20:53:48 01_clean WARNING wave:2011: variable 'm1a' not in variable_names.csv -> named 'wbes_biggest_obstacle_affecting'
20:53:48 01_clean WARNING wave:2011: variable 'a15y' not in variable_names.csv -> named 'wbes_year_15y'
20:53:48 01_clean WARNING wave:2011: variable 'a15a1ax' not in variable_names.csv -> named 'wbes_respondent_position_main'
20:53:48 01_clean WARNING wave:2011: variable 'a15a2a' not in variable_names.csv -> named 'wbes_respondent_years_main'
20:53:48 01_clean WARNING wave:2011: variable 'a15a3' not in variable_names.csv -> named 'wbes_main_respondent_gender'
20:53:48 01_clean WARNING wave:2011: variable 'a15a1bx' not in variable_names.csv -> named 'wbes_respondent_position_second'
20:53:48 01_clean WARNING wave:2011: variable 'a15a2b' not in variable_names.csv -> named 'wbes_respondent_years_second'
20:53:48 01_clean WARNING wave:2011: variable 'a15b3' not in variable_names.csv -> named 'wbes_second_respondent_gender'
20:53:48 01_clean WARNING wave:2011: variable 'a15a1cx' not in variable_names.csv -> named 'wbes_third_resp_position_estab'
20:53:48 01_clean WARNING wave:2011: variable 'a15a2c' not in variable_names.csv -> named 'wbes_third_resp_years_working'
20:53:48 01_clean WARNING wave:2011: variable 'a15c3' not in variable_names.csv -> named 'wbes_third_respondent_gender'
20:53:48 01_clean WARNING wave:2011: variable 'a3b' not in variable_names.csv -> named 'wbes_official_capital_city'
20:53:48 01_clean WARNING wave:2011: variable 'a3c' not in variable_names.csv -> named 'wbes_main_business_city'
20:53:48 01_clean WARNING wave:2011: variable 'cards' not in variable_names.csv -> named 'wbes_cards'
20:53:48 01_clean WARNING wave:2011: variable 'a5' not in variable_names.csv -> named 'wbes_sector_match_screener_info'
20:53:48 01_clean WARNING wave:2011: variable 'a8' not in variable_names.csv -> named 'wbes_type_establishment'
20:53:48 01_clean WARNING wave:2011: variable 'a10' not in variable_names.csv -> named 'wbes_estab_financial_separate'
20:53:48 01_clean WARNING wave:2011: variable 'a12' not in variable_names.csv -> named 'wbes_interviewer_number'
20:53:48 01_clean WARNING wave:2011: variable 'a13' not in variable_names.csv -> named 'wbes_supervisor_number'
20:53:48 01_clean WARNING wave:2011: variable 'afb3a' not in variable_names.csv -> named 'wbes_gender_composition_owners'
20:53:48 01_clean WARNING wave:2011: variable 'afb4a' not in variable_names.csv -> named 'wbes_nationality_origin_largest'
20:53:48 01_clean WARNING wave:2011: variable 'b6a' not in variable_names.csv -> named 'wbes_estab_formally_registered'
20:53:48 01_clean WARNING wave:2011: variable 'afb8a' not in variable_names.csv -> named 'wbes_estab_located_export'
20:53:48 01_clean WARNING wave:2011: variable 'c28' not in variable_names.csv -> named 'wbes_cell_phones_used_operations'
20:53:48 01_clean WARNING wave:2011: variable 'afd11a' not in variable_names.csv -> named 'wbes_years_relations_prim'
20:53:48 01_clean WARNING wave:2011: variable 'afd11d' not in variable_names.csv -> named 'wbes_estab_subcontract_part_prod'
20:53:48 01_clean WARNING wave:2011: variable 'h3' not in variable_names.csv -> named 'wbes_estab_introduced_new_3'
20:53:48 01_clean WARNING wave:2011: variable 'h4' not in variable_names.csv -> named 'wbes_estab_introduced_new_signi'
20:53:48 01_clean WARNING wave:2011: variable 'h6' not in variable_names.csv -> named 'wbes_estab_introduced_new_6'
20:53:48 01_clean WARNING wave:2011: variable 'h7' not in variable_names.csv -> named 'wbes_estab_formal_research'
20:53:48 01_clean WARNING wave:2011: variable 'k20a' not in variable_names.csv -> named 'wbes_referring_recent'
20:53:48 01_clean WARNING wave:2011: variable 'afh1' not in variable_names.csv -> named 'wbes_agree_disagree_able_enforce'
20:53:48 01_clean WARNING wave:2011: variable 'afh2' not in variable_names.csv -> named 'wbes_agree_disagree_am_confident'
20:53:48 01_clean WARNING wave:2011: variable 'afh3a' not in variable_names.csv -> named 'wbes_agree_disagree_estab'
20:53:48 01_clean WARNING wave:2011: variable 'afh3b' not in variable_names.csv -> named 'wbes_agree_disagree_used_resolve'
20:53:48 01_clean WARNING wave:2011: variable 'afh3c' not in variable_names.csv -> named 'wbes_agree_disagree_court'
20:53:48 01_clean WARNING wave:2011: variable 'afh3d' not in variable_names.csv -> named 'wbes_agree_disagree_weeks_come'
20:53:48 01_clean WARNING wave:2011: variable 'afh3e' not in variable_names.csv -> named 'wbes_agree_disagree_decision'
20:53:48 01_clean WARNING wave:2011: variable 'afh3f' not in variable_names.csv -> named 'wbes_agree_disagree_weeks'
20:53:48 01_clean WARNING wave:2011: variable 'afs1y' not in variable_names.csv -> named 'wbes_estab_pre_employ_health'
20:53:48 01_clean WARNING wave:2011: variable 'afs4' not in variable_names.csv -> named 'wbes_cost_aids_hiv_fy2010'
20:53:48 01_clean WARNING wave:2011: variable 'm1d' not in variable_names.csv -> named 'wbes_rotation_order'
20:53:48 01_clean WARNING wave:2011: variable 'panel_2011' not in variable_names.csv -> named 'wbes_panel_data'
20:53:48 01_clean WARNING wave:2011: variable 'weak_weights' not in variable_names.csv -> named 'wbes_weak_weights'
20:53:48 01_clean WARNING wave:2011: variable 'median_weights' not in variable_names.csv -> named 'wbes_median_weights'
20:53:48 01_clean WARNING wave:2011: variable 'strict_weights' not in variable_names.csv -> named 'wbes_strict_weights'
20:53:48 01_clean WARNING wave:2011: variable 'panelnew' not in variable_names.csv -> named 'wbes_panelnew'
20:53:48 01_clean WARNING wave:2011: variable 'id2011' not in variable_names.csv -> named 'wbes_id_number_survey'
20:53:48 01_clean INFO wrote WBES_2011_establishment_clean.dta  (241 rows x 261 vars, 0.4 MB)
20:53:48 01_clean INFO ================ 2019 ================
20:53:48 01_clean INFO 2019: 360 of 813 panel rows, 413 columns after stripping the wave prefixes
20:53:48 01_clean INFO PASS  2019: the panel and the stand-alone release agree on all 401 shared columns
20:53:48 01_clean INFO 2019: 11 columns merged from the panel (panel link, and items the stand-alone file does not carry)
20:53:48 01_clean INFO 2019: 2 columns dropped, not asked in this round
20:53:48 01_clean INFO PASS  row count unchanged (360)
20:53:48 01_clean INFO PASS  360 establishments == the implementation report's 360
20:53:48 01_clean INFO PASS  World Bank firm id unique
20:53:48 01_clean INFO PASS  2019: the strict-eligibility weight is present and > 0 on every row
20:53:48 01_clean INFO 2019: 360 establishments x 414 variables | weighted universe (strict) = 2,268
20:53:48 01_clean INFO all hard checks passed (0 soft warnings)
20:53:48 01_clean WARNING wave:2019: variable 'survey' not in variable_names.csv -> named 'wbes_source_survey'
20:53:48 01_clean WARNING wave:2019: variable 'year' not in variable_names.csv -> named 'wbes_survey_year'
20:53:48 01_clean WARNING wave:2019: variable 'wave' not in variable_names.csv -> named 'wbes_round'
20:53:48 01_clean WARNING wave:2019: variable 'idstd' not in variable_names.csv -> named 'wbes_world_bank_standard_firm'
20:53:48 01_clean WARNING wave:2019: variable 'id' not in variable_names.csv -> named 'wbes_firm_identifier_round'
20:53:48 01_clean WARNING wave:2019: variable 'panelid' not in variable_names.csv -> named 'wbes_firm_identifier_shared'
20:53:48 01_clean WARNING wave:2019: variable 'panel' not in variable_names.csv -> named 'wbes_rounds_firm_interviewed'
20:53:48 01_clean WARNING wave:2019: variable 'a2' not in variable_names.csv -> named 'wbes_sampling_region'
20:53:48 01_clean WARNING wave:2019: variable 'a3a' not in variable_names.csv -> named 'wbes_region_establishment'
20:53:48 01_clean WARNING wave:2019: variable 'a3' not in variable_names.csv -> named 'wbes_size_locality'
20:53:48 01_clean WARNING wave:2019: variable 'a4a' not in variable_names.csv -> named 'wbes_industry_sampling_sector'
20:53:48 01_clean WARNING wave:2019: variable 'a4b' not in variable_names.csv -> named 'wbes_industry_screener_sector'
20:53:48 01_clean WARNING wave:2019: variable 'a6a' not in variable_names.csv -> named 'wbes_sampling_size_class'
20:53:48 01_clean WARNING wave:2019: variable 'a6b' not in variable_names.csv -> named 'wbes_screener_size_class'
20:53:48 01_clean WARNING wave:2019: variable 'strata' not in variable_names.csv -> named 'wbes_sampling_stratum_industry'
20:53:48 01_clean WARNING wave:2019: variable 'stratificationregioncode' not in variable_names.csv -> named 'wbes_stratification_region'
20:53:48 01_clean WARNING wave:2019: variable 'wstrict' not in variable_names.csv -> named 'wbes_sampling_weight_strict'
20:53:48 01_clean WARNING wave:2019: variable 'wmedian' not in variable_names.csv -> named 'wbes_sampling_weight_median'
20:53:48 01_clean WARNING wave:2019: variable 'wweak' not in variable_names.csv -> named 'wbes_sampling_weight_weak'
20:53:48 01_clean WARNING wave:2019: variable 'a0' not in variable_names.csv -> named 'wbes_questionnaire'
20:53:48 01_clean WARNING wave:2019: variable 'a6c' not in variable_names.csv -> named 'wbes_screener_size'
20:53:48 01_clean WARNING wave:2019: variable 'a14d' not in variable_names.csv -> named 'wbes_day_14d'
20:53:48 01_clean WARNING wave:2019: variable 'a14m' not in variable_names.csv -> named 'wbes_month_14m'
20:53:48 01_clean WARNING wave:2019: variable 'a14y' not in variable_names.csv -> named 'wbes_year_14y'
20:53:48 01_clean WARNING wave:2019: variable 'a14h' not in variable_names.csv -> named 'wbes_hour_14h'
20:53:48 01_clean WARNING wave:2019: variable 'a14min' not in variable_names.csv -> named 'wbes_minutes'
20:53:48 01_clean WARNING wave:2019: variable 'a1' not in variable_names.csv -> named 'wbes_country'
20:53:48 01_clean WARNING wave:2019: variable 'a12' not in variable_names.csv -> named 'wbes_interviewer_number'
20:53:48 01_clean WARNING wave:2019: variable 'a1a' not in variable_names.csv -> named 'wbes_language_interview'
20:53:48 01_clean WARNING wave:2019: variable 'a1c' not in variable_names.csv -> named 'wbes_sample_frame_level'
20:53:48 01_clean WARNING wave:2019: variable 'a7' not in variable_names.csv -> named 'wbes_estab_part_multi_estab_firm'
20:53:48 01_clean WARNING wave:2019: variable 'a7a' not in variable_names.csv -> named 'wbes_number_establishments_firm'
20:53:48 01_clean WARNING wave:2019: variable 'a7b' not in variable_names.csv -> named 'wbes_estab_headquarters_location'
20:53:48 01_clean WARNING wave:2019: variable 'a11' not in variable_names.csv -> named 'wbes_hq_financial_statements'
20:53:48 01_clean WARNING wave:2019: variable 'a7c' not in variable_names.csv -> named 'wbes_headquarters_location'
20:53:48 01_clean WARNING wave:2019: variable 'a9' not in variable_names.csv -> named 'wbes_estab_financial_statements'
20:53:48 01_clean WARNING wave:2019: variable 'a20y' not in variable_names.csv -> named 'wbes_close_year_completed_fiscal'
20:53:48 01_clean WARNING wave:2019: variable 'a20m' not in variable_names.csv -> named 'wbes_close_mo_completed_fiscal'
20:53:48 01_clean WARNING wave:2019: variable 'a20d' not in variable_names.csv -> named 'wbes_close_day_completed_fiscal'
20:53:48 01_clean WARNING wave:2019: variable 'b1' not in variable_names.csv -> named 'wbes_legal_status_firm'
20:53:48 01_clean WARNING wave:2019: variable 'rwb1' not in variable_names.csv -> named 'wbes_legal_status_firm_rwanda'
20:53:48 01_clean WARNING wave:2019: variable 'b1x' not in variable_names.csv -> named 'wbes_other_1x'
20:53:48 01_clean WARNING wave:2019: variable 'rwb1x' not in variable_names.csv -> named 'wbes_other_1x_rwb1x'
20:53:48 01_clean WARNING wave:2019: variable 'b3' not in variable_names.csv -> named 'wbes_pct_firm_largest_owner'
20:53:48 01_clean WARNING wave:2019: variable 'b3a' not in variable_names.csv -> named 'wbes_largest_owner_top_manager'
20:53:48 01_clean WARNING wave:2019: variable 'b2a' not in variable_names.csv -> named 'wbes_owned_private_domestic'
20:53:48 01_clean WARNING wave:2019: variable 'b2b' not in variable_names.csv -> named 'wbes_owned_private_foreign'
20:53:48 01_clean WARNING wave:2019: variable 'b2c' not in variable_names.csv -> named 'wbes_owned_government'
20:53:48 01_clean WARNING wave:2019: variable 'b2d' not in variable_names.csv -> named 'wbes_owned_other'
20:53:48 01_clean WARNING wave:2019: variable 'rwab1' not in variable_names.csv -> named 'wbes_estab_part_subsidiary'
20:53:48 01_clean WARNING wave:2019: variable 'rwab2a' not in variable_names.csv -> named 'wbes_parent_firm_operate_eac'
20:53:48 01_clean WARNING wave:2019: variable 'rwab2b' not in variable_names.csv -> named 'wbes_parent_firm_operate_ssa'
20:53:48 01_clean WARNING wave:2019: variable 'b4' not in variable_names.csv -> named 'wbes_amongst_owners_firm_females'
20:53:48 01_clean WARNING wave:2019: variable 'b4a' not in variable_names.csv -> named 'wbes_firm_owned_females'
20:53:48 01_clean WARNING wave:2019: variable 'rwab3' not in variable_names.csv -> named 'wbes_owner_ceo_top_manager_board'
20:53:48 01_clean WARNING wave:2019: variable 'b5' not in variable_names.csv -> named 'wbes_year_estab_began_operations'
20:53:48 01_clean WARNING wave:2019: variable 'b6' not in variable_names.csv -> named 'wbes_full_time_emps_estab'
20:53:48 01_clean WARNING wave:2019: variable 'b6b' not in variable_names.csv -> named 'wbes_year_estab_formally'
20:53:48 01_clean WARNING wave:2019: variable 'rwab4' not in variable_names.csv -> named 'wbes_firm_located_designated'
20:53:48 01_clean WARNING wave:2019: variable 'rwab5' not in variable_names.csv -> named 'wbes_estab_registered_rwanda'
20:53:48 01_clean WARNING wave:2019: variable 'b7' not in variable_names.csv -> named 'wbes_years_experience_working'
20:53:48 01_clean WARNING wave:2019: variable 'b7a' not in variable_names.csv -> named 'wbes_top_manager_female'
20:53:48 01_clean WARNING wave:2019: variable 'b8' not in variable_names.csv -> named 'wbes_estab_internationally'
20:53:48 01_clean WARNING wave:2019: variable 'b8x' not in variable_names.csv -> named 'wbes_internationally_recognized'
20:53:48 01_clean WARNING wave:2019: variable 'c3' not in variable_names.csv -> named 'wbes_application_obtain_3'
20:53:48 01_clean WARNING wave:2019: variable 'c4' not in variable_names.csv -> named 'wbes_days_receive_electrical'
20:53:48 01_clean WARNING wave:2019: variable 'c5' not in variable_names.csv -> named 'wbes_informal_gift_electrical'
20:53:48 01_clean WARNING wave:2019: variable 'c6' not in variable_names.csv -> named 'wbes_fy_estab_experience_power'
20:53:48 01_clean WARNING wave:2019: variable 'c7' not in variable_names.csv -> named 'wbes_power_outages_experienced'
20:53:48 01_clean WARNING wave:2019: variable 'c8a' not in variable_names.csv -> named 'wbes_average_duration_hours'
20:53:48 01_clean WARNING wave:2019: variable 'c8b' not in variable_names.csv -> named 'wbes_average_duration_minutes'
20:53:48 01_clean WARNING wave:2019: variable 'c9a' not in variable_names.csv -> named 'wbes_fy_losses_annual_sales_due'
20:53:48 01_clean WARNING wave:2019: variable 'c9b' not in variable_names.csv -> named 'wbes_fy_value_losses_due_power'
20:53:48 01_clean WARNING wave:2019: variable 'c10' not in variable_names.csv -> named 'wbes_generator_shared_owned'
20:53:48 01_clean WARNING wave:2019: variable 'c11' not in variable_names.csv -> named 'wbes_electricity_generator_owned'
20:53:48 01_clean WARNING wave:2019: variable 'c12' not in variable_names.csv -> named 'wbes_application_obtain_water'
20:53:48 01_clean WARNING wave:2019: variable 'c13' not in variable_names.csv -> named 'wbes_days_obtain_water'
20:53:48 01_clean WARNING wave:2019: variable 'c14' not in variable_names.csv -> named 'wbes_applied_water_connection'
20:53:48 01_clean WARNING wave:2019: variable 'c15' not in variable_names.csv -> named 'wbes_experience_insufficient'
20:53:48 01_clean WARNING wave:2019: variable 'c16' not in variable_names.csv -> named 'wbes_frequency_incidents_water'
20:53:48 01_clean WARNING wave:2019: variable 'c17' not in variable_names.csv -> named 'wbes_avg_length_water_shortages'
20:53:48 01_clean WARNING wave:2019: variable 'rwac1' not in variable_names.csv -> named 'wbes_estab_use_internet_biz'
20:53:48 01_clean WARNING wave:2019: variable 'c22b' not in variable_names.csv -> named 'wbes_establishment_own_website'
20:53:48 01_clean WARNING wave:2019: variable 'rwac2' not in variable_names.csv -> named 'wbes_estab_waste_management'
20:53:48 01_clean WARNING wave:2019: variable 'c30a' not in variable_names.csv -> named 'wbes_obstacle_electricity'
20:53:48 01_clean WARNING wave:2019: variable 'd1a1a' not in variable_names.csv -> named 'wbes_estab_product_service_fy'
20:53:48 01_clean WARNING wave:2019: variable 'd1a1x' not in variable_names.csv -> named 'wbes_product_svc_largest_annual'
20:53:48 01_clean WARNING wave:2019: variable 'd1a3' not in variable_names.csv -> named 'wbes_product_svc_pct_annual'
20:53:48 01_clean WARNING wave:2019: variable 'd2' not in variable_names.csv -> named 'wbes_fiscal_year'
20:53:48 01_clean WARNING wave:2019: variable 'd2x' not in variable_names.csv -> named 'wbes_number'
20:53:48 01_clean WARNING wave:2019: variable 'rwad1' not in variable_names.csv -> named 'wbes_sales_government'
20:53:48 01_clean WARNING wave:2019: variable 'n3' not in variable_names.csv -> named 'wbes_establishment_sales_years'
20:53:48 01_clean WARNING wave:2019: variable 'd3a' not in variable_names.csv -> named 'wbes_sales_national_sales'
20:53:48 01_clean WARNING wave:2019: variable 'd3b' not in variable_names.csv -> named 'wbes_o_sales_indirect_exports'
20:53:48 01_clean WARNING wave:2019: variable 'd3c' not in variable_names.csv -> named 'wbes_sales_direct_exports'
20:53:48 01_clean WARNING wave:2019: variable 'rwad2' not in variable_names.csv -> named 'wbes_reason_why_firm_not_export'
20:53:48 01_clean WARNING wave:2019: variable 'd4' not in variable_names.csv -> named 'wbes_fy_avg_num_days_exported'
20:53:48 01_clean WARNING wave:2019: variable 'd5a' not in variable_names.csv -> named 'wbes_clearing_exports_through'
20:53:48 01_clean WARNING wave:2019: variable 'd8' not in variable_names.csv -> named 'wbes_year_estab_export_directly'
20:53:48 01_clean WARNING wave:2019: variable 'rwad3' not in variable_names.csv -> named 'wbes_important_barrier_expanding'
20:53:48 01_clean WARNING wave:2019: variable 'd10' not in variable_names.csv -> named 'wbes_last_fy_theft'
20:53:48 01_clean WARNING wave:2019: variable 'd11' not in variable_names.csv -> named 'wbes_last_fy_breakage_spoilage'
20:53:48 01_clean WARNING wave:2019: variable 'd12a' not in variable_names.csv -> named 'wbes_material_inputs_domestic'
20:53:48 01_clean WARNING wave:2019: variable 'd12b' not in variable_names.csv -> named 'wbes_material_inputs_foreign'
20:53:48 01_clean WARNING wave:2019: variable 'd13' not in variable_names.csv -> named 'wbes_material_inputs_imported'
20:53:48 01_clean WARNING wave:2019: variable 'd14' not in variable_names.csv -> named 'wbes_avg_num_days_imported_goods'
20:53:48 01_clean WARNING wave:2019: variable 'd15a' not in variable_names.csv -> named 'wbes_clearing_imports_through'
20:53:48 01_clean WARNING wave:2019: variable 'rwad4' not in variable_names.csv -> named 'wbes_logistics_related_obstacle'
20:53:48 01_clean WARNING wave:2019: variable 'd30a' not in variable_names.csv -> named 'wbes_obstacle_transport'
20:53:48 01_clean WARNING wave:2019: variable 'd30b' not in variable_names.csv -> named 'wbes_obstacle_customs_trade'
20:53:48 01_clean WARNING wave:2019: variable 'r1' not in variable_names.csv -> named 'wbes_happened_problem_prod'
20:53:48 01_clean WARNING wave:2019: variable 'r2' not in variable_names.csv -> named 'wbes_estab_monitor_prod_svc'
20:53:48 01_clean WARNING wave:2019: variable 'r3' not in variable_names.csv -> named 'wbes_prod_svc_provision'
20:53:48 01_clean WARNING wave:2019: variable 'r4' not in variable_names.csv -> named 'wbes_estab_prod_svc_provision'
20:53:48 01_clean WARNING wave:2019: variable 'r5' not in variable_names.csv -> named 'wbes_best_describes_time_frame'
20:53:48 01_clean WARNING wave:2019: variable 'r6' not in variable_names.csv -> named 'wbes_easy_achieve_prod_svc'
20:53:48 01_clean WARNING wave:2019: variable 'r7' not in variable_names.csv -> named 'wbes_aware_prod_svc_provision'
20:53:48 01_clean WARNING wave:2019: variable 'r8' not in variable_names.csv -> named 'wbes_performance_bonuses_based'
20:53:48 01_clean WARNING wave:2019: variable 'r9' not in variable_names.csv -> named 'wbes_managers_performance'
20:53:48 01_clean WARNING wave:2019: variable 'r10' not in variable_names.csv -> named 'wbes_prim_way_non_managers'
20:53:48 01_clean WARNING wave:2019: variable 'r11' not in variable_names.csv -> named 'wbes_performing_non_manager'
20:53:48 01_clean WARNING wave:2019: variable 'e1' not in variable_names.csv -> named 'wbes_fy_market_estab_product'
20:53:48 01_clean WARNING wave:2019: variable 'e2b' not in variable_names.csv -> named 'wbes_competitors_product_svc'
20:53:48 01_clean WARNING wave:2019: variable 'rwae1' not in variable_names.csv -> named 'wbes_firms_main_competitor'
20:53:48 01_clean WARNING wave:2019: variable 'e6' not in variable_names.csv -> named 'wbes_use_technology_licensed'
20:53:48 01_clean WARNING wave:2019: variable 'rwae2' not in variable_names.csv -> named 'wbes_tax_breaks_incentives_via'
20:53:48 01_clean WARNING wave:2019: variable 'rwae3' not in variable_names.csv -> named 'wbes_access_land_govt_subsidized'
20:53:48 01_clean WARNING wave:2019: variable 'rwae4' not in variable_names.csv -> named 'wbes_access_subsidized_input'
20:53:48 01_clean WARNING wave:2019: variable 'rwae5' not in variable_names.csv -> named 'wbes_direct_sudsidies_wage'
20:53:48 01_clean WARNING wave:2019: variable 'rwae6_pos1' not in variable_names.csv -> named 'wbes_option_position_1'
20:53:48 01_clean WARNING wave:2019: variable 'rwae6_pos2' not in variable_names.csv -> named 'wbes_option_position_2'
20:53:48 01_clean WARNING wave:2019: variable 'rwae6_pos3' not in variable_names.csv -> named 'wbes_option_position_3'
20:53:48 01_clean WARNING wave:2019: variable 'rwae6_pos4' not in variable_names.csv -> named 'wbes_option_position_4'
20:53:48 01_clean WARNING wave:2019: variable 'rwae6_pos5' not in variable_names.csv -> named 'wbes_option_position_5'
20:53:48 01_clean WARNING wave:2019: variable 'rwae6_pos6' not in variable_names.csv -> named 'wbes_option_position_6'
20:53:48 01_clean WARNING wave:2019: variable 'rwae6_pos7' not in variable_names.csv -> named 'wbes_option_position_7'
20:53:48 01_clean WARNING wave:2019: variable 'rwae6_pos8' not in variable_names.csv -> named 'wbes_option_position_8'
20:53:48 01_clean WARNING wave:2019: variable 'rwae6_pos9' not in variable_names.csv -> named 'wbes_option_position_9'
20:53:48 01_clean WARNING wave:2019: variable 'rwae6_pos10' not in variable_names.csv -> named 'wbes_option_position_10'
20:53:48 01_clean WARNING wave:2019: variable 'rwae6' not in variable_names.csv -> named 'wbes_competitor_practices'
20:53:48 01_clean WARNING wave:2019: variable 'e11' not in variable_names.csv -> named 'wbes_estab_compete_against'
20:53:48 01_clean WARNING wave:2019: variable 'e30' not in variable_names.csv -> named 'wbes_obstacle_practices'
20:53:48 01_clean WARNING wave:2019: variable 'h1' not in variable_names.csv -> named 'wbes_new_products_svc_introduced'
20:53:48 01_clean WARNING wave:2019: variable 'h2' not in variable_names.csv -> named 'wbes_new_products_svc_new_thr'
20:53:48 01_clean WARNING wave:2019: variable 'h3x' not in variable_names.csv -> named 'wbes_describe_detail_new'
20:53:48 01_clean WARNING wave:2019: variable 'h4x' not in variable_names.csv -> named 'wbes_describe_product_svc'
20:53:48 01_clean WARNING wave:2019: variable 'h5' not in variable_names.csv -> named 'wbes_yrs_estab_introduced_new'
20:53:48 01_clean WARNING wave:2019: variable 'h6x' not in variable_names.csv -> named 'wbes_describe_process_estab'
20:53:48 01_clean WARNING wave:2019: variable 'h7x' not in variable_names.csv -> named 'wbes_new_significantly_improved'
20:53:48 01_clean WARNING wave:2019: variable 'h8' not in variable_names.csv -> named 'wbes_fiscal_year_estab_r_d_excl'
20:53:48 01_clean WARNING wave:2019: variable 'h9' not in variable_names.csv -> named 'wbes_r_d_either_house_external'
20:53:48 01_clean WARNING wave:2019: variable 'f1' not in variable_names.csv -> named 'wbes_fy_capacity_utilization'
20:53:48 01_clean WARNING wave:2019: variable 'f2' not in variable_names.csv -> named 'wbes_hours_week_operated_estab'
20:53:48 01_clean WARNING wave:2019: variable 'g6a' not in variable_names.csv -> named 'wbes_pct_building_occupied_owned'
20:53:48 01_clean WARNING wave:2019: variable 'g1a' not in variable_names.csv -> named 'wbes_pct_land_occupied_owned'
20:53:48 01_clean WARNING wave:2019: variable 'g2' not in variable_names.csv -> named 'wbes_applic_obtain_construction'
20:53:48 01_clean WARNING wave:2019: variable 'g3' not in variable_names.csv -> named 'wbes_days_obtain_construction'
20:53:48 01_clean WARNING wave:2019: variable 'g4' not in variable_names.csv -> named 'wbes_informal_gift_construction'
20:53:48 01_clean WARNING wave:2019: variable 'g5a' not in variable_names.csv -> named 'wbes_selling_area_establishment'
20:53:48 01_clean WARNING wave:2019: variable 'g5b' not in variable_names.csv -> named 'wbes_area_measured'
20:53:48 01_clean WARNING wave:2019: variable 'g5bx' not in variable_names.csv -> named 'wbes_units_not_included_above'
20:53:48 01_clean WARNING wave:2019: variable 'g30a' not in variable_names.csv -> named 'wbes_obstacle_access_land'
20:53:48 01_clean WARNING wave:2019: variable 'i1' not in variable_names.csv -> named 'wbes_fy_estab_pay_security'
20:53:48 01_clean WARNING wave:2019: variable 'i2a' not in variable_names.csv -> named 'wbes_annual_percentage_security'
20:53:48 01_clean WARNING wave:2019: variable 'i2b' not in variable_names.csv -> named 'wbes_fiscal_year_annual_cost'
20:53:48 01_clean WARNING wave:2019: variable 'i3' not in variable_names.csv -> named 'wbes_losses_due_experienced'
20:53:48 01_clean WARNING wave:2019: variable 'i4a' not in variable_names.csv -> named 'wbes_losses_due_fy_sales'
20:53:48 01_clean WARNING wave:2019: variable 'i4b' not in variable_names.csv -> named 'wbes_value_losses_due_theft'
20:53:48 01_clean WARNING wave:2019: variable 'i30' not in variable_names.csv -> named 'wbes_obstacle_crime_theft'
20:53:48 01_clean WARNING wave:2019: variable 'k3a' not in variable_names.csv -> named 'wbes_working_capital_internal'
20:53:48 01_clean WARNING wave:2019: variable 'k3bc' not in variable_names.csv -> named 'wbes_working_capital_banks'
20:53:48 01_clean WARNING wave:2019: variable 'k3e' not in variable_names.csv -> named 'wbes_working_capital_non_bank'
20:53:48 01_clean WARNING wave:2019: variable 'k3f' not in variable_names.csv -> named 'wbes_working_capital_bought'
20:53:48 01_clean WARNING wave:2019: variable 'k3hd' not in variable_names.csv -> named 'wbes_working_capital_money'
20:53:48 01_clean WARNING wave:2019: variable 'k4' not in variable_names.csv -> named 'wbes_estab_purchase_fixed_assets'
20:53:48 01_clean WARNING wave:2019: variable 'n5a' not in variable_names.csv -> named 'wbes_total_annual_equipment'
20:53:48 01_clean WARNING wave:2019: variable 'n5b' not in variable_names.csv -> named 'wbes_total_annual_land_buildings'
20:53:48 01_clean WARNING wave:2019: variable 'k5a' not in variable_names.csv -> named 'wbes_fy_internal_funds_retained'
20:53:48 01_clean WARNING wave:2019: variable 'k5a1' not in variable_names.csv -> named 'wbes_fixed_assets_value_internal'
20:53:48 01_clean WARNING wave:2019: variable 'k5i' not in variable_names.csv -> named 'wbes_fy_ownersatm_contributions'
20:53:48 01_clean WARNING wave:2019: variable 'k5i1' not in variable_names.csv -> named 'wbes_fixed_assets_ownersatm'
20:53:48 01_clean WARNING wave:2019: variable 'k5bc' not in variable_names.csv -> named 'wbes_fy_fixed_assets_funded_bank'
20:53:48 01_clean WARNING wave:2019: variable 'k5bc1' not in variable_names.csv -> named 'wbes_fixed_assets_banks'
20:53:48 01_clean WARNING wave:2019: variable 'k5e' not in variable_names.csv -> named 'wbes_fy_fixed_assets_funded_non'
20:53:48 01_clean WARNING wave:2019: variable 'k5e1' not in variable_names.csv -> named 'wbes_fixed_assets_non_bank'
20:53:48 01_clean WARNING wave:2019: variable 'k5f' not in variable_names.csv -> named 'wbes_fy_credit_suppliers'
20:53:48 01_clean WARNING wave:2019: variable 'k5f1' not in variable_names.csv -> named 'wbes_fixed_assets_purchases'
20:53:48 01_clean WARNING wave:2019: variable 'k5hdj' not in variable_names.csv -> named 'wbes_last_fy_other_money_lenders'
20:53:48 01_clean WARNING wave:2019: variable 'k5hdj1' not in variable_names.csv -> named 'wbes_fixed_assets_value_other'
20:53:48 01_clean WARNING wave:2019: variable 'k4b' not in variable_names.csv -> named 'wbes_purchase_new_used_fixed'
20:53:48 01_clean WARNING wave:2019: variable 'n5c' not in variable_names.csv -> named 'wbes_annual_equipment_year_prior'
20:53:48 01_clean WARNING wave:2019: variable 'n5d' not in variable_names.csv -> named 'wbes_annual_expend_land'
20:53:48 01_clean WARNING wave:2019: variable 'k6' not in variable_names.csv -> named 'wbes_estab_checking_saving'
20:53:48 01_clean WARNING wave:2019: variable 'k7' not in variable_names.csv -> named 'wbes_time_estab_overdraft'
20:53:48 01_clean WARNING wave:2019: variable 'k8' not in variable_names.csv -> named 'wbes_estab_line_credit_loan'
20:53:48 01_clean WARNING wave:2019: variable 'k9' not in variable_names.csv -> named 'wbes_financial_institution'
20:53:48 01_clean WARNING wave:2019: variable 'k10' not in variable_names.csv -> named 'wbes_year_recent_loan_line'
20:53:48 01_clean WARNING wave:2019: variable 'k11' not in variable_names.csv -> named 'wbes_recent_loan_value_time'
20:53:48 01_clean WARNING wave:2019: variable 'k13' not in variable_names.csv -> named 'wbes_financing_required_recent'
20:53:48 01_clean WARNING wave:2019: variable 'k14a' not in variable_names.csv -> named 'wbes_collateral_land_buildings'
20:53:48 01_clean WARNING wave:2019: variable 'k14b' not in variable_names.csv -> named 'wbes_type_collateral_equipment'
20:53:48 01_clean WARNING wave:2019: variable 'k14c' not in variable_names.csv -> named 'wbes_type_collateral_accounts'
20:53:48 01_clean WARNING wave:2019: variable 'k14d' not in variable_names.csv -> named 'wbes_collateral_personal_assets'
20:53:48 01_clean WARNING wave:2019: variable 'k14e' not in variable_names.csv -> named 'wbes_type_collateral_other'
20:53:48 01_clean WARNING wave:2019: variable 'k15a' not in variable_names.csv -> named 'wbes_value_collateral_required'
20:53:48 01_clean WARNING wave:2019: variable 'k15b' not in variable_names.csv -> named 'wbes_open_lines_credit'
20:53:48 01_clean WARNING wave:2019: variable 'k15c' not in variable_names.csv -> named 'wbes_outstanding_balance_open'
20:53:48 01_clean WARNING wave:2019: variable 'k15d' not in variable_names.csv -> named 'wbes_outstanding_personal_loans'
20:53:48 01_clean WARNING wave:2019: variable 'k16' not in variable_names.csv -> named 'wbes_fy_estab_apply_new_loans'
20:53:48 01_clean WARNING wave:2019: variable 'k17' not in variable_names.csv -> named 'wbes_reason_not_applying_new'
20:53:48 01_clean WARNING wave:2019: variable 'k20a1' not in variable_names.csv -> named 'wbes_outcome_recent_application'
20:53:48 01_clean WARNING wave:2019: variable 'k21' not in variable_names.csv -> named 'wbes_financial_statements'
20:53:48 01_clean WARNING wave:2019: variable 'k30' not in variable_names.csv -> named 'wbes_obstacle_access_finance'
20:53:48 01_clean WARNING wave:2019: variable 'h7a' not in variable_names.csv -> named 'wbes_court_system_fair_impartial'
20:53:48 01_clean WARNING wave:2019: variable 'j2' not in variable_names.csv -> named 'wbes_senior_management_time'
20:53:48 01_clean WARNING wave:2019: variable 'j3' not in variable_names.csv -> named 'wbes_estab_inspected_tax'
20:53:48 01_clean WARNING wave:2019: variable 'j4' not in variable_names.csv -> named 'wbes_frequency_inspections'
20:53:48 01_clean WARNING wave:2019: variable 'j5' not in variable_names.csv -> named 'wbes_inspections_gift_informal'
20:53:48 01_clean WARNING wave:2019: variable 'j6a' not in variable_names.csv -> named 'wbes_govt_contract_secured'
20:53:48 01_clean WARNING wave:2019: variable 'j6' not in variable_names.csv -> named 'wbes_value_avg_estab_country'
20:53:48 01_clean WARNING wave:2019: variable 'j7a' not in variable_names.csv -> named 'wbes_annual_pct_informal'
20:53:48 01_clean WARNING wave:2019: variable 'j7b' not in variable_names.csv -> named 'wbes_annual_informal_payment'
20:53:48 01_clean WARNING wave:2019: variable 'j10' not in variable_names.csv -> named 'wbes_application_obtain_import'
20:53:48 01_clean WARNING wave:2019: variable 'j11' not in variable_names.csv -> named 'wbes_days_obtain_import_license'
20:53:48 01_clean WARNING wave:2019: variable 'j12' not in variable_names.csv -> named 'wbes_applied_import_license'
20:53:48 01_clean WARNING wave:2019: variable 'j13' not in variable_names.csv -> named 'wbes_application_obtain_13'
20:53:48 01_clean WARNING wave:2019: variable 'j14' not in variable_names.csv -> named 'wbes_days_obtain_operating'
20:53:48 01_clean WARNING wave:2019: variable 'j15' not in variable_names.csv -> named 'wbes_applied_operating_license'
20:53:48 01_clean WARNING wave:2019: variable 'j30a' not in variable_names.csv -> named 'wbes_obstacle_tax_rates'
20:53:48 01_clean WARNING wave:2019: variable 'j30b' not in variable_names.csv -> named 'wbes_obstacle_tax'
20:53:48 01_clean WARNING wave:2019: variable 'j30c' not in variable_names.csv -> named 'wbes_obstacle_biz_licensing'
20:53:48 01_clean WARNING wave:2019: variable 'j30e' not in variable_names.csv -> named 'wbes_obstacle_political'
20:53:48 01_clean WARNING wave:2019: variable 'j30f' not in variable_names.csv -> named 'wbes_obstacle_corruption'
20:53:48 01_clean WARNING wave:2019: variable 'h30' not in variable_names.csv -> named 'wbes_obstacle_courts'
20:53:48 01_clean WARNING wave:2019: variable 'j30_taxrate_pos' not in variable_names.csv -> named 'wbes_rotation_position'
20:53:48 01_clean WARNING wave:2019: variable 'j30_taxadmin_pos' not in variable_names.csv -> named 'wbes_rotation_j30taxadmi'
20:53:48 01_clean WARNING wave:2019: variable 'j30_permit_pos' not in variable_names.csv -> named 'wbes_rotation_j30permitp'
20:53:48 01_clean WARNING wave:2019: variable 'j30_instability_pos' not in variable_names.csv -> named 'wbes_rotation_j30instabi'
20:53:48 01_clean WARNING wave:2019: variable 'j30_corruption_pos' not in variable_names.csv -> named 'wbes_rotation_j30corrupt'
20:53:48 01_clean WARNING wave:2019: variable 'j30_courts_pos' not in variable_names.csv -> named 'wbes_rotation_j30courtsp'
20:53:48 01_clean WARNING wave:2019: variable 'u1' not in variable_names.csv -> named 'wbes_past_yrs_rules_regulations'
20:53:48 01_clean WARNING wave:2019: variable 'u2_pos1' not in variable_names.csv -> named 'wbes_option_position_1_u2pos1'
20:53:48 01_clean WARNING wave:2019: variable 'u2_pos2' not in variable_names.csv -> named 'wbes_option_position_2_u2pos2'
20:53:48 01_clean WARNING wave:2019: variable 'u2_pos3' not in variable_names.csv -> named 'wbes_option_position_3_u2pos3'
20:53:48 01_clean WARNING wave:2019: variable 'u2_pos4' not in variable_names.csv -> named 'wbes_option_position_4_u2pos4'
20:53:48 01_clean WARNING wave:2019: variable 'u2_pos5' not in variable_names.csv -> named 'wbes_option_position_5_u2pos5'
20:53:48 01_clean WARNING wave:2019: variable 'u2_pos6' not in variable_names.csv -> named 'wbes_option_position_6_u2pos6'
20:53:48 01_clean WARNING wave:2019: variable 'u2_pos7' not in variable_names.csv -> named 'wbes_option_position_7_u2pos7'
20:53:48 01_clean WARNING wave:2019: variable 'u2_pos8' not in variable_names.csv -> named 'wbes_option_position_8_u2pos8'
20:53:48 01_clean WARNING wave:2019: variable 'u2_pos9' not in variable_names.csv -> named 'wbes_option_position_9_u2pos9'
20:53:48 01_clean WARNING wave:2019: variable 'u2_pos10' not in variable_names.csv -> named 'wbes_option_position_10_u2pos10'
20:53:48 01_clean WARNING wave:2019: variable 'u2_pos11' not in variable_names.csv -> named 'wbes_option_position_11'
20:53:48 01_clean WARNING wave:2019: variable 'u2' not in variable_names.csv -> named 'wbes_prim_focus_new_rules'
20:53:48 01_clean WARNING wave:2019: variable 'u3' not in variable_names.csv -> named 'wbes_estab_impacted_new_rule'
20:53:48 01_clean WARNING wave:2019: variable 'u4' not in variable_names.csv -> named 'wbes_past_yrs_difficulty_finding'
20:53:48 01_clean WARNING wave:2019: variable 'u5_pos1' not in variable_names.csv -> named 'wbes_option_position_1_u5pos1'
20:53:48 01_clean WARNING wave:2019: variable 'u5_pos2' not in variable_names.csv -> named 'wbes_option_position_2_u5pos2'
20:53:48 01_clean WARNING wave:2019: variable 'u5_pos3' not in variable_names.csv -> named 'wbes_option_position_3_u5pos3'
20:53:48 01_clean WARNING wave:2019: variable 'u5_pos4' not in variable_names.csv -> named 'wbes_option_position_4_u5pos4'
20:53:48 01_clean WARNING wave:2019: variable 'u5_pos5' not in variable_names.csv -> named 'wbes_option_position_5_u5pos5'
20:53:48 01_clean WARNING wave:2019: variable 'u5_pos6' not in variable_names.csv -> named 'wbes_option_position_6_u5pos6'
20:53:48 01_clean WARNING wave:2019: variable 'u5_pos7' not in variable_names.csv -> named 'wbes_option_position_7_u5pos7'
20:53:48 01_clean WARNING wave:2019: variable 'u5_pos8' not in variable_names.csv -> named 'wbes_option_position_8_u5pos8'
20:53:48 01_clean WARNING wave:2019: variable 'u5_pos9' not in variable_names.csv -> named 'wbes_option_position_9_u5pos9'
20:53:48 01_clean WARNING wave:2019: variable 'u5_pos10' not in variable_names.csv -> named 'wbes_option_position_10_u5pos10'
20:53:48 01_clean WARNING wave:2019: variable 'u5_pos11' not in variable_names.csv -> named 'wbes_option_position_11_u5pos11'
20:53:48 01_clean WARNING wave:2019: variable 'u5' not in variable_names.csv -> named 'wbes_prim_focus_difficult_find'
20:53:48 01_clean WARNING wave:2019: variable 'u6' not in variable_names.csv -> named 'wbes_estab_impacted_difficulty'
20:53:48 01_clean WARNING wave:2019: variable 'u7' not in variable_names.csv -> named 'wbes_past_yrs_encountered'
20:53:48 01_clean WARNING wave:2019: variable 'u8_pos1' not in variable_names.csv -> named 'wbes_option_position_1_u8pos1'
20:53:48 01_clean WARNING wave:2019: variable 'u8_pos2' not in variable_names.csv -> named 'wbes_option_position_2_u8pos2'
20:53:48 01_clean WARNING wave:2019: variable 'u8_pos3' not in variable_names.csv -> named 'wbes_option_position_3_u8pos3'
20:53:48 01_clean WARNING wave:2019: variable 'u8_pos4' not in variable_names.csv -> named 'wbes_option_position_4_u8pos4'
20:53:48 01_clean WARNING wave:2019: variable 'u8_pos5' not in variable_names.csv -> named 'wbes_option_position_5_u8pos5'
20:53:48 01_clean WARNING wave:2019: variable 'u8_pos6' not in variable_names.csv -> named 'wbes_option_position_6_u8pos6'
20:53:48 01_clean WARNING wave:2019: variable 'u8_pos7' not in variable_names.csv -> named 'wbes_option_position_7_u8pos7'
20:53:48 01_clean WARNING wave:2019: variable 'u8_pos8' not in variable_names.csv -> named 'wbes_option_position_8_u8pos8'
20:53:48 01_clean WARNING wave:2019: variable 'u8_pos9' not in variable_names.csv -> named 'wbes_option_position_9_u8pos9'
20:53:48 01_clean WARNING wave:2019: variable 'u8_pos10' not in variable_names.csv -> named 'wbes_option_position_10_u8pos10'
20:53:48 01_clean WARNING wave:2019: variable 'u8_pos11' not in variable_names.csv -> named 'wbes_option_position_11_u8pos11'
20:53:48 01_clean WARNING wave:2019: variable 'u8a' not in variable_names.csv -> named 'wbes_rule_regulation_conflict_8a'
20:53:48 01_clean WARNING wave:2019: variable 'u8b' not in variable_names.csv -> named 'wbes_rule_regulation_conflict_8b'
20:53:48 01_clean WARNING wave:2019: variable 'u9' not in variable_names.csv -> named 'wbes_estab_impacted_conflicting'
20:53:48 01_clean WARNING wave:2019: variable 'u10' not in variable_names.csv -> named 'wbes_past_yrs_faced_rules'
20:53:48 01_clean WARNING wave:2019: variable 'u11_pos1' not in variable_names.csv -> named 'wbes_option_position_1_u11pos1'
20:53:48 01_clean WARNING wave:2019: variable 'u11_pos2' not in variable_names.csv -> named 'wbes_option_position_2_u11pos2'
20:53:48 01_clean WARNING wave:2019: variable 'u11_pos3' not in variable_names.csv -> named 'wbes_option_position_3_u11pos3'
20:53:48 01_clean WARNING wave:2019: variable 'u11_pos4' not in variable_names.csv -> named 'wbes_option_position_4_u11pos4'
20:53:48 01_clean WARNING wave:2019: variable 'u11_pos5' not in variable_names.csv -> named 'wbes_option_position_5_u11pos5'
20:53:48 01_clean WARNING wave:2019: variable 'u11_pos6' not in variable_names.csv -> named 'wbes_option_position_6_u11pos6'
20:53:48 01_clean WARNING wave:2019: variable 'u11_pos7' not in variable_names.csv -> named 'wbes_option_position_7_u11pos7'
20:53:48 01_clean WARNING wave:2019: variable 'u11_pos8' not in variable_names.csv -> named 'wbes_option_position_8_u11pos8'
20:53:48 01_clean WARNING wave:2019: variable 'u11_pos9' not in variable_names.csv -> named 'wbes_option_position_9_u11pos9'
20:53:48 01_clean WARNING wave:2019: variable 'u11_pos10' not in variable_names.csv -> named 'wbes_option_position_10_u11pos10'
20:53:48 01_clean WARNING wave:2019: variable 'u11_pos11' not in variable_names.csv -> named 'wbes_option_position_11_u11pos11'
20:53:48 01_clean WARNING wave:2019: variable 'u11' not in variable_names.csv -> named 'wbes_prim_focus_applied'
20:53:48 01_clean WARNING wave:2019: variable 'u12' not in variable_names.csv -> named 'wbes_estab_impacted_way_rule'
20:53:48 01_clean WARNING wave:2019: variable 'u13' not in variable_names.csv -> named 'wbes_past_yrs_dealt_rules'
20:53:48 01_clean WARNING wave:2019: variable 'u14_pos1' not in variable_names.csv -> named 'wbes_option_position_1_u14pos1'
20:53:48 01_clean WARNING wave:2019: variable 'u14_pos2' not in variable_names.csv -> named 'wbes_option_position_2_u14pos2'
20:53:48 01_clean WARNING wave:2019: variable 'u14_pos3' not in variable_names.csv -> named 'wbes_option_position_3_u14pos3'
20:53:48 01_clean WARNING wave:2019: variable 'u14_pos4' not in variable_names.csv -> named 'wbes_option_position_4_u14pos4'
20:53:48 01_clean WARNING wave:2019: variable 'u14_pos5' not in variable_names.csv -> named 'wbes_option_position_5_u14pos5'
20:53:48 01_clean WARNING wave:2019: variable 'u14_pos6' not in variable_names.csv -> named 'wbes_option_position_6_u14pos6'
20:53:48 01_clean WARNING wave:2019: variable 'u14_pos7' not in variable_names.csv -> named 'wbes_option_position_7_u14pos7'
20:53:48 01_clean WARNING wave:2019: variable 'u14_pos8' not in variable_names.csv -> named 'wbes_option_position_8_u14pos8'
20:53:48 01_clean WARNING wave:2019: variable 'u14_pos9' not in variable_names.csv -> named 'wbes_option_position_9_u14pos9'
20:53:48 01_clean WARNING wave:2019: variable 'u14_pos10' not in variable_names.csv -> named 'wbes_option_position_10_u14pos10'
20:53:48 01_clean WARNING wave:2019: variable 'u14_pos11' not in variable_names.csv -> named 'wbes_option_position_11_u14pos11'
20:53:48 01_clean WARNING wave:2019: variable 'u14' not in variable_names.csv -> named 'wbes_prim_focus_cannot_contested'
20:53:48 01_clean WARNING wave:2019: variable 'u15' not in variable_names.csv -> named 'wbes_estab_impacted_uncontested'
20:53:48 01_clean WARNING wave:2019: variable 'l1' not in variable_names.csv -> named 'wbes_num_permanent_employees_end'
20:53:48 01_clean WARNING wave:2019: variable 'rwal1' not in variable_names.csv -> named 'wbes_num_permanent_emps_years'
20:53:48 01_clean WARNING wave:2019: variable 'l2' not in variable_names.csv -> named 'wbes_num_permanent_emps_end'
20:53:48 01_clean WARNING wave:2019: variable 'l3a' not in variable_names.csv -> named 'wbes_num_full_production_workers'
20:53:48 01_clean WARNING wave:2019: variable 'l3b' not in variable_names.csv -> named 'wbes_num_full_non_prod_workers'
20:53:48 01_clean WARNING wave:2019: variable 'l4a1' not in variable_names.csv -> named 'wbes_num_permanent_skilled_prod'
20:53:48 01_clean WARNING wave:2019: variable 'l4a2' not in variable_names.csv -> named 'wbes_num_permanent_semi_skilled'
20:53:48 01_clean WARNING wave:2019: variable 'l4b' not in variable_names.csv -> named 'wbes_num_permanent_full_time_low'
20:53:48 01_clean WARNING wave:2019: variable 'l5a' not in variable_names.csv -> named 'wbes_num_full_female_prod_wkrs'
20:53:48 01_clean WARNING wave:2019: variable 'l5b' not in variable_names.csv -> named 'wbes_num_full_female_non_prod'
20:53:48 01_clean WARNING wave:2019: variable 'l5' not in variable_names.csv -> named 'wbes_num_full_female'
20:53:48 01_clean WARNING wave:2019: variable 'l6' not in variable_names.csv -> named 'wbes_num_full_time_temporary'
20:53:48 01_clean WARNING wave:2019: variable 'l6a' not in variable_names.csv -> named 'wbes_female_temporary_full_time'
20:53:48 01_clean WARNING wave:2019: variable 'l8' not in variable_names.csv -> named 'wbes_avg_length_employ_full_time'
20:53:48 01_clean WARNING wave:2019: variable 'l9b' not in variable_names.csv -> named 'wbes_full_time_end_last_fy'
20:53:48 01_clean WARNING wave:2019: variable 'l9b1' not in variable_names.csv -> named 'wbes_full_time_number'
20:53:48 01_clean WARNING wave:2019: variable 'rwal2a' not in variable_names.csv -> named 'wbes_num_permanent_managers_fy'
20:53:48 01_clean WARNING wave:2019: variable 'rwal2b' not in variable_names.csv -> named 'wbes_num_permanent_professionals'
20:53:48 01_clean WARNING wave:2019: variable 'rwal2c' not in variable_names.csv -> named 'wbes_num_permanent_technicians'
20:53:48 01_clean WARNING wave:2019: variable 'rwal2d' not in variable_names.csv -> named 'wbes_num_permanent_clerical'
20:53:48 01_clean WARNING wave:2019: variable 'rwal2e' not in variable_names.csv -> named 'wbes_num_permanent_full_time_svc'
20:53:48 01_clean WARNING wave:2019: variable 'rwal2f' not in variable_names.csv -> named 'wbes_num_permanent_plant_machine'
20:53:48 01_clean WARNING wave:2019: variable 'rwal2g' not in variable_names.csv -> named 'wbes_num_permanent_others_fy'
20:53:48 01_clean WARNING wave:2019: variable 'rwal3a' not in variable_names.csv -> named 'wbes_num_permanent_foreign'
20:53:48 01_clean WARNING wave:2019: variable 'rwal3b' not in variable_names.csv -> named 'wbes_num_permanent_rwal3b'
20:53:48 01_clean WARNING wave:2019: variable 'rwal3c' not in variable_names.csv -> named 'wbes_num_permanent_rwal3c'
20:53:48 01_clean WARNING wave:2019: variable 'rwal3d' not in variable_names.csv -> named 'wbes_num_permanent_rwal3d'
20:53:48 01_clean WARNING wave:2019: variable 'rwal3e' not in variable_names.csv -> named 'wbes_num_permanent_foreign_svc'
20:53:48 01_clean WARNING wave:2019: variable 'rwal3f' not in variable_names.csv -> named 'wbes_num_permanent_foreign_plant'
20:53:48 01_clean WARNING wave:2019: variable 'rwal3g' not in variable_names.csv -> named 'wbes_num_permanent_rwal3g'
20:53:48 01_clean WARNING wave:2019: variable 'rwal4' not in variable_names.csv -> named 'wbes_try_hire_new_employees_4'
20:53:48 01_clean WARNING wave:2019: variable 'rwal5' not in variable_names.csv -> named 'wbes_channel_used_find_employees'
20:53:48 01_clean WARNING wave:2019: variable 'rwal6' not in variable_names.csv -> named 'wbes_occupation_firm_faced'
20:53:48 01_clean WARNING wave:2019: variable 'rwal7' not in variable_names.csv -> named 'wbes_try_hire_new_employees_7'
20:53:48 01_clean WARNING wave:2019: variable 'rwal8' not in variable_names.csv -> named 'wbes_important_skill_lacking'
20:53:48 01_clean WARNING wave:2019: variable 'l10' not in variable_names.csv -> named 'wbes_formal_training_programs'
20:53:48 01_clean WARNING wave:2019: variable 'rwal9' not in variable_names.csv -> named 'wbes_support_govt_upskilling'
20:53:48 01_clean WARNING wave:2019: variable 'l11a' not in variable_names.csv -> named 'wbes_permanent_full_time_prod'
20:53:48 01_clean WARNING wave:2019: variable 'l11a1' not in variable_names.csv -> named 'wbes_training_programs_amount_1'
20:53:48 01_clean WARNING wave:2019: variable 'l11b' not in variable_names.csv -> named 'wbes_permanent_fulltime'
20:53:48 01_clean WARNING wave:2019: variable 'l11b1' not in variable_names.csv -> named 'wbes_training_programs_non'
20:53:48 01_clean WARNING wave:2019: variable 'l30a' not in variable_names.csv -> named 'wbes_obstacle_labor_regulations'
20:53:48 01_clean WARNING wave:2019: variable 'l30b' not in variable_names.csv -> named 'wbes_obstacle_inadequately'
20:53:48 01_clean WARNING wave:2019: variable 'rwal10' not in variable_names.csv -> named 'wbes_labor_cost_firm_reports'
20:53:48 01_clean WARNING wave:2019: variable 'm1a' not in variable_names.csv -> named 'wbes_biggest_obstacle_affecting'
20:53:48 01_clean WARNING wave:2019: variable 'm1a_finance_pos' not in variable_names.csv -> named 'wbes_position_access_finance'
20:53:48 01_clean WARNING wave:2019: variable 'm1a_land_pos' not in variable_names.csv -> named 'wbes_position_access_land'
20:53:48 01_clean WARNING wave:2019: variable 'm1a_permit_pos' not in variable_names.csv -> named 'wbes_position_biz_licensing'
20:53:48 01_clean WARNING wave:2019: variable 'm1a_corruption_pos' not in variable_names.csv -> named 'wbes_position_corruption'
20:53:48 01_clean WARNING wave:2019: variable 'm1a_courts_pos' not in variable_names.csv -> named 'wbes_position_courts'
20:53:48 01_clean WARNING wave:2019: variable 'm1a_crime_pos' not in variable_names.csv -> named 'wbes_position_crime_theft'
20:53:48 01_clean WARNING wave:2019: variable 'm1a_trade_pos' not in variable_names.csv -> named 'wbes_position_customs_trade'
20:53:48 01_clean WARNING wave:2019: variable 'm1a_electricity_pos' not in variable_names.csv -> named 'wbes_position_electricity'
20:53:48 01_clean WARNING wave:2019: variable 'm1a_workforce_pos' not in variable_names.csv -> named 'wbes_position_inadequately'
20:53:48 01_clean WARNING wave:2019: variable 'm1a_labor_pos' not in variable_names.csv -> named 'wbes_position_labor_regulations'
20:53:48 01_clean WARNING wave:2019: variable 'm1a_instability_pos' not in variable_names.csv -> named 'wbes_position_political'
20:53:48 01_clean WARNING wave:2019: variable 'm1a_informal_pos' not in variable_names.csv -> named 'wbes_position_practices'
20:53:48 01_clean WARNING wave:2019: variable 'm1a_taxadmin_pos' not in variable_names.csv -> named 'wbes_position_tax_administration'
20:53:48 01_clean WARNING wave:2019: variable 'm1a_taxrate_pos' not in variable_names.csv -> named 'wbes_position_tax_rates'
20:53:48 01_clean WARNING wave:2019: variable 'm1a_transport_pos' not in variable_names.csv -> named 'wbes_position_transport'
20:53:48 01_clean WARNING wave:2019: variable 'rwam1' not in variable_names.csv -> named 'wbes_workforce_firm_reports'
20:53:48 01_clean WARNING wave:2019: variable 'rwam1a' not in variable_names.csv -> named 'wbes_labor_force_firm_reports'
20:53:48 01_clean WARNING wave:2019: variable 'rwam1b' not in variable_names.csv -> named 'wbes_wkrs_firm_reports_purposes'
20:53:48 01_clean WARNING wave:2019: variable 'n2a' not in variable_names.csv -> named 'wbes_labor_cost_incl_wages'
20:53:48 01_clean WARNING wave:2019: variable 'n2e' not in variable_names.csv -> named 'wbes_cost_raw_prod_last_fiscal'
20:53:48 01_clean WARNING wave:2019: variable 'n2b' not in variable_names.csv -> named 'wbes_annual_costs_electricity'
20:53:48 01_clean WARNING wave:2019: variable 'n2i' not in variable_names.csv -> named 'wbes_annual_cost_finished_goods'
20:53:48 01_clean WARNING wave:2019: variable 'n2p' not in variable_names.csv -> named 'wbes_total_cost_sales_last_fy'
20:53:48 01_clean WARNING wave:2019: variable 'n2e1' not in variable_names.csv -> named 'wbes_cost_raw_total_production'
20:53:48 01_clean WARNING wave:2019: variable 'n7a' not in variable_names.csv -> named 'wbes_cost_estab_re_purchase'
20:53:48 01_clean WARNING wave:2019: variable 'a15d' not in variable_names.csv -> named 'wbes_day_15d'
20:53:48 01_clean WARNING wave:2019: variable 'a15m' not in variable_names.csv -> named 'wbes_month_15m'
20:53:48 01_clean WARNING wave:2019: variable 'a15y' not in variable_names.csv -> named 'wbes_year_15y'
20:53:48 01_clean WARNING wave:2019: variable 'a15h' not in variable_names.csv -> named 'wbes_hour_15h'
20:53:48 01_clean WARNING wave:2019: variable 'a15min' not in variable_names.csv -> named 'wbes_minutes_a15min'
20:53:48 01_clean WARNING wave:2019: variable 'a15a1a' not in variable_names.csv -> named 'wbes_option_best_describes'
20:53:48 01_clean WARNING wave:2019: variable 'a15a1ax' not in variable_names.csv -> named 'wbes_respondent_position_main'
20:53:48 01_clean WARNING wave:2019: variable 'a15a2a' not in variable_names.csv -> named 'wbes_respondent_years_main'
20:53:48 01_clean WARNING wave:2019: variable 'a15a3' not in variable_names.csv -> named 'wbes_main_respondent_gender'
20:53:48 01_clean WARNING wave:2019: variable 'a15a1bx' not in variable_names.csv -> named 'wbes_respondent_position_second'
20:53:48 01_clean WARNING wave:2019: variable 'a15a2b' not in variable_names.csv -> named 'wbes_respondent_years_second'
20:53:48 01_clean WARNING wave:2019: variable 'a15b3' not in variable_names.csv -> named 'wbes_second_respondent_gender'
20:53:48 01_clean WARNING wave:2019: variable 'a15a1cx' not in variable_names.csv -> named 'wbes_third_resp_position_estab'
20:53:48 01_clean WARNING wave:2019: variable 'a15a2c' not in variable_names.csv -> named 'wbes_third_resp_years_working'
20:53:48 01_clean WARNING wave:2019: variable 'a15c3' not in variable_names.csv -> named 'wbes_third_respondent_gender'
20:53:48 01_clean WARNING wave:2019: variable 'a16' not in variable_names.csv -> named 'wbes_perception_questions'
20:53:48 01_clean WARNING wave:2019: variable 'a17' not in variable_names.csv -> named 'wbes_responses_questions_figures'
20:53:48 01_clean WARNING wave:2019: variable 'a18' not in variable_names.csv -> named 'wbes_questionnaire_completed'
20:53:48 01_clean WARNING wave:2019: variable 'a19h' not in variable_names.csv -> named 'wbes_option2_estimate_hours'
20:53:48 01_clean WARNING wave:2019: variable 'a19m' not in variable_names.csv -> named 'wbes_option2_estimate_minutes'
20:53:48 01_clean WARNING wave:2019: variable 'a13' not in variable_names.csv -> named 'wbes_supervisor_number'
20:53:48 01_clean WARNING wave:2019: variable 'a3b' not in variable_names.csv -> named 'wbes_official_capital_city'
20:53:48 01_clean WARNING wave:2019: variable 'a3c' not in variable_names.csv -> named 'wbes_main_business_city'
20:53:48 01_clean WARNING wave:2019: variable 'd1a2' not in variable_names.csv -> named 'wbes_product_service_isic_rev'
20:53:48 01_clean WARNING wave:2019: variable 'stratificationsizecode' not in variable_names.csv -> named 'wbes_stratification_size'
20:53:48 01_clean WARNING wave:2019: variable 'stratificationsectorcode' not in variable_names.csv -> named 'wbes_stratification_sector'
20:53:48 01_clean WARNING wave:2019: variable 'stratificationpanelcode' not in variable_names.csv -> named 'wbes_panel'
20:53:48 01_clean WARNING wave:2019: variable 'eligibility2019' not in variable_names.csv -> named 'wbes_eligibility_firm_2019'
20:53:48 01_clean WARNING wave:2019: variable 'status2019' not in variable_names.csv -> named 'wbes_status_firm_2019'
20:53:48 01_clean WARNING wave:2019: variable 'eligibility2011' not in variable_names.csv -> named 'wbes_eligibility_firm_2011'
20:53:48 01_clean WARNING wave:2019: variable 'status2011' not in variable_names.csv -> named 'wbes_status_firm_2011'
20:53:48 01_clean WARNING wave:2019: variable 'c8' not in variable_names.csv -> named 'wbes_c8'
20:53:48 01_clean WARNING wave:2019: variable 'id2019' not in variable_names.csv -> named 'wbes_id_number_survey'
20:53:49 01_clean INFO wrote WBES_2019_establishment_clean.dta  (360 rows x 414 vars, 2.0 MB)
20:53:49 01_clean INFO ================ 2023 ================
20:53:49 01_clean INFO 2023: 2 columns dropped, not asked in this round
20:53:49 01_clean INFO PASS  row count unchanged (358)
20:53:49 01_clean INFO PASS  358 establishments == the implementation report's 358
20:53:49 01_clean INFO PASS  World Bank firm id unique
20:53:49 01_clean INFO PASS  2023: the strict-eligibility weight is present and > 0 on every row
20:53:49 01_clean INFO 2023: 358 establishments x 356 variables | weighted universe (strict) = 2,410
20:53:49 01_clean INFO all hard checks passed (0 soft warnings)
20:53:49 01_clean WARNING wave:2023: variable 'survey' not in variable_names.csv -> named 'wbes_source_survey'
20:53:49 01_clean WARNING wave:2023: variable 'year' not in variable_names.csv -> named 'wbes_survey_year'
20:53:49 01_clean WARNING wave:2023: variable 'wave' not in variable_names.csv -> named 'wbes_round'
20:53:49 01_clean WARNING wave:2023: variable 'idstd' not in variable_names.csv -> named 'wbes_world_bank_standard_firm'
20:53:49 01_clean WARNING wave:2023: variable 'id' not in variable_names.csv -> named 'wbes_firm_identifier_round'
20:53:49 01_clean WARNING wave:2023: variable 'panel' not in variable_names.csv -> named 'wbes_rounds_firm_interviewed'
20:53:49 01_clean WARNING wave:2023: variable 'a2' not in variable_names.csv -> named 'wbes_sampling_region'
20:53:49 01_clean WARNING wave:2023: variable 'a3a' not in variable_names.csv -> named 'wbes_region_establishment'
20:53:49 01_clean WARNING wave:2023: variable 'a3' not in variable_names.csv -> named 'wbes_size_locality'
20:53:49 01_clean WARNING wave:2023: variable 'a4a' not in variable_names.csv -> named 'wbes_industry_sampling_sector'
20:53:49 01_clean WARNING wave:2023: variable 'a6a' not in variable_names.csv -> named 'wbes_sampling_size_class'
20:53:49 01_clean WARNING wave:2023: variable 'strata' not in variable_names.csv -> named 'wbes_sampling_stratum_industry'
20:53:49 01_clean WARNING wave:2023: variable 'stratificationregioncode' not in variable_names.csv -> named 'wbes_stratification_region'
20:53:49 01_clean WARNING wave:2023: variable 'wstrict' not in variable_names.csv -> named 'wbes_sampling_weight_strict'
20:53:49 01_clean WARNING wave:2023: variable 'wmedian' not in variable_names.csv -> named 'wbes_sampling_weight_median'
20:53:49 01_clean WARNING wave:2023: variable 'wweak' not in variable_names.csv -> named 'wbes_sampling_weight_weak'
20:53:49 01_clean WARNING wave:2023: variable 'a1c' not in variable_names.csv -> named 'wbes_sample_frame_level'
20:53:49 01_clean WARNING wave:2023: variable 'competition_select' not in variable_names.csv -> named 'wbes_random_selection_market'
20:53:49 01_clean WARNING wave:2023: variable 'tax_select' not in variable_names.csv -> named 'wbes_random_selection_market_tax'
20:53:49 01_clean WARNING wave:2023: variable 'vat_applicable' not in variable_names.csv -> named 'wbes_vat_applicable_economy'
20:53:49 01_clean WARNING wave:2023: variable 'a4b_v4' not in variable_names.csv -> named 'wbes_industry_screener_sector'
20:53:49 01_clean WARNING wave:2023: variable 'a0' not in variable_names.csv -> named 'wbes_questionnaire'
20:53:49 01_clean WARNING wave:2023: variable 'a6c' not in variable_names.csv -> named 'wbes_screener_size'
20:53:49 01_clean WARNING wave:2023: variable 'a7' not in variable_names.csv -> named 'wbes_estab_part_multi_estab_firm'
20:53:49 01_clean WARNING wave:2023: variable 'a1a' not in variable_names.csv -> named 'wbes_language_interview'
20:53:49 01_clean WARNING wave:2023: variable 'a14d' not in variable_names.csv -> named 'wbes_day_14d'
20:53:49 01_clean WARNING wave:2023: variable 'a14m' not in variable_names.csv -> named 'wbes_month_14m'
20:53:49 01_clean WARNING wave:2023: variable 'a14y' not in variable_names.csv -> named 'wbes_year_14y'
20:53:49 01_clean WARNING wave:2023: variable 'a14h' not in variable_names.csv -> named 'wbes_hour_14h'
20:53:49 01_clean WARNING wave:2023: variable 'a14min' not in variable_names.csv -> named 'wbes_minutes'
20:53:49 01_clean WARNING wave:2023: variable 'a20y' not in variable_names.csv -> named 'wbes_close_year_completed_fiscal'
20:53:49 01_clean WARNING wave:2023: variable 'a20m' not in variable_names.csv -> named 'wbes_close_mo_completed_fiscal'
20:53:49 01_clean WARNING wave:2023: variable 'a20d' not in variable_names.csv -> named 'wbes_close_day_completed_fiscal'
20:53:49 01_clean WARNING wave:2023: variable 'a1' not in variable_names.csv -> named 'wbes_country'
20:53:49 01_clean WARNING wave:2023: variable 'a12' not in variable_names.csv -> named 'wbes_interviewer_number'
20:53:49 01_clean WARNING wave:2023: variable 'a7a' not in variable_names.csv -> named 'wbes_number_establishments_firm'
20:53:49 01_clean WARNING wave:2023: variable 'a7b' not in variable_names.csv -> named 'wbes_estab_headquarters_location'
20:53:49 01_clean WARNING wave:2023: variable 'a11' not in variable_names.csv -> named 'wbes_hq_financial_statements'
20:53:49 01_clean WARNING wave:2023: variable 'a7c' not in variable_names.csv -> named 'wbes_headquarters_location'
20:53:49 01_clean WARNING wave:2023: variable 'a9' not in variable_names.csv -> named 'wbes_estab_financial_statements'
20:53:49 01_clean WARNING wave:2023: variable 'b1' not in variable_names.csv -> named 'wbes_legal_status_firm'
20:53:49 01_clean WARNING wave:2023: variable 'b1x' not in variable_names.csv -> named 'wbes_other_1x'
20:53:49 01_clean WARNING wave:2023: variable 'b3a' not in variable_names.csv -> named 'wbes_largest_owner_top_manager'
20:53:49 01_clean WARNING wave:2023: variable 'b2a' not in variable_names.csv -> named 'wbes_owned_private_domestic'
20:53:49 01_clean WARNING wave:2023: variable 'b2b' not in variable_names.csv -> named 'wbes_owned_private_foreign'
20:53:49 01_clean WARNING wave:2023: variable 'b2c' not in variable_names.csv -> named 'wbes_owned_government'
20:53:49 01_clean WARNING wave:2023: variable 'b2d' not in variable_names.csv -> named 'wbes_owned_other'
20:53:49 01_clean WARNING wave:2023: variable 'b4' not in variable_names.csv -> named 'wbes_amongst_owners_firm_females'
20:53:49 01_clean WARNING wave:2023: variable 'b4a' not in variable_names.csv -> named 'wbes_firm_owned_females'
20:53:49 01_clean WARNING wave:2023: variable 'b5' not in variable_names.csv -> named 'wbes_year_estab_began_operations'
20:53:49 01_clean WARNING wave:2023: variable 'b6' not in variable_names.csv -> named 'wbes_full_time_emps_estab'
20:53:49 01_clean WARNING wave:2023: variable 'b6b' not in variable_names.csv -> named 'wbes_year_estab_formally'
20:53:49 01_clean WARNING wave:2023: variable 'b7' not in variable_names.csv -> named 'wbes_years_experience_working'
20:53:49 01_clean WARNING wave:2023: variable 'b7a' not in variable_names.csv -> named 'wbes_top_manager_female'
20:53:49 01_clean WARNING wave:2023: variable 'b8' not in variable_names.csv -> named 'wbes_estab_internationally'
20:53:49 01_clean WARNING wave:2023: variable 'b8x' not in variable_names.csv -> named 'wbes_internationally_recognized'
20:53:49 01_clean WARNING wave:2023: variable 'c3' not in variable_names.csv -> named 'wbes_application_obtain_3'
20:53:49 01_clean WARNING wave:2023: variable 'c4' not in variable_names.csv -> named 'wbes_days_receive_electrical'
20:53:49 01_clean WARNING wave:2023: variable 'c5' not in variable_names.csv -> named 'wbes_informal_gift_electrical'
20:53:49 01_clean WARNING wave:2023: variable 'c31' not in variable_names.csv -> named 'wbes_cost_obtain_electrical'
20:53:49 01_clean WARNING wave:2023: variable 'c32' not in variable_names.csv -> named 'wbes_electricity_consum_typical'
20:53:49 01_clean WARNING wave:2023: variable 'c6' not in variable_names.csv -> named 'wbes_fy_estab_experience_power'
20:53:49 01_clean WARNING wave:2023: variable 'c7' not in variable_names.csv -> named 'wbes_power_outages_experienced'
20:53:49 01_clean WARNING wave:2023: variable 'c8a' not in variable_names.csv -> named 'wbes_average_duration_hours'
20:53:49 01_clean WARNING wave:2023: variable 'c8b' not in variable_names.csv -> named 'wbes_average_duration_minutes'
20:53:49 01_clean WARNING wave:2023: variable 'c9a' not in variable_names.csv -> named 'wbes_last_fy_power_outages'
20:53:49 01_clean WARNING wave:2023: variable 'c9b' not in variable_names.csv -> named 'wbes_fy_value_losses_due_power'
20:53:49 01_clean WARNING wave:2023: variable 'c10' not in variable_names.csv -> named 'wbes_generator_shared_owned'
20:53:49 01_clean WARNING wave:2023: variable 'c11' not in variable_names.csv -> named 'wbes_electricity_generator_owned'
20:53:49 01_clean WARNING wave:2023: variable 'c12' not in variable_names.csv -> named 'wbes_application_obtain_water'
20:53:49 01_clean WARNING wave:2023: variable 'c13' not in variable_names.csv -> named 'wbes_days_obtain_water'
20:53:49 01_clean WARNING wave:2023: variable 'c14' not in variable_names.csv -> named 'wbes_applied_water_connection'
20:53:49 01_clean WARNING wave:2023: variable 'c33' not in variable_names.csv -> named 'wbes_cost_obtain_water'
20:53:49 01_clean WARNING wave:2023: variable 'c34' not in variable_names.csv -> named 'wbes_water_consum_typical_month'
20:53:49 01_clean WARNING wave:2023: variable 'c34b' not in variable_names.csv -> named 'wbes_unit_measure_c34'
20:53:49 01_clean WARNING wave:2023: variable 'c34bx' not in variable_names.csv -> named 'wbes_other'
20:53:49 01_clean WARNING wave:2023: variable 'c152' not in variable_names.csv -> named 'wbes_experience_insufficient'
20:53:49 01_clean WARNING wave:2023: variable 'c162' not in variable_names.csv -> named 'wbes_frequency_incidents_water'
20:53:49 01_clean WARNING wave:2023: variable 'c172' not in variable_names.csv -> named 'wbes_avg_length_water_shortages'
20:53:49 01_clean WARNING wave:2023: variable 'c35a' not in variable_names.csv -> named 'wbes_last_fy_water_shortages'
20:53:49 01_clean WARNING wave:2023: variable 'c35b' not in variable_names.csv -> named 'wbes_fy_value_losses_due_water'
20:53:49 01_clean WARNING wave:2023: variable 'c22b' not in variable_names.csv -> named 'wbes_establishment_own_website'
20:53:49 01_clean WARNING wave:2023: variable 'c36' not in variable_names.csv -> named 'wbes_application_obtain_fixed'
20:53:49 01_clean WARNING wave:2023: variable 'c37' not in variable_names.csv -> named 'wbes_days_obtain_internet'
20:53:49 01_clean WARNING wave:2023: variable 'c38' not in variable_names.csv -> named 'wbes_cost_obtain_internet'
20:53:49 01_clean WARNING wave:2023: variable 'c39' not in variable_names.csv -> named 'wbes_experience_internet'
20:53:49 01_clean WARNING wave:2023: variable 'c40a' not in variable_names.csv -> named 'wbes_average_length_hours'
20:53:49 01_clean WARNING wave:2023: variable 'c40b' not in variable_names.csv -> named 'wbes_average_length_minutes'
20:53:49 01_clean WARNING wave:2023: variable 'c41a' not in variable_names.csv -> named 'wbes_fy_internet_disruptions'
20:53:49 01_clean WARNING wave:2023: variable 'c41b' not in variable_names.csv -> named 'wbes_fy_value_losses_due'
20:53:49 01_clean WARNING wave:2023: variable 'c42' not in variable_names.csv -> named 'wbes_difficult_switch_internet'
20:53:49 01_clean WARNING wave:2023: variable 'c30a' not in variable_names.csv -> named 'wbes_obstacle_electricity'
20:53:49 01_clean WARNING wave:2023: variable 'd1a1a' not in variable_names.csv -> named 'wbes_estab_product_service_fy'
20:53:49 01_clean WARNING wave:2023: variable 'd1a6a' not in variable_names.csv -> named 'wbes_hotel_rooms_fy'
20:53:49 01_clean WARNING wave:2023: variable 'd1a6b' not in variable_names.csv -> named 'wbes_total_areas_rooms_last_fy'
20:53:49 01_clean WARNING wave:2023: variable 'd1a6c' not in variable_names.csv -> named 'wbes_units'
20:53:49 01_clean WARNING wave:2023: variable 'd1a6cx' not in variable_names.csv -> named 'wbes_other_d1a6cx'
20:53:49 01_clean WARNING wave:2023: variable 'd1a3' not in variable_names.csv -> named 'wbes_product_svc_pct_annual'
20:53:49 01_clean WARNING wave:2023: variable 'd2' not in variable_names.csv -> named 'wbes_fiscal_year'
20:53:49 01_clean WARNING wave:2023: variable 'd2x' not in variable_names.csv -> named 'wbes_number_2x'
20:53:49 01_clean WARNING wave:2023: variable 'd2a1' not in variable_names.csv -> named 'wbes_establishment_sales_years_1'
20:53:49 01_clean WARNING wave:2023: variable 'd2a1x' not in variable_names.csv -> named 'wbes_number_1x'
20:53:49 01_clean WARNING wave:2023: variable 'n3' not in variable_names.csv -> named 'wbes_establishment_sales_years_3'
20:53:49 01_clean WARNING wave:2023: variable 'n3x' not in variable_names.csv -> named 'wbes_number_3x'
20:53:49 01_clean WARNING wave:2023: variable 'd3a' not in variable_names.csv -> named 'wbes_sales_national_sales'
20:53:49 01_clean WARNING wave:2023: variable 'd3b' not in variable_names.csv -> named 'wbes_sales_indirect_exports'
20:53:49 01_clean WARNING wave:2023: variable 'd3c' not in variable_names.csv -> named 'wbes_sales_direct_exports'
20:53:49 01_clean WARNING wave:2023: variable 'd31x' not in variable_names.csv -> named 'wbes_destination_exports_country'
20:53:49 01_clean WARNING wave:2023: variable 'd32' not in variable_names.csv -> named 'wbes_main_point_exit'
20:53:49 01_clean WARNING wave:2023: variable 'd4a' not in variable_names.csv -> named 'wbes_last_fy_customs'
20:53:49 01_clean WARNING wave:2023: variable 'd4b' not in variable_names.csv -> named 'wbes_less_day_hours_exported'
20:53:49 01_clean WARNING wave:2023: variable 'd33a' not in variable_names.csv -> named 'wbes_last_fy_border_control_age'
20:53:49 01_clean WARNING wave:2023: variable 'd34' not in variable_names.csv -> named 'wbes_fca_costs_comply_export'
20:53:49 01_clean WARNING wave:2023: variable 'd35' not in variable_names.csv -> named 'wbes_exports_shipped_main_parcel'
20:53:49 01_clean WARNING wave:2023: variable 'd36a' not in variable_names.csv -> named 'wbes_last_fy_border_d36a'
20:53:49 01_clean WARNING wave:2023: variable 'd37' not in variable_names.csv -> named 'wbes_avg_cost_digital_exports'
20:53:49 01_clean WARNING wave:2023: variable 'd8' not in variable_names.csv -> named 'wbes_year_estab_export_directly'
20:53:49 01_clean WARNING wave:2023: variable 'd12a' not in variable_names.csv -> named 'wbes_material_inputs_domestic'
20:53:49 01_clean WARNING wave:2023: variable 'd12b' not in variable_names.csv -> named 'wbes_material_inputs_foreign'
20:53:49 01_clean WARNING wave:2023: variable 'd13' not in variable_names.csv -> named 'wbes_material_inputs_imported'
20:53:49 01_clean WARNING wave:2023: variable 'd38x' not in variable_names.csv -> named 'wbes_main_origin_imports_country'
20:53:49 01_clean WARNING wave:2023: variable 'd39' not in variable_names.csv -> named 'wbes_main_point_entry'
20:53:49 01_clean WARNING wave:2023: variable 'd14a' not in variable_names.csv -> named 'wbes_avg_num_days_imported_goods'
20:53:49 01_clean WARNING wave:2023: variable 'd14b' not in variable_names.csv -> named 'wbes_less_day_customs'
20:53:49 01_clean WARNING wave:2023: variable 'd40a' not in variable_names.csv -> named 'wbes_fy_avg_num_days_imported'
20:53:49 01_clean WARNING wave:2023: variable 'd40b' not in variable_names.csv -> named 'wbes_less_day_border_control'
20:53:49 01_clean WARNING wave:2023: variable 'd41' not in variable_names.csv -> named 'wbes_dap_costs_comply_import'
20:53:49 01_clean WARNING wave:2023: variable 'd30a' not in variable_names.csv -> named 'wbes_obstacle_transport'
20:53:49 01_clean WARNING wave:2023: variable 'd30b' not in variable_names.csv -> named 'wbes_obstacle_customs_trade'
20:53:49 01_clean WARNING wave:2023: variable 'o1' not in variable_names.csv -> named 'wbes_estab_commercial_dispute'
20:53:49 01_clean WARNING wave:2023: variable 'o2' not in variable_names.csv -> named 'wbes_use_courts_arbitration'
20:53:49 01_clean WARNING wave:2023: variable 'o3a' not in variable_names.csv -> named 'wbes_reliable_alternative'
20:53:49 01_clean WARNING wave:2023: variable 'o3b' not in variable_names.csv -> named 'wbes_reliable_alternative_o3b'
20:53:49 01_clean WARNING wave:2023: variable 'r1' not in variable_names.csv -> named 'wbes_happened_problem_prod'
20:53:49 01_clean WARNING wave:2023: variable 'r2' not in variable_names.csv -> named 'wbes_estab_monitor_prod_svc'
20:53:49 01_clean WARNING wave:2023: variable 'r3' not in variable_names.csv -> named 'wbes_prod_svc_provision'
20:53:49 01_clean WARNING wave:2023: variable 'r4' not in variable_names.csv -> named 'wbes_estab_prod_svc_provision'
20:53:49 01_clean WARNING wave:2023: variable 'r5' not in variable_names.csv -> named 'wbes_best_describes_time_frame'
20:53:49 01_clean WARNING wave:2023: variable 'r6' not in variable_names.csv -> named 'wbes_easy_achieve_prod_svc'
20:53:49 01_clean WARNING wave:2023: variable 'r7' not in variable_names.csv -> named 'wbes_aware_prod_svc_provision'
20:53:49 01_clean WARNING wave:2023: variable 'r8' not in variable_names.csv -> named 'wbes_performance_bonuses_based'
20:53:49 01_clean WARNING wave:2023: variable 'r9' not in variable_names.csv -> named 'wbes_managers_performance'
20:53:49 01_clean WARNING wave:2023: variable 'r10' not in variable_names.csv -> named 'wbes_prim_way_non_managers'
20:53:49 01_clean WARNING wave:2023: variable 'r11' not in variable_names.csv -> named 'wbes_performing_non_manager'
20:53:49 01_clean WARNING wave:2023: variable 'e1' not in variable_names.csv -> named 'wbes_fy_market_estab_product'
20:53:49 01_clean WARNING wave:2023: variable 'e2b' not in variable_names.csv -> named 'wbes_competitors_product_svc'
20:53:49 01_clean WARNING wave:2023: variable 'e31a' not in variable_names.csv -> named 'wbes_market_share_largest_31a'
20:53:49 01_clean WARNING wave:2023: variable 'e31b' not in variable_names.csv -> named 'wbes_market_share_largest_31b'
20:53:49 01_clean WARNING wave:2023: variable 'e6' not in variable_names.csv -> named 'wbes_use_technology_licensed'
20:53:49 01_clean WARNING wave:2023: variable 'e11' not in variable_names.csv -> named 'wbes_estab_compete_against'
20:53:49 01_clean WARNING wave:2023: variable 'e32' not in variable_names.csv -> named 'wbes_change_competition'
20:53:49 01_clean WARNING wave:2023: variable 'e33' not in variable_names.csv -> named 'wbes_estab_increase_prices'
20:53:49 01_clean WARNING wave:2023: variable 'e34' not in variable_names.csv -> named 'wbes_soes_operating_estab_market'
20:53:49 01_clean WARNING wave:2023: variable 'e35' not in variable_names.csv -> named 'wbes_soe_affects_ability_grow'
20:53:49 01_clean WARNING wave:2023: variable 'e30' not in variable_names.csv -> named 'wbes_obstacle_practices'
20:53:49 01_clean WARNING wave:2023: variable 'h1' not in variable_names.csv -> named 'wbes_new_products_svc_introduced'
20:53:49 01_clean WARNING wave:2023: variable 'h2' not in variable_names.csv -> named 'wbes_new_products_svc_new_thr'
20:53:49 01_clean WARNING wave:2023: variable 'h3x' not in variable_names.csv -> named 'wbes_describe_detail_new'
20:53:49 01_clean WARNING wave:2023: variable 'h4x' not in variable_names.csv -> named 'wbes_describe_product_svc'
20:53:49 01_clean WARNING wave:2023: variable 'h5' not in variable_names.csv -> named 'wbes_yrs_estab_introduced_new'
20:53:49 01_clean WARNING wave:2023: variable 'h6x' not in variable_names.csv -> named 'wbes_describe_process_estab'
20:53:49 01_clean WARNING wave:2023: variable 'h7x' not in variable_names.csv -> named 'wbes_new_significantly_improved'
20:53:49 01_clean WARNING wave:2023: variable 'h8' not in variable_names.csv -> named 'wbes_fiscal_year_estab_r_d_excl'
20:53:49 01_clean WARNING wave:2023: variable 'h9' not in variable_names.csv -> named 'wbes_r_d_either_house_external'
20:53:49 01_clean WARNING wave:2023: variable 'f1' not in variable_names.csv -> named 'wbes_fy_capacity_utilization'
20:53:49 01_clean WARNING wave:2023: variable 'g2' not in variable_names.csv -> named 'wbes_applic_obtain_construction'
20:53:49 01_clean WARNING wave:2023: variable 'g3' not in variable_names.csv -> named 'wbes_days_obtain_construction'
20:53:49 01_clean WARNING wave:2023: variable 'g4' not in variable_names.csv -> named 'wbes_informal_gift_construction'
20:53:49 01_clean WARNING wave:2023: variable 'g31' not in variable_names.csv -> named 'wbes_estab_applied_occupancy'
20:53:49 01_clean WARNING wave:2023: variable 'g32' not in variable_names.csv -> named 'wbes_wait_occupancy_permit'
20:53:49 01_clean WARNING wave:2023: variable 'g33' not in variable_names.csv -> named 'wbes_cost_occupancy_permit'
20:53:49 01_clean WARNING wave:2023: variable 'g5a' not in variable_names.csv -> named 'wbes_selling_area_establishment'
20:53:49 01_clean WARNING wave:2023: variable 'g5b' not in variable_names.csv -> named 'wbes_area_measured'
20:53:49 01_clean WARNING wave:2023: variable 'g5bx' not in variable_names.csv -> named 'wbes_units_not_included_above'
20:53:49 01_clean WARNING wave:2023: variable 'g30a' not in variable_names.csv -> named 'wbes_obstacle_access_land'
20:53:49 01_clean WARNING wave:2023: variable 'ge3' not in variable_names.csv -> named 'wbes_experience_damage_physical'
20:53:49 01_clean WARNING wave:2023: variable 'ge3a' not in variable_names.csv -> named 'wbes_monetary_damage_physical'
20:53:49 01_clean WARNING wave:2023: variable 'ge7' not in variable_names.csv -> named 'wbes_estab_monitor_co2_emissions'
20:53:49 01_clean WARNING wave:2023: variable 'ge8d' not in variable_names.csv -> named 'wbes_estab_adopt_energy'
20:53:49 01_clean WARNING wave:2023: variable 'k3a' not in variable_names.csv -> named 'wbes_working_capital_internal'
20:53:49 01_clean WARNING wave:2023: variable 'k3bc' not in variable_names.csv -> named 'wbes_working_capital_banks'
20:53:49 01_clean WARNING wave:2023: variable 'k3e' not in variable_names.csv -> named 'wbes_working_capital_non_bank'
20:53:49 01_clean WARNING wave:2023: variable 'k3f' not in variable_names.csv -> named 'wbes_working_capital_bought'
20:53:49 01_clean WARNING wave:2023: variable 'k3hd' not in variable_names.csv -> named 'wbes_working_capital_money'
20:53:49 01_clean WARNING wave:2023: variable 'k4' not in variable_names.csv -> named 'wbes_estab_purchase_fixed_assets'
20:53:49 01_clean WARNING wave:2023: variable 'n5a' not in variable_names.csv -> named 'wbes_total_annual_equipment'
20:53:49 01_clean WARNING wave:2023: variable 'n5b' not in variable_names.csv -> named 'wbes_total_annual_land_buildings'
20:53:49 01_clean WARNING wave:2023: variable 'k5a' not in variable_names.csv -> named 'wbes_fy_internal_funds_retained'
20:53:49 01_clean WARNING wave:2023: variable 'k5a1' not in variable_names.csv -> named 'wbes_fixed_assets_value_internal'
20:53:49 01_clean WARNING wave:2023: variable 'k5i' not in variable_names.csv -> named 'wbes_fy_ownersatm_contributions'
20:53:49 01_clean WARNING wave:2023: variable 'k5i1' not in variable_names.csv -> named 'wbes_fixed_assets_ownersatm'
20:53:49 01_clean WARNING wave:2023: variable 'k5bc' not in variable_names.csv -> named 'wbes_fy_fixed_assets_funded_bank'
20:53:49 01_clean WARNING wave:2023: variable 'k5bc1' not in variable_names.csv -> named 'wbes_fixed_assets_banks'
20:53:49 01_clean WARNING wave:2023: variable 'k5e' not in variable_names.csv -> named 'wbes_fy_fixed_assets_funded_non'
20:53:49 01_clean WARNING wave:2023: variable 'k5e1' not in variable_names.csv -> named 'wbes_fixed_assets_non_bank'
20:53:49 01_clean WARNING wave:2023: variable 'k5f' not in variable_names.csv -> named 'wbes_fy_credit_suppliers'
20:53:49 01_clean WARNING wave:2023: variable 'k5f1' not in variable_names.csv -> named 'wbes_fixed_assets_purchases'
20:53:49 01_clean WARNING wave:2023: variable 'k5hdj' not in variable_names.csv -> named 'wbes_last_fy_other_money_lenders'
20:53:49 01_clean WARNING wave:2023: variable 'k5hdj1' not in variable_names.csv -> named 'wbes_fixed_assets_value_other'
20:53:49 01_clean WARNING wave:2023: variable 'k4b' not in variable_names.csv -> named 'wbes_purchase_new_used_fixed'
20:53:49 01_clean WARNING wave:2023: variable 'n5c' not in variable_names.csv -> named 'wbes_annual_equipment_year_prior'
20:53:49 01_clean WARNING wave:2023: variable 'n5d' not in variable_names.csv -> named 'wbes_annual_expend_land'
20:53:49 01_clean WARNING wave:2023: variable 'k6' not in variable_names.csv -> named 'wbes_estab_checking_saving'
20:53:49 01_clean WARNING wave:2023: variable 'k7' not in variable_names.csv -> named 'wbes_time_estab_overdraft'
20:53:49 01_clean WARNING wave:2023: variable 'k82' not in variable_names.csv -> named 'wbes_estab_line_credit_loan'
20:53:49 01_clean WARNING wave:2023: variable 'k9' not in variable_names.csv -> named 'wbes_financial_institution'
20:53:49 01_clean WARNING wave:2023: variable 'k10' not in variable_names.csv -> named 'wbes_year_recent_loan_line'
20:53:49 01_clean WARNING wave:2023: variable 'k11' not in variable_names.csv -> named 'wbes_recent_loan_value_time'
20:53:49 01_clean WARNING wave:2023: variable 'k13' not in variable_names.csv -> named 'wbes_financing_required_recent'
20:53:49 01_clean WARNING wave:2023: variable 'k14a' not in variable_names.csv -> named 'wbes_collateral_land_buildings'
20:53:49 01_clean WARNING wave:2023: variable 'k14b' not in variable_names.csv -> named 'wbes_type_collateral_equipment'
20:53:49 01_clean WARNING wave:2023: variable 'k14c' not in variable_names.csv -> named 'wbes_type_collateral_accounts'
20:53:49 01_clean WARNING wave:2023: variable 'k14d' not in variable_names.csv -> named 'wbes_collateral_personal_assets'
20:53:49 01_clean WARNING wave:2023: variable 'k14e' not in variable_names.csv -> named 'wbes_type_collateral_other'
20:53:49 01_clean WARNING wave:2023: variable 'k15a' not in variable_names.csv -> named 'wbes_value_collateral_required'
20:53:49 01_clean WARNING wave:2023: variable 'k15b' not in variable_names.csv -> named 'wbes_open_lines_credit'
20:53:49 01_clean WARNING wave:2023: variable 'k15c' not in variable_names.csv -> named 'wbes_outstanding_balance_open'
20:53:49 01_clean WARNING wave:2023: variable 'k15d' not in variable_names.csv -> named 'wbes_outstanding_personal_loans'
20:53:49 01_clean WARNING wave:2023: variable 'k162' not in variable_names.csv -> named 'wbes_fy_estab_apply_new_loans'
20:53:49 01_clean WARNING wave:2023: variable 'k17' not in variable_names.csv -> named 'wbes_reason_not_applying_new'
20:53:49 01_clean WARNING wave:2023: variable 'k20a1' not in variable_names.csv -> named 'wbes_outcome_recent_application'
20:53:49 01_clean WARNING wave:2023: variable 'k31' not in variable_names.csv -> named 'wbes_cost_apply_recent_loan'
20:53:49 01_clean WARNING wave:2023: variable 'k32' not in variable_names.csv -> named 'wbes_days_receive_decision'
20:53:49 01_clean WARNING wave:2023: variable 'k21' not in variable_names.csv -> named 'wbes_financial_statements'
20:53:49 01_clean WARNING wave:2023: variable 'k33' not in variable_names.csv -> named 'wbes_pct_payments_recvd_using'
20:53:49 01_clean WARNING wave:2023: variable 'k34' not in variable_names.csv -> named 'wbes_main_type_payment_accepted'
20:53:49 01_clean WARNING wave:2023: variable 'k35' not in variable_names.csv -> named 'wbes_avg_days_receive_payment'
20:53:49 01_clean WARNING wave:2023: variable 'k36' not in variable_names.csv -> named 'wbes_cost_transaction_receive'
20:53:49 01_clean WARNING wave:2023: variable 'k37' not in variable_names.csv -> named 'wbes_monthly_fees_subscription'
20:53:49 01_clean WARNING wave:2023: variable 'k38' not in variable_names.csv -> named 'wbes_pct_payments_using_payments'
20:53:49 01_clean WARNING wave:2023: variable 'k39' not in variable_names.csv -> named 'wbes_payment_used_payments'
20:53:49 01_clean WARNING wave:2023: variable 'k40' not in variable_names.csv -> named 'wbes_cost_transaction_40'
20:53:49 01_clean WARNING wave:2023: variable 'k30' not in variable_names.csv -> named 'wbes_obstacle_access_finance'
20:53:49 01_clean WARNING wave:2023: variable 'j31' not in variable_names.csv -> named 'wbes_resolving_commercial'
20:53:49 01_clean WARNING wave:2023: variable 'j2' not in variable_names.csv -> named 'wbes_senior_management_time'
20:53:49 01_clean WARNING wave:2023: variable 'j3' not in variable_names.csv -> named 'wbes_estab_inspected_tax'
20:53:49 01_clean WARNING wave:2023: variable 'j4' not in variable_names.csv -> named 'wbes_frequency_inspections'
20:53:49 01_clean WARNING wave:2023: variable 'j5' not in variable_names.csv -> named 'wbes_inspections_gift_informal'
20:53:49 01_clean WARNING wave:2023: variable 'j32' not in variable_names.csv -> named 'wbes_visits_meetings_consist_tax'
20:53:49 01_clean WARNING wave:2023: variable 'j33' not in variable_names.csv -> named 'wbes_weeks_final_audit_report'
20:53:49 01_clean WARNING wave:2023: variable 'j34' not in variable_names.csv -> named 'wbes_estab_outsourced_tax'
20:53:49 01_clean WARNING wave:2023: variable 'j35a' not in variable_names.csv -> named 'wbes_annual_time_tax_compliance'
20:53:49 01_clean WARNING wave:2023: variable 'j35b' not in variable_names.csv -> named 'wbes_avg_monthly_time_tax'
20:53:49 01_clean WARNING wave:2023: variable 'j36' not in variable_names.csv -> named 'wbes_fy_estab_file_taxes'
20:53:49 01_clean WARNING wave:2023: variable 'j37' not in variable_names.csv -> named 'wbes_fy_estab_pay_taxes'
20:53:49 01_clean WARNING wave:2023: variable 'j38' not in variable_names.csv -> named 'wbes_yrs_estab_applied_vat'
20:53:49 01_clean WARNING wave:2023: variable 'j39' not in variable_names.csv -> named 'wbes_weeks_receive_vat_refund'
20:53:49 01_clean WARNING wave:2023: variable 'j40' not in variable_names.csv -> named 'wbes_reason_not_applying_vat_tax'
20:53:49 01_clean WARNING wave:2023: variable 'j6a' not in variable_names.csv -> named 'wbes_govt_contract_secured'
20:53:49 01_clean WARNING wave:2023: variable 'j41' not in variable_names.csv -> named 'wbes_degree_difficulty_comply'
20:53:49 01_clean WARNING wave:2023: variable 'j42' not in variable_names.csv -> named 'wbes_estab_held_govt_contract'
20:53:49 01_clean WARNING wave:2023: variable 'j43' not in variable_names.csv -> named 'wbes_typical_days_receive'
20:53:49 01_clean WARNING wave:2023: variable 'j7a' not in variable_names.csv -> named 'wbes_pct_annual_sales_paid'
20:53:49 01_clean WARNING wave:2023: variable 'j7b' not in variable_names.csv -> named 'wbes_annual_informal_payment'
20:53:49 01_clean WARNING wave:2023: variable 'j10' not in variable_names.csv -> named 'wbes_application_obtain_import'
20:53:49 01_clean WARNING wave:2023: variable 'j11' not in variable_names.csv -> named 'wbes_days_obtain_import_license'
20:53:49 01_clean WARNING wave:2023: variable 'j12' not in variable_names.csv -> named 'wbes_applied_import_license'
20:53:49 01_clean WARNING wave:2023: variable 'j13' not in variable_names.csv -> named 'wbes_application_obtain_13'
20:53:49 01_clean WARNING wave:2023: variable 'j14' not in variable_names.csv -> named 'wbes_days_obtain_operating'
20:53:49 01_clean WARNING wave:2023: variable 'j15' not in variable_names.csv -> named 'wbes_applied_operating_license'
20:53:49 01_clean WARNING wave:2023: variable 'j30a' not in variable_names.csv -> named 'wbes_obstacle_tax_rates'
20:53:49 01_clean WARNING wave:2023: variable 'j30b' not in variable_names.csv -> named 'wbes_obstacle_tax'
20:53:49 01_clean WARNING wave:2023: variable 'j30c' not in variable_names.csv -> named 'wbes_obstacle_biz_licensing'
20:53:49 01_clean WARNING wave:2023: variable 'j30e' not in variable_names.csv -> named 'wbes_obstacle_political'
20:53:49 01_clean WARNING wave:2023: variable 'j30f' not in variable_names.csv -> named 'wbes_obstacle_corruption'
20:53:49 01_clean WARNING wave:2023: variable 'h30' not in variable_names.csv -> named 'wbes_obstacle_courts'
20:53:49 01_clean WARNING wave:2023: variable 'i30' not in variable_names.csv -> named 'wbes_obstacle_crime_theft'
20:53:49 01_clean WARNING wave:2023: variable 'j30_taxrate_pos' not in variable_names.csv -> named 'wbes_rotation_position'
20:53:49 01_clean WARNING wave:2023: variable 'j30_taxadmin_pos' not in variable_names.csv -> named 'wbes_rotation_j30taxadmi'
20:53:49 01_clean WARNING wave:2023: variable 'j30_permit_pos' not in variable_names.csv -> named 'wbes_rotation_j30permitp'
20:53:49 01_clean WARNING wave:2023: variable 'j30_instability_pos' not in variable_names.csv -> named 'wbes_rotation_j30instabi'
20:53:49 01_clean WARNING wave:2023: variable 'j30_corruption_pos' not in variable_names.csv -> named 'wbes_rotation_j30corrupt'
20:53:49 01_clean WARNING wave:2023: variable 'j30_courts_pos' not in variable_names.csv -> named 'wbes_rotation_j30courtsp'
20:53:49 01_clean WARNING wave:2023: variable 'j30_crime_pos' not in variable_names.csv -> named 'wbes_rotation_j30crimepo'
20:53:49 01_clean WARNING wave:2023: variable 'l1' not in variable_names.csv -> named 'wbes_num_permanent_employees_end'
20:53:49 01_clean WARNING wave:2023: variable 'l2' not in variable_names.csv -> named 'wbes_num_permanent_emps_end'
20:53:49 01_clean WARNING wave:2023: variable 'l3a' not in variable_names.csv -> named 'wbes_num_full_production_workers'
20:53:49 01_clean WARNING wave:2023: variable 'l3b' not in variable_names.csv -> named 'wbes_num_full_non_prod_workers'
20:53:49 01_clean WARNING wave:2023: variable 'l4a1' not in variable_names.csv -> named 'wbes_num_permanent_skilled_prod'
20:53:49 01_clean WARNING wave:2023: variable 'l4a2' not in variable_names.csv -> named 'wbes_num_permanent_semi_skilled'
20:53:49 01_clean WARNING wave:2023: variable 'l4b' not in variable_names.csv -> named 'wbes_num_permanent_full_time_low'
20:53:49 01_clean WARNING wave:2023: variable 'l5a' not in variable_names.csv -> named 'wbes_num_full_female_prod_wkrs'
20:53:49 01_clean WARNING wave:2023: variable 'l5b' not in variable_names.csv -> named 'wbes_num_full_female_non_prod'
20:53:49 01_clean WARNING wave:2023: variable 'l5' not in variable_names.csv -> named 'wbes_num_full_female'
20:53:49 01_clean WARNING wave:2023: variable 'l9b' not in variable_names.csv -> named 'wbes_full_time_end_last_fy'
20:53:49 01_clean WARNING wave:2023: variable 'l9b1' not in variable_names.csv -> named 'wbes_full_time_number'
20:53:49 01_clean WARNING wave:2023: variable 'l10' not in variable_names.csv -> named 'wbes_formal_training_programs'
20:53:49 01_clean WARNING wave:2023: variable 'l11a' not in variable_names.csv -> named 'wbes_permanent_full_time_prod'
20:53:49 01_clean WARNING wave:2023: variable 'l11a1' not in variable_names.csv -> named 'wbes_training_programs_prod'
20:53:49 01_clean WARNING wave:2023: variable 'l11b' not in variable_names.csv -> named 'wbes_permanent_fulltime'
20:53:49 01_clean WARNING wave:2023: variable 'l11b1' not in variable_names.csv -> named 'wbes_training_programs_non_prod'
20:53:49 01_clean WARNING wave:2023: variable 'l12a' not in variable_names.csv -> named 'wbes_permanent_full_time_female'
20:53:49 01_clean WARNING wave:2023: variable 'l12a1' not in variable_names.csv -> named 'wbes_training_programs_female'
20:53:49 01_clean WARNING wave:2023: variable 'l31' not in variable_names.csv -> named 'wbes_fy_wkrs_estab_needed_hire'
20:53:49 01_clean WARNING wave:2023: variable 'l32' not in variable_names.csv -> named 'wbes_fy_workers_estab_hired'
20:53:49 01_clean WARNING wave:2023: variable 'l33' not in variable_names.csv -> named 'wbes_reason_estab_not_hire_wkrs'
20:53:49 01_clean WARNING wave:2023: variable 'l34' not in variable_names.csv -> named 'wbes_yrs_estab_dismissed'
20:53:49 01_clean WARNING wave:2023: variable 'l35' not in variable_names.csv -> named 'wbes_typical_weeks_dismiss_full'
20:53:49 01_clean WARNING wave:2023: variable 'l36' not in variable_names.csv -> named 'wbes_typical_weeks_paid'
20:53:49 01_clean WARNING wave:2023: variable 'l1a' not in variable_names.csv -> named 'wbes_num_part_time_emps_end'
20:53:49 01_clean WARNING wave:2023: variable 'l6' not in variable_names.csv -> named 'wbes_num_full_time_temporary'
20:53:49 01_clean WARNING wave:2023: variable 'l6a' not in variable_names.csv -> named 'wbes_female_temporary_full_time'
20:53:49 01_clean WARNING wave:2023: variable 'l8' not in variable_names.csv -> named 'wbes_avg_length_employ_full_time'
20:53:49 01_clean WARNING wave:2023: variable 'l37' not in variable_names.csv -> named 'wbes_yrs_estab_involved_labor'
20:53:49 01_clean WARNING wave:2023: variable 'l38' not in variable_names.csv -> named 'wbes_typical_weeks_resolve_labor'
20:53:49 01_clean WARNING wave:2023: variable 'l39' not in variable_names.csv -> named 'wbes_cost_resolve_labor_dispute'
20:53:49 01_clean WARNING wave:2023: variable 'l40' not in variable_names.csv -> named 'wbes_fy_estab_visited_health'
20:53:49 01_clean WARNING wave:2023: variable 'l41' not in variable_names.csv -> named 'wbes_report_issued_health_safety'
20:53:49 01_clean WARNING wave:2023: variable 'l30a' not in variable_names.csv -> named 'wbes_obstacle_labor_regulations'
20:53:49 01_clean WARNING wave:2023: variable 'l30b' not in variable_names.csv -> named 'wbes_obstacle_inadequately'
20:53:49 01_clean WARNING wave:2023: variable 'm1a' not in variable_names.csv -> named 'wbes_biggest_obstacle_affecting'
20:53:49 01_clean WARNING wave:2023: variable 'm1a_finance_pos' not in variable_names.csv -> named 'wbes_position_access_finance'
20:53:49 01_clean WARNING wave:2023: variable 'm1a_land_pos' not in variable_names.csv -> named 'wbes_position_access_land'
20:53:49 01_clean WARNING wave:2023: variable 'm1a_permit_pos' not in variable_names.csv -> named 'wbes_position_biz_licensing'
20:53:49 01_clean WARNING wave:2023: variable 'm1a_corruption_pos' not in variable_names.csv -> named 'wbes_position_corruption'
20:53:49 01_clean WARNING wave:2023: variable 'm1a_courts_pos' not in variable_names.csv -> named 'wbes_position_courts'
20:53:49 01_clean WARNING wave:2023: variable 'm1a_crime_pos' not in variable_names.csv -> named 'wbes_position_crime_theft'
20:53:49 01_clean WARNING wave:2023: variable 'm1a_trade_pos' not in variable_names.csv -> named 'wbes_position_customs_trade'
20:53:49 01_clean WARNING wave:2023: variable 'm1a_electricity_pos' not in variable_names.csv -> named 'wbes_position_electricity'
20:53:49 01_clean WARNING wave:2023: variable 'm1a_workforce_pos' not in variable_names.csv -> named 'wbes_position_inadequately'
20:53:49 01_clean WARNING wave:2023: variable 'm1a_labor_pos' not in variable_names.csv -> named 'wbes_position_labor_regulations'
20:53:49 01_clean WARNING wave:2023: variable 'm1a_instability_pos' not in variable_names.csv -> named 'wbes_position_political'
20:53:49 01_clean WARNING wave:2023: variable 'm1a_informal_pos' not in variable_names.csv -> named 'wbes_position_practices'
20:53:49 01_clean WARNING wave:2023: variable 'm1a_taxadmin_pos' not in variable_names.csv -> named 'wbes_position_tax_administration'
20:53:49 01_clean WARNING wave:2023: variable 'm1a_taxrate_pos' not in variable_names.csv -> named 'wbes_position_tax_rates'
20:53:49 01_clean WARNING wave:2023: variable 'm1a_transport_pos' not in variable_names.csv -> named 'wbes_position_transport'
20:53:49 01_clean WARNING wave:2023: variable 'n2a' not in variable_names.csv -> named 'wbes_total_labor'
20:53:49 01_clean WARNING wave:2023: variable 'n2a2' not in variable_names.csv -> named 'wbes_social_security_payments'
20:53:49 01_clean WARNING wave:2023: variable 'n2b' not in variable_names.csv -> named 'wbes_annual_costs_electricity'
20:53:49 01_clean WARNING wave:2023: variable 'n2k' not in variable_names.csv -> named 'wbes_total_annual_cost_water'
20:53:49 01_clean WARNING wave:2023: variable 'n2l' not in variable_names.csv -> named 'wbes_annual_cost_high_speed'
20:53:49 01_clean WARNING wave:2023: variable 'n2e' not in variable_names.csv -> named 'wbes_cost_raw_prod_last_fiscal'
20:53:49 01_clean WARNING wave:2023: variable 'n2i' not in variable_names.csv -> named 'wbes_annual_cost_finished_goods'
20:53:49 01_clean WARNING wave:2023: variable 'n2a1' not in variable_names.csv -> named 'wbes_total_labor_years'
20:53:49 01_clean WARNING wave:2023: variable 'n2e1' not in variable_names.csv -> named 'wbes_cost_raw_total_production'
20:53:49 01_clean WARNING wave:2023: variable 'n7a' not in variable_names.csv -> named 'wbes_cost_estab_re_purchase'
20:53:49 01_clean WARNING wave:2023: variable 'n11' not in variable_names.csv -> named 'wbes_effective_income_based_tax'
20:53:49 01_clean WARNING wave:2023: variable 'n12' not in variable_names.csv -> named 'wbes_effective_consum_tax_rate'
20:53:49 01_clean WARNING wave:2023: variable 'a15d' not in variable_names.csv -> named 'wbes_day_15d'
20:53:49 01_clean WARNING wave:2023: variable 'a15m' not in variable_names.csv -> named 'wbes_month_15m'
20:53:49 01_clean WARNING wave:2023: variable 'a15y' not in variable_names.csv -> named 'wbes_year_15y'
20:53:49 01_clean WARNING wave:2023: variable 'a15h' not in variable_names.csv -> named 'wbes_hour_15h'
20:53:49 01_clean WARNING wave:2023: variable 'a15min' not in variable_names.csv -> named 'wbes_minutes_a15min'
20:53:49 01_clean WARNING wave:2023: variable 'a16' not in variable_names.csv -> named 'wbes_perception_questions'
20:53:49 01_clean WARNING wave:2023: variable 'a17' not in variable_names.csv -> named 'wbes_responses_questions_figures'
20:53:49 01_clean WARNING wave:2023: variable 'a18' not in variable_names.csv -> named 'wbes_questionnaire_completed'
20:53:49 01_clean WARNING wave:2023: variable 'a19h' not in variable_names.csv -> named 'wbes_option2_estimate_hours'
20:53:49 01_clean WARNING wave:2023: variable 'a19m' not in variable_names.csv -> named 'wbes_option2_estimate_minutes'
20:53:49 01_clean WARNING wave:2023: variable 'a13' not in variable_names.csv -> named 'wbes_supervisor_number'
20:53:49 01_clean WARNING wave:2023: variable 'a3b' not in variable_names.csv -> named 'wbes_official_capital_city'
20:53:49 01_clean WARNING wave:2023: variable 'a3c' not in variable_names.csv -> named 'wbes_main_business_city'
20:53:49 01_clean WARNING wave:2023: variable 'd1a2_v4' not in variable_names.csv -> named 'wbes_product_service_isic_rev'
20:53:49 01_clean WARNING wave:2023: variable 'stratificationsizecode' not in variable_names.csv -> named 'wbes_stratification_size'
20:53:49 01_clean WARNING wave:2023: variable 'stratificationsectorcode' not in variable_names.csv -> named 'wbes_stratification_sector'
20:53:49 01_clean WARNING wave:2023: variable 'stratificationpanelcode' not in variable_names.csv -> named 'wbes_panel'
20:53:49 01_clean WARNING wave:2023: variable 'b1_rwa' not in variable_names.csv -> named 'wbes_rwa'
20:53:49 01_clean INFO wrote WBES_2023_establishment_clean.dta  (358 rows x 356 vars, 1.1 MB)
20:53:49 01_clean INFO 01_clean done for ['2006', '2011', '2019', '2023']
20:53:49 02_merge INFO ==== 02_merge | run 20260906-205346 | python 3.13.5 | pandas 2.2.3 | pyreadstat 1.3.4
20:53:50 02_merge INFO loaded 2006: 212 rows x 356 vars
20:53:50 02_merge INFO loaded 2011: 241 rows x 261 vars
20:53:50 02_merge INFO loaded 2019: 360 rows x 414 vars
20:53:50 02_merge INFO loaded 2023: 358 rows x 356 vars
20:53:50 02_merge INFO VERSIONS a1a: {'a1a': ['2011', '2019'], 'a1a_v2': ['2023']} | 2023 vs 2011: value labels differ -- 1: 'Kinyarwanda' vs 'English'
20:53:50 02_merge INFO VERSIONS b3a: {'b3a': ['2019', '2023'], 'b3a_v2': ['2006']} | 2019 vs 2006: variable label differs ('Is the largest owner also the top manage' vs 'What percentage does the largest shareho') / 2023 vs 2006: variable label differs ('Is the largest owner also the top manage' vs 'What percentage does the largest shareho')
20:53:50 02_merge INFO VERSIONS d4a: {'d4a': ['2023'], 'd4a_v2': ['2006']} | 2023 vs 2006: variable label differs ('In Last FY, Avg. Num. of Days For Export' vs 'Just prior to receiving ... how many day')
20:53:50 02_merge INFO VERSIONS d4b: {'d4b': ['2023'], 'd4b_v2': ['2006']} | 2023 vs 2006: variable label differs ('If less than a day, total hours for expo' vs 'For how many years have you known the pr')
20:53:50 02_merge INFO VERSIONS e2b: {'e2b': ['2019', '2023'], 'e2b_v2': ['2006']} | 2019 vs 2006: variable label differs ('Competitors For The Main Product/Service' vs 'Does this establishment have an internat') / 2023 vs 2006: variable label differs ('Competitors For The Main Product/Service' vs 'Does this establishment have an internat')
20:53:50 02_merge INFO VERSIONS g6a: {'g6a': ['2019'], 'g6a_v2': ['2006']} | 2019 vs 2006: variable label differs ('Percentage of The Building Occupied: Own' vs 'In 2005, did your establishment use its ')
20:53:50 02_merge INFO VERSIONS l3b: {'l3b': ['2019', '2023'], 'l3b_v2': ['2006']} | 2019 vs 2006: variable label differs ('Num. Full-Time Employees At End of Last ' vs 'Fuel') / 2023 vs 2006: variable label differs ('Num. Full-Time Employees At End of Last ' vs 'Fuel')
20:53:50 02_merge INFO VERSIONS l4b: {'l4b': ['2019', '2023'], 'l4b_v2': ['2006']} | 2019 vs 2006: variable label differs ('Num. of Permanent, Full-Time Low-skilled' vs 'Land and buildings') / 2023 vs 2006: variable label differs ('Num. of Permanent, Full-Time Low-skilled' vs 'Land and buildings')
20:53:50 02_merge INFO VERSIONS l5a: {'l5a': ['2019', '2023'], 'l5a_v2': ['2006']} | 2019 vs 2006: variable label differs ('Num. Full-Time Employees At End of Last ' vs 'Machinery, vehicles and equipment') / 2023 vs 2006: variable label differs ('Num. Full-Time Employees At End of Last ' vs 'Machinery, vehicles and equipment')
20:53:50 02_merge INFO VERSIONS l5b: {'l5b': ['2019', '2023'], 'l5b_v2': ['2006']} | 2019 vs 2006: variable label differs ('Num. Full-Time Employees At End of Last ' vs 'Land and buildings') / 2023 vs 2006: variable label differs ('Num. Full-Time Employees At End of Last ' vs 'Land and buildings')
20:53:50 02_merge INFO VERSIONS n2e1: {'n2e1': ['2023'], 'n2e1_v2': ['2019']} | 2023 vs 2019: 2019 is unlabelled and its values reach 2.5e+10, beyond the labelled codes (-9--7)
20:53:50 02_merge INFO 71 variables with codes observed outside their own value labels (stale labels; listed in merge_alignment.json): ['a0', 'a15a2a', 'a15a2b', 'a15a2c', 'a1a', 'a4b', 'afb4a1', 'afb4a4', 'b3b3', 'b3b4', 'b3b6', 'b3b7', 'c13', 'c20', 'c2d', 'c2e', 'c37', 'c4', 'c5a', 'c7f', 'd10', 'd11', 'd14', 'd14a', 'd2a', 'd4', 'd4a', 'd6', 'd7', 'e3a2']
20:53:50 02_merge INFO type conflict g5bx: numeric in some waves, numeric-looking text in others -> numeric
20:53:50 02_merge WARNING type conflict a12: numeric in some waves, free text in others -> kept as text
20:53:50 02_merge INFO pooled establishment file: 1,171 rows x 770 vars; 11 variables with >1 version; 6 value-label text conflicts
20:53:50 02_merge INFO PASS  no numeric column left object-typed after concat
20:53:50 02_merge INFO PASS  pooled rows == sum of yearly rows
20:53:50 02_merge INFO PASS  2006: the strict weight total is preserved in the pool
20:53:50 02_merge INFO PASS  2011: the strict weight total is preserved in the pool
20:53:50 02_merge INFO PASS  2019: the strict weight total is preserved in the pool
20:53:50 02_merge INFO PASS  2023: the strict weight total is preserved in the pool
20:53:50 02_merge WARNING pooled:WBES_pooled_establishment.dta: variable 'survey' not in variable_names.csv -> named 'wbes_source_survey'
20:53:50 02_merge WARNING pooled:WBES_pooled_establishment.dta: variable 'year' not in variable_names.csv -> named 'wbes_survey_year'
20:53:50 02_merge WARNING pooled:WBES_pooled_establishment.dta: variable 'wave' not in variable_names.csv -> named 'wbes_round'
20:53:50 02_merge WARNING pooled:WBES_pooled_establishment.dta: variable 'idstd' not in variable_names.csv -> named 'wbes_world_bank_standard_firm'
20:53:50 02_merge WARNING pooled:WBES_pooled_establishment.dta: variable 'id' not in variable_names.csv -> named 'wbes_firm_identifier_round'
20:53:50 02_merge WARNING pooled:WBES_pooled_establishment.dta: variable 'panelid' not in variable_names.csv -> named 'wbes_firm_identifier_shared'
20:53:50 02_merge WARNING pooled:WBES_pooled_establishment.dta: variable 'panel' not in variable_names.csv -> named 'wbes_rounds_firm_interviewed'
20:53:50 02_merge WARNING pooled:WBES_pooled_establishment.dta: variable 'a2' not in variable_names.csv -> named 'wbes_sampling_region'
20:53:50 02_merge WARNING pooled:WBES_pooled_establishment.dta: variable 'a3a' not in variable_names.csv -> named 'wbes_region_establishment'
20:53:50 02_merge WARNING pooled:WBES_pooled_establishment.dta: variable 'a3' not in variable_names.csv -> named 'wbes_size_locality'
20:53:50 02_merge WARNING pooled:WBES_pooled_establishment.dta: variable 'a4a' not in variable_names.csv -> named 'wbes_industry_sampling_sector'
20:53:50 02_merge WARNING pooled:WBES_pooled_establishment.dta: variable 'a4b' not in variable_names.csv -> named 'wbes_industry_screener_sector_4b'
20:53:50 02_merge WARNING pooled:WBES_pooled_establishment.dta: variable 'a6a' not in variable_names.csv -> named 'wbes_sampling_size_class'
20:53:50 02_merge WARNING pooled:WBES_pooled_establishment.dta: variable 'a6b' not in variable_names.csv -> named 'wbes_screener_size_class'
20:53:50 02_merge WARNING pooled:WBES_pooled_establishment.dta: variable 'strata' not in variable_names.csv -> named 'wbes_sampling_stratum_industry'
20:53:50 02_merge WARNING pooled:WBES_pooled_establishment.dta: variable 'stratificationregioncode' not in variable_names.csv -> named 'wbes_stratification_region'
20:53:50 02_merge WARNING pooled:WBES_pooled_establishment.dta: variable 'wstrict' not in variable_names.csv -> named 'wbes_sampling_weight_strict'
20:53:50 02_merge WARNING pooled:WBES_pooled_establishment.dta: variable 'wmedian' not in variable_names.csv -> named 'wbes_sampling_weight_median'
20:53:50 02_merge WARNING pooled:WBES_pooled_establishment.dta: variable 'wweak' not in variable_names.csv -> named 'wbes_sampling_weight_weak'
20:53:50 02_merge WARNING pooled:WBES_pooled_establishment.dta: variable 'eligibility2019' not in variable_names.csv -> named 'wbes_eligibility_firm_2019'
20:53:50 02_merge WARNING pooled:WBES_pooled_establishment.dta: variable 'status2019' not in variable_names.csv -> named 'wbes_status_firm_2019'
20:53:50 02_merge WARNING pooled:WBES_pooled_establishment.dta: variable 'eligibility2011' not in variable_names.csv -> named 'wbes_eligibility_firm_2011'
20:53:50 02_merge WARNING pooled:WBES_pooled_establishment.dta: variable 'status2011' not in variable_names.csv -> named 'wbes_status_firm_2011'
20:53:50 02_merge WARNING pooled:WBES_pooled_establishment.dta: variable 'a1' not in variable_names.csv -> named 'wbes_country_1'
20:53:50 02_merge WARNING pooled:WBES_pooled_establishment.dta: variable 'a14d' not in variable_names.csv -> named 'wbes_day_14d'
20:53:50 02_merge WARNING pooled:WBES_pooled_establishment.dta: variable 'a14h' not in variable_names.csv -> named 'wbes_hour_14h'
20:53:50 02_merge WARNING pooled:WBES_pooled_establishment.dta: variable 'a14m' not in variable_names.csv -> named 'wbes_month_14m'
20:53:50 02_merge WARNING pooled:WBES_pooled_establishment.dta: variable 'a14min' not in variable_names.csv -> named 'wbes_minutes'
20:53:50 02_merge WARNING pooled:WBES_pooled_establishment.dta: variable 'a15d' not in variable_names.csv -> named 'wbes_day_15d'
20:53:50 02_merge WARNING pooled:WBES_pooled_establishment.dta: variable 'a15h' not in variable_names.csv -> named 'wbes_hour_15h'
20:53:50 02_merge WARNING pooled:WBES_pooled_establishment.dta: variable 'a15m' not in variable_names.csv -> named 'wbes_month_15m'
20:53:50 02_merge WARNING pooled:WBES_pooled_establishment.dta: variable 'a15min' not in variable_names.csv -> named 'wbes_minutes_a15min'
20:53:50 02_merge WARNING pooled:WBES_pooled_establishment.dta: variable 'a16' not in variable_names.csv -> named 'wbes_perception_questions'
20:53:50 02_merge WARNING pooled:WBES_pooled_establishment.dta: variable 'a17' not in variable_names.csv -> named 'wbes_responses_questions_figures'
20:53:50 02_merge WARNING pooled:WBES_pooled_establishment.dta: variable 'a18' not in variable_names.csv -> named 'wbes_questionnaire_completed'
20:53:50 02_merge WARNING pooled:WBES_pooled_establishment.dta: variable 'a19h' not in variable_names.csv -> named 'wbes_option2_estimate_hours'
20:53:50 02_merge WARNING pooled:WBES_pooled_establishment.dta: variable 'a19m' not in variable_names.csv -> named 'wbes_option2_estimate_minutes'
20:53:50 02_merge WARNING pooled:WBES_pooled_establishment.dta: variable 'a7' not in variable_names.csv -> named 'wbes_estab_part_multi_estab_firm'
20:53:50 02_merge WARNING pooled:WBES_pooled_establishment.dta: variable 'b2a' not in variable_names.csv -> named 'wbes_owned_private_domestic'
20:53:50 02_merge WARNING pooled:WBES_pooled_establishment.dta: variable 'b2b' not in variable_names.csv -> named 'wbes_owned_private_foreign'
20:53:50 02_merge WARNING pooled:WBES_pooled_establishment.dta: variable 'b2c' not in variable_names.csv -> named 'wbes_owned_government'
20:53:50 02_merge WARNING pooled:WBES_pooled_establishment.dta: variable 'b2d' not in variable_names.csv -> named 'wbes_owned_other'
20:53:50 02_merge WARNING pooled:WBES_pooled_establishment.dta: variable 'c8' not in variable_names.csv -> named 'wbes_c8'
20:53:50 02_merge WARNING pooled:WBES_pooled_establishment.dta: variable 'c10' not in variable_names.csv -> named 'wbes_generator_shared_owned'
20:53:50 02_merge WARNING pooled:WBES_pooled_establishment.dta: variable 'c11' not in variable_names.csv -> named 'wbes_electricity_generator_owned'
20:53:50 02_merge WARNING pooled:WBES_pooled_establishment.dta: variable 'c12' not in variable_names.csv -> named 'wbes_application_obtain_water'
20:53:50 02_merge WARNING pooled:WBES_pooled_establishment.dta: variable 'c13' not in variable_names.csv -> named 'wbes_days_obtain_water'
20:53:50 02_merge WARNING pooled:WBES_pooled_establishment.dta: variable 'c14' not in variable_names.csv -> named 'wbes_applied_water_connection'
20:53:50 02_merge WARNING pooled:WBES_pooled_establishment.dta: variable 'c15' not in variable_names.csv -> named 'wbes_experience_insufficient_15'
20:53:50 02_merge WARNING pooled:WBES_pooled_establishment.dta: variable 'c16' not in variable_names.csv -> named 'wbes_frequency_incidents_16'
20:53:50 02_merge WARNING pooled:WBES_pooled_establishment.dta: variable 'c17' not in variable_names.csv -> named 'wbes_avg_length_affecting_prod'
20:53:50 02_merge WARNING pooled:WBES_pooled_establishment.dta: variable 'c22b' not in variable_names.csv -> named 'wbes_establishment_own_website'
20:53:50 02_merge WARNING pooled:WBES_pooled_establishment.dta: variable 'c3' not in variable_names.csv -> named 'wbes_application_obtain_3'
20:53:50 02_merge WARNING pooled:WBES_pooled_establishment.dta: variable 'c30a' not in variable_names.csv -> named 'wbes_obstacle_electricity'
20:53:50 02_merge WARNING pooled:WBES_pooled_establishment.dta: variable 'c4' not in variable_names.csv -> named 'wbes_days_receive_electrical'
20:53:50 02_merge WARNING pooled:WBES_pooled_establishment.dta: variable 'c5' not in variable_names.csv -> named 'wbes_informal_gift_electrical'
20:53:50 02_merge WARNING pooled:WBES_pooled_establishment.dta: variable 'c6' not in variable_names.csv -> named 'wbes_fy_estab_experience_power'
20:53:50 02_merge WARNING pooled:WBES_pooled_establishment.dta: variable 'c7' not in variable_names.csv -> named 'wbes_power_outages_experienced'
20:53:50 02_merge WARNING pooled:WBES_pooled_establishment.dta: variable 'c9a' not in variable_names.csv -> named 'wbes_last_fy_power_outages'
20:53:50 02_merge WARNING pooled:WBES_pooled_establishment.dta: variable 'c9b' not in variable_names.csv -> named 'wbes_fy_value_losses_due_power'
20:53:50 02_merge WARNING pooled:WBES_pooled_establishment.dta: variable 'd12a' not in variable_names.csv -> named 'wbes_material_inputs_domestic'
20:53:50 02_merge WARNING pooled:WBES_pooled_establishment.dta: variable 'd12b' not in variable_names.csv -> named 'wbes_material_inputs_foreign'
20:53:50 02_merge WARNING pooled:WBES_pooled_establishment.dta: variable 'd13' not in variable_names.csv -> named 'wbes_material_inputs_imported'
20:53:50 02_merge WARNING pooled:WBES_pooled_establishment.dta: variable 'd14' not in variable_names.csv -> named 'wbes_avg_num_days_imported_14'
20:53:50 02_merge WARNING pooled:WBES_pooled_establishment.dta: variable 'd1a2' not in variable_names.csv -> named 'wbes_product_service_isic_rev_2'
20:53:50 02_merge WARNING pooled:WBES_pooled_establishment.dta: variable 'd1a3' not in variable_names.csv -> named 'wbes_product_svc_pct_annual'
20:53:50 02_merge WARNING pooled:WBES_pooled_establishment.dta: variable 'd2' not in variable_names.csv -> named 'wbes_fiscal_year'
20:53:50 02_merge WARNING pooled:WBES_pooled_establishment.dta: variable 'd30a' not in variable_names.csv -> named 'wbes_obstacle_transport'
20:53:50 02_merge WARNING pooled:WBES_pooled_establishment.dta: variable 'd30b' not in variable_names.csv -> named 'wbes_obstacle_customs_trade'
20:53:50 02_merge WARNING pooled:WBES_pooled_establishment.dta: variable 'd3a' not in variable_names.csv -> named 'wbes_sales_national_sales'
20:53:50 02_merge WARNING pooled:WBES_pooled_establishment.dta: variable 'd3b' not in variable_names.csv -> named 'wbes_sales_indirect_exports'
20:53:50 02_merge WARNING pooled:WBES_pooled_establishment.dta: variable 'd3c' not in variable_names.csv -> named 'wbes_sales_direct_exports'
20:53:50 02_merge WARNING pooled:WBES_pooled_establishment.dta: variable 'd4' not in variable_names.csv -> named 'wbes_last_fy_customs'
20:53:50 02_merge WARNING pooled:WBES_pooled_establishment.dta: variable 'e6' not in variable_names.csv -> named 'wbes_use_technology_licensed'
20:53:50 02_merge WARNING pooled:WBES_pooled_establishment.dta: variable 'g2' not in variable_names.csv -> named 'wbes_applic_obtain_construction'
20:53:50 02_merge WARNING pooled:WBES_pooled_establishment.dta: variable 'g3' not in variable_names.csv -> named 'wbes_days_obtain_construction'
20:53:50 02_merge WARNING pooled:WBES_pooled_establishment.dta: variable 'g30a' not in variable_names.csv -> named 'wbes_obstacle_access_land'
20:53:50 02_merge WARNING pooled:WBES_pooled_establishment.dta: variable 'g4' not in variable_names.csv -> named 'wbes_informal_gift_construction'
20:53:50 02_merge WARNING pooled:WBES_pooled_establishment.dta: variable 'h1' not in variable_names.csv -> named 'wbes_new_products_svc_introduced'
20:53:50 02_merge WARNING pooled:WBES_pooled_establishment.dta: variable 'h30' not in variable_names.csv -> named 'wbes_obstacle_courts'
20:53:50 02_merge WARNING pooled:WBES_pooled_establishment.dta: variable 'i1' not in variable_names.csv -> named 'wbes_fy_estab_pay_security'
20:53:50 02_merge WARNING pooled:WBES_pooled_establishment.dta: variable 'i2a' not in variable_names.csv -> named 'wbes_annual_percentage_security'
20:53:50 02_merge WARNING pooled:WBES_pooled_establishment.dta: variable 'i2b' not in variable_names.csv -> named 'wbes_fiscal_year_annual_cost'
20:53:50 02_merge WARNING pooled:WBES_pooled_establishment.dta: variable 'i3' not in variable_names.csv -> named 'wbes_losses_due_experienced'
20:53:50 02_merge WARNING pooled:WBES_pooled_establishment.dta: variable 'i30' not in variable_names.csv -> named 'wbes_obstacle_crime_theft'
20:53:50 02_merge WARNING pooled:WBES_pooled_establishment.dta: variable 'i4a' not in variable_names.csv -> named 'wbes_losses_due_fy_sales'
20:53:50 02_merge WARNING pooled:WBES_pooled_establishment.dta: variable 'i4b' not in variable_names.csv -> named 'wbes_value_losses_due_theft'
20:53:50 02_merge WARNING pooled:WBES_pooled_establishment.dta: variable 'j10' not in variable_names.csv -> named 'wbes_application_obtain_import'
20:53:50 02_merge WARNING pooled:WBES_pooled_establishment.dta: variable 'j11' not in variable_names.csv -> named 'wbes_days_obtain_import_license'
20:53:50 02_merge WARNING pooled:WBES_pooled_establishment.dta: variable 'j12' not in variable_names.csv -> named 'wbes_applied_import_license'
20:53:50 02_merge WARNING pooled:WBES_pooled_establishment.dta: variable 'j13' not in variable_names.csv -> named 'wbes_application_obtain_13'
20:53:50 02_merge WARNING pooled:WBES_pooled_establishment.dta: variable 'j14' not in variable_names.csv -> named 'wbes_days_obtain_operating'
20:53:50 02_merge WARNING pooled:WBES_pooled_establishment.dta: variable 'j15' not in variable_names.csv -> named 'wbes_applied_operating_license'
20:53:50 02_merge WARNING pooled:WBES_pooled_establishment.dta: variable 'j3' not in variable_names.csv -> named 'wbes_estab_inspected_tax'
20:53:50 02_merge WARNING pooled:WBES_pooled_establishment.dta: variable 'j30a' not in variable_names.csv -> named 'wbes_obstacle_tax_rates'
20:53:50 02_merge WARNING pooled:WBES_pooled_establishment.dta: variable 'j30b' not in variable_names.csv -> named 'wbes_obstacle_tax'
20:53:50 02_merge WARNING pooled:WBES_pooled_establishment.dta: variable 'j30c' not in variable_names.csv -> named 'wbes_obstacle_biz_licensing'
20:53:50 02_merge WARNING pooled:WBES_pooled_establishment.dta: variable 'j30e' not in variable_names.csv -> named 'wbes_obstacle_political'
20:53:50 02_merge WARNING pooled:WBES_pooled_establishment.dta: variable 'j30f' not in variable_names.csv -> named 'wbes_obstacle_corruption'
20:53:50 02_merge WARNING pooled:WBES_pooled_establishment.dta: variable 'j4' not in variable_names.csv -> named 'wbes_frequency_inspections'
20:53:50 02_merge WARNING pooled:WBES_pooled_establishment.dta: variable 'j5' not in variable_names.csv -> named 'wbes_inspections_gift_informal'
20:53:50 02_merge WARNING pooled:WBES_pooled_establishment.dta: variable 'j6' not in variable_names.csv -> named 'wbes_value_avg_estab_country'
20:53:50 02_merge WARNING pooled:WBES_pooled_establishment.dta: variable 'j7a' not in variable_names.csv -> named 'wbes_annual_pct_informal'
20:53:50 02_merge WARNING pooled:WBES_pooled_establishment.dta: variable 'j7b' not in variable_names.csv -> named 'wbes_annual_informal_payment'
20:53:50 02_merge WARNING pooled:WBES_pooled_establishment.dta: variable 'k10' not in variable_names.csv -> named 'wbes_year_recent_loan_line'
20:53:50 02_merge WARNING pooled:WBES_pooled_establishment.dta: variable 'k11' not in variable_names.csv -> named 'wbes_recent_loan_value_time'
20:53:50 02_merge WARNING pooled:WBES_pooled_establishment.dta: variable 'k13' not in variable_names.csv -> named 'wbes_financing_required_recent'
20:53:50 02_merge WARNING pooled:WBES_pooled_establishment.dta: variable 'k14a' not in variable_names.csv -> named 'wbes_collateral_land_buildings'
20:53:50 02_merge WARNING pooled:WBES_pooled_establishment.dta: variable 'k14b' not in variable_names.csv -> named 'wbes_type_collateral_equipment'
20:53:50 02_merge WARNING pooled:WBES_pooled_establishment.dta: variable 'k14c' not in variable_names.csv -> named 'wbes_type_collateral_accounts'
20:53:50 02_merge WARNING pooled:WBES_pooled_establishment.dta: variable 'k14d' not in variable_names.csv -> named 'wbes_collateral_personal_assets'
20:53:50 02_merge WARNING pooled:WBES_pooled_establishment.dta: variable 'k14e' not in variable_names.csv -> named 'wbes_type_collateral_other'
20:53:50 02_merge WARNING pooled:WBES_pooled_establishment.dta: variable 'k15a' not in variable_names.csv -> named 'wbes_value_collateral_required'
20:53:50 02_merge WARNING pooled:WBES_pooled_establishment.dta: variable 'k16' not in variable_names.csv -> named 'wbes_fy_estab_apply_new_loans_16'
20:53:50 02_merge WARNING pooled:WBES_pooled_establishment.dta: variable 'k17' not in variable_names.csv -> named 'wbes_reason_not_applying_new'
20:53:50 02_merge WARNING pooled:WBES_pooled_establishment.dta: variable 'k30' not in variable_names.csv -> named 'wbes_obstacle_access_finance'
20:53:50 02_merge WARNING pooled:WBES_pooled_establishment.dta: variable 'k3a' not in variable_names.csv -> named 'wbes_working_capital_internal'
20:53:50 02_merge WARNING pooled:WBES_pooled_establishment.dta: variable 'k3bc' not in variable_names.csv -> named 'wbes_working_capital_banks'
20:53:50 02_merge WARNING pooled:WBES_pooled_establishment.dta: variable 'k3e' not in variable_names.csv -> named 'wbes_working_capital_non_bank'
20:53:50 02_merge WARNING pooled:WBES_pooled_establishment.dta: variable 'k3f' not in variable_names.csv -> named 'wbes_working_capital_bought'
20:53:50 02_merge WARNING pooled:WBES_pooled_establishment.dta: variable 'k3hd' not in variable_names.csv -> named 'wbes_working_capital_money'
20:53:50 02_merge WARNING pooled:WBES_pooled_establishment.dta: variable 'k4' not in variable_names.csv -> named 'wbes_estab_purchase_fixed_assets'
20:53:50 02_merge WARNING pooled:WBES_pooled_establishment.dta: variable 'k5a' not in variable_names.csv -> named 'wbes_fy_internal_funds_retained'
20:53:50 02_merge WARNING pooled:WBES_pooled_establishment.dta: variable 'k5bc' not in variable_names.csv -> named 'wbes_fy_fixed_assets_funded_bank'
20:53:50 02_merge WARNING pooled:WBES_pooled_establishment.dta: variable 'k5e' not in variable_names.csv -> named 'wbes_fy_fixed_assets_funded_non'
20:53:50 02_merge WARNING pooled:WBES_pooled_establishment.dta: variable 'k5f' not in variable_names.csv -> named 'wbes_fy_credit_suppliers'
20:53:50 02_merge WARNING pooled:WBES_pooled_establishment.dta: variable 'k5hdj' not in variable_names.csv -> named 'wbes_last_fy_other_money_lenders'
20:53:50 02_merge WARNING pooled:WBES_pooled_establishment.dta: variable 'k5i' not in variable_names.csv -> named 'wbes_fy_ownersatm_contributions'
20:53:50 02_merge WARNING pooled:WBES_pooled_establishment.dta: variable 'k7' not in variable_names.csv -> named 'wbes_time_estab_overdraft'
20:53:50 02_merge WARNING pooled:WBES_pooled_establishment.dta: variable 'k8' not in variable_names.csv -> named 'wbes_estab_line_credit_loan_8'
20:53:50 02_merge WARNING pooled:WBES_pooled_establishment.dta: variable 'k9' not in variable_names.csv -> named 'wbes_financial_institution'
20:53:50 02_merge WARNING pooled:WBES_pooled_establishment.dta: variable 'l1' not in variable_names.csv -> named 'wbes_num_permanent_employees_end'
20:53:50 02_merge WARNING pooled:WBES_pooled_establishment.dta: variable 'l10' not in variable_names.csv -> named 'wbes_formal_training_programs'
20:53:50 02_merge WARNING pooled:WBES_pooled_establishment.dta: variable 'l2' not in variable_names.csv -> named 'wbes_num_permanent_emps_end'
20:53:50 02_merge WARNING pooled:WBES_pooled_establishment.dta: variable 'l30a' not in variable_names.csv -> named 'wbes_obstacle_labor_regulations'
20:53:50 02_merge WARNING pooled:WBES_pooled_establishment.dta: variable 'l30b' not in variable_names.csv -> named 'wbes_obstacle_inadequately'
20:53:50 02_merge WARNING pooled:WBES_pooled_establishment.dta: variable 'l5' not in variable_names.csv -> named 'wbes_num_full_female'
20:53:50 02_merge WARNING pooled:WBES_pooled_establishment.dta: variable 'l6' not in variable_names.csv -> named 'wbes_num_full_time_temporary'
20:53:50 02_merge WARNING pooled:WBES_pooled_establishment.dta: variable 'l6a' not in variable_names.csv -> named 'wbes_female_temporary_full_time'
20:53:50 02_merge WARNING pooled:WBES_pooled_establishment.dta: variable 'l8' not in variable_names.csv -> named 'wbes_avg_length_employ_full_time'
20:53:50 02_merge WARNING pooled:WBES_pooled_establishment.dta: variable 'n2a' not in variable_names.csv -> named 'wbes_total_labor'
20:53:50 02_merge WARNING pooled:WBES_pooled_establishment.dta: variable 'n2b' not in variable_names.csv -> named 'wbes_annual_costs_electricity'
20:53:50 02_merge WARNING pooled:WBES_pooled_establishment.dta: variable 'n2e' not in variable_names.csv -> named 'wbes_cost_raw_prod_last_fiscal'
20:53:50 02_merge WARNING pooled:WBES_pooled_establishment.dta: variable 'n3' not in variable_names.csv -> named 'wbes_establishment_sales_years_3'
20:53:50 02_merge WARNING pooled:WBES_pooled_establishment.dta: variable 'afb3b' not in variable_names.csv -> named 'wbes_largest_owner_female'
20:53:50 02_merge WARNING pooled:WBES_pooled_establishment.dta: variable 'afb4a1' not in variable_names.csv -> named 'wbes_african_nationality_largest'
20:53:50 02_merge WARNING pooled:WBES_pooled_establishment.dta: variable 'afb4a4' not in variable_names.csv -> named 'wbes_asian_nationality'
20:53:50 02_merge WARNING pooled:WBES_pooled_establishment.dta: variable 'afb7a' not in variable_names.csv -> named 'wbes_highest_educ_top_manager'
20:53:50 02_merge WARNING pooled:WBES_pooled_establishment.dta: variable 'c19' not in variable_names.csv -> named 'wbes_application_obtain_19'
20:53:50 02_merge WARNING pooled:WBES_pooled_establishment.dta: variable 'c20' not in variable_names.csv -> named 'wbes_days_receive_telephone'
20:53:50 02_merge WARNING pooled:WBES_pooled_establishment.dta: variable 'c21' not in variable_names.csv -> named 'wbes_applied_tele_connection'
20:53:50 02_merge WARNING pooled:WBES_pooled_establishment.dta: variable 'c22a' not in variable_names.csv -> named 'wbes_communicate_clients_mail'
20:53:50 02_merge WARNING pooled:WBES_pooled_establishment.dta: variable 'c30b' not in variable_names.csv -> named 'wbes_obstacle_telecommunications'
20:53:50 02_merge WARNING pooled:WBES_pooled_establishment.dta: variable 'afd3f' not in variable_names.csv -> named 'wbes_export_revenue_neighboring'
20:53:50 02_merge WARNING pooled:WBES_pooled_establishment.dta: variable 'afd3g' not in variable_names.csv -> named 'wbes_export_revenue_developed'
20:53:50 02_merge WARNING pooled:WBES_pooled_establishment.dta: variable 'afd3h' not in variable_names.csv -> named 'wbes_export_revenue_other'
20:53:50 02_merge WARNING pooled:WBES_pooled_establishment.dta: variable 'afd5a' not in variable_names.csv -> named 'wbes_clearing_costs_avg'
20:53:50 02_merge WARNING pooled:WBES_pooled_establishment.dta: variable 'afd5b' not in variable_names.csv -> named 'wbes_consignments_handled'
20:53:50 02_merge WARNING pooled:WBES_pooled_establishment.dta: variable 'afd5c' not in variable_names.csv -> named 'wbes_consignments_physically'
20:53:50 02_merge WARNING pooled:WBES_pooled_establishment.dta: variable 'd6' not in variable_names.csv -> named 'wbes_fy_export_losses_due_theft'
20:53:50 02_merge WARNING pooled:WBES_pooled_establishment.dta: variable 'd7' not in variable_names.csv -> named 'wbes_fy_export_losses_due'
20:53:50 02_merge WARNING pooled:WBES_pooled_establishment.dta: variable 'afd7a1' not in variable_names.csv -> named 'wbes_benefit_suspension'
20:53:50 02_merge WARNING pooled:WBES_pooled_establishment.dta: variable 'afd7a2' not in variable_names.csv -> named 'wbes_benefit_profit_tax'
20:53:50 02_merge WARNING pooled:WBES_pooled_establishment.dta: variable 'afd7a3' not in variable_names.csv -> named 'wbes_benefit_vat_reimbursement'
20:53:50 02_merge WARNING pooled:WBES_pooled_establishment.dta: variable 'afd7a4' not in variable_names.csv -> named 'wbes_benefit_export_financing'
20:53:50 02_merge WARNING pooled:WBES_pooled_establishment.dta: variable 'afd7a5' not in variable_names.csv -> named 'wbes_benefit_export_investment'
20:53:50 02_merge WARNING pooled:WBES_pooled_establishment.dta: variable 'afd7b' not in variable_names.csv -> named 'wbes_reason_estab_not_advantage'
20:53:50 02_merge WARNING pooled:WBES_pooled_establishment.dta: variable 'afe2a' not in variable_names.csv -> named 'wbes_new_competitors_entered'
20:53:50 02_merge WARNING pooled:WBES_pooled_establishment.dta: variable 'k1c' not in variable_names.csv -> named 'wbes_fy_material_inputs_svc_paid'
20:53:50 02_merge WARNING pooled:WBES_pooled_establishment.dta: variable 'k2c' not in variable_names.csv -> named 'wbes_fy_annual_sales_paid'
20:53:50 02_merge WARNING pooled:WBES_pooled_establishment.dta: variable 'afk7a' not in variable_names.csv -> named 'wbes_establishments_overdraft'
20:53:50 02_merge WARNING pooled:WBES_pooled_establishment.dta: variable 'afk8a' not in variable_names.csv -> named 'wbes_recent_credit_form'
20:53:50 02_merge WARNING pooled:WBES_pooled_establishment.dta: variable 'afk10a' not in variable_names.csv -> named 'wbes_rate_interest_recent_line'
20:53:50 02_merge WARNING pooled:WBES_pooled_establishment.dta: variable 'afj8' not in variable_names.csv -> named 'wbes_pct_annual_sales_reported'
20:53:50 02_merge WARNING pooled:WBES_pooled_establishment.dta: variable 'afl8a' not in variable_names.csv -> named 'wbes_end_fiscal_year_part_time'
20:53:50 02_merge WARNING pooled:WBES_pooled_establishment.dta: variable 'afl12' not in variable_names.csv -> named 'wbes_percent_workforce_unionized'
20:53:50 02_merge WARNING pooled:WBES_pooled_establishment.dta: variable 'afl14' not in variable_names.csv -> named 'wbes_estab_find_new_employees'
20:53:50 02_merge WARNING pooled:WBES_pooled_establishment.dta: variable 'afs1a' not in variable_names.csv -> named 'wbes_high_absenteeism_due'
20:53:50 02_merge WARNING pooled:WBES_pooled_establishment.dta: variable 'afs1b' not in variable_names.csv -> named 'wbes_high_absenteeism_emps_1b'
20:53:50 02_merge WARNING pooled:WBES_pooled_establishment.dta: variable 'afs2a' not in variable_names.csv -> named 'wbes_high_absenteeism_due_hiv'
20:53:50 02_merge WARNING pooled:WBES_pooled_establishment.dta: variable 'afs2b' not in variable_names.csv -> named 'wbes_high_absenteeism_h'
20:53:50 02_merge WARNING pooled:WBES_pooled_establishment.dta: variable 'afs3a' not in variable_names.csv -> named 'wbes_hiv_prevention_messages'
20:53:50 02_merge WARNING pooled:WBES_pooled_establishment.dta: variable 'afs3b' not in variable_names.csv -> named 'wbes_hiv_prevention_free_condom'
20:53:50 02_merge WARNING pooled:WBES_pooled_establishment.dta: variable 'afs3c' not in variable_names.csv -> named 'wbes_hiv_prevention_activ'
20:53:50 02_merge WARNING pooled:WBES_pooled_establishment.dta: variable 'f1' not in variable_names.csv -> named 'wbes_fy_capacity_utilization'
20:53:50 02_merge WARNING pooled:WBES_pooled_establishment.dta: variable 'f2' not in variable_names.csv -> named 'wbes_hours_week_operated_estab'
20:53:50 02_merge WARNING pooled:WBES_pooled_establishment.dta: variable 'g5a' not in variable_names.csv -> named 'wbes_selling_area_establishment'
20:53:50 02_merge WARNING pooled:WBES_pooled_establishment.dta: variable 'g5b' not in variable_names.csv -> named 'wbes_area_measured'
20:53:50 02_merge WARNING pooled:WBES_pooled_establishment.dta: variable 'g5bx' not in variable_names.csv -> named 'wbes_units_not_included_above'
20:53:50 02_merge WARNING pooled:WBES_pooled_establishment.dta: variable 'l3a' not in variable_names.csv -> named 'wbes_num_full_production_workers'
20:53:50 02_merge WARNING pooled:WBES_pooled_establishment.dta: variable 'l4a1' not in variable_names.csv -> named 'wbes_num_permanent_skilled_prod'
20:53:50 02_merge WARNING pooled:WBES_pooled_establishment.dta: variable 'callback' not in variable_names.csv -> named 'wbes_callback'
20:53:50 02_merge WARNING pooled:WBES_pooled_establishment.dta: variable 'intcode' not in variable_names.csv -> named 'wbes_interviewer'
20:53:50 02_merge WARNING pooled:WBES_pooled_establishment.dta: variable 'industry' not in variable_names.csv -> named 'wbes_industry'
20:53:50 02_merge WARNING pooled:WBES_pooled_establishment.dta: variable 'sampstra' not in variable_names.csv -> named 'wbes_sample_stratum'
20:53:50 02_merge WARNING pooled:WBES_pooled_establishment.dta: variable 'screenst' not in variable_names.csv -> named 'wbes_screener_stratum'
20:53:50 02_merge WARNING pooled:WBES_pooled_establishment.dta: variable 'stratmat' not in variable_names.csv -> named 'wbes_stratum_match'
20:53:50 02_merge WARNING pooled:WBES_pooled_establishment.dta: variable 'zone' not in variable_names.csv -> named 'wbes_zone'
20:53:50 02_merge WARNING pooled:WBES_pooled_establishment.dta: variable 'fins' not in variable_names.csv -> named 'wbes_estab_maintain_financial'
20:53:50 02_merge WARNING pooled:WBES_pooled_establishment.dta: variable 'a13' not in variable_names.csv -> named 'wbes_supervisor_number'
20:53:50 02_merge WARNING pooled:WBES_pooled_establishment.dta: variable 'startamp' not in variable_names.csv -> named 'wbes_am_pm'
20:53:50 02_merge WARNING pooled:WBES_pooled_establishment.dta: variable 'b1' not in variable_names.csv -> named 'wbes_legal_status_firm'
20:53:50 02_merge WARNING pooled:WBES_pooled_establishment.dta: variable 'b1x' not in variable_names.csv -> named 'wbes_other_1x'
20:53:50 02_merge WARNING pooled:WBES_pooled_establishment.dta: variable 'b3a_v2' not in variable_names.csv -> named 'wbes_pct_largest_shareholder'
20:53:50 02_merge WARNING pooled:WBES_pooled_establishment.dta: variable 'b3b3' not in variable_names.csv -> named 'wbes_indian_origin'
20:53:50 02_merge WARNING pooled:WBES_pooled_establishment.dta: variable 'b3b4' not in variable_names.csv -> named 'wbes_lebanese_middle_eastern'
20:53:50 02_merge WARNING pooled:WBES_pooled_establishment.dta: variable 'b3b6' not in variable_names.csv -> named 'wbes_european_caucasian_origin'
20:53:50 02_merge WARNING pooled:WBES_pooled_establishment.dta: variable 'b3b7' not in variable_names.csv -> named 'wbes_other_ethnic_origin'
20:53:50 02_merge WARNING pooled:WBES_pooled_establishment.dta: variable 'b4b' not in variable_names.csv -> named 'wbes_years_experience_top'
20:53:50 02_merge WARNING pooled:WBES_pooled_establishment.dta: variable 'b4c' not in variable_names.csv -> named 'wbes_year_estab_begin_operations'
20:53:50 02_merge WARNING pooled:WBES_pooled_establishment.dta: variable 'c1a' not in variable_names.csv -> named 'wbes_manufacturing'
20:53:50 02_merge WARNING pooled:WBES_pooled_establishment.dta: variable 'c1b' not in variable_names.csv -> named 'wbes_services'
20:53:50 02_merge WARNING pooled:WBES_pooled_establishment.dta: variable 'c1c' not in variable_names.csv -> named 'wbes_other_1c'
20:53:50 02_merge WARNING pooled:WBES_pooled_establishment.dta: variable 'c1cx' not in variable_names.csv -> named 'wbes_c1cx'
20:53:50 02_merge WARNING pooled:WBES_pooled_establishment.dta: variable 'c2a1' not in variable_names.csv -> named 'wbes_paid_delivery_1'
20:53:50 02_merge WARNING pooled:WBES_pooled_establishment.dta: variable 'c2a2' not in variable_names.csv -> named 'wbes_paid_delivery_2'
20:53:50 02_merge WARNING pooled:WBES_pooled_establishment.dta: variable 'c2b' not in variable_names.csv -> named 'wbes_sales_came_selling'
20:53:50 02_merge WARNING pooled:WBES_pooled_establishment.dta: variable 'c2c' not in variable_names.csv -> named 'wbes_payments_recvd_non_cash'
20:53:50 02_merge WARNING pooled:WBES_pooled_establishment.dta: variable 'c2d' not in variable_names.csv -> named 'wbes_approx_output_went'
20:53:50 02_merge WARNING pooled:WBES_pooled_establishment.dta: variable 'c2e' not in variable_names.csv -> named 'wbes_principal_buyer_estab'
20:53:50 02_merge WARNING pooled:WBES_pooled_establishment.dta: variable 'c3a1' not in variable_names.csv -> named 'wbes_first'
20:53:50 02_merge WARNING pooled:WBES_pooled_establishment.dta: variable 'c3b1' not in variable_names.csv -> named 'wbes_second'
20:53:50 02_merge WARNING pooled:WBES_pooled_establishment.dta: variable 'c3b2' not in variable_names.csv -> named 'wbes_isic'
20:53:50 02_merge WARNING pooled:WBES_pooled_establishment.dta: variable 'c3b3' not in variable_names.csv -> named 'wbes_percentage_sales'
20:53:50 02_merge WARNING pooled:WBES_pooled_establishment.dta: variable 'c5a' not in variable_names.csv -> named 'wbes_main_market'
20:53:50 02_merge WARNING pooled:WBES_pooled_establishment.dta: variable 'c5b' not in variable_names.csv -> named 'wbes_local_market_share'
20:53:50 02_merge WARNING pooled:WBES_pooled_establishment.dta: variable 'c5c' not in variable_names.csv -> named 'wbes_national_market_share'
20:53:50 02_merge WARNING pooled:WBES_pooled_establishment.dta: variable 'c5d1' not in variable_names.csv -> named 'wbes_describe_change_sales'
20:53:50 02_merge WARNING pooled:WBES_pooled_establishment.dta: variable 'c5d2' not in variable_names.csv -> named 'wbes_describe_change_prices'
20:53:50 02_merge WARNING pooled:WBES_pooled_establishment.dta: variable 'c5d3' not in variable_names.csv -> named 'wbes_competitors_face'
20:53:50 02_merge WARNING pooled:WBES_pooled_establishment.dta: variable 'c6b1' not in variable_names.csv -> named 'wbes_year_begin_directly'
20:53:50 02_merge WARNING pooled:WBES_pooled_establishment.dta: variable 'c6b3a1' not in variable_names.csv -> named 'wbes_country_1_c6b3a1'
20:53:50 02_merge WARNING pooled:WBES_pooled_establishment.dta: variable 'c6b3a2' not in variable_names.csv -> named 'wbes_percentage_2'
20:53:50 02_merge WARNING pooled:WBES_pooled_establishment.dta: variable 'c6b3b1' not in variable_names.csv -> named 'wbes_country_1_c6b3b1'
20:53:50 02_merge WARNING pooled:WBES_pooled_establishment.dta: variable 'c6b3b2' not in variable_names.csv -> named 'wbes_percentage_2_c6b3b2'
20:53:50 02_merge WARNING pooled:WBES_pooled_establishment.dta: variable 'c6c1' not in variable_names.csv -> named 'wbes_year_begin_indirectly'
20:53:50 02_merge WARNING pooled:WBES_pooled_establishment.dta: variable 'c7e' not in variable_names.csv -> named 'wbes_main_point_exit_7e'
20:53:50 02_merge WARNING pooled:WBES_pooled_establishment.dta: variable 'c7f' not in variable_names.csv -> named 'wbes_type_point_exit'
20:53:50 02_merge WARNING pooled:WBES_pooled_establishment.dta: variable 'c7fx' not in variable_names.csv -> named 'wbes_other_point_exit'
20:53:50 02_merge WARNING pooled:WBES_pooled_establishment.dta: variable 'c7g2' not in variable_names.csv -> named 'wbes_longest_days_clear_customs'
20:53:50 02_merge WARNING pooled:WBES_pooled_establishment.dta: variable 'c8a5x' not in variable_names.csv -> named 'wbes_c8a5x'
20:53:50 02_merge WARNING pooled:WBES_pooled_establishment.dta: variable 'c8bx' not in variable_names.csv -> named 'wbes_c8bx'
20:53:50 02_merge WARNING pooled:WBES_pooled_establishment.dta: variable 'd1b3' not in variable_names.csv -> named 'wbes_longest_number_days_custo'
20:53:50 02_merge WARNING pooled:WBES_pooled_establishment.dta: variable 'd2a' not in variable_names.csv -> named 'wbes_prod_inputs_delivered_roa'
20:53:50 02_merge WARNING pooled:WBES_pooled_establishment.dta: variable 'd2b' not in variable_names.csv -> named 'wbes_main_point_origin_c'
20:53:50 02_merge WARNING pooled:WBES_pooled_establishment.dta: variable 'd2c1' not in variable_names.csv -> named 'wbes_cost_transportation_point_1'
20:53:50 02_merge WARNING pooled:WBES_pooled_establishment.dta: variable 'd2c2' not in variable_names.csv -> named 'wbes_cost_transportation_unit'
20:53:50 02_merge WARNING pooled:WBES_pooled_establishment.dta: variable 'd2c3' not in variable_names.csv -> named 'wbes_long_ship_input_point'
20:53:50 02_merge WARNING pooled:WBES_pooled_establishment.dta: variable 'd4a_v2' not in variable_names.csv -> named 'wbes_prior_receiving_days'
20:53:50 02_merge WARNING pooled:WBES_pooled_establishment.dta: variable 'd4b_v2' not in variable_names.csv -> named 'wbes_years_known_prim_supplier'
20:53:50 02_merge WARNING pooled:WBES_pooled_establishment.dta: variable 'd4c' not in variable_names.csv -> named 'wbes_subcontract_part_production'
20:53:50 02_merge WARNING pooled:WBES_pooled_establishment.dta: variable 'e2b_v2' not in variable_names.csv -> named 'wbes_estab_internationally_2'
20:53:50 02_merge WARNING pooled:WBES_pooled_establishment.dta: variable 'e2c2' not in variable_names.csv -> named 'wbes_estab_introduce_onto'
20:53:50 02_merge WARNING pooled:WBES_pooled_establishment.dta: variable 'e3a1' not in variable_names.csv -> named 'wbes_domestic_competitors_prod'
20:53:50 02_merge WARNING pooled:WBES_pooled_establishment.dta: variable 'e3a2' not in variable_names.csv -> named 'wbes_foreign_competitors_prod'
20:53:50 02_merge WARNING pooled:WBES_pooled_establishment.dta: variable 'f1a14' not in variable_names.csv -> named 'wbes_macroeconomic_instability'
20:53:50 02_merge WARNING pooled:WBES_pooled_establishment.dta: variable 'f1a17' not in variable_names.csv -> named 'wbes_practices_competitors'
20:53:50 02_merge WARNING pooled:WBES_pooled_establishment.dta: variable 'f1b1' not in variable_names.csv -> named 'wbes_serious_obstacle'
20:53:50 02_merge WARNING pooled:WBES_pooled_establishment.dta: variable 'f1b2' not in variable_names.csv -> named 'wbes_second_serious_obstacle'
20:53:50 02_merge WARNING pooled:WBES_pooled_establishment.dta: variable 'f1b3' not in variable_names.csv -> named 'wbes_third_serious_obstacle'
20:53:50 02_merge WARNING pooled:WBES_pooled_establishment.dta: variable 'g5' not in variable_names.csv -> named 'wbes_pct_estab_water_suppl'
20:53:50 02_merge WARNING pooled:WBES_pooled_establishment.dta: variable 'g6a_v2' not in variable_names.csv -> named 'wbes_estab_use_transport_mak'
20:53:50 02_merge WARNING pooled:WBES_pooled_establishment.dta: variable 'g6b' not in variable_names.csv -> named 'wbes_pct_terms_shipment_value'
20:53:50 02_merge WARNING pooled:WBES_pooled_establishment.dta: variable 'g7a' not in variable_names.csv -> named 'wbes_pct_value_domestic_shipm_7a'
20:53:50 02_merge WARNING pooled:WBES_pooled_establishment.dta: variable 'g7b' not in variable_names.csv -> named 'wbes_pct_value_domestic_shipm_7b'
20:53:50 02_merge WARNING pooled:WBES_pooled_establishment.dta: variable 'h1a' not in variable_names.csv -> named 'wbes_fair_impartial_uncorrupted'
20:53:50 02_merge WARNING pooled:WBES_pooled_establishment.dta: variable 'h1b' not in variable_names.csv -> named 'wbes_quick'
20:53:50 02_merge WARNING pooled:WBES_pooled_establishment.dta: variable 'h1c' not in variable_names.csv -> named 'wbes_affordable'
20:53:50 02_merge WARNING pooled:WBES_pooled_establishment.dta: variable 'h1d' not in variable_names.csv -> named 'wbes_able_enforce_decision'
20:53:50 02_merge WARNING pooled:WBES_pooled_establishment.dta: variable 'h2a' not in variable_names.csv -> named 'wbes_establishment_payment_d'
20:53:50 02_merge WARNING pooled:WBES_pooled_establishment.dta: variable 'h2b' not in variable_names.csv -> named 'wbes_court_system_used_resolve'
20:53:50 02_merge WARNING pooled:WBES_pooled_establishment.dta: variable 'h2c' not in variable_names.csv -> named 'wbes_court_judgment'
20:53:50 02_merge WARNING pooled:WBES_pooled_establishment.dta: variable 'h2d' not in variable_names.csv -> named 'wbes_weeks_courts_come_jud'
20:53:50 02_merge WARNING pooled:WBES_pooled_establishment.dta: variable 'h2e' not in variable_names.csv -> named 'wbes_decision_court_enforced'
20:53:50 02_merge WARNING pooled:WBES_pooled_establishment.dta: variable 'h2f' not in variable_names.csv -> named 'wbes_weeks_enforcement_court'
20:53:50 02_merge WARNING pooled:WBES_pooled_establishment.dta: variable 'i1a' not in variable_names.csv -> named 'wbes_typical_week_percentage'
20:53:50 02_merge WARNING pooled:WBES_pooled_establishment.dta: variable 'i1b1' not in variable_names.csv -> named 'wbes_govt_officials'
20:53:50 02_merge WARNING pooled:WBES_pooled_establishment.dta: variable 'i1b2' not in variable_names.csv -> named 'wbes_common_establishments_line'
20:53:50 02_merge WARNING pooled:WBES_pooled_establishment.dta: variable 'i1b3' not in variable_names.csv -> named 'wbes_establishments_line_biz'
20:53:50 02_merge WARNING pooled:WBES_pooled_establishment.dta: variable 'j1' not in variable_names.csv -> named 'wbes_full_time_emps_estab_employ'
20:53:50 02_merge WARNING pooled:WBES_pooled_establishment.dta: variable 'j2a2' not in variable_names.csv -> named 'wbes_non_production_total_number'
20:53:50 02_merge WARNING pooled:WBES_pooled_establishment.dta: variable 'j2b1b' not in variable_names.csv -> named 'wbes_unskilled_prod_workers'
20:53:50 02_merge WARNING pooled:WBES_pooled_establishment.dta: variable 'j2d1' not in variable_names.csv -> named 'wbes_average_monthly_pr'
20:53:50 02_merge WARNING pooled:WBES_pooled_establishment.dta: variable 'j2d2' not in variable_names.csv -> named 'wbes_avg_monthly_compensation_2'
20:53:50 02_merge WARNING pooled:WBES_pooled_establishment.dta: variable 'j2e' not in variable_names.csv -> named 'wbes_pct_payments_establishmen'
20:53:50 02_merge WARNING pooled:WBES_pooled_establishment.dta: variable 'j5_2006' not in variable_names.csv -> named 'wbes_pct_workforce_estimate_th'
20:53:50 02_merge WARNING pooled:WBES_pooled_establishment.dta: variable 'j6ax' not in variable_names.csv -> named 'wbes_other'
20:53:50 02_merge WARNING pooled:WBES_pooled_establishment.dta: variable 'j6c' not in variable_names.csv -> named 'wbes_labor_regulations_affect'
20:53:50 02_merge WARNING pooled:WBES_pooled_establishment.dta: variable 'j6d' not in variable_names.csv -> named 'wbes_not_comply_labor_6d'
20:53:50 02_merge WARNING pooled:WBES_pooled_establishment.dta: variable 'j6e' not in variable_names.csv -> named 'wbes_j6e'
20:53:50 02_merge WARNING pooled:WBES_pooled_establishment.dta: variable 'j6f' not in variable_names.csv -> named 'wbes_not_comply_labor_6f'
20:53:50 02_merge WARNING pooled:WBES_pooled_establishment.dta: variable 'j6g' not in variable_names.csv -> named 'wbes_j6g'
20:53:50 02_merge WARNING pooled:WBES_pooled_establishment.dta: variable 'j8a' not in variable_names.csv -> named 'wbes_avg_educational_attainment'
20:53:50 02_merge WARNING pooled:WBES_pooled_establishment.dta: variable 'j8c1' not in variable_names.csv -> named 'wbes_production_workers'
20:53:50 02_merge WARNING pooled:WBES_pooled_establishment.dta: variable 'j8c2' not in variable_names.csv -> named 'wbes_non_production_workers_2'
20:53:50 02_merge WARNING pooled:WBES_pooled_establishment.dta: variable 'k1a' not in variable_names.csv -> named 'wbes_estab_annual_financial_st'
20:53:50 02_merge WARNING pooled:WBES_pooled_establishment.dta: variable 'k1b' not in variable_names.csv -> named 'wbes_estab_checking_saving_acc'
20:53:50 02_merge WARNING pooled:WBES_pooled_establishment.dta: variable 'k1c1' not in variable_names.csv -> named 'wbes_land_occupied_estab_pct_1'
20:53:50 02_merge WARNING pooled:WBES_pooled_establishment.dta: variable 'k1c2' not in variable_names.csv -> named 'wbes_land_occupied_estab_pct_2'
20:53:50 02_merge WARNING pooled:WBES_pooled_establishment.dta: variable 'k1c3' not in variable_names.csv -> named 'wbes_land_occupied_estab_pct_3'
20:53:50 02_merge WARNING pooled:WBES_pooled_establishment.dta: variable 'k1c3x' not in variable_names.csv -> named 'wbes_other_3x'
20:53:50 02_merge WARNING pooled:WBES_pooled_establishment.dta: variable 'k3j1x' not in variable_names.csv -> named 'wbes_other_working_capital'
20:53:50 02_merge WARNING pooled:WBES_pooled_establishment.dta: variable 'k3j2x' not in variable_names.csv -> named 'wbes_other_fixed_assets'
20:53:50 02_merge WARNING pooled:WBES_pooled_establishment.dta: variable 'k4f' not in variable_names.csv -> named 'wbes_total_duration_term_months'
20:53:50 02_merge WARNING pooled:WBES_pooled_establishment.dta: variable 'k4g' not in variable_names.csv -> named 'wbes_financial_institutions'
20:53:50 02_merge WARNING pooled:WBES_pooled_establishment.dta: variable 'k4j5x' not in variable_names.csv -> named 'wbes_other_5x'
20:53:50 02_merge WARNING pooled:WBES_pooled_establishment.dta: variable 'k5b' not in variable_names.csv -> named 'wbes_applications_submitted'
20:53:50 02_merge WARNING pooled:WBES_pooled_establishment.dta: variable 'k5c' not in variable_names.csv -> named 'wbes_applications_rejected'
20:53:50 02_merge WARNING pooled:WBES_pooled_establishment.dta: variable 'k5d' not in variable_names.csv -> named 'wbes_common_reason_lender'
20:53:50 02_merge WARNING pooled:WBES_pooled_establishment.dta: variable 'l2c' not in variable_names.csv -> named 'wbes_total_annual_depreciation'
20:53:50 02_merge WARNING pooled:WBES_pooled_establishment.dta: variable 'l2d' not in variable_names.csv -> named 'wbes_cost_rental_land_builidngs'
20:53:50 02_merge WARNING pooled:WBES_pooled_establishment.dta: variable 'l3b_v2' not in variable_names.csv -> named 'wbes_fuel'
20:53:50 02_merge WARNING pooled:WBES_pooled_establishment.dta: variable 'l3c' not in variable_names.csv -> named 'wbes_water'
20:53:50 02_merge WARNING pooled:WBES_pooled_establishment.dta: variable 'l3d' not in variable_names.csv -> named 'wbes_transportation_goods_not'
20:53:50 02_merge WARNING pooled:WBES_pooled_establishment.dta: variable 'l3e' not in variable_names.csv -> named 'wbes_communications_services'
20:53:50 02_merge WARNING pooled:WBES_pooled_establishment.dta: variable 'l3f' not in variable_names.csv -> named 'wbes_royalty_fees_licenses'
20:53:50 02_merge WARNING pooled:WBES_pooled_establishment.dta: variable 'l4a' not in variable_names.csv -> named 'wbes_machinery_vehicles_new_used'
20:53:50 02_merge WARNING pooled:WBES_pooled_establishment.dta: variable 'l4b_v2' not in variable_names.csv -> named 'wbes_land_buildings_2'
20:53:50 02_merge WARNING pooled:WBES_pooled_establishment.dta: variable 'l5a_v2' not in variable_names.csv -> named 'wbes_machinery_vehicles_equip_2'
20:53:50 02_merge WARNING pooled:WBES_pooled_establishment.dta: variable 'l5b_v2' not in variable_names.csv -> named 'wbes_land_buildings_2_l5bv2'
20:53:50 02_merge WARNING pooled:WBES_pooled_establishment.dta: variable 'l6a_2006' not in variable_names.csv -> named 'wbes_machinery_vehicules_equip'
20:53:50 02_merge WARNING pooled:WBES_pooled_establishment.dta: variable 'l6b' not in variable_names.csv -> named 'wbes_land_buildings_use_own_n'
20:53:50 02_merge WARNING pooled:WBES_pooled_establishment.dta: variable 'l7' not in variable_names.csv -> named 'wbes_cost_replacing'
20:53:50 02_merge WARNING pooled:WBES_pooled_establishment.dta: variable 'endampm' not in variable_names.csv -> named 'wbes_am_pm_endampm'
20:53:50 02_merge WARNING pooled:WBES_pooled_establishment.dta: variable 'comments' not in variable_names.csv -> named 'wbes_comments'
20:53:50 02_merge WARNING pooled:WBES_pooled_establishment.dta: variable 'commen_a' not in variable_names.csv -> named 'wbes_comments_commena'
20:53:50 02_merge WARNING pooled:WBES_pooled_establishment.dta: variable 'weights_locsec' not in variable_names.csv -> named 'wbes_locations_sectors_weights'
20:53:50 02_merge WARNING pooled:WBES_pooled_establishment.dta: variable 'weights_sec' not in variable_names.csv -> named 'wbes_sectors_weights'
20:53:50 02_merge WARNING pooled:WBES_pooled_establishment.dta: variable 'e3b1' not in variable_names.csv -> named 'wbes_domestic_competitors_prices'
20:53:50 02_merge WARNING pooled:WBES_pooled_establishment.dta: variable 'e3b2' not in variable_names.csv -> named 'wbes_foreign_competitors_prices'
20:53:50 02_merge WARNING pooled:WBES_pooled_establishment.dta: variable 'e3c1' not in variable_names.csv -> named 'wbes_domestic_competitors'
20:53:50 02_merge WARNING pooled:WBES_pooled_establishment.dta: variable 'e3c2' not in variable_names.csv -> named 'wbes_foreign_competitors'
20:53:50 02_merge WARNING pooled:WBES_pooled_establishment.dta: variable 'e4' not in variable_names.csv -> named 'wbes_establishment_compete_info'
20:53:50 02_merge WARNING pooled:WBES_pooled_establishment.dta: variable 'f1a18' not in variable_names.csv -> named 'wbes_zoning_restrictions'
20:53:50 02_merge WARNING pooled:WBES_pooled_establishment.dta: variable 'f1a19' not in variable_names.csv -> named 'wbes_regulation_hours_operation'
20:53:50 02_merge WARNING pooled:WBES_pooled_establishment.dta: variable 'f1a20' not in variable_names.csv -> named 'wbes_regulation_pricing_mark_ups'
20:53:50 02_merge WARNING pooled:WBES_pooled_establishment.dta: variable 'g2a' not in variable_names.csv -> named 'wbes_estab_high_speed_broadband'
20:53:50 02_merge WARNING pooled:WBES_pooled_establishment.dta: variable 'g2b1' not in variable_names.csv -> named 'wbes_communicate_clients_1'
20:53:50 02_merge WARNING pooled:WBES_pooled_establishment.dta: variable 'g2b2' not in variable_names.csv -> named 'wbes_deliver_svc_estab_clients'
20:53:50 02_merge WARNING pooled:WBES_pooled_establishment.dta: variable 'g2b3' not in variable_names.csv -> named 'wbes_research_develop_ideas_new'
20:53:50 02_merge WARNING pooled:WBES_pooled_establishment.dta: variable 'g2b4' not in variable_names.csv -> named 'wbes_purchases_establishment'
20:53:50 02_merge WARNING pooled:WBES_pooled_establishment.dta: variable 'g2c' not in variable_names.csv -> named 'wbes_concerns_security_internet'
20:53:50 02_merge WARNING pooled:WBES_pooled_establishment.dta: variable 'g2d1' not in variable_names.csv -> named 'wbes_estab_experience'
20:53:50 02_merge WARNING pooled:WBES_pooled_establishment.dta: variable 'g2d2' not in variable_names.csv -> named 'wbes_times_typical_month'
20:53:50 02_merge WARNING pooled:WBES_pooled_establishment.dta: variable 'g2d3' not in variable_names.csv -> named 'wbes_avg_long_unavailibility_co'
20:53:50 02_merge WARNING pooled:WBES_pooled_establishment.dta: variable 'g3b1' not in variable_names.csv -> named 'wbes_buildings_occupied_estab_o'
20:53:50 02_merge WARNING pooled:WBES_pooled_establishment.dta: variable 'g3b2' not in variable_names.csv -> named 'wbes_buildings_occupied_estab_l'
20:53:50 02_merge WARNING pooled:WBES_pooled_establishment.dta: variable 'g3c' not in variable_names.csv -> named 'wbes_estab_acquired_attempted'
20:53:50 02_merge WARNING pooled:WBES_pooled_establishment.dta: variable 'g3d' not in variable_names.csv -> named 'wbes_estab_unsuccessful_acquirin'
20:53:50 02_merge WARNING pooled:WBES_pooled_establishment.dta: variable 'j7a_2006' not in variable_names.csv -> named 'wbes_important_technical_staff'
20:53:50 02_merge WARNING pooled:WBES_pooled_establishment.dta: variable 'j7b1' not in variable_names.csv -> named 'wbes_basic_computer_skills_rate'
20:53:50 02_merge WARNING pooled:WBES_pooled_establishment.dta: variable 'j7b2' not in variable_names.csv -> named 'wbes_basic_computer_skills'
20:53:50 02_merge WARNING pooled:WBES_pooled_establishment.dta: variable 'j7c1' not in variable_names.csv -> named 'wbes_good_working_rate'
20:53:50 02_merge WARNING pooled:WBES_pooled_establishment.dta: variable 'j7c2' not in variable_names.csv -> named 'wbes_good_working_ch'
20:53:50 02_merge WARNING pooled:WBES_pooled_establishment.dta: variable 'j7d1' not in variable_names.csv -> named 'wbes_facility_industry_rate'
20:53:50 02_merge WARNING pooled:WBES_pooled_establishment.dta: variable 'j7d2' not in variable_names.csv -> named 'wbes_facility_industry_change'
20:53:50 02_merge WARNING pooled:WBES_pooled_establishment.dta: variable 'j7e1' not in variable_names.csv -> named 'wbes_knowledge_hardware_rate'
20:53:50 02_merge WARNING pooled:WBES_pooled_establishment.dta: variable 'j7e2' not in variable_names.csv -> named 'wbes_knowledge_hardware_change'
20:53:50 02_merge WARNING pooled:WBES_pooled_establishment.dta: variable 'j7f1' not in variable_names.csv -> named 'wbes_advanced_knowledge_rate'
20:53:50 02_merge WARNING pooled:WBES_pooled_establishment.dta: variable 'j7f2' not in variable_names.csv -> named 'wbes_advanced_knowledge_cha'
20:53:50 02_merge WARNING pooled:WBES_pooled_establishment.dta: variable 'l4c' not in variable_names.csv -> named 'wbes_information_technology'
20:53:50 02_merge WARNING pooled:WBES_pooled_establishment.dta: variable 'id2006' not in variable_names.csv -> named 'wbes_id_number_survey_2006'
20:53:50 02_merge WARNING pooled:WBES_pooled_establishment.dta: variable 'a0' not in variable_names.csv -> named 'wbes_questionnaire'
20:53:50 02_merge WARNING pooled:WBES_pooled_establishment.dta: variable 'a14y' not in variable_names.csv -> named 'wbes_year_14y'
20:53:50 02_merge WARNING pooled:WBES_pooled_establishment.dta: variable 'a1a' not in variable_names.csv -> named 'wbes_language_interview_1a'
20:53:50 02_merge WARNING pooled:WBES_pooled_establishment.dta: variable 'a7a' not in variable_names.csv -> named 'wbes_number_establishments_firm'
20:53:50 02_merge WARNING pooled:WBES_pooled_establishment.dta: variable 'a11' not in variable_names.csv -> named 'wbes_hq_financial_statements'
20:53:50 02_merge WARNING pooled:WBES_pooled_establishment.dta: variable 'a9' not in variable_names.csv -> named 'wbes_estab_financial_prepared'
20:53:50 02_merge WARNING pooled:WBES_pooled_establishment.dta: variable 'b3' not in variable_names.csv -> named 'wbes_pct_firm_largest_owner'
20:53:50 02_merge WARNING pooled:WBES_pooled_establishment.dta: variable 'b5' not in variable_names.csv -> named 'wbes_year_estab_began_operations'
20:53:50 02_merge WARNING pooled:WBES_pooled_establishment.dta: variable 'b6' not in variable_names.csv -> named 'wbes_full_time_emps_estab'
20:53:50 02_merge WARNING pooled:WBES_pooled_establishment.dta: variable 'b6b' not in variable_names.csv -> named 'wbes_year_estab_formally'
20:53:50 02_merge WARNING pooled:WBES_pooled_establishment.dta: variable 'b7' not in variable_names.csv -> named 'wbes_years_experience_working'
20:53:50 02_merge WARNING pooled:WBES_pooled_establishment.dta: variable 'b7a' not in variable_names.csv -> named 'wbes_top_manager_female'
20:53:50 02_merge WARNING pooled:WBES_pooled_establishment.dta: variable 'b8' not in variable_names.csv -> named 'wbes_estab_internationally_8'
20:53:50 02_merge WARNING pooled:WBES_pooled_establishment.dta: variable 'd1a1x' not in variable_names.csv -> named 'wbes_product_svc_largest_annual'
20:53:50 02_merge WARNING pooled:WBES_pooled_establishment.dta: variable 'd2x' not in variable_names.csv -> named 'wbes_number_2x'
20:53:50 02_merge WARNING pooled:WBES_pooled_establishment.dta: variable 'e11' not in variable_names.csv -> named 'wbes_estab_compete_informal'
20:53:50 02_merge WARNING pooled:WBES_pooled_establishment.dta: variable 'e30' not in variable_names.csv -> named 'wbes_obstacle_practices'
20:53:50 02_merge WARNING pooled:WBES_pooled_establishment.dta: variable 'h2' not in variable_names.csv -> named 'wbes_new_products_svc_new_thr'
20:53:50 02_merge WARNING pooled:WBES_pooled_establishment.dta: variable 'h5' not in variable_names.csv -> named 'wbes_yrs_estab_introduced_new'
20:53:50 02_merge WARNING pooled:WBES_pooled_establishment.dta: variable 'h8' not in variable_names.csv -> named 'wbes_fiscal_year_estab_r_d_excl'
20:53:50 02_merge WARNING pooled:WBES_pooled_establishment.dta: variable 'h9' not in variable_names.csv -> named 'wbes_r_d_either_house_external'
20:53:50 02_merge WARNING pooled:WBES_pooled_establishment.dta: variable 'k6' not in variable_names.csv -> named 'wbes_estab_checking_saving'
20:53:50 02_merge WARNING pooled:WBES_pooled_establishment.dta: variable 'k15b' not in variable_names.csv -> named 'wbes_open_lines_credit'
20:53:50 02_merge WARNING pooled:WBES_pooled_establishment.dta: variable 'k15c' not in variable_names.csv -> named 'wbes_outstanding_balance_open'
20:53:50 02_merge WARNING pooled:WBES_pooled_establishment.dta: variable 'k15d' not in variable_names.csv -> named 'wbes_outstanding_personal_loans'
20:53:50 02_merge WARNING pooled:WBES_pooled_establishment.dta: variable 'k21' not in variable_names.csv -> named 'wbes_financial_statements'
20:53:50 02_merge WARNING pooled:WBES_pooled_establishment.dta: variable 'h7a' not in variable_names.csv -> named 'wbes_court_system_fair_impartial'
20:53:50 02_merge WARNING pooled:WBES_pooled_establishment.dta: variable 'j2' not in variable_names.csv -> named 'wbes_senior_management_time'
20:53:50 02_merge WARNING pooled:WBES_pooled_establishment.dta: variable 'j6a' not in variable_names.csv -> named 'wbes_govt_contract_secured'
20:53:50 02_merge WARNING pooled:WBES_pooled_establishment.dta: variable 'm1a' not in variable_names.csv -> named 'wbes_biggest_obstacle_affecting'
20:53:50 02_merge WARNING pooled:WBES_pooled_establishment.dta: variable 'a15y' not in variable_names.csv -> named 'wbes_year_15y'
20:53:50 02_merge WARNING pooled:WBES_pooled_establishment.dta: variable 'a15a1ax' not in variable_names.csv -> named 'wbes_respondent_position_main'
20:53:50 02_merge WARNING pooled:WBES_pooled_establishment.dta: variable 'a15a2a' not in variable_names.csv -> named 'wbes_respondent_years_main'
20:53:50 02_merge WARNING pooled:WBES_pooled_establishment.dta: variable 'a15a3' not in variable_names.csv -> named 'wbes_main_respondent_gender'
20:53:50 02_merge WARNING pooled:WBES_pooled_establishment.dta: variable 'a15a1bx' not in variable_names.csv -> named 'wbes_respondent_position_second'
20:53:50 02_merge WARNING pooled:WBES_pooled_establishment.dta: variable 'a15a2b' not in variable_names.csv -> named 'wbes_respondent_years_second'
20:53:50 02_merge WARNING pooled:WBES_pooled_establishment.dta: variable 'a15b3' not in variable_names.csv -> named 'wbes_second_respondent_gender'
20:53:50 02_merge WARNING pooled:WBES_pooled_establishment.dta: variable 'a15a1cx' not in variable_names.csv -> named 'wbes_third_resp_position_estab'
20:53:50 02_merge WARNING pooled:WBES_pooled_establishment.dta: variable 'a15a2c' not in variable_names.csv -> named 'wbes_third_resp_years_working'
20:53:50 02_merge WARNING pooled:WBES_pooled_establishment.dta: variable 'a15c3' not in variable_names.csv -> named 'wbes_third_respondent_gender'
20:53:50 02_merge WARNING pooled:WBES_pooled_establishment.dta: variable 'a3b' not in variable_names.csv -> named 'wbes_official_capital_city'
20:53:50 02_merge WARNING pooled:WBES_pooled_establishment.dta: variable 'a3c' not in variable_names.csv -> named 'wbes_main_business_city'
20:53:50 02_merge WARNING pooled:WBES_pooled_establishment.dta: variable 'cards' not in variable_names.csv -> named 'wbes_cards'
20:53:50 02_merge WARNING pooled:WBES_pooled_establishment.dta: variable 'a5' not in variable_names.csv -> named 'wbes_sector_match_screener_info'
20:53:50 02_merge WARNING pooled:WBES_pooled_establishment.dta: variable 'a8' not in variable_names.csv -> named 'wbes_type_establishment'
20:53:50 02_merge WARNING pooled:WBES_pooled_establishment.dta: variable 'a10' not in variable_names.csv -> named 'wbes_estab_financial_separate'
20:53:50 02_merge WARNING pooled:WBES_pooled_establishment.dta: variable 'a12' not in variable_names.csv -> named 'wbes_interviewer_number'
20:53:50 02_merge WARNING pooled:WBES_pooled_establishment.dta: variable 'afb3a' not in variable_names.csv -> named 'wbes_gender_composition_owners'
20:53:50 02_merge WARNING pooled:WBES_pooled_establishment.dta: variable 'afb4a' not in variable_names.csv -> named 'wbes_nationality_origin_largest'
20:53:50 02_merge WARNING pooled:WBES_pooled_establishment.dta: variable 'b6a' not in variable_names.csv -> named 'wbes_estab_formally_registered'
20:53:50 02_merge WARNING pooled:WBES_pooled_establishment.dta: variable 'afb8a' not in variable_names.csv -> named 'wbes_estab_located_export'
20:53:50 02_merge WARNING pooled:WBES_pooled_establishment.dta: variable 'c28' not in variable_names.csv -> named 'wbes_cell_phones_used_operations'
20:53:50 02_merge WARNING pooled:WBES_pooled_establishment.dta: variable 'afd11a' not in variable_names.csv -> named 'wbes_years_relations_prim'
20:53:50 02_merge WARNING pooled:WBES_pooled_establishment.dta: variable 'afd11d' not in variable_names.csv -> named 'wbes_estab_subcontract_part_prod'
20:53:50 02_merge WARNING pooled:WBES_pooled_establishment.dta: variable 'h3' not in variable_names.csv -> named 'wbes_estab_introduced_new_3'
20:53:50 02_merge WARNING pooled:WBES_pooled_establishment.dta: variable 'h4' not in variable_names.csv -> named 'wbes_estab_introduced_new_signi'
20:53:50 02_merge WARNING pooled:WBES_pooled_establishment.dta: variable 'h6' not in variable_names.csv -> named 'wbes_estab_introduced_new_6'
20:53:50 02_merge WARNING pooled:WBES_pooled_establishment.dta: variable 'h7' not in variable_names.csv -> named 'wbes_estab_formal_research'
20:53:50 02_merge WARNING pooled:WBES_pooled_establishment.dta: variable 'k20a' not in variable_names.csv -> named 'wbes_referring_recent'
20:53:50 02_merge WARNING pooled:WBES_pooled_establishment.dta: variable 'afh1' not in variable_names.csv -> named 'wbes_agree_disagree_able_enforce'
20:53:50 02_merge WARNING pooled:WBES_pooled_establishment.dta: variable 'afh2' not in variable_names.csv -> named 'wbes_agree_disagree_am_confident'
20:53:50 02_merge WARNING pooled:WBES_pooled_establishment.dta: variable 'afh3a' not in variable_names.csv -> named 'wbes_agree_disagree_estab'
20:53:50 02_merge WARNING pooled:WBES_pooled_establishment.dta: variable 'afh3b' not in variable_names.csv -> named 'wbes_agree_disagree_used_resolve'
20:53:50 02_merge WARNING pooled:WBES_pooled_establishment.dta: variable 'afh3c' not in variable_names.csv -> named 'wbes_agree_disagree_court'
20:53:50 02_merge WARNING pooled:WBES_pooled_establishment.dta: variable 'afh3d' not in variable_names.csv -> named 'wbes_agree_disagree_weeks_come'
20:53:50 02_merge WARNING pooled:WBES_pooled_establishment.dta: variable 'afh3e' not in variable_names.csv -> named 'wbes_agree_disagree_decision'
20:53:50 02_merge WARNING pooled:WBES_pooled_establishment.dta: variable 'afh3f' not in variable_names.csv -> named 'wbes_agree_disagree_weeks'
20:53:50 02_merge WARNING pooled:WBES_pooled_establishment.dta: variable 'afs1y' not in variable_names.csv -> named 'wbes_estab_pre_employ_health'
20:53:50 02_merge WARNING pooled:WBES_pooled_establishment.dta: variable 'afs4' not in variable_names.csv -> named 'wbes_cost_aids_hiv_fy2010'
20:53:50 02_merge WARNING pooled:WBES_pooled_establishment.dta: variable 'm1d' not in variable_names.csv -> named 'wbes_rotation_order'
20:53:50 02_merge WARNING pooled:WBES_pooled_establishment.dta: variable 'panel_2011' not in variable_names.csv -> named 'wbes_panel_data'
20:53:50 02_merge WARNING pooled:WBES_pooled_establishment.dta: variable 'weak_weights' not in variable_names.csv -> named 'wbes_weak_weights'
20:53:50 02_merge WARNING pooled:WBES_pooled_establishment.dta: variable 'median_weights' not in variable_names.csv -> named 'wbes_median_weights'
20:53:50 02_merge WARNING pooled:WBES_pooled_establishment.dta: variable 'strict_weights' not in variable_names.csv -> named 'wbes_strict_weights'
20:53:50 02_merge WARNING pooled:WBES_pooled_establishment.dta: variable 'panelnew' not in variable_names.csv -> named 'wbes_panelnew'
20:53:50 02_merge WARNING pooled:WBES_pooled_establishment.dta: variable 'id2011' not in variable_names.csv -> named 'wbes_id_number_survey_2011'
20:53:50 02_merge WARNING pooled:WBES_pooled_establishment.dta: variable 'a6c' not in variable_names.csv -> named 'wbes_screener_size'
20:53:50 02_merge WARNING pooled:WBES_pooled_establishment.dta: variable 'a1c' not in variable_names.csv -> named 'wbes_sample_frame_level'
20:53:50 02_merge WARNING pooled:WBES_pooled_establishment.dta: variable 'a7b' not in variable_names.csv -> named 'wbes_estab_headquarters_location'
20:53:50 02_merge WARNING pooled:WBES_pooled_establishment.dta: variable 'a7c' not in variable_names.csv -> named 'wbes_headquarters_location'
20:53:50 02_merge WARNING pooled:WBES_pooled_establishment.dta: variable 'a20y' not in variable_names.csv -> named 'wbes_close_year_completed_fiscal'
20:53:50 02_merge WARNING pooled:WBES_pooled_establishment.dta: variable 'a20m' not in variable_names.csv -> named 'wbes_close_mo_completed_fiscal'
20:53:50 02_merge WARNING pooled:WBES_pooled_establishment.dta: variable 'a20d' not in variable_names.csv -> named 'wbes_close_day_completed_fiscal'
20:53:50 02_merge WARNING pooled:WBES_pooled_establishment.dta: variable 'rwb1' not in variable_names.csv -> named 'wbes_legal_status_firm_rwanda'
20:53:50 02_merge WARNING pooled:WBES_pooled_establishment.dta: variable 'rwb1x' not in variable_names.csv -> named 'wbes_other_1x_rwb1x'
20:53:50 02_merge WARNING pooled:WBES_pooled_establishment.dta: variable 'b3a' not in variable_names.csv -> named 'wbes_largest_owner_top_manager'
20:53:50 02_merge WARNING pooled:WBES_pooled_establishment.dta: variable 'rwab1' not in variable_names.csv -> named 'wbes_estab_part_subsidiary'
20:53:50 02_merge WARNING pooled:WBES_pooled_establishment.dta: variable 'rwab2a' not in variable_names.csv -> named 'wbes_parent_firm_operate_eac'
20:53:50 02_merge WARNING pooled:WBES_pooled_establishment.dta: variable 'rwab2b' not in variable_names.csv -> named 'wbes_parent_firm_operate_ssa'
20:53:50 02_merge WARNING pooled:WBES_pooled_establishment.dta: variable 'b4' not in variable_names.csv -> named 'wbes_amongst_owners_firm_females'
20:53:50 02_merge WARNING pooled:WBES_pooled_establishment.dta: variable 'b4a' not in variable_names.csv -> named 'wbes_firm_owned_females'
20:53:50 02_merge WARNING pooled:WBES_pooled_establishment.dta: variable 'rwab3' not in variable_names.csv -> named 'wbes_owner_ceo_top_manager_board'
20:53:50 02_merge WARNING pooled:WBES_pooled_establishment.dta: variable 'rwab4' not in variable_names.csv -> named 'wbes_firm_located_designated'
20:53:50 02_merge WARNING pooled:WBES_pooled_establishment.dta: variable 'rwab5' not in variable_names.csv -> named 'wbes_estab_registered_rwanda'
20:53:50 02_merge WARNING pooled:WBES_pooled_establishment.dta: variable 'b8x' not in variable_names.csv -> named 'wbes_internationally_recognized'
20:53:50 02_merge WARNING pooled:WBES_pooled_establishment.dta: variable 'c8a' not in variable_names.csv -> named 'wbes_average_duration_hours'
20:53:50 02_merge WARNING pooled:WBES_pooled_establishment.dta: variable 'c8b' not in variable_names.csv -> named 'wbes_average_duration_minutes'
20:53:50 02_merge WARNING pooled:WBES_pooled_establishment.dta: variable 'rwac1' not in variable_names.csv -> named 'wbes_estab_use_internet_biz'
20:53:50 02_merge WARNING pooled:WBES_pooled_establishment.dta: variable 'rwac2' not in variable_names.csv -> named 'wbes_estab_waste_management'
20:53:50 02_merge WARNING pooled:WBES_pooled_establishment.dta: variable 'd1a1a' not in variable_names.csv -> named 'wbes_estab_product_service_fy'
20:53:50 02_merge WARNING pooled:WBES_pooled_establishment.dta: variable 'rwad1' not in variable_names.csv -> named 'wbes_sales_government'
20:53:50 02_merge WARNING pooled:WBES_pooled_establishment.dta: variable 'rwad2' not in variable_names.csv -> named 'wbes_reason_why_firm_not_export'
20:53:50 02_merge WARNING pooled:WBES_pooled_establishment.dta: variable 'd5a' not in variable_names.csv -> named 'wbes_clearing_exports_through'
20:53:50 02_merge WARNING pooled:WBES_pooled_establishment.dta: variable 'd8' not in variable_names.csv -> named 'wbes_year_estab_export_directly'
20:53:50 02_merge WARNING pooled:WBES_pooled_establishment.dta: variable 'rwad3' not in variable_names.csv -> named 'wbes_important_barrier_expanding'
20:53:50 02_merge WARNING pooled:WBES_pooled_establishment.dta: variable 'd10' not in variable_names.csv -> named 'wbes_last_fy_theft'
20:53:50 02_merge WARNING pooled:WBES_pooled_establishment.dta: variable 'd11' not in variable_names.csv -> named 'wbes_last_fy_breakage_spoilage'
20:53:50 02_merge WARNING pooled:WBES_pooled_establishment.dta: variable 'd15a' not in variable_names.csv -> named 'wbes_clearing_imports_through'
20:53:50 02_merge WARNING pooled:WBES_pooled_establishment.dta: variable 'rwad4' not in variable_names.csv -> named 'wbes_logistics_related_obstacle'
20:53:50 02_merge WARNING pooled:WBES_pooled_establishment.dta: variable 'r1' not in variable_names.csv -> named 'wbes_happened_problem_prod'
20:53:50 02_merge WARNING pooled:WBES_pooled_establishment.dta: variable 'r2' not in variable_names.csv -> named 'wbes_estab_monitor_prod_svc'
20:53:50 02_merge WARNING pooled:WBES_pooled_establishment.dta: variable 'r3' not in variable_names.csv -> named 'wbes_prod_svc_provision'
20:53:50 02_merge WARNING pooled:WBES_pooled_establishment.dta: variable 'r4' not in variable_names.csv -> named 'wbes_estab_prod_svc_provision'
20:53:50 02_merge WARNING pooled:WBES_pooled_establishment.dta: variable 'r5' not in variable_names.csv -> named 'wbes_best_describes_time_frame'
20:53:50 02_merge WARNING pooled:WBES_pooled_establishment.dta: variable 'r6' not in variable_names.csv -> named 'wbes_easy_achieve_prod_svc'
20:53:50 02_merge WARNING pooled:WBES_pooled_establishment.dta: variable 'r7' not in variable_names.csv -> named 'wbes_aware_prod_svc_provision'
20:53:50 02_merge WARNING pooled:WBES_pooled_establishment.dta: variable 'r8' not in variable_names.csv -> named 'wbes_performance_bonuses_based'
20:53:50 02_merge WARNING pooled:WBES_pooled_establishment.dta: variable 'r9' not in variable_names.csv -> named 'wbes_managers_performance'
20:53:50 02_merge WARNING pooled:WBES_pooled_establishment.dta: variable 'r10' not in variable_names.csv -> named 'wbes_prim_way_non_managers'
20:53:50 02_merge WARNING pooled:WBES_pooled_establishment.dta: variable 'r11' not in variable_names.csv -> named 'wbes_performing_non_manager'
20:53:50 02_merge WARNING pooled:WBES_pooled_establishment.dta: variable 'e1' not in variable_names.csv -> named 'wbes_fy_market_estab_product'
20:53:50 02_merge WARNING pooled:WBES_pooled_establishment.dta: variable 'e2b' not in variable_names.csv -> named 'wbes_competitors_product_svc'
20:53:50 02_merge WARNING pooled:WBES_pooled_establishment.dta: variable 'rwae1' not in variable_names.csv -> named 'wbes_firms_main_competitor'
20:53:50 02_merge WARNING pooled:WBES_pooled_establishment.dta: variable 'rwae2' not in variable_names.csv -> named 'wbes_tax_breaks_incentives_via'
20:53:50 02_merge WARNING pooled:WBES_pooled_establishment.dta: variable 'rwae3' not in variable_names.csv -> named 'wbes_access_land_govt_subsidized'
20:53:50 02_merge WARNING pooled:WBES_pooled_establishment.dta: variable 'rwae4' not in variable_names.csv -> named 'wbes_access_subsidized_input'
20:53:50 02_merge WARNING pooled:WBES_pooled_establishment.dta: variable 'rwae5' not in variable_names.csv -> named 'wbes_direct_sudsidies_wage'
20:53:50 02_merge WARNING pooled:WBES_pooled_establishment.dta: variable 'rwae6_pos1' not in variable_names.csv -> named 'wbes_option_position_1'
20:53:50 02_merge WARNING pooled:WBES_pooled_establishment.dta: variable 'rwae6_pos2' not in variable_names.csv -> named 'wbes_option_position_2'
20:53:50 02_merge WARNING pooled:WBES_pooled_establishment.dta: variable 'rwae6_pos3' not in variable_names.csv -> named 'wbes_option_position_3'
20:53:50 02_merge WARNING pooled:WBES_pooled_establishment.dta: variable 'rwae6_pos4' not in variable_names.csv -> named 'wbes_option_position_4'
20:53:50 02_merge WARNING pooled:WBES_pooled_establishment.dta: variable 'rwae6_pos5' not in variable_names.csv -> named 'wbes_option_position_5'
20:53:50 02_merge WARNING pooled:WBES_pooled_establishment.dta: variable 'rwae6_pos6' not in variable_names.csv -> named 'wbes_option_position_6'
20:53:50 02_merge WARNING pooled:WBES_pooled_establishment.dta: variable 'rwae6_pos7' not in variable_names.csv -> named 'wbes_option_position_7'
20:53:50 02_merge WARNING pooled:WBES_pooled_establishment.dta: variable 'rwae6_pos8' not in variable_names.csv -> named 'wbes_option_position_8'
20:53:50 02_merge WARNING pooled:WBES_pooled_establishment.dta: variable 'rwae6_pos9' not in variable_names.csv -> named 'wbes_option_position_9'
20:53:50 02_merge WARNING pooled:WBES_pooled_establishment.dta: variable 'rwae6_pos10' not in variable_names.csv -> named 'wbes_option_position_10'
20:53:50 02_merge WARNING pooled:WBES_pooled_establishment.dta: variable 'rwae6' not in variable_names.csv -> named 'wbes_competitor_practices'
20:53:50 02_merge WARNING pooled:WBES_pooled_establishment.dta: variable 'h3x' not in variable_names.csv -> named 'wbes_describe_detail_new'
20:53:50 02_merge WARNING pooled:WBES_pooled_establishment.dta: variable 'h4x' not in variable_names.csv -> named 'wbes_describe_product_svc'
20:53:50 02_merge WARNING pooled:WBES_pooled_establishment.dta: variable 'h6x' not in variable_names.csv -> named 'wbes_describe_process_estab'
20:53:50 02_merge WARNING pooled:WBES_pooled_establishment.dta: variable 'h7x' not in variable_names.csv -> named 'wbes_new_significantly_improved'
20:53:50 02_merge WARNING pooled:WBES_pooled_establishment.dta: variable 'g6a' not in variable_names.csv -> named 'wbes_pct_building_occupied_owned'
20:53:50 02_merge WARNING pooled:WBES_pooled_establishment.dta: variable 'g1a' not in variable_names.csv -> named 'wbes_pct_land_occupied_owned'
20:53:50 02_merge WARNING pooled:WBES_pooled_establishment.dta: variable 'n5a' not in variable_names.csv -> named 'wbes_total_annual_equipment'
20:53:50 02_merge WARNING pooled:WBES_pooled_establishment.dta: variable 'n5b' not in variable_names.csv -> named 'wbes_total_annual_land_buildings'
20:53:50 02_merge WARNING pooled:WBES_pooled_establishment.dta: variable 'k5a1' not in variable_names.csv -> named 'wbes_fixed_assets_value_internal'
20:53:50 02_merge WARNING pooled:WBES_pooled_establishment.dta: variable 'k5i1' not in variable_names.csv -> named 'wbes_fixed_assets_ownersatm'
20:53:50 02_merge WARNING pooled:WBES_pooled_establishment.dta: variable 'k5bc1' not in variable_names.csv -> named 'wbes_fixed_assets_banks'
20:53:50 02_merge WARNING pooled:WBES_pooled_establishment.dta: variable 'k5e1' not in variable_names.csv -> named 'wbes_fixed_assets_non_bank'
20:53:50 02_merge WARNING pooled:WBES_pooled_establishment.dta: variable 'k5f1' not in variable_names.csv -> named 'wbes_fixed_assets_purchases'
20:53:50 02_merge WARNING pooled:WBES_pooled_establishment.dta: variable 'k5hdj1' not in variable_names.csv -> named 'wbes_fixed_assets_value_other'
20:53:50 02_merge WARNING pooled:WBES_pooled_establishment.dta: variable 'k4b' not in variable_names.csv -> named 'wbes_purchase_new_used_fixed'
20:53:50 02_merge WARNING pooled:WBES_pooled_establishment.dta: variable 'n5c' not in variable_names.csv -> named 'wbes_annual_equipment_year_prior'
20:53:50 02_merge WARNING pooled:WBES_pooled_establishment.dta: variable 'n5d' not in variable_names.csv -> named 'wbes_annual_expend_land'
20:53:50 02_merge WARNING pooled:WBES_pooled_establishment.dta: variable 'k20a1' not in variable_names.csv -> named 'wbes_outcome_recent_application'
20:53:50 02_merge WARNING pooled:WBES_pooled_establishment.dta: variable 'j30_taxrate_pos' not in variable_names.csv -> named 'wbes_rotation_position'
20:53:50 02_merge WARNING pooled:WBES_pooled_establishment.dta: variable 'j30_taxadmin_pos' not in variable_names.csv -> named 'wbes_rotation_j30taxadmi'
20:53:50 02_merge WARNING pooled:WBES_pooled_establishment.dta: variable 'j30_permit_pos' not in variable_names.csv -> named 'wbes_rotation_j30permitp'
20:53:50 02_merge WARNING pooled:WBES_pooled_establishment.dta: variable 'j30_instability_pos' not in variable_names.csv -> named 'wbes_rotation_j30instabi'
20:53:50 02_merge WARNING pooled:WBES_pooled_establishment.dta: variable 'j30_corruption_pos' not in variable_names.csv -> named 'wbes_rotation_j30corrupt'
20:53:50 02_merge WARNING pooled:WBES_pooled_establishment.dta: variable 'j30_courts_pos' not in variable_names.csv -> named 'wbes_rotation_j30courtsp'
20:53:50 02_merge WARNING pooled:WBES_pooled_establishment.dta: variable 'u1' not in variable_names.csv -> named 'wbes_past_yrs_rules_regulations'
20:53:50 02_merge WARNING pooled:WBES_pooled_establishment.dta: variable 'u2_pos1' not in variable_names.csv -> named 'wbes_option_position_1_u2pos1'
20:53:50 02_merge WARNING pooled:WBES_pooled_establishment.dta: variable 'u2_pos2' not in variable_names.csv -> named 'wbes_option_position_2_u2pos2'
20:53:50 02_merge WARNING pooled:WBES_pooled_establishment.dta: variable 'u2_pos3' not in variable_names.csv -> named 'wbes_option_position_3_u2pos3'
20:53:50 02_merge WARNING pooled:WBES_pooled_establishment.dta: variable 'u2_pos4' not in variable_names.csv -> named 'wbes_option_position_4_u2pos4'
20:53:50 02_merge WARNING pooled:WBES_pooled_establishment.dta: variable 'u2_pos5' not in variable_names.csv -> named 'wbes_option_position_5_u2pos5'
20:53:50 02_merge WARNING pooled:WBES_pooled_establishment.dta: variable 'u2_pos6' not in variable_names.csv -> named 'wbes_option_position_6_u2pos6'
20:53:50 02_merge WARNING pooled:WBES_pooled_establishment.dta: variable 'u2_pos7' not in variable_names.csv -> named 'wbes_option_position_7_u2pos7'
20:53:50 02_merge WARNING pooled:WBES_pooled_establishment.dta: variable 'u2_pos8' not in variable_names.csv -> named 'wbes_option_position_8_u2pos8'
20:53:50 02_merge WARNING pooled:WBES_pooled_establishment.dta: variable 'u2_pos9' not in variable_names.csv -> named 'wbes_option_position_9_u2pos9'
20:53:50 02_merge WARNING pooled:WBES_pooled_establishment.dta: variable 'u2_pos10' not in variable_names.csv -> named 'wbes_option_position_10_u2pos10'
20:53:50 02_merge WARNING pooled:WBES_pooled_establishment.dta: variable 'u2_pos11' not in variable_names.csv -> named 'wbes_option_position_11'
20:53:50 02_merge WARNING pooled:WBES_pooled_establishment.dta: variable 'u2' not in variable_names.csv -> named 'wbes_prim_focus_new_rules'
20:53:50 02_merge WARNING pooled:WBES_pooled_establishment.dta: variable 'u3' not in variable_names.csv -> named 'wbes_estab_impacted_new_rule'
20:53:50 02_merge WARNING pooled:WBES_pooled_establishment.dta: variable 'u4' not in variable_names.csv -> named 'wbes_past_yrs_difficulty_finding'
20:53:50 02_merge WARNING pooled:WBES_pooled_establishment.dta: variable 'u5_pos1' not in variable_names.csv -> named 'wbes_option_position_1_u5pos1'
20:53:50 02_merge WARNING pooled:WBES_pooled_establishment.dta: variable 'u5_pos2' not in variable_names.csv -> named 'wbes_option_position_2_u5pos2'
20:53:50 02_merge WARNING pooled:WBES_pooled_establishment.dta: variable 'u5_pos3' not in variable_names.csv -> named 'wbes_option_position_3_u5pos3'
20:53:50 02_merge WARNING pooled:WBES_pooled_establishment.dta: variable 'u5_pos4' not in variable_names.csv -> named 'wbes_option_position_4_u5pos4'
20:53:50 02_merge WARNING pooled:WBES_pooled_establishment.dta: variable 'u5_pos5' not in variable_names.csv -> named 'wbes_option_position_5_u5pos5'
20:53:50 02_merge WARNING pooled:WBES_pooled_establishment.dta: variable 'u5_pos6' not in variable_names.csv -> named 'wbes_option_position_6_u5pos6'
20:53:50 02_merge WARNING pooled:WBES_pooled_establishment.dta: variable 'u5_pos7' not in variable_names.csv -> named 'wbes_option_position_7_u5pos7'
20:53:50 02_merge WARNING pooled:WBES_pooled_establishment.dta: variable 'u5_pos8' not in variable_names.csv -> named 'wbes_option_position_8_u5pos8'
20:53:50 02_merge WARNING pooled:WBES_pooled_establishment.dta: variable 'u5_pos9' not in variable_names.csv -> named 'wbes_option_position_9_u5pos9'
20:53:50 02_merge WARNING pooled:WBES_pooled_establishment.dta: variable 'u5_pos10' not in variable_names.csv -> named 'wbes_option_position_10_u5pos10'
20:53:50 02_merge WARNING pooled:WBES_pooled_establishment.dta: variable 'u5_pos11' not in variable_names.csv -> named 'wbes_option_position_11_u5pos11'
20:53:50 02_merge WARNING pooled:WBES_pooled_establishment.dta: variable 'u5' not in variable_names.csv -> named 'wbes_prim_focus_difficult_find'
20:53:50 02_merge WARNING pooled:WBES_pooled_establishment.dta: variable 'u6' not in variable_names.csv -> named 'wbes_estab_impacted_difficulty'
20:53:50 02_merge WARNING pooled:WBES_pooled_establishment.dta: variable 'u7' not in variable_names.csv -> named 'wbes_past_yrs_encountered'
20:53:50 02_merge WARNING pooled:WBES_pooled_establishment.dta: variable 'u8_pos1' not in variable_names.csv -> named 'wbes_option_position_1_u8pos1'
20:53:50 02_merge WARNING pooled:WBES_pooled_establishment.dta: variable 'u8_pos2' not in variable_names.csv -> named 'wbes_option_position_2_u8pos2'
20:53:50 02_merge WARNING pooled:WBES_pooled_establishment.dta: variable 'u8_pos3' not in variable_names.csv -> named 'wbes_option_position_3_u8pos3'
20:53:50 02_merge WARNING pooled:WBES_pooled_establishment.dta: variable 'u8_pos4' not in variable_names.csv -> named 'wbes_option_position_4_u8pos4'
20:53:50 02_merge WARNING pooled:WBES_pooled_establishment.dta: variable 'u8_pos5' not in variable_names.csv -> named 'wbes_option_position_5_u8pos5'
20:53:50 02_merge WARNING pooled:WBES_pooled_establishment.dta: variable 'u8_pos6' not in variable_names.csv -> named 'wbes_option_position_6_u8pos6'
20:53:50 02_merge WARNING pooled:WBES_pooled_establishment.dta: variable 'u8_pos7' not in variable_names.csv -> named 'wbes_option_position_7_u8pos7'
20:53:50 02_merge WARNING pooled:WBES_pooled_establishment.dta: variable 'u8_pos8' not in variable_names.csv -> named 'wbes_option_position_8_u8pos8'
20:53:50 02_merge WARNING pooled:WBES_pooled_establishment.dta: variable 'u8_pos9' not in variable_names.csv -> named 'wbes_option_position_9_u8pos9'
20:53:50 02_merge WARNING pooled:WBES_pooled_establishment.dta: variable 'u8_pos10' not in variable_names.csv -> named 'wbes_option_position_10_u8pos10'
20:53:50 02_merge WARNING pooled:WBES_pooled_establishment.dta: variable 'u8_pos11' not in variable_names.csv -> named 'wbes_option_position_11_u8pos11'
20:53:50 02_merge WARNING pooled:WBES_pooled_establishment.dta: variable 'u8a' not in variable_names.csv -> named 'wbes_rule_regulation_conflict_8a'
20:53:50 02_merge WARNING pooled:WBES_pooled_establishment.dta: variable 'u8b' not in variable_names.csv -> named 'wbes_rule_regulation_conflict_8b'
20:53:50 02_merge WARNING pooled:WBES_pooled_establishment.dta: variable 'u9' not in variable_names.csv -> named 'wbes_estab_impacted_conflicting'
20:53:50 02_merge WARNING pooled:WBES_pooled_establishment.dta: variable 'u10' not in variable_names.csv -> named 'wbes_past_yrs_faced_rules'
20:53:50 02_merge WARNING pooled:WBES_pooled_establishment.dta: variable 'u11_pos1' not in variable_names.csv -> named 'wbes_option_position_1_u11pos1'
20:53:50 02_merge WARNING pooled:WBES_pooled_establishment.dta: variable 'u11_pos2' not in variable_names.csv -> named 'wbes_option_position_2_u11pos2'
20:53:50 02_merge WARNING pooled:WBES_pooled_establishment.dta: variable 'u11_pos3' not in variable_names.csv -> named 'wbes_option_position_3_u11pos3'
20:53:50 02_merge WARNING pooled:WBES_pooled_establishment.dta: variable 'u11_pos4' not in variable_names.csv -> named 'wbes_option_position_4_u11pos4'
20:53:50 02_merge WARNING pooled:WBES_pooled_establishment.dta: variable 'u11_pos5' not in variable_names.csv -> named 'wbes_option_position_5_u11pos5'
20:53:50 02_merge WARNING pooled:WBES_pooled_establishment.dta: variable 'u11_pos6' not in variable_names.csv -> named 'wbes_option_position_6_u11pos6'
20:53:50 02_merge WARNING pooled:WBES_pooled_establishment.dta: variable 'u11_pos7' not in variable_names.csv -> named 'wbes_option_position_7_u11pos7'
20:53:50 02_merge WARNING pooled:WBES_pooled_establishment.dta: variable 'u11_pos8' not in variable_names.csv -> named 'wbes_option_position_8_u11pos8'
20:53:50 02_merge WARNING pooled:WBES_pooled_establishment.dta: variable 'u11_pos9' not in variable_names.csv -> named 'wbes_option_position_9_u11pos9'
20:53:50 02_merge WARNING pooled:WBES_pooled_establishment.dta: variable 'u11_pos10' not in variable_names.csv -> named 'wbes_option_position_10_u11pos10'
20:53:50 02_merge WARNING pooled:WBES_pooled_establishment.dta: variable 'u11_pos11' not in variable_names.csv -> named 'wbes_option_position_11_u11pos11'
20:53:50 02_merge WARNING pooled:WBES_pooled_establishment.dta: variable 'u11' not in variable_names.csv -> named 'wbes_prim_focus_applied'
20:53:50 02_merge WARNING pooled:WBES_pooled_establishment.dta: variable 'u12' not in variable_names.csv -> named 'wbes_estab_impacted_way_rule'
20:53:50 02_merge WARNING pooled:WBES_pooled_establishment.dta: variable 'u13' not in variable_names.csv -> named 'wbes_past_yrs_dealt_rules'
20:53:50 02_merge WARNING pooled:WBES_pooled_establishment.dta: variable 'u14_pos1' not in variable_names.csv -> named 'wbes_option_position_1_u14pos1'
20:53:50 02_merge WARNING pooled:WBES_pooled_establishment.dta: variable 'u14_pos2' not in variable_names.csv -> named 'wbes_option_position_2_u14pos2'
20:53:50 02_merge WARNING pooled:WBES_pooled_establishment.dta: variable 'u14_pos3' not in variable_names.csv -> named 'wbes_option_position_3_u14pos3'
20:53:50 02_merge WARNING pooled:WBES_pooled_establishment.dta: variable 'u14_pos4' not in variable_names.csv -> named 'wbes_option_position_4_u14pos4'
20:53:50 02_merge WARNING pooled:WBES_pooled_establishment.dta: variable 'u14_pos5' not in variable_names.csv -> named 'wbes_option_position_5_u14pos5'
20:53:50 02_merge WARNING pooled:WBES_pooled_establishment.dta: variable 'u14_pos6' not in variable_names.csv -> named 'wbes_option_position_6_u14pos6'
20:53:50 02_merge WARNING pooled:WBES_pooled_establishment.dta: variable 'u14_pos7' not in variable_names.csv -> named 'wbes_option_position_7_u14pos7'
20:53:50 02_merge WARNING pooled:WBES_pooled_establishment.dta: variable 'u14_pos8' not in variable_names.csv -> named 'wbes_option_position_8_u14pos8'
20:53:50 02_merge WARNING pooled:WBES_pooled_establishment.dta: variable 'u14_pos9' not in variable_names.csv -> named 'wbes_option_position_9_u14pos9'
20:53:50 02_merge WARNING pooled:WBES_pooled_establishment.dta: variable 'u14_pos10' not in variable_names.csv -> named 'wbes_option_position_10_u14pos10'
20:53:50 02_merge WARNING pooled:WBES_pooled_establishment.dta: variable 'u14_pos11' not in variable_names.csv -> named 'wbes_option_position_11_u14pos11'
20:53:50 02_merge WARNING pooled:WBES_pooled_establishment.dta: variable 'u14' not in variable_names.csv -> named 'wbes_prim_focus_cannot_contested'
20:53:50 02_merge WARNING pooled:WBES_pooled_establishment.dta: variable 'u15' not in variable_names.csv -> named 'wbes_estab_impacted_uncontested'
20:53:50 02_merge WARNING pooled:WBES_pooled_establishment.dta: variable 'rwal1' not in variable_names.csv -> named 'wbes_num_permanent_emps_years'
20:53:50 02_merge WARNING pooled:WBES_pooled_establishment.dta: variable 'l3b' not in variable_names.csv -> named 'wbes_num_full_non_prod_workers'
20:53:50 02_merge WARNING pooled:WBES_pooled_establishment.dta: variable 'l4a2' not in variable_names.csv -> named 'wbes_num_permanent_semi_skilled'
20:53:50 02_merge WARNING pooled:WBES_pooled_establishment.dta: variable 'l4b' not in variable_names.csv -> named 'wbes_num_permanent_full_time_low'
20:53:50 02_merge WARNING pooled:WBES_pooled_establishment.dta: variable 'l5a' not in variable_names.csv -> named 'wbes_num_full_female_prod_wkrs'
20:53:50 02_merge WARNING pooled:WBES_pooled_establishment.dta: variable 'l5b' not in variable_names.csv -> named 'wbes_num_full_female_non_prod'
20:53:50 02_merge WARNING pooled:WBES_pooled_establishment.dta: variable 'l9b' not in variable_names.csv -> named 'wbes_full_time_end_last_fy'
20:53:50 02_merge WARNING pooled:WBES_pooled_establishment.dta: variable 'l9b1' not in variable_names.csv -> named 'wbes_full_time_number'
20:53:50 02_merge WARNING pooled:WBES_pooled_establishment.dta: variable 'rwal2a' not in variable_names.csv -> named 'wbes_num_permanent_managers_fy'
20:53:50 02_merge WARNING pooled:WBES_pooled_establishment.dta: variable 'rwal2b' not in variable_names.csv -> named 'wbes_num_permanent_professionals'
20:53:50 02_merge WARNING pooled:WBES_pooled_establishment.dta: variable 'rwal2c' not in variable_names.csv -> named 'wbes_num_permanent_technicians'
20:53:50 02_merge WARNING pooled:WBES_pooled_establishment.dta: variable 'rwal2d' not in variable_names.csv -> named 'wbes_num_permanent_clerical'
20:53:50 02_merge WARNING pooled:WBES_pooled_establishment.dta: variable 'rwal2e' not in variable_names.csv -> named 'wbes_num_permanent_full_time_svc'
20:53:50 02_merge WARNING pooled:WBES_pooled_establishment.dta: variable 'rwal2f' not in variable_names.csv -> named 'wbes_num_permanent_plant_machine'
20:53:50 02_merge WARNING pooled:WBES_pooled_establishment.dta: variable 'rwal2g' not in variable_names.csv -> named 'wbes_num_permanent_others_fy'
20:53:50 02_merge WARNING pooled:WBES_pooled_establishment.dta: variable 'rwal3a' not in variable_names.csv -> named 'wbes_num_permanent_foreign'
20:53:50 02_merge WARNING pooled:WBES_pooled_establishment.dta: variable 'rwal3b' not in variable_names.csv -> named 'wbes_num_permanent_rwal3b'
20:53:50 02_merge WARNING pooled:WBES_pooled_establishment.dta: variable 'rwal3c' not in variable_names.csv -> named 'wbes_num_permanent_rwal3c'
20:53:50 02_merge WARNING pooled:WBES_pooled_establishment.dta: variable 'rwal3d' not in variable_names.csv -> named 'wbes_num_permanent_rwal3d'
20:53:50 02_merge WARNING pooled:WBES_pooled_establishment.dta: variable 'rwal3e' not in variable_names.csv -> named 'wbes_num_permanent_foreign_svc'
20:53:50 02_merge WARNING pooled:WBES_pooled_establishment.dta: variable 'rwal3f' not in variable_names.csv -> named 'wbes_num_permanent_foreign_plant'
20:53:50 02_merge WARNING pooled:WBES_pooled_establishment.dta: variable 'rwal3g' not in variable_names.csv -> named 'wbes_num_permanent_rwal3g'
20:53:50 02_merge WARNING pooled:WBES_pooled_establishment.dta: variable 'rwal4' not in variable_names.csv -> named 'wbes_try_hire_new_employees_4'
20:53:50 02_merge WARNING pooled:WBES_pooled_establishment.dta: variable 'rwal5' not in variable_names.csv -> named 'wbes_channel_used_find_employees'
20:53:50 02_merge WARNING pooled:WBES_pooled_establishment.dta: variable 'rwal6' not in variable_names.csv -> named 'wbes_occupation_firm_faced'
20:53:50 02_merge WARNING pooled:WBES_pooled_establishment.dta: variable 'rwal7' not in variable_names.csv -> named 'wbes_try_hire_new_employees_7'
20:53:50 02_merge WARNING pooled:WBES_pooled_establishment.dta: variable 'rwal8' not in variable_names.csv -> named 'wbes_important_skill_lacking'
20:53:50 02_merge WARNING pooled:WBES_pooled_establishment.dta: variable 'rwal9' not in variable_names.csv -> named 'wbes_support_govt_upskilling'
20:53:50 02_merge WARNING pooled:WBES_pooled_establishment.dta: variable 'l11a' not in variable_names.csv -> named 'wbes_permanent_full_time_prod'
20:53:50 02_merge WARNING pooled:WBES_pooled_establishment.dta: variable 'l11a1' not in variable_names.csv -> named 'wbes_training_programs_prod'
20:53:50 02_merge WARNING pooled:WBES_pooled_establishment.dta: variable 'l11b' not in variable_names.csv -> named 'wbes_permanent_fulltime'
20:53:50 02_merge WARNING pooled:WBES_pooled_establishment.dta: variable 'l11b1' not in variable_names.csv -> named 'wbes_training_programs_non_prod'
20:53:50 02_merge WARNING pooled:WBES_pooled_establishment.dta: variable 'rwal10' not in variable_names.csv -> named 'wbes_labor_cost_firm_reports'
20:53:50 02_merge WARNING pooled:WBES_pooled_establishment.dta: variable 'm1a_finance_pos' not in variable_names.csv -> named 'wbes_position_access_finance'
20:53:50 02_merge WARNING pooled:WBES_pooled_establishment.dta: variable 'm1a_land_pos' not in variable_names.csv -> named 'wbes_position_access_land'
20:53:50 02_merge WARNING pooled:WBES_pooled_establishment.dta: variable 'm1a_permit_pos' not in variable_names.csv -> named 'wbes_position_biz_licensing'
20:53:50 02_merge WARNING pooled:WBES_pooled_establishment.dta: variable 'm1a_corruption_pos' not in variable_names.csv -> named 'wbes_position_corruption'
20:53:50 02_merge WARNING pooled:WBES_pooled_establishment.dta: variable 'm1a_courts_pos' not in variable_names.csv -> named 'wbes_position_courts'
20:53:50 02_merge WARNING pooled:WBES_pooled_establishment.dta: variable 'm1a_crime_pos' not in variable_names.csv -> named 'wbes_position_crime_theft'
20:53:50 02_merge WARNING pooled:WBES_pooled_establishment.dta: variable 'm1a_trade_pos' not in variable_names.csv -> named 'wbes_position_customs_trade'
20:53:50 02_merge WARNING pooled:WBES_pooled_establishment.dta: variable 'm1a_electricity_pos' not in variable_names.csv -> named 'wbes_position_electricity'
20:53:50 02_merge WARNING pooled:WBES_pooled_establishment.dta: variable 'm1a_workforce_pos' not in variable_names.csv -> named 'wbes_position_inadequately'
20:53:50 02_merge WARNING pooled:WBES_pooled_establishment.dta: variable 'm1a_labor_pos' not in variable_names.csv -> named 'wbes_position_labor_regulations'
20:53:50 02_merge WARNING pooled:WBES_pooled_establishment.dta: variable 'm1a_instability_pos' not in variable_names.csv -> named 'wbes_position_political'
20:53:50 02_merge WARNING pooled:WBES_pooled_establishment.dta: variable 'm1a_informal_pos' not in variable_names.csv -> named 'wbes_position_practices'
20:53:50 02_merge WARNING pooled:WBES_pooled_establishment.dta: variable 'm1a_taxadmin_pos' not in variable_names.csv -> named 'wbes_position_tax_administration'
20:53:50 02_merge WARNING pooled:WBES_pooled_establishment.dta: variable 'm1a_taxrate_pos' not in variable_names.csv -> named 'wbes_position_tax_rates'
20:53:50 02_merge WARNING pooled:WBES_pooled_establishment.dta: variable 'm1a_transport_pos' not in variable_names.csv -> named 'wbes_position_transport'
20:53:50 02_merge WARNING pooled:WBES_pooled_establishment.dta: variable 'rwam1' not in variable_names.csv -> named 'wbes_workforce_firm_reports'
20:53:50 02_merge WARNING pooled:WBES_pooled_establishment.dta: variable 'rwam1a' not in variable_names.csv -> named 'wbes_labor_force_firm_reports'
20:53:50 02_merge WARNING pooled:WBES_pooled_establishment.dta: variable 'rwam1b' not in variable_names.csv -> named 'wbes_wkrs_firm_reports_purposes'
20:53:50 02_merge WARNING pooled:WBES_pooled_establishment.dta: variable 'n2i' not in variable_names.csv -> named 'wbes_annual_cost_finished_goods'
20:53:50 02_merge WARNING pooled:WBES_pooled_establishment.dta: variable 'n2p' not in variable_names.csv -> named 'wbes_total_cost_sales_last_fy'
20:53:50 02_merge WARNING pooled:WBES_pooled_establishment.dta: variable 'n2e1_v2' not in variable_names.csv -> named 'wbes_cost_raw_total_p'
20:53:50 02_merge WARNING pooled:WBES_pooled_establishment.dta: variable 'n7a' not in variable_names.csv -> named 'wbes_cost_estab_re_purchase'
20:53:50 02_merge WARNING pooled:WBES_pooled_establishment.dta: variable 'a15a1a' not in variable_names.csv -> named 'wbes_option_best_describes'
20:53:50 02_merge WARNING pooled:WBES_pooled_establishment.dta: variable 'stratificationsizecode' not in variable_names.csv -> named 'wbes_stratification_size'
20:53:50 02_merge WARNING pooled:WBES_pooled_establishment.dta: variable 'stratificationsectorcode' not in variable_names.csv -> named 'wbes_stratification_sector'
20:53:50 02_merge WARNING pooled:WBES_pooled_establishment.dta: variable 'stratificationpanelcode' not in variable_names.csv -> named 'wbes_panel'
20:53:50 02_merge WARNING pooled:WBES_pooled_establishment.dta: variable 'id2019' not in variable_names.csv -> named 'wbes_id_number_survey_2019'
20:53:50 02_merge WARNING pooled:WBES_pooled_establishment.dta: variable 'competition_select' not in variable_names.csv -> named 'wbes_random_selection_market'
20:53:50 02_merge WARNING pooled:WBES_pooled_establishment.dta: variable 'tax_select' not in variable_names.csv -> named 'wbes_random_selection_market_tax'
20:53:50 02_merge WARNING pooled:WBES_pooled_establishment.dta: variable 'vat_applicable' not in variable_names.csv -> named 'wbes_vat_applicable_economy'
20:53:50 02_merge WARNING pooled:WBES_pooled_establishment.dta: variable 'a4b_v4' not in variable_names.csv -> named 'wbes_industry_screener_sector_4'
20:53:50 02_merge WARNING pooled:WBES_pooled_establishment.dta: variable 'a1a_v2' not in variable_names.csv -> named 'wbes_language_interview_2'
20:53:50 02_merge WARNING pooled:WBES_pooled_establishment.dta: variable 'c31' not in variable_names.csv -> named 'wbes_cost_obtain_electrical'
20:53:50 02_merge WARNING pooled:WBES_pooled_establishment.dta: variable 'c32' not in variable_names.csv -> named 'wbes_electricity_consum_typical'
20:53:50 02_merge WARNING pooled:WBES_pooled_establishment.dta: variable 'c33' not in variable_names.csv -> named 'wbes_cost_obtain_water'
20:53:50 02_merge WARNING pooled:WBES_pooled_establishment.dta: variable 'c34' not in variable_names.csv -> named 'wbes_water_consum_typical_month'
20:53:50 02_merge WARNING pooled:WBES_pooled_establishment.dta: variable 'c34b' not in variable_names.csv -> named 'wbes_unit_measure_c34'
20:53:50 02_merge WARNING pooled:WBES_pooled_establishment.dta: variable 'c34bx' not in variable_names.csv -> named 'wbes_other_c34bx'
20:53:50 02_merge WARNING pooled:WBES_pooled_establishment.dta: variable 'c152' not in variable_names.csv -> named 'wbes_experience_insufficient_152'
20:53:50 02_merge WARNING pooled:WBES_pooled_establishment.dta: variable 'c162' not in variable_names.csv -> named 'wbes_frequency_incidents_162'
20:53:50 02_merge WARNING pooled:WBES_pooled_establishment.dta: variable 'c172' not in variable_names.csv -> named 'wbes_avg_length_water_172'
20:53:50 02_merge WARNING pooled:WBES_pooled_establishment.dta: variable 'c35a' not in variable_names.csv -> named 'wbes_last_fy_water_shortages'
20:53:50 02_merge WARNING pooled:WBES_pooled_establishment.dta: variable 'c35b' not in variable_names.csv -> named 'wbes_fy_value_losses_due_water'
20:53:50 02_merge WARNING pooled:WBES_pooled_establishment.dta: variable 'c36' not in variable_names.csv -> named 'wbes_application_obtain_fixed'
20:53:50 02_merge WARNING pooled:WBES_pooled_establishment.dta: variable 'c37' not in variable_names.csv -> named 'wbes_days_obtain_internet'
20:53:50 02_merge WARNING pooled:WBES_pooled_establishment.dta: variable 'c38' not in variable_names.csv -> named 'wbes_cost_obtain_internet'
20:53:50 02_merge WARNING pooled:WBES_pooled_establishment.dta: variable 'c39' not in variable_names.csv -> named 'wbes_experience_internet'
20:53:50 02_merge WARNING pooled:WBES_pooled_establishment.dta: variable 'c40a' not in variable_names.csv -> named 'wbes_average_length_hours'
20:53:50 02_merge WARNING pooled:WBES_pooled_establishment.dta: variable 'c40b' not in variable_names.csv -> named 'wbes_average_length_minutes'
20:53:50 02_merge WARNING pooled:WBES_pooled_establishment.dta: variable 'c41a' not in variable_names.csv -> named 'wbes_fy_internet_disruptions'
20:53:50 02_merge WARNING pooled:WBES_pooled_establishment.dta: variable 'c41b' not in variable_names.csv -> named 'wbes_fy_value_losses_due'
20:53:50 02_merge WARNING pooled:WBES_pooled_establishment.dta: variable 'c42' not in variable_names.csv -> named 'wbes_difficult_switch_internet'
20:53:50 02_merge WARNING pooled:WBES_pooled_establishment.dta: variable 'd1a6a' not in variable_names.csv -> named 'wbes_hotel_rooms_fy'
20:53:50 02_merge WARNING pooled:WBES_pooled_establishment.dta: variable 'd1a6b' not in variable_names.csv -> named 'wbes_total_areas_rooms_last_fy'
20:53:50 02_merge WARNING pooled:WBES_pooled_establishment.dta: variable 'd1a6c' not in variable_names.csv -> named 'wbes_units'
20:53:50 02_merge WARNING pooled:WBES_pooled_establishment.dta: variable 'd1a6cx' not in variable_names.csv -> named 'wbes_other_d1a6cx'
20:53:50 02_merge WARNING pooled:WBES_pooled_establishment.dta: variable 'd2a1' not in variable_names.csv -> named 'wbes_establishment_sales_years_1'
20:53:50 02_merge WARNING pooled:WBES_pooled_establishment.dta: variable 'd2a1x' not in variable_names.csv -> named 'wbes_number_1x'
20:53:50 02_merge WARNING pooled:WBES_pooled_establishment.dta: variable 'n3x' not in variable_names.csv -> named 'wbes_number_3x'
20:53:50 02_merge WARNING pooled:WBES_pooled_establishment.dta: variable 'd31x' not in variable_names.csv -> named 'wbes_destination_exports_country'
20:53:50 02_merge WARNING pooled:WBES_pooled_establishment.dta: variable 'd32' not in variable_names.csv -> named 'wbes_main_point_exit_32'
20:53:50 02_merge WARNING pooled:WBES_pooled_establishment.dta: variable 'd4a' not in variable_names.csv -> named 'wbes_last_fy_customs_d4a'
20:53:50 02_merge WARNING pooled:WBES_pooled_establishment.dta: variable 'd4b' not in variable_names.csv -> named 'wbes_less_day_hours_exported'
20:53:50 02_merge WARNING pooled:WBES_pooled_establishment.dta: variable 'd33a' not in variable_names.csv -> named 'wbes_last_fy_border_control_age'
20:53:50 02_merge WARNING pooled:WBES_pooled_establishment.dta: variable 'd34' not in variable_names.csv -> named 'wbes_fca_costs_comply_export'
20:53:50 02_merge WARNING pooled:WBES_pooled_establishment.dta: variable 'd35' not in variable_names.csv -> named 'wbes_exports_shipped_main_parcel'
20:53:50 02_merge WARNING pooled:WBES_pooled_establishment.dta: variable 'd36a' not in variable_names.csv -> named 'wbes_last_fy_border_d36a'
20:53:50 02_merge WARNING pooled:WBES_pooled_establishment.dta: variable 'd37' not in variable_names.csv -> named 'wbes_avg_cost_digital_exports'
20:53:50 02_merge WARNING pooled:WBES_pooled_establishment.dta: variable 'd38x' not in variable_names.csv -> named 'wbes_main_origin_imports_country'
20:53:50 02_merge WARNING pooled:WBES_pooled_establishment.dta: variable 'd39' not in variable_names.csv -> named 'wbes_main_point_entry'
20:53:50 02_merge WARNING pooled:WBES_pooled_establishment.dta: variable 'd14a' not in variable_names.csv -> named 'wbes_avg_num_days_imported_14a'
20:53:50 02_merge WARNING pooled:WBES_pooled_establishment.dta: variable 'd14b' not in variable_names.csv -> named 'wbes_less_day_customs'
20:53:50 02_merge WARNING pooled:WBES_pooled_establishment.dta: variable 'd40a' not in variable_names.csv -> named 'wbes_fy_avg_num_days_imported'
20:53:50 02_merge WARNING pooled:WBES_pooled_establishment.dta: variable 'd40b' not in variable_names.csv -> named 'wbes_less_day_border_control'
20:53:50 02_merge WARNING pooled:WBES_pooled_establishment.dta: variable 'd41' not in variable_names.csv -> named 'wbes_dap_costs_comply_import'
20:53:50 02_merge WARNING pooled:WBES_pooled_establishment.dta: variable 'o1' not in variable_names.csv -> named 'wbes_estab_commercial_dispute'
20:53:50 02_merge WARNING pooled:WBES_pooled_establishment.dta: variable 'o2' not in variable_names.csv -> named 'wbes_use_courts_arbitration'
20:53:50 02_merge WARNING pooled:WBES_pooled_establishment.dta: variable 'o3a' not in variable_names.csv -> named 'wbes_reliable_alternative'
20:53:50 02_merge WARNING pooled:WBES_pooled_establishment.dta: variable 'o3b' not in variable_names.csv -> named 'wbes_reliable_alternative_o3b'
20:53:50 02_merge WARNING pooled:WBES_pooled_establishment.dta: variable 'e31a' not in variable_names.csv -> named 'wbes_market_share_largest_31a'
20:53:50 02_merge WARNING pooled:WBES_pooled_establishment.dta: variable 'e31b' not in variable_names.csv -> named 'wbes_market_share_largest_31b'
20:53:50 02_merge WARNING pooled:WBES_pooled_establishment.dta: variable 'e32' not in variable_names.csv -> named 'wbes_change_competition'
20:53:50 02_merge WARNING pooled:WBES_pooled_establishment.dta: variable 'e33' not in variable_names.csv -> named 'wbes_estab_increase_prices'
20:53:50 02_merge WARNING pooled:WBES_pooled_establishment.dta: variable 'e34' not in variable_names.csv -> named 'wbes_soes_operating_estab_market'
20:53:50 02_merge WARNING pooled:WBES_pooled_establishment.dta: variable 'e35' not in variable_names.csv -> named 'wbes_soe_affects_ability_grow'
20:53:50 02_merge WARNING pooled:WBES_pooled_establishment.dta: variable 'g31' not in variable_names.csv -> named 'wbes_estab_applied_occupancy'
20:53:50 02_merge WARNING pooled:WBES_pooled_establishment.dta: variable 'g32' not in variable_names.csv -> named 'wbes_wait_occupancy_permit'
20:53:50 02_merge WARNING pooled:WBES_pooled_establishment.dta: variable 'g33' not in variable_names.csv -> named 'wbes_cost_occupancy_permit'
20:53:50 02_merge WARNING pooled:WBES_pooled_establishment.dta: variable 'ge3' not in variable_names.csv -> named 'wbes_experience_damage_physical'
20:53:50 02_merge WARNING pooled:WBES_pooled_establishment.dta: variable 'ge3a' not in variable_names.csv -> named 'wbes_monetary_damage_physical'
20:53:50 02_merge WARNING pooled:WBES_pooled_establishment.dta: variable 'ge7' not in variable_names.csv -> named 'wbes_estab_monitor_co2_emissions'
20:53:50 02_merge WARNING pooled:WBES_pooled_establishment.dta: variable 'ge8d' not in variable_names.csv -> named 'wbes_estab_adopt_energy'
20:53:50 02_merge WARNING pooled:WBES_pooled_establishment.dta: variable 'k82' not in variable_names.csv -> named 'wbes_estab_line_credit_loan_82'
20:53:50 02_merge WARNING pooled:WBES_pooled_establishment.dta: variable 'k162' not in variable_names.csv -> named 'wbes_fy_estab_apply_new_162'
20:53:50 02_merge WARNING pooled:WBES_pooled_establishment.dta: variable 'k31' not in variable_names.csv -> named 'wbes_cost_apply_recent_loan'
20:53:50 02_merge WARNING pooled:WBES_pooled_establishment.dta: variable 'k32' not in variable_names.csv -> named 'wbes_days_receive_decision'
20:53:50 02_merge WARNING pooled:WBES_pooled_establishment.dta: variable 'k33' not in variable_names.csv -> named 'wbes_pct_payments_recvd_using'
20:53:50 02_merge WARNING pooled:WBES_pooled_establishment.dta: variable 'k34' not in variable_names.csv -> named 'wbes_main_type_payment_accepted'
20:53:50 02_merge WARNING pooled:WBES_pooled_establishment.dta: variable 'k35' not in variable_names.csv -> named 'wbes_avg_days_receive_payment'
20:53:50 02_merge WARNING pooled:WBES_pooled_establishment.dta: variable 'k36' not in variable_names.csv -> named 'wbes_cost_transaction_receive'
20:53:50 02_merge WARNING pooled:WBES_pooled_establishment.dta: variable 'k37' not in variable_names.csv -> named 'wbes_monthly_fees_subscription'
20:53:50 02_merge WARNING pooled:WBES_pooled_establishment.dta: variable 'k38' not in variable_names.csv -> named 'wbes_pct_payments_using_payments'
20:53:50 02_merge WARNING pooled:WBES_pooled_establishment.dta: variable 'k39' not in variable_names.csv -> named 'wbes_payment_used_payments'
20:53:50 02_merge WARNING pooled:WBES_pooled_establishment.dta: variable 'k40' not in variable_names.csv -> named 'wbes_cost_transaction_40'
20:53:50 02_merge WARNING pooled:WBES_pooled_establishment.dta: variable 'j31' not in variable_names.csv -> named 'wbes_resolving_commercial'
20:53:50 02_merge WARNING pooled:WBES_pooled_establishment.dta: variable 'j32' not in variable_names.csv -> named 'wbes_visits_meetings_consist_tax'
20:53:50 02_merge WARNING pooled:WBES_pooled_establishment.dta: variable 'j33' not in variable_names.csv -> named 'wbes_weeks_final_audit_report'
20:53:50 02_merge WARNING pooled:WBES_pooled_establishment.dta: variable 'j34' not in variable_names.csv -> named 'wbes_estab_outsourced_tax'
20:53:50 02_merge WARNING pooled:WBES_pooled_establishment.dta: variable 'j35a' not in variable_names.csv -> named 'wbes_annual_time_tax_compliance'
20:53:50 02_merge WARNING pooled:WBES_pooled_establishment.dta: variable 'j35b' not in variable_names.csv -> named 'wbes_avg_monthly_time_tax'
20:53:50 02_merge WARNING pooled:WBES_pooled_establishment.dta: variable 'j36' not in variable_names.csv -> named 'wbes_fy_estab_file_taxes'
20:53:50 02_merge WARNING pooled:WBES_pooled_establishment.dta: variable 'j37' not in variable_names.csv -> named 'wbes_fy_estab_pay_taxes'
20:53:50 02_merge WARNING pooled:WBES_pooled_establishment.dta: variable 'j38' not in variable_names.csv -> named 'wbes_yrs_estab_applied_vat'
20:53:50 02_merge WARNING pooled:WBES_pooled_establishment.dta: variable 'j39' not in variable_names.csv -> named 'wbes_weeks_receive_vat_refund'
20:53:50 02_merge WARNING pooled:WBES_pooled_establishment.dta: variable 'j40' not in variable_names.csv -> named 'wbes_reason_not_applying_vat_tax'
20:53:50 02_merge WARNING pooled:WBES_pooled_establishment.dta: variable 'j41' not in variable_names.csv -> named 'wbes_degree_difficulty_comply'
20:53:50 02_merge WARNING pooled:WBES_pooled_establishment.dta: variable 'j42' not in variable_names.csv -> named 'wbes_estab_held_govt_contract'
20:53:50 02_merge WARNING pooled:WBES_pooled_establishment.dta: variable 'j43' not in variable_names.csv -> named 'wbes_typical_days_receive'
20:53:50 02_merge WARNING pooled:WBES_pooled_establishment.dta: variable 'j30_crime_pos' not in variable_names.csv -> named 'wbes_rotation_j30crimepo'
20:53:50 02_merge WARNING pooled:WBES_pooled_establishment.dta: variable 'l12a' not in variable_names.csv -> named 'wbes_permanent_full_time_female'
20:53:50 02_merge WARNING pooled:WBES_pooled_establishment.dta: variable 'l12a1' not in variable_names.csv -> named 'wbes_training_programs_female'
20:53:50 02_merge WARNING pooled:WBES_pooled_establishment.dta: variable 'l31' not in variable_names.csv -> named 'wbes_fy_wkrs_estab_needed_hire'
20:53:50 02_merge WARNING pooled:WBES_pooled_establishment.dta: variable 'l32' not in variable_names.csv -> named 'wbes_fy_workers_estab_hired'
20:53:50 02_merge WARNING pooled:WBES_pooled_establishment.dta: variable 'l33' not in variable_names.csv -> named 'wbes_reason_estab_not_hire_wkrs'
20:53:50 02_merge WARNING pooled:WBES_pooled_establishment.dta: variable 'l34' not in variable_names.csv -> named 'wbes_yrs_estab_dismissed'
20:53:50 02_merge WARNING pooled:WBES_pooled_establishment.dta: variable 'l35' not in variable_names.csv -> named 'wbes_typical_weeks_dismiss_full'
20:53:50 02_merge WARNING pooled:WBES_pooled_establishment.dta: variable 'l36' not in variable_names.csv -> named 'wbes_typical_weeks_paid'
20:53:50 02_merge WARNING pooled:WBES_pooled_establishment.dta: variable 'l1a' not in variable_names.csv -> named 'wbes_num_part_time_emps_end'
20:53:50 02_merge WARNING pooled:WBES_pooled_establishment.dta: variable 'l37' not in variable_names.csv -> named 'wbes_yrs_estab_involved_labor'
20:53:50 02_merge WARNING pooled:WBES_pooled_establishment.dta: variable 'l38' not in variable_names.csv -> named 'wbes_typical_weeks_resolve_labor'
20:53:50 02_merge WARNING pooled:WBES_pooled_establishment.dta: variable 'l39' not in variable_names.csv -> named 'wbes_cost_resolve_labor_dispute'
20:53:50 02_merge WARNING pooled:WBES_pooled_establishment.dta: variable 'l40' not in variable_names.csv -> named 'wbes_fy_estab_visited_health'
20:53:50 02_merge WARNING pooled:WBES_pooled_establishment.dta: variable 'l41' not in variable_names.csv -> named 'wbes_report_issued_health_safety'
20:53:50 02_merge WARNING pooled:WBES_pooled_establishment.dta: variable 'n2a2' not in variable_names.csv -> named 'wbes_social_security_payments'
20:53:50 02_merge WARNING pooled:WBES_pooled_establishment.dta: variable 'n2k' not in variable_names.csv -> named 'wbes_total_annual_cost_water'
20:53:50 02_merge WARNING pooled:WBES_pooled_establishment.dta: variable 'n2l' not in variable_names.csv -> named 'wbes_annual_cost_high_speed'
20:53:50 02_merge WARNING pooled:WBES_pooled_establishment.dta: variable 'n2a1' not in variable_names.csv -> named 'wbes_total_labor_years'
20:53:50 02_merge WARNING pooled:WBES_pooled_establishment.dta: variable 'n2e1' not in variable_names.csv -> named 'wbes_cost_raw_total_production'
20:53:50 02_merge WARNING pooled:WBES_pooled_establishment.dta: variable 'n11' not in variable_names.csv -> named 'wbes_effective_income_based_tax'
20:53:50 02_merge WARNING pooled:WBES_pooled_establishment.dta: variable 'n12' not in variable_names.csv -> named 'wbes_effective_consum_tax_rate'
20:53:50 02_merge WARNING pooled:WBES_pooled_establishment.dta: variable 'd1a2_v4' not in variable_names.csv -> named 'wbes_product_service_isic_rev_4'
20:53:50 02_merge WARNING pooled:WBES_pooled_establishment.dta: variable 'b1_rwa' not in variable_names.csv -> named 'wbes_rwa'
20:53:51 02_merge INFO wrote WBES_pooled_establishment.dta  (1,171 rows x 770 vars, 8.4 MB)
20:53:51 02_merge INFO all hard checks passed (0 soft warnings)
20:53:51 02_merge INFO 02_merge done
