16:37:07 02_merge INFO ==== 02_merge | run 20260905-163704 | python 3.13.5 | pandas 2.2.3 | pyreadstat 1.3.4
16:37:07 02_merge INFO ---------------- EICV_pooled_person.dta (['EICV1', 'EICV2', 'EICV3', 'EICV4_CS', 'EICV5_CS', 'EICV7_CS'])
16:37:08 02_merge INFO   loaded EICV1      EICV_EICV1_person_clean.dta                                32,153 rows x  441
16:37:10 02_merge INFO   loaded EICV2      EICV_EICV2_person_clean.dta                                34,785 rows x  243
16:37:12 02_merge INFO   loaded EICV3      EICV_EICV3_person_clean.dta                                68,398 rows x  207
16:37:13 02_merge INFO   loaded EICV4_CS   EICV_EICV4_CS_person_clean.dta                             66,081 rows x  141
16:37:14 02_merge INFO   loaded EICV5_CS   EICV_EICV5_CS_person_clean.dta                             64,314 rows x  120
16:37:16 02_merge INFO   loaded EICV7_CS   EICV_EICV7_CS_person_clean.dta                             62,110 rows x  222
16:37:16 02_merge INFO   VERSIONS nkey: {'nkey': ['EICV2'], 'nkey_v2': ['EICV1']} | EICV2 vs EICV1: variable label differs ('key variables for hh ident as one variab' vs 'Anonymized key')
16:37:16 02_merge INFO   VERSIONS pov: {'pov': ['EICV2'], 'pov_v2': ['EICV1']} | EICV2: FORCE_SPLIT
16:37:16 02_merge INFO   VERSIONS poverty: {'poverty': ['EICV5_CS', 'EICV7_CS'], 'poverty_v2': ['EICV3', 'EICV4_CS'], 'poverty_v3': ['EICV2']} | EICV3 vs EICV2: variable label differs ('Poverty status' vs 'Poor or not (1=poor)') / EICV4_CS vs EICV2: variable label differs ('POVERTY' vs 'Poor or not (1=poor)')
16:37:16 02_merge INFO   VERSIONS quintile: {'quintile': ['EICV3', 'EICV4_CS', 'EICV5_CS'], 'quintile_v2': ['EICV7_CS']} | EICV7_CS vs EICV3: variable label differs ('Quintiles of real consumption per ae' vs 'Quintile')
16:37:16 02_merge INFO   VERSIONS s1q10: {'s1q10': ['EICV3', 'EICV5_CS'], 's1q10_v2': ['EICV2', 'EICV4_CS'], 's1q10_v3': ['EICV7_CS'], 's1q10_v4': ['EICV1']} | EICV2 vs EICV1: variable label differs ('Lived in another household during absenc' vs 'Length of absence') / EICV3 vs EICV1: variable label differs ('Resident of another household in the las' vs 'Length of absence')
16:37:16 02_merge INFO   VERSIONS s1q11: {'s1q11': ['EICV3', 'EICV4_CS', 'EICV5_CS'], 's1q11_v2': ['EICV7_CS'], 's1q11_v3': ['EICV2'], 's1q11_v4': ['EICV1']} | EICV2 vs EICV1: variable label differs ('Father still living' vs 'Reason for absence') / EICV3 vs EICV1: variable label differs ('Resident during enumeration period' vs 'Reason for absence')
16:37:16 02_merge INFO   VERSIONS s1q12: {'s1q12': ['EICV3', 'EICV4_CS', 'EICV5_CS'], 's1q12_v2': ['EICV7_CS'], 's1q12_v3': ['EICV2'], 's1q12_v4': ['EICV1']} | EICV2 vs EICV1: variable label differs ('Mother still living' vs 'Have you lived in another household?') / EICV3 vs EICV1: variable label differs ('Reason for absence during enumeration' vs 'Have you lived in another household?')
16:37:16 02_merge INFO   VERSIONS s1q13: {'s1q13': ['EICV3', 'EICV4_CS'], 's1q13_v2': ['EICV1', 'EICV2'], 's1q13_v3': ['EICV7_CS'], 's1q13_v4': ['EICV5_CS']} | EICV3 vs EICV1: variable label differs ('Father still alive' vs 'Household member status') / EICV4_CS vs EICV1: variable label differs ('Father still alive' vs 'Household member status')
16:37:16 02_merge INFO   VERSIONS s1q14: {'s1q14': ['EICV3', 'EICV4_CS'], 's1q14_v2': ['EICV7_CS'], 's1q14_v3': ['EICV5_CS'], 's1q14_v4': ['EICV1']} | EICV3 vs EICV1: variable label differs ('Mother still alive' vs 'Does the father live in the household?') / EICV4_CS vs EICV1: variable label differs ('Mother still alive' vs 'Does the father live in the household?')
16:37:16 02_merge INFO   VERSIONS s1q15: {'s1q15': ['EICV5_CS'], 's1q15_v2': ['EICV4_CS'], 's1q15_v3': ['EICV1']} | EICV4_CS vs EICV1: variable label differs ('HH membership' vs 'ID of father') / EICV5_CS vs EICV1: variable label differs ('Mother still alive' vs 'ID of father')
16:37:16 02_merge INFO   VERSIONS s1q16: {'s1q16': ['EICV5_CS'], 's1q16_v2': ['EICV1']} | EICV5_CS vs EICV1: variable label differs ('Household membership' vs 'Level of father')
16:37:16 02_merge INFO   VERSIONS s1q2: {'s1q2': ['EICV3', 'EICV4_CS', 'EICV5_CS'], 's1q2_v2': ['EICV7_CS'], 's1q2_v3': ['EICV2'], 's1q2_v4': ['EICV1']} | EICV2 vs EICV1: value labels differ -- 4: 'Child in custody' vs 'Grandson/daugther'; 6: 'Brother or sister of the head of household' vs 'Relative of Head or spouse'; 7: 'Petit fils /fille du CM' vs 'Domestic and peiople related' / EICV3 vs EICV1: value labels differ -- 4: 'Step or adopted or foster child of HH' vs 'Grandson/daugther'; 6: 'Brother or sister of HH' vs 'Relative of Head or spouse'; 7: 'Grand child of HH' vs 'Domestic and peiople related'
16:37:17 02_merge INFO   VERSIONS s1q4: {'s1q4': ['EICV4_CS', 'EICV5_CS'], 's1q4_v2': ['EICV7_CS'], 's1q4_v3': ['EICV3'], 's1q4_v4': ['EICV2'], 's1q4_v5': ['EICV1']} | EICV2 vs EICV1: variable label differs ('Civil status' vs 'Civil state') / EICV3 vs EICV1: variable label differs ('Marital status' vs 'Civil state')
16:37:17 02_merge INFO   VERSIONS s1q5: {'s1q5': ['EICV4_CS', 'EICV5_CS'], 's1q5_v2': ['EICV3'], 's1q5_v3': ['EICV2'], 's1q5_v4': ['EICV1']} | EICV2 vs EICV1: variable label differs ('Place of birth' vs 'Spouse resides in household') / EICV3 vs EICV1: variable label differs ('Place of birth' vs 'Spouse resides in household')
16:37:17 02_merge INFO   VERSIONS s1q6: {'s1q6': ['EICV2', 'EICV3', 'EICV4_CS', 'EICV5_CS'], 's1q6_v2': ['EICV7_CS'], 's1q6_v3': ['EICV1']} | EICV2 vs EICV1: variable label differs ('Nationality' vs 'ID of spouse') / EICV3 vs EICV1: variable label differs ('Nationality' vs 'ID of spouse')
16:37:17 02_merge INFO   VERSIONS s1q7: {'s1q7': ['EICV2', 'EICV3', 'EICV4_CS', 'EICV5_CS'], 's1q7_v2': ['EICV7_CS'], 's1q7_v3': ['EICV1']} | EICV2 vs EICV1: variable label differs ('Absent during the last 12 months' vs 'Place of birth') / EICV3 vs EICV1: variable label differs ('Absent from household in the last 12 mon' vs 'Place of birth')
16:37:17 02_merge INFO   VERSIONS s1q8: {'s1q8': ['EICV2', 'EICV3', 'EICV4_CS', 'EICV5_CS'], 's1q8_v2': ['EICV7_CS'], 's1q8_v3': ['EICV1']} | EICV2 vs EICV1: variable label differs ('Length of absence during the last 12 mon' vs 'Nationality') / EICV3 vs EICV1: variable label differs ('Length of absence in the last 12 months' vs 'Nationality')
16:37:17 02_merge INFO   VERSIONS s1q9: {'s1q9': ['EICV7_CS'], 's1q9_v2': ['EICV5_CS'], 's1q9_v3': ['EICV4_CS'], 's1q9_v4': ['EICV3'], 's1q9_v5': ['EICV2'], 's1q9_v6': ['EICV1']} | EICV2 vs EICV1: variable label differs ('Main reason for absence' vs 'Have you been away?') / EICV3 vs EICV1: variable label differs ('Main reason of absence from household in' vs 'Have you been away?')
16:37:17 02_merge INFO   VERSIONS s2aq1: {'s2aq1': ['EICV1', 'EICV2'], 's2aq1_v2': ['EICV3']} | EICV3 vs EICV1: variable label differs ('PID of respondent' vs 'Id of interviewed person')
16:37:17 02_merge INFO   VERSIONS s2aq10: {'s2aq10': ['EICV3'], 's2aq10_v2': ['EICV1']} | EICV3 vs EICV1: variable label differs ('Problems with school' vs 'Scholarships?')
16:37:17 02_merge INFO   VERSIONS s2aq11: {'s2aq11': ['EICV3'], 's2aq11_v2': ['EICV2'], 's2aq11_v3': ['EICV1']} | EICV2 vs EICV1: variable label differs ('Person responsible for payment of educat' vs 'Amount of scholarship') / EICV3 vs EICV1: variable label differs ('Separate toilet facilities at school' vs 'Amount of scholarship')
16:37:17 02_merge INFO   VERSIONS s2aq12: {'s2aq12': ['EICV2'], 's2aq12_v2': ['EICV1']} | EICV2 vs EICV1: variable label differs ('Dropped out of school' vs 'Primary source of education funding')
16:37:17 02_merge INFO   VERSIONS s2aq13: {'s2aq13': ['EICV3'], 's2aq13_v2': ['EICV2'], 's2aq13_v3': ['EICV1']} | EICV2 vs EICV1: variable label differs ('Reason for dropping out of school' vs 'Dropped out of school') / EICV3 vs EICV1: variable label differs ('Responsible for payment of majority of s' vs 'Dropped out of school')
16:37:17 02_merge INFO   VERSIONS s2aq14: {'s2aq14': ['EICV3'], 's2aq14_v2': ['EICV1']} | EICV3 vs EICV1: variable label differs ('School interuption' vs 'Reason for dropping out?')
16:37:17 02_merge INFO   VERSIONS s2aq3: {'s2aq3': ['EICV3'], 's2aq3_v2': ['EICV2'], 's2aq3_v3': ['EICV1']} | EICV2 vs EICV1: variable label differs ('Highest class attained' vs 'Highest level of education completed?') / EICV3 vs EICV1: variable label differs ('Attended school in the last 12 months' vs 'Highest level of education completed?')
16:37:17 02_merge INFO   VERSIONS s2aq4: {'s2aq4': ['EICV3'], 's2aq4_v2': ['EICV2'], 's2aq4_v3': ['EICV1']} | EICV2 vs EICV1: variable label differs ('Certificate or degree received' vs 'Highest Certificate/Diploma attained?') / EICV3 vs EICV1: variable label differs ('Current class' vs 'Highest Certificate/Diploma attained?')
16:37:17 02_merge INFO   VERSIONS s2aq5: {'s2aq5': ['EICV2'], 's2aq5_v2': ['EICV1']} | EICV2 vs EICV1: variable label differs ('Been to school in the last 12 months' vs 'Highest class attained')
16:37:17 02_merge INFO   VERSIONS s2aq6: {'s2aq6': ['EICV3'], 's2aq6_v2': ['EICV2'], 's2aq6_v3': ['EICV1']} | EICV2 vs EICV1: variable label differs ('Number of days of absent from class in t' vs 'Attended in the last 12 months') / EICV3 vs EICV1: variable label differs ('Reason for repeating class' vs 'Attended in the last 12 months')
16:37:17 02_merge INFO   VERSIONS s2aq7: {'s2aq7': ['EICV3'], 's2aq7_v2': ['EICV2'], 's2aq7_v3': ['EICV1']} | EICV2 vs EICV1: variable label differs ('Cause of absence' vs 'Class hours missed last week?') / EICV3 vs EICV1: variable label differs ('Absent from school last week' vs 'Class hours missed last week?')
16:37:17 02_merge INFO   VERSIONS s2aq8: {'s2aq8': ['EICV3'], 's2aq8_v2': ['EICV1']} | EICV3 vs EICV1: variable label differs ('Cause of absence' vs 'Time spent going to school (minutes)')
16:37:17 02_merge INFO   VERSIONS s2aq9a: {'s2aq9a': ['EICV3'], 's2aq9a_v2': ['EICV1']} | EICV3 vs EICV1: variable label differs ('Time required to go to school' vs 'School registration fees')
16:37:17 02_merge INFO   VERSIONS s2aq9b: {'s2aq9b': ['EICV3'], 's2aq9b_v2': ['EICV1']} | EICV3 vs EICV1: variable label differs ('Type of transport used to go to school' vs 'Contributions to parent associations')
16:37:17 02_merge INFO   VERSIONS s2bq1: {'s2bq1': ['EICV2'], 's2bq1_v2': ['EICV1']} | EICV2 vs EICV1: value labels differ -- 10: '1st year primary-unfinished' vs "Didn't achieve Primary-First"; 11: '1st year of primary' vs 'Primary-First'; 12: '2nd year of primary' vs 'Primary-Second'
16:37:17 02_merge INFO   VERSIONS s2bq10: {'s2bq10': ['EICV2'], 's2bq10_v2': ['EICV1']} | EICV2 vs EICV1: variable label differs ('Highest class attained in secondary scho' vs 'Repeat and secondary classes?')
16:37:17 02_merge INFO   VERSIONS s2bq11: {'s2bq11': ['EICV2'], 's2bq11_v2': ['EICV1']} | EICV2 vs EICV1: variable label differs ('Repeated secondary class' vs 'How many times did you repeat in seconda')
16:37:17 02_merge INFO   VERSIONS s2bq12: {'s2bq12': ['EICV2'], 's2bq12_v2': ['EICV1']} | EICV2 vs EICV1: variable label differs ('Times repeated class (secondary)' vs 'Secondary Certificate?')
16:37:17 02_merge INFO   VERSIONS s2bq13: {'s2bq13': ['EICV2'], 's2bq13_v2': ['EICV1']} | EICV2 vs EICV1: variable label differs ('Certificate received for secondary schoo' vs 'Type of secondary school?')
16:37:17 02_merge INFO   VERSIONS s2bq14: {'s2bq14': ['EICV2'], 's2bq14_v2': ['EICV1']} | EICV2 vs EICV1: variable label differs ('Type of secondary school' vs 'Post primary or technical school attenda')
16:37:17 02_merge INFO   VERSIONS s2bq15: {'s2bq15': ['EICV2'], 's2bq15_v2': ['EICV1']} | EICV2 vs EICV1: variable label differs ('Attended post primary or professional (v' vs 'Highest class completed post-primary?')
16:37:17 02_merge INFO   VERSIONS s2bq16: {'s2bq16': ['EICV2'], 's2bq16_v2': ['EICV1']} | EICV2 vs EICV1: variable label differs ('Highest class attained in professional (' vs 'Post-primary/Technical certificate?')
16:37:17 02_merge INFO   VERSIONS s2bq17: {'s2bq17': ['EICV2'], 's2bq17_v2': ['EICV1']} | EICV2 vs EICV1: variable label differs ('Certificate received for post primary sc' vs 'Type of post-primary/technical school?')
16:37:17 02_merge INFO   VERSIONS s2bq18: {'s2bq18': ['EICV2'], 's2bq18_v2': ['EICV1']} | EICV2 vs EICV1: variable label differs ('Type of post primary (vocational) school' vs 'Higher education attendance?')
16:37:17 02_merge INFO   VERSIONS s2bq19: {'s2bq19': ['EICV2'], 's2bq19_v2': ['EICV1']} | EICV2 vs EICV1: variable label differs ('Attended College or University' vs 'How many years of higher education?')
16:37:17 02_merge INFO   VERSIONS s2bq2: {'s2bq2': ['EICV2'], 's2bq2_v2': ['EICV1']} | EICV2 vs EICV1: variable label differs ('Interruption of studies for one or more ' vs 'Was primary school interrupted?')
16:37:17 02_merge INFO   VERSIONS s2bq20: {'s2bq20': ['EICV2'], 's2bq20_v2': ['EICV1']} | EICV2 vs EICV1: variable label differs ('Years attended college or university' vs 'Type of higher education establishment?')
16:37:17 02_merge INFO   VERSIONS s2bq21: {'s2bq21': ['EICV2'], 's2bq21_v2': ['EICV1']} | EICV2 vs EICV1: variable label differs ('Last institution attended' vs 'Highest diploma/certificate attained?')
16:37:17 02_merge INFO   VERSIONS s2bq4: {'s2bq4': ['EICV2'], 's2bq4_v2': ['EICV1']} | EICV2 vs EICV1: variable label differs ('Length of interruption (months)' vs 'Repeat any primary classes?')
16:37:17 02_merge INFO   VERSIONS s2bq5: {'s2bq5': ['EICV2'], 's2bq5_v2': ['EICV1']} | EICV2 vs EICV1: variable label differs ('Repeated primary class' vs 'How many times did you repeat in primary')
16:37:17 02_merge INFO   VERSIONS s2bq6: {'s2bq6': ['EICV2'], 's2bq6_v2': ['EICV1']} | EICV2 vs EICV1: variable label differs ('Times repeated class (primary)' vs 'Type of Primary school?')
16:37:17 02_merge INFO   VERSIONS s2bq7: {'s2bq7': ['EICV2'], 's2bq7_v2': ['EICV1']} | EICV1: FORCE_SPLIT
16:37:17 02_merge INFO   VERSIONS s2bq8: {'s2bq8': ['EICV2'], 's2bq8_v2': ['EICV1']} | EICV2 vs EICV1: variable label differs ('Obtained a certificate of completion for' vs 'Education after primary?')
16:37:17 02_merge INFO   VERSIONS s2bq9: {'s2bq9': ['EICV2'], 's2bq9_v2': ['EICV1']} | EICV2 vs EICV1: variable label differs ('Post primary instruction' vs 'Highest class completed in secondary?')
16:37:17 02_merge INFO   VERSIONS s2cq1: {'s2cq1': ['EICV2'], 's2cq1_v2': ['EICV1']} | EICV2 vs EICV1: variable label differs ('Capable of reading a letter or small not' vs 'Can you read?')
16:37:17 02_merge INFO   VERSIONS s2cq10: {'s2cq10': ['EICV2'], 's2cq10_v2': ['EICV1']} | EICV2 vs EICV1: variable label differs ('Vocational skill in which trained' vs 'Did you pay a fee for training?')
16:37:17 02_merge INFO   VERSIONS s2cq11: {'s2cq11': ['EICV2'], 's2cq11_v2': ['EICV1']} | EICV2 vs EICV1: variable label differs ('Paid for vocational training' vs 'Room and board received during apprentic')
16:37:17 02_merge INFO   VERSIONS s2cq12: {'s2cq12': ['EICV2'], 's2cq12_v2': ['EICV1']} | EICV2 vs EICV1: variable label differs ('Attended short term training courses' vs 'Training courses for longer than six mon')
16:37:17 02_merge INFO   VERSIONS s2cq14: {'s2cq14': ['EICV2'], 's2cq14_v2': ['EICV1']} | EICV2 vs EICV1: variable label differs ('Training material related to occupation' vs 'Did topic of training relate to current ')
16:37:17 02_merge INFO   VERSIONS s2cq2: {'s2cq2': ['EICV3'], 's2cq2_v2': ['EICV2'], 's2cq2_v3': ['EICV1']} | EICV2 vs EICV1: variable label differs ('Reading language' vs 'What language can you read?') / EICV3 vs EICV1: variable label differs ('Reason for leaving school' vs 'What language can you read?')
16:37:17 02_merge INFO   VERSIONS s2cq3: {'s2cq3': ['EICV3'], 's2cq3_v2': ['EICV2'], 's2cq3_v3': ['EICV1']} | EICV2 vs EICV1: variable label differs ('Capable of writing a letter or small not' vs 'Can you write?') / EICV3 vs EICV1: variable label differs ('Highest class succesfully attained in sc' vs 'Can you write?')
16:37:17 02_merge INFO   VERSIONS s2cq4: {'s2cq4': ['EICV3'], 's2cq4_v2': ['EICV2'], 's2cq4_v3': ['EICV1']} | EICV2 vs EICV1: variable label differs ('Writing language' vs 'What language can you write?') / EICV3 vs EICV1: variable label differs ('Highest school diploma or certificate ob' vs 'What language can you write?')
16:37:17 02_merge INFO   VERSIONS s2cq5: {'s2cq5': ['EICV3'], 's2cq5_v2': ['EICV2'], 's2cq5_v3': ['EICV1']} | EICV2 vs EICV1: variable label differs ('Capable of written calculations' vs 'Can you do maths?') / EICV3 vs EICV1: variable label differs ('Attended any short-term training course<' vs 'Can you do maths?')
16:37:17 02_merge INFO   VERSIONS s2cq6: {'s2cq6': ['EICV1', 'EICV2'], 's2cq6_v2': ['EICV3']} | EICV3: FORCE_SPLIT
16:37:17 02_merge INFO   VERSIONS s2cq7: {'s2cq7': ['EICV3'], 's2cq7_v2': ['EICV2'], 's2cq7_v3': ['EICV1']} | EICV2 vs EICV1: variable label differs ('Preferred language for reading' vs 'Ever been an apprentice?') / EICV3 vs EICV1: variable label differs ('Amount paid on training fees last 12 mon' vs 'Ever been an apprentice?')
16:37:17 02_merge INFO   VERSIONS s2cq8: {'s2cq8': ['EICV3'], 's2cq8_v2': ['EICV2']} | EICV3 vs EICV2: variable label differs ('Amount paid on other training costs last' vs 'Attended vocational/apprentice courses')
16:37:17 02_merge INFO   VERSIONS s2cq9: {'s2cq9': ['EICV3'], 's2cq9_v2': ['EICV2'], 's2cq9_v3': ['EICV1']} | EICV2 vs EICV1: variable label differs ('Length of time in vocational training' vs 'Main profession learned') / EICV3 vs EICV1: variable label differs ('Last training related to current employm' vs 'Main profession learned')
16:37:17 02_merge INFO   VERSIONS s2q6: {'s2q6': ['EICV5_CS', 'EICV7_CS'], 's2q6_v2': ['EICV4_CS']} | EICV5_CS vs EICV4_CS: variable label differs ('Duration lived in the previuos location ' vs 'Duration of stay in the previous locatio') / EICV7_CS vs EICV4_CS: variable label differs ('Duration lived in the previuos location ' vs 'Duration of stay in the previous locatio')
16:37:17 02_merge INFO   VERSIONS s2q7: {'s2q7': ['EICV7_CS'], 's2q7_v2': ['EICV5_CS'], 's2q7_v3': ['EICV4_CS']} | EICV5_CS vs EICV4_CS: value labels differ -- 13: 'Parent/HH moved' vs 'Desire to return home'; 14: 'Inadequate access to public services/infrastructure' vs 'Parent/HH moved' / EICV7_CS vs EICV4_CS: value labels differ -- 13: 'Parent/HH moved' vs 'Desire to return home'; 14: 'Inadequate access to public services/infrastructure' vs 'Parent/HH moved'; 15: 'Return home' vs 'Other'
16:37:17 02_merge INFO   VERSIONS s2q8: {'s2q8': ['EICV5_CS', 'EICV7_CS'], 's2q8_v2': ['EICV4_CS']} | EICV5_CS vs EICV4_CS: variable label differs ('Move alone or with other members of your' vs 'Moved alone or with other HH members') / EICV7_CS vs EICV4_CS: variable label differs ('Move alone or with other members of your' vs 'Moved alone or with other HH members')
16:37:17 02_merge INFO   VERSIONS s3aq1: {'s3aq1': ['EICV1', 'EICV2'], 's3aq1_v2': ['EICV3']} | EICV3 vs EICV1: variable label differs ('PID of respondent' vs 'Id of interviewed person')
16:37:17 02_merge INFO   VERSIONS s3aq10: {'s3aq10': ['EICV3'], 's3aq10_v2': ['EICV2'], 's3aq10_v3': ['EICV1']} | EICV2 vs EICV1: variable label differs ('Beneficiary of heath insurance' vs 'Where did consultation take place?') / EICV3 vs EICV1: variable label differs ('Health insurance' vs 'Where did consultation take place?')
16:37:17 02_merge INFO   VERSIONS s3aq11: {'s3aq11': ['EICV3'], 's3aq11_v2': ['EICV2'], 's3aq11_v3': ['EICV1']} | EICV2 vs EICV1: variable label differs ('Consulted a physician (health care worke' vs 'Type of establishment') / EICV3 vs EICV1: variable label differs ('Medical consultation in the last 2 weeks' vs 'Type of establishment')
16:37:17 02_merge INFO   VERSIONS s3aq12: {'s3aq12': ['EICV2', 'EICV3'], 's3aq12_v2': ['EICV1']} | EICV1: FORCE_SPLIT
16:37:17 02_merge INFO   VERSIONS s3aq13: {'s3aq13': ['EICV3'], 's3aq13_v2': ['EICV2'], 's3aq13_v3': ['EICV1']} | EICV2 vs EICV1: variable label differs ('Person consulted' vs 'Insurance or employers share of consulta') / EICV3 vs EICV1: variable label differs ('Person consulted' vs 'Insurance or employers share of consulta')
16:37:17 02_merge INFO   VERSIONS s3aq14: {'s3aq14': ['EICV2', 'EICV3'], 's3aq14_v2': ['EICV1']} | EICV2 vs EICV1: variable label differs ('Place of consultation' vs 'How much paid for transport?') / EICV3 vs EICV1: variable label differs ('Place of consultation' vs 'How much paid for transport?')
16:37:17 02_merge INFO   VERSIONS s3aq15: {'s3aq15': ['EICV3'], 's3aq15_v2': ['EICV2']} | EICV3 vs EICV2: variable label differs ('Nature of medical establishment' vs 'Public or private establishment')
16:37:17 02_merge INFO   VERSIONS s3aq16: {'s3aq16': ['EICV2', 'EICV3'], 's3aq16_v2': ['EICV1']} | EICV2 vs EICV1: variable label differs ('Amount paid for the consultation' vs 'Medical examinations in the last two wee') / EICV3 vs EICV1: variable label differs ('Amount paid for consultation by patient' vs 'Medical examinations in the last two wee')
16:37:17 02_merge INFO   VERSIONS s3aq17: {'s3aq17': ['EICV2', 'EICV3'], 's3aq17_v2': ['EICV1']} | EICV2 vs EICV1: variable label differs ('Amount paid for consultation by health i' vs 'Cost of medical examinations') / EICV3 vs EICV1: variable label differs ('Amount paid for consultation by insuranc' vs 'Cost of medical examinations')
16:37:17 02_merge INFO   VERSIONS s3aq18: {'s3aq18': ['EICV2', 'EICV3'], 's3aq18_v2': ['EICV1']} | EICV2 vs EICV1: variable label differs ('Undertake medical tests in the last two ' vs 'Insurance or employer share of examinati') / EICV3 vs EICV1: variable label differs ('Medical examination or tests in the last' vs 'Insurance or employer share of examinati')
16:37:17 02_merge INFO   VERSIONS s3aq2: {'s3aq2': ['EICV3'], 's3aq2_v2': ['EICV2'], 's3aq2_v3': ['EICV1']} | EICV2 vs EICV1: variable label differs ('Suffer from a major disability' vs 'Suffer from illness or injury in last tw') / EICV3 vs EICV1: variable label differs ('Main disability suffered' vs 'Suffer from illness or injury in last tw')
16:37:17 02_merge INFO   VERSIONS s3aq20: {'s3aq20': ['EICV2', 'EICV3'], 's3aq20_v2': ['EICV1']} | EICV2 vs EICV1: variable label differs ('Amount paid for health exams by health i' vs 'Length of hospitalization') / EICV3 vs EICV1: variable label differs ('Amount paid for medical examination by i' vs 'Length of hospitalization')
16:37:17 02_merge INFO   VERSIONS s3aq21: {'s3aq21': ['EICV3'], 's3aq21_v2': ['EICV2'], 's3aq21_v3': ['EICV1']} | EICV2 vs EICV1: variable label differs ('Hospitalized in the last two weeks' vs 'Cost of hospitalization') / EICV3 vs EICV1: variable label differs ('Admition at hospital or any medical esta' vs 'Cost of hospitalization')
16:37:17 02_merge INFO   VERSIONS s3aq23: {'s3aq23': ['EICV2', 'EICV3'], 's3aq23_v2': ['EICV1']} | EICV2 vs EICV1: variable label differs ('Amount paid for hospitalization by insur' vs 'Purchase of medications/supplies in last') / EICV3 vs EICV1: variable label differs ('Amount paid or to pay for medical servic' vs 'Purchase of medications/supplies in last')
16:37:17 02_merge INFO   VERSIONS s3aq24: {'s3aq24': ['EICV3'], 's3aq24_v2': ['EICV2'], 's3aq24_v3': ['EICV1']} | EICV2 vs EICV1: variable label differs ('Purchased medication or other health rel' vs 'How much paid for medications/supplies') / EICV3 vs EICV1: variable label differs ('Purchase of medicines or medical supplie' vs 'How much paid for medications/supplies')
16:37:17 02_merge INFO   VERSIONS s3aq25: {'s3aq25': ['EICV3'], 's3aq25_v2': ['EICV2'], 's3aq25_v3': ['EICV1']} | EICV2 vs EICV1: variable label differs ('Amount paid for medication and supplies' vs 'Insurance or employer share of medicatio') / EICV3 vs EICV1: variable label differs ('Amount paid or to  be paid for medicines' vs 'Insurance or employer share of medicatio')
16:37:17 02_merge INFO   VERSIONS s3aq27: {'s3aq27': ['EICV3'], 's3aq27_v2': ['EICV2']} | EICV3 vs EICV2: variable label differs ('Amount paid for transport to and from me' vs 'Amount paid for transportation related t')
16:37:17 02_merge INFO   VERSIONS s3aq4: {'s3aq4': ['EICV3'], 's3aq4_v2': ['EICV2'], 's3aq4_v3': ['EICV1']} | EICV2 vs EICV1: variable label differs ('Cause of disability' vs 'How many days in the last two weeks?') / EICV3 vs EICV1: variable label differs ('Cause of disability' vs 'How many days in the last two weeks?')
16:37:17 02_merge INFO   VERSIONS s3aq5: {'s3aq5': ['EICV2', 'EICV3'], 's3aq5_v2': ['EICV1']} | EICV2 vs EICV1: variable label differs ('Experienced health problems in the last ' vs 'Immobilized because of condition?') / EICV3 vs EICV1: variable label differs ('Health problems in the last 2 weeks' vs 'Immobilized because of condition?')
16:37:17 02_merge INFO   VERSIONS s3aq6: {'s3aq6': ['EICV2', 'EICV3'], 's3aq6_v2': ['EICV1']} | EICV2 vs EICV1: variable label differs ('Primary health problem' vs 'Number of days of immobilization') / EICV3 vs EICV1: variable label differs ('Major health problem' vs 'Number of days of immobilization')
16:37:17 02_merge INFO   VERSIONS s3aq8: {'s3aq8': ['EICV3'], 's3aq8_v2': ['EICV2'], 's3aq8_v3': ['EICV1']} | EICV2 vs EICV1: variable label differs ('Immobilized due to health condition in t' vs 'Reason for consultation') / EICV3 vs EICV1: variable label differs ('Unable to leave house due to health prob' vs 'Reason for consultation')
16:37:17 02_merge INFO   VERSIONS s3aq9: {'s3aq9': ['EICV3'], 's3aq9_v2': ['EICV2'], 's3aq9_v3': ['EICV1']} | EICV2 vs EICV1: variable label differs ('Number of days immobilized by health con' vs 'Whom did you consult?') / EICV3 vs EICV1: variable label differs ('Days unable to leave house' vs 'Whom did you consult?')
16:37:17 02_merge INFO   VERSIONS s3bq1: {'s3bq1': ['EICV1', 'EICV2'], 's3bq1_v2': ['EICV3']} | EICV3 vs EICV1: variable label differs ('PID of respondent' vs 'ID of person interviewed')
16:37:17 02_merge INFO   VERSIONS s3bq10: {'s3bq10': ['EICV2'], 's3bq10_v2': ['EICV1']} | EICV2 vs EICV1: variable label differs ('Use form of birth control' vs 'How did the pregnancy end?')
16:37:17 02_merge INFO   VERSIONS s3bq11: {'s3bq11': ['EICV2'], 's3bq11_v2': ['EICV1']} | EICV2 vs EICV1: variable label differs ('Method of birth control' vs 'Is the child alive?')
16:37:17 02_merge INFO   VERSIONS s3bq12: {'s3bq12': ['EICV2'], 's3bq12_v2': ['EICV1']} | EICV2 vs EICV1: variable label differs ('Reason for not using birth control' vs 'Did you receive pre-natal care?')
16:37:17 02_merge INFO   VERSIONS s3bq2: {'s3bq2': ['EICV1', 'EICV2'], 's3bq2_v2': ['EICV3']} | EICV3 vs EICV1: variable label differs ('Ever been vaccinated' vs 'Have you ever been pregnant?')
16:37:17 02_merge INFO   VERSIONS s3bq3: {'s3bq3': ['EICV3'], 's3bq3_v2': ['EICV1']} | EICV3 vs EICV1: variable label differs ('Vaccination card' vs 'Have you ever given birth to a child?')
16:37:17 02_merge INFO   VERSIONS s3bq4a: {'s3bq4a': ['EICV3'], 's3bq4a_v2': ['EICV2'], 's3bq4a_v3': ['EICV1']} | EICV2 vs EICV1: variable label differs ('Children still living: Boys' vs 'How many boys do you have?') / EICV3 vs EICV1: variable label differs ('Infant vaccination BCG since birth' vs 'How many boys do you have?')
16:37:17 02_merge INFO   VERSIONS s3bq4b: {'s3bq4b': ['EICV3'], 's3bq4b_v2': ['EICV2'], 's3bq4b_v3': ['EICV1']} | EICV2 vs EICV1: variable label differs ('Children still living: Girls' vs 'How many girls do you have?') / EICV3 vs EICV1: variable label differs ('Infant vaccination Polio since birth' vs 'How many girls do you have?')
16:37:17 02_merge INFO   VERSIONS s3bq5a: {'s3bq5a': ['EICV3'], 's3bq5a_v2': ['EICV1']} | EICV3 vs EICV1: variable label differs ('Vaccination BCG last 12 months' vs 'How many boys are still living?')
16:37:17 02_merge INFO   VERSIONS s3bq5b: {'s3bq5b': ['EICV3'], 's3bq5b_v2': ['EICV1']} | EICV3 vs EICV1: variable label differs ('Vaccination polio last 12 months' vs 'How many girls are still living?')
16:37:17 02_merge INFO   VERSIONS s3bq6: {'s3bq6': ['EICV3'], 's3bq6_v2': ['EICV2'], 's3bq6_v3': ['EICV1']} | EICV2 vs EICV1: variable label differs ('Number of No-living births' vs 'Any other pregnancies?') / EICV3 vs EICV1: variable label differs ('Place of last vaccination' vs 'Any other pregnancies?')
16:37:17 02_merge INFO   VERSIONS s3bq7: {'s3bq7': ['EICV3'], 's3bq7_v2': ['EICV2'], 's3bq7_v3': ['EICV1']} | EICV2 vs EICV1: variable label differs ('Received prenatal care during last pregn' vs 'Any non-live birth pregnancies?') / EICV3 vs EICV1: variable label differs ('Amount paid or to pay for last vaccinati' vs 'Any non-live birth pregnancies?')
16:37:17 02_merge INFO   VERSIONS s3bq8: {'s3bq8': ['EICV3'], 's3bq8_v2': ['EICV2'], 's3bq8_v3': ['EICV1']} | EICV2: FORCE_SPLIT / EICV3 vs EICV1: variable label differs ('Reason not vaccinated' vs 'Have you been pregnant in the last 12 mo')
16:37:17 02_merge INFO   VERSIONS s3cq3: {'s3cq3': ['EICV2'], 's3cq3_v2': ['EICV1']} | EICV2 vs EICV1: variable label differs ('Possess a vaccination card or vaccinatio' vs 'Vaccination book or card')
16:37:17 02_merge INFO   VERSIONS s3cq4a: {'s3cq4a': ['EICV2'], 's3cq4a_v2': ['EICV1']} | EICV2 vs EICV1: variable label differs ('Recorded vaccine for BCG' vs 'DTC Vaccine (registered)')
16:37:18 02_merge INFO   VERSIONS s3cq4c: {'s3cq4c': ['EICV2'], 's3cq4c_v2': ['EICV1']} | EICV2 vs EICV1: variable label differs ('Recorded vaccine for DTC' vs 'Measles Vaccine (registered)')
16:37:18 02_merge INFO   VERSIONS s3cq4d: {'s3cq4d': ['EICV2'], 's3cq4d_v2': ['EICV1']} | EICV2 vs EICV1: variable label differs ('Recorded vaccine for measles' vs 'BCG Vaccine (registered)')
16:37:18 02_merge INFO   VERSIONS s3cq5a: {'s3cq5a': ['EICV2'], 's3cq5a_v2': ['EICV1']} | EICV1: FORCE_SPLIT
16:37:18 02_merge INFO   VERSIONS s3cq5b: {'s3cq5b': ['EICV2'], 's3cq5b_v2': ['EICV1']} | EICV2 vs EICV1: value labels differ -- 4: 'Not applicable' vs "Don't know"
16:37:18 02_merge INFO   VERSIONS s3cq5c: {'s3cq5c': ['EICV2'], 's3cq5c_v2': ['EICV1']} | EICV1: FORCE_SPLIT
16:37:18 02_merge INFO   VERSIONS s3cq5d: {'s3cq5d': ['EICV2'], 's3cq5d_v2': ['EICV1']} | EICV1: FORCE_SPLIT
16:37:18 02_merge INFO   VERSIONS s3cq6: {'s3cq6': ['EICV2'], 's3cq6_v2': ['EICV1']} | EICV2 vs EICV1: variable label differs ('Place of the last vaccination' vs 'Location of vaccination')
16:37:18 02_merge INFO   VERSIONS s3cq7: {'s3cq7': ['EICV2'], 's3cq7_v2': ['EICV1']} | EICV2 vs EICV1: variable label differs ('Amount paid for the last vaccination' vs 'Did you pay for vaccination?')
16:37:18 02_merge INFO   VERSIONS s3cq8: {'s3cq8': ['EICV2'], 's3cq8_v2': ['EICV1']} | EICV2 vs EICV1: variable label differs ('Reason for not being vaccinated' vs 'Cost of vaccination')
16:37:18 02_merge INFO   VERSIONS s3q10: {'s3q10': ['EICV7_CS'], 's3q10_v2': ['EICV5_CS']} | EICV7_CS vs EICV5_CS: variable label differs ('Difficulty in remembering or concentrati' vs 'Difficulty in speaking/ talking _underst')
16:37:18 02_merge INFO   VERSIONS s3q11: {'s3q11': ['EICV7_CS'], 's3q11_v2': ['EICV5_CS']} | EICV7_CS vs EICV5_CS: variable label differs ('Difficulty communicating' vs 'Difficulty in self-care _such as: washin')
16:37:18 02_merge INFO   VERSIONS s3q2: {'s3q2': ['EICV7_CS'], 's3q2_v2': ['EICV5_CS'], 's3q2_v3': ['EICV4_CS']} | EICV5_CS vs EICV4_CS: variable label differs ('Main health insurance carry' vs 'Suffers from a major disability') / EICV7_CS vs EICV4_CS: variable label differs ('Is [name] currently covered by any healt' vs 'Suffers from a major disability')
16:37:18 02_merge INFO   VERSIONS s3q3: {'s3q3': ['EICV7_CS'], 's3q3_v2': ['EICV5_CS'], 's3q3_v3': ['EICV4_CS']} | EICV5_CS vs EICV4_CS: variable label differs ('Suffer from any health problem in the la' vs 'Main health insurance') / EICV7_CS vs EICV4_CS: value labels differ -- 1: 'CBHI (Mutuelle de Sante)' vs 'RAMA'; 2: 'RSSB (former RAMA)' vs 'Mutual insurance'; 3: 'MMI' vs 'Employer'
16:37:18 02_merge INFO   VERSIONS s3q4: {'s3q4': ['EICV7_CS'], 's3q4_v2': ['EICV5_CS'], 's3q4_v3': ['EICV4_CS']} | EICV5_CS vs EICV4_CS: variable label differs ('Medical consultation in the over last 4 ' vs 'Suffered from health problem in the last') / EICV7_CS vs EICV4_CS: variable label differs ('Suffer from an illness or injury over th' vs 'Suffered from health problem in the last')
16:37:18 02_merge INFO   VERSIONS s3q5: {'s3q5': ['EICV7_CS'], 's3q5_v2': ['EICV5_CS'], 's3q5_v3': ['EICV4_CS']} | EICV5_CS vs EICV4_CS: variable label differs ('Main reason for medical consultation' vs 'Nature of the health problem') / EICV7_CS vs EICV4_CS: variable label differs ('Medical consultation in the over last 4 ' vs 'Nature of the health problem')
16:37:18 02_merge INFO   VERSIONS s3q6: {'s3q6': ['EICV7_CS'], 's3q6_v2': ['EICV5_CS'], 's3q6_v3': ['EICV4_CS']} | EICV5_CS vs EICV4_CS: variable label differs ('Difficulty in seeing' vs 'Medical consultation over the last 4 wee') / EICV7_CS vs EICV4_CS: variable label differs ('Main reason for medical consultation' vs 'Medical consultation over the last 4 wee')
16:37:18 02_merge INFO   VERSIONS s3q7: {'s3q7': ['EICV7_CS'], 's3q7_v2': ['EICV5_CS'], 's3q7_v3': ['EICV4_CS']} | EICV5_CS vs EICV4_CS: variable label differs ('Difficulty hearing' vs 'Reason for medical consultation') / EICV7_CS: FORCE_SPLIT
16:37:18 02_merge INFO   VERSIONS s3q8: {'s3q8': ['EICV7_CS'], 's3q8_v2': ['EICV5_CS']} | EICV7_CS: FORCE_SPLIT
16:37:18 02_merge INFO   VERSIONS s3q9: {'s3q9': ['EICV7_CS'], 's3q9_v2': ['EICV5_CS']} | EICV7_CS: FORCE_SPLIT
16:37:18 02_merge INFO   VERSIONS s4aq1: {'s4aq1': ['EICV4_CS', 'EICV5_CS', 'EICV7_CS'], 's4aq1_v2': ['EICV3'], 's4aq1_v3': ['EICV1']} | EICV3 vs EICV1: variable label differs ('PID of respondent' vs 'ID of person interviewed') / EICV4_CS vs EICV1: variable label differs ('Ever been to school' vs 'ID of person interviewed')
16:37:18 02_merge INFO   VERSIONS s4aq10: {'s4aq10': ['EICV4_CS', 'EICV5_CS'], 's4aq10_v2': ['EICV7_CS']} | EICV7_CS vs EICV4_CS: variable label differs ('Reason for delaying start the school?' vs 'School has separate toilet facilities fo')
16:37:18 02_merge INFO   VERSIONS s4aq11g: {'s4aq11g': ['EICV5_CS'], 's4aq11g_v2': ['EICV4_CS']} | EICV5_CS vs EICV4_CS: variable label differs ('Other schooling expenditures' vs 'Other school expenses')
16:37:18 02_merge INFO   VERSIONS s4aq12: {'s4aq12': ['EICV5_CS'], 's4aq12_v2': ['EICV4_CS']} | EICV5_CS vs EICV4_CS: variable label differs ('Responsible for payment of majority of s' vs 'Who paid school expenses over last 12 mo')
16:37:18 02_merge INFO   VERSIONS s4aq15: {'s4aq15': ['EICV4_CS', 'EICV5_CS'], 's4aq15_v2': ['EICV7_CS']} | EICV7_CS vs EICV4_CS: variable label differs ('Responsible for payment of majority of s' vs 'Cause of not attending school')
16:37:18 02_merge INFO   VERSIONS s4aq16: {'s4aq16': ['EICV4_CS', 'EICV5_CS'], 's4aq16_v2': ['EICV7_CS']} | EICV7_CS vs EICV4_CS: variable label differs ('Absence at school in last 7 days' vs 'Year left school')
16:37:18 02_merge INFO   VERSIONS s4aq17: {'s4aq17': ['EICV4_CS', 'EICV5_CS'], 's4aq17_v2': ['EICV7_CS']} | EICV7_CS vs EICV4_CS: variable label differs ('School days not attend last week' vs 'Reason for leaving school')
16:37:18 02_merge INFO   VERSIONS s4aq2: {'s4aq2': ['EICV7_CS'], 's4aq2_v2': ['EICV5_CS'], 's4aq2_v3': ['EICV4_CS'], 's4aq2_v4': ['EICV3'], 's4aq2_v5': ['EICV1']} | EICV3 vs EICV1: variable label differs ('Always lived in the district' vs 'Worked for wages during last 12 months?') / EICV4_CS vs EICV1: variable label differs ('Highest class successfully completed' vs 'Worked for wages during last 12 months?')
16:37:18 02_merge INFO   VERSIONS s4aq3: {'s4aq3': ['EICV7_CS'], 's4aq3_v2': ['EICV5_CS'], 's4aq3_v3': ['EICV4_CS'], 's4aq3_v4': ['EICV1']} | EICV4_CS vs EICV1: variable label differs ('Highest diploma obtained' vs 'Self-employment income?') / EICV5_CS vs EICV1: variable label differs ('Highest diploma/certificate/ degree you ' vs 'Self-employment income?')
16:37:18 02_merge INFO   VERSIONS s4aq4: {'s4aq4': ['EICV3'], 's4aq4_v2': ['EICV1']} | EICV3 vs EICV1: variable label differs ('District or foreign country lived prior ' vs 'Worked as a farm labourer?')
16:37:18 02_merge INFO   VERSIONS s4aq4b: {'s4aq4b': ['EICV5_CS'], 's4aq4b_v2': ['EICV4_CS']} | EICV5_CS vs EICV4_CS: EICV5_CS is unlabelled and its values reach 8613, beyond the labelled codes (1-86)
16:37:18 02_merge INFO   VERSIONS s4aq5: {'s4aq5': ['EICV4_CS', 'EICV5_CS'], 's4aq5_v2': ['EICV3'], 's4aq5_v3': ['EICV1']} | EICV3 vs EICV1: variable label differs ('Kind of place lived prior to current pla' vs 'Worked for a Household enterprise?') / EICV4_CS vs EICV1: variable label differs ('Last higher institution attended' vs 'Worked for a Household enterprise?')
16:37:18 02_merge INFO   VERSIONS s4aq6: {'s4aq6': ['EICV3'], 's4aq6_v2': ['EICV1']} | EICV3 vs EICV1: variable label differs ('Duration lived in the previuos location ' vs 'What kind of work over the last 12 month')
16:37:18 02_merge INFO   VERSIONS s4aq6a: {'s4aq6a': ['EICV7_CS'], 's4aq6a_v2': ['EICV5_CS'], 's4aq6a_v3': ['EICV4_CS']} | EICV5_CS vs EICV4_CS: variable label differs ('Class attended in 2015' vs 'Class attended during school year 2012') / EICV7_CS vs EICV4_CS: variable label differs ('Class attended in 2022/2023' vs 'Class attended during school year 2012')
16:37:18 02_merge INFO   VERSIONS s4aq6b: {'s4aq6b': ['EICV7_CS'], 's4aq6b_v2': ['EICV5_CS'], 's4aq6b_v3': ['EICV4_CS']} | EICV5_CS vs EICV4_CS: variable label differs ('Class attended in 2016' vs 'Class attended during school year 2013') / EICV7_CS vs EICV4_CS: variable label differs ('Class attended in 2023/2024' vs 'Class attended during school year 2013')
16:37:18 02_merge INFO   VERSIONS s4aq6c: {'s4aq6c': ['EICV7_CS'], 's4aq6c_v2': ['EICV5_CS']} | EICV7_CS vs EICV5_CS: variable label differs ('Class attended in 2024/2025' vs 'Cause of repeat the 2015 class in 2016')
16:37:18 02_merge INFO   VERSIONS s4aq7: {'s4aq7': ['EICV4_CS', 'EICV5_CS', 'EICV7_CS'], 's4aq7_v2': ['EICV3'], 's4aq7_v3': ['EICV1']} | EICV1: FORCE_SPLIT / EICV4_CS vs EICV3: variable label differs ('Attended school in previous 12 months' vs 'Primary reason for moving')
16:37:18 02_merge INFO   VERSIONS s4aq8: {'s4aq8': ['EICV7_CS'], 's4aq8_v2': ['EICV5_CS'], 's4aq8_v3': ['EICV4_CS'], 's4aq8_v4': ['EICV3'], 's4aq8_v5': ['EICV1']} | EICV3 vs EICV1: variable label differs ('Who you moved with' vs 'Describe type of work') / EICV4_CS vs EICV1: variable label differs ('Type of school attended in previous 12 m' vs 'Describe type of work')
16:37:18 02_merge INFO   VERSIONS s4aq9: {'s4aq9': ['EICV7_CS'], 's4aq9_v2': ['EICV5_CS'], 's4aq9_v3': ['EICV4_CS'], 's4aq9_v4': ['EICV1']} | EICV4_CS vs EICV1: variable label differs ('Problem experienced at school' vs 'Other work concurrent with main occupati') / EICV5_CS vs EICV1: variable label differs ('Problems with school' vs 'Other work concurrent with main occupati')
16:37:18 02_merge INFO   VERSIONS s4bq1: {'s4bq1': ['EICV5_CS', 'EICV7_CS'], 's4bq1_v2': ['EICV4_CS'], 's4bq1_v3': ['EICV3'], 's4bq1_v4': ['EICV1']} | EICV3 vs EICV1: variable label differs ('Take a domestic trip in the mast 12 mont' vs 'ID of person interviewed') / EICV4_CS vs EICV1: variable label differs ('Post-school/vocational training in last ' vs 'ID of person interviewed')
16:37:18 02_merge INFO   VERSIONS s4bq10: {'s4bq10': ['EICV7_CS'], 's4bq10_v2': ['EICV3']} | EICV7_CS vs EICV3: variable label differs ('type of phone do you own?' vs 'Number of people covered by expenditure')
16:37:18 02_merge INFO   VERSIONS s4bq11: {'s4bq11': ['EICV7_CS'], 's4bq11_v2': ['EICV1']} | EICV7_CS vs EICV1: variable label differs ('reasons for not having a smartphone' vs 'Did you receive money for this work?')
16:37:18 02_merge INFO   VERSIONS s4bq13a: {'s4bq13a': ['EICV7_CS'], 's4bq13a_v2': ['EICV1']} | EICV7_CS vs EICV1: variable label differs ('Own a computer' vs 'Number of hours worked for this money?')
16:37:18 02_merge INFO   VERSIONS s4bq13b: {'s4bq13b': ['EICV7_CS'], 's4bq13b_v2': ['EICV1']} | EICV7_CS vs EICV1: variable label differs ('Computer literacy' vs 'Time unit - hours worked for this money')
16:37:18 02_merge INFO   VERSIONS s4bq15: {'s4bq15': ['EICV7_CS'], 's4bq15_v2': ['EICV1']} | EICV7_CS vs EICV1: variable label differs ('Used of internet in the last 3 months' vs 'Sector worked')
16:37:18 02_merge INFO   VERSIONS s4bq16: {'s4bq16': ['EICV7_CS'], 's4bq16_v2': ['EICV1']} | EICV7_CS vs EICV1: variable label differs ('Reason for not using internet in the las' vs 'Taxes deducted from pay?')
16:37:18 02_merge INFO   VERSIONS s4bq17: {'s4bq17': ['EICV7_CS'], 's4bq17_v2': ['EICV1']} | EICV7_CS vs EICV1: variable label differs ('How often did use the internet in the la' vs 'Bonuses, commissions or allowance receiv')
16:37:18 02_merge INFO   VERSIONS s4bq19: {'s4bq19': ['EICV7_CS'], 's4bq19_v2': ['EICV1']} | EICV7_CS vs EICV1: variable label differs ('Use of internet in the last three months' vs 'Amounts already included in S4BQ12?')
16:37:18 02_merge INFO   VERSIONS s4bq2: {'s4bq2': ['EICV5_CS', 'EICV7_CS'], 's4bq2_v2': ['EICV4_CS'], 's4bq2_v3': ['EICV3'], 's4bq2_v4': ['EICV1']} | EICV3 vs EICV1: variable label differs ('How many domestic trips taken in the las' vs 'Trade, service or industry code') / EICV4_CS vs EICV1: variable label differs ('Expense of post-school/vocational traini' vs 'Trade, service or industry code')
16:37:18 02_merge INFO   VERSIONS s4bq20: {'s4bq20': ['EICV7_CS'], 's4bq20_v2': ['EICV1']} | EICV7_CS vs EICV1: variable label differs ('Use of the internet in the last three mo' vs 'Did you receive payment in food, crop or')
16:37:18 02_merge INFO   VERSIONS s4bq22: {'s4bq22': ['EICV7_CS'], 's4bq22_v2': ['EICV1']} | EICV7_CS vs EICV1: variable label differs ('Use of internet on social media in the l' vs 'Any other forms of payment?')
16:37:18 02_merge INFO   VERSIONS s4bq23a: {'s4bq23a': ['EICV7_CS'], 's4bq23a_v2': ['EICV1']} | EICV7_CS vs EICV1: variable label differs ('Use only USSD code  to access E-services' vs 'Value of other forms of payments')
16:37:18 02_merge INFO   VERSIONS s4bq23b: {'s4bq23b': ['EICV7_CS'], 's4bq23b_v2': ['EICV1']} | EICV7_CS vs EICV1: variable label differs ('Use application based system  to access ' vs 'Time unit - other forms of payments')
16:37:18 02_merge INFO   VERSIONS s4bq25: {'s4bq25': ['EICV7_CS'], 's4bq25_v2': ['EICV1']} | EICV7_CS vs EICV1: variable label differs ('Use the internet from  in the last 3 mon' vs 'Are you in a trade union?')
16:37:18 02_merge INFO   VERSIONS s4bq26: {'s4bq26': ['EICV7_CS'], 's4bq26_v2': ['EICV1']} | EICV7_CS vs EICV1: variable label differs ('Type of device used in accessing social ' vs 'Entitled to paid holidays?')
16:37:18 02_merge INFO   VERSIONS s4bq3: {'s4bq3': ['EICV5_CS', 'EICV7_CS'], 's4bq3_v2': ['EICV4_CS']} | EICV5_CS vs EICV4_CS: variable label differs ('Have you attended a literacy course?' vs 'Can read a letter or a simple note') / EICV7_CS vs EICV4_CS: variable label differs ('Have you attended a literacy course?' vs 'Can read a letter or a simple note')
16:37:18 02_merge INFO   VERSIONS s4bq3a: {'s4bq3a': ['EICV3'], 's4bq3a_v2': ['EICV1']} | EICV3 vs EICV1: variable label differs ('Day trips taken in the last 12 months' vs 'Length of time in trade-years?')
16:37:18 02_merge INFO   VERSIONS s4bq3b: {'s4bq3b': ['EICV3'], 's4bq3b_v2': ['EICV1']} | EICV3 vs EICV1: variable label differs ('Over night trips taken in the last 12 mo' vs 'Length of time in trade-months?')
16:37:18 02_merge INFO   VERSIONS s4bq4: {'s4bq4': ['EICV5_CS', 'EICV7_CS'], 's4bq4_v2': ['EICV4_CS'], 's4bq4_v3': ['EICV3'], 's4bq4_v4': ['EICV1']} | EICV3 vs EICV1: variable label differs ('Principal destination on the last trip' vs 'Are you still doing the same work?') / EICV4_CS: FORCE_SPLIT
16:37:18 02_merge INFO   VERSIONS s4bq5: {'s4bq5': ['EICV7_CS'], 's4bq5_v2': ['EICV5_CS'], 's4bq5_v3': ['EICV4_CS'], 's4bq5_v4': ['EICV3'], 's4bq5_v5': ['EICV1']} | EICV3 vs EICV1: variable label differs ('Main purpose of the visit' vs 'Why are you not doing the same work?') / EICV4_CS vs EICV1: variable label differs ('Can perform a written calculation' vs 'Why are you not doing the same work?')
16:37:18 02_merge INFO   VERSIONS s4bq6: {'s4bq6': ['EICV7_CS'], 's4bq6_v2': ['EICV5_CS'], 's4bq6_v3': ['EICV4_CS'], 's4bq6_v4': ['EICV3'], 's4bq6_v5': ['EICV1']} | EICV3 vs EICV1: variable label differs ('Nights away on the most recent trip' vs 'Has father/mother done same work?') / EICV4_CS vs EICV1: variable label differs ('Feels confident about using a computer' vs 'Has father/mother done same work?')
16:37:18 02_merge INFO   VERSIONS s4bq7: {'s4bq7': ['EICV7_CS'], 's4bq7_v2': ['EICV5_CS'], 's4bq7_v3': ['EICV4_CS'], 's4bq7_v4': ['EICV3']} | EICV4_CS vs EICV3: variable label differs ('Attended literacy course' vs 'Main type of accomodation on the most re') / EICV5_CS vs EICV3: variable label differs ('Have a mobile telephone' vs 'Main type of accomodation on the most re')
16:37:18 02_merge INFO   VERSIONS s4bq7a: {'s4bq7a': ['EICV5_CS'], 's4bq7a_v2': ['EICV1']} | EICV5_CS vs EICV1: variable label differs ('Phone has radio and/or internet function' vs 'How many months did you work?')
16:37:18 02_merge INFO   VERSIONS s4bq8: {'s4bq8': ['EICV4_CS', 'EICV7_CS'], 's4bq8_v2': ['EICV3'], 's4bq8_v3': ['EICV1']} | EICV3 vs EICV1: variable label differs ('Mode of transport' vs 'During these weeks, how many days worked') / EICV4_CS vs EICV1: variable label differs ('Has a mobile telephone' vs 'During these weeks, how many days worked')
16:37:18 02_merge INFO   VERSIONS s4bq9: {'s4bq9': ['EICV7_CS'], 's4bq9_v2': ['EICV1']} | EICV7_CS vs EICV1: variable label differs ('Phone functionalities. Owned by ...' vs 'How many hours per day worked (include t')
16:37:18 02_merge INFO   VERSIONS s4bq9a: {'s4bq9a': ['EICV5_CS'], 's4bq9a_v2': ['EICV3']} | EICV5_CS vs EICV3: variable label differs ('Copying or moving a file or a folder' vs 'Amount spent on accomodation')
16:37:18 02_merge INFO   VERSIONS s4bq9b: {'s4bq9b': ['EICV5_CS'], 's4bq9b_v2': ['EICV3']} | EICV5_CS vs EICV3: variable label differs ('Using copy and paste tools to duplicate ' vs 'Amount spent on food and beverages')
16:37:18 02_merge INFO   VERSIONS s4bq9c: {'s4bq9c': ['EICV5_CS'], 's4bq9c_v2': ['EICV3']} | EICV5_CS vs EICV3: variable label differs ('Sending e-mails with attached files' vs 'Amount spent on transport')
16:37:18 02_merge INFO   VERSIONS s4bq9d: {'s4bq9d': ['EICV5_CS'], 's4bq9d_v2': ['EICV3']} | EICV5_CS vs EICV3: variable label differs ('Using basic arithmetic formulae in a spr' vs 'Amount spent on tour guides')
16:37:18 02_merge INFO   VERSIONS s4bq9e: {'s4bq9e': ['EICV5_CS'], 's4bq9e_v2': ['EICV3']} | EICV5_CS vs EICV3: variable label differs ('Connecting and installing new devices' vs 'Amount spent on recreation or entertainm')
16:37:18 02_merge INFO   VERSIONS s4bq9f: {'s4bq9f': ['EICV5_CS'], 's4bq9f_v2': ['EICV3']} | EICV5_CS vs EICV3: variable label differs ('Finding, downloading, installing and con' vs 'Amount spent shopping')
16:37:18 02_merge INFO   VERSIONS s4bq9g: {'s4bq9g': ['EICV5_CS'], 's4bq9g_v2': ['EICV3']} | EICV5_CS vs EICV3: variable label differs ('Creating electronic presentations with p' vs 'Amount spent on other services')
16:37:18 02_merge INFO   VERSIONS s4bq9h: {'s4bq9h': ['EICV5_CS'], 's4bq9h_v2': ['EICV3']} | EICV5_CS vs EICV3: variable label differs ('Transferring files between a computer an' vs 'Total amount spent on last trip')
16:37:19 02_merge INFO   VERSIONS s6aq2: {'s6aq2': ['EICV5_CS', 'EICV7_CS'], 's6aq2_v2': ['EICV4_CS'], 's6aq2_v3': ['EICV3'], 's6aq2_v4': ['EICV2']} | EICV3 vs EICV2: variable label differs ('Cultivated own farm in the alsat 12 mont' vs 'Worked for wages or salary') / EICV4_CS vs EICV2: variable label differs ('Work on own/HH farm (last 12 months)' vs 'Worked for wages or salary')
16:37:19 02_merge INFO   VERSIONS s6aq3: {'s6aq3': ['EICV7_CS'], 's6aq3_v2': ['EICV5_CS'], 's6aq3_v3': ['EICV4_CS'], 's6aq3_v4': ['EICV3'], 's6aq3_v5': ['EICV2']} | EICV3 vs EICV2: variable label differs ('Paid agricultural activity in the last 1' vs 'Non-farm economic activity') / EICV4_CS vs EICV2: variable label differs ('Agricultural work for salary, wages, in-' vs 'Non-farm economic activity')
16:37:19 02_merge INFO   VERSIONS s6aq4: {'s6aq4': ['EICV3', 'EICV4_CS', 'EICV5_CS'], 's6aq4_v2': ['EICV7_CS'], 's6aq4_v3': ['EICV2']} | EICV3 vs EICV2: variable label differs ('Worked fo salary or wages in non-farm se' vs 'Agricultural activity, fishing or forest') / EICV4_CS vs EICV2: variable label differs ('Non-farm work for salary or wages (last ' vs 'Agricultural activity, fishing or forest')
16:37:19 02_merge INFO   VERSIONS s6aq5: {'s6aq5': ['EICV3', 'EICV4_CS', 'EICV5_CS'], 's6aq5_v2': ['EICV7_CS'], 's6aq5_v3': ['EICV2']} | EICV3 vs EICV2: variable label differs ('Run a non-fram business for cash or prof' vs 'Non-compensated work for an enterprise') / EICV4_CS vs EICV2: variable label differs ('Non-farm business for cash/profit (last ' vs 'Non-compensated work for an enterprise')
16:37:19 02_merge INFO   VERSIONS s6aq6: {'s6aq6': ['EICV4_CS', 'EICV5_CS'], 's6aq6_v2': ['EICV7_CS'], 's6aq6_v3': ['EICV3'], 's6aq6_v4': ['EICV2']} | EICV3: FORCE_SPLIT / EICV4_CS vs EICV2: variable label differs ('Worked in HH member non-farm business fo' vs 'Current employment status')
16:37:19 02_merge INFO   VERSIONS s6aq7: {'s6aq7': ['EICV7_CS'], 's6aq7_v2': ['EICV3']} | EICV7_CS vs EICV3: variable label differs ('Worked in a non-fam business' vs 'Occupational status over last 12 months')
16:37:19 02_merge INFO   VERSIONS s6aq8: {'s6aq8': ['EICV7_CS'], 's6aq8_v2': ['EICV5_CS'], 's6aq8_v3': ['EICV4_CS']} | EICV5_CS: FORCE_SPLIT / EICV7_CS vs EICV4_CS: variable label differs ('work as an unpaid trainee worker or as a' vs 'Main reason for not working (last 12 mon')
16:37:19 02_merge INFO   VERSIONS s6aq9: {'s6aq9': ['EICV7_CS'], 's6aq9_v2': ['EICV5_CS']} | EICV7_CS vs EICV5_CS: variable label differs ('any economic activity (job, business or ' vs 'Main reason not working over the last')
16:37:19 02_merge INFO   VERSIONS s6bq1: {'s6bq1': ['EICV2', 'EICV3'], 's6bq1_v2': ['EICV7_CS']} | EICV7_CS vs EICV2: EICV7_CS is unlabelled and its values reach 120, beyond the labelled codes (1-2)
16:37:19 02_merge INFO   VERSIONS s6bq2: {'s6bq2': ['EICV7_CS'], 's6bq2_v2': ['EICV3'], 's6bq2_v3': ['EICV2']} | EICV3 vs EICV2: variable label differs ('Reason not worked last 7 days' vs 'Reason for not working at least one hour') / EICV7_CS vs EICV2: variable label differs ('Hours  actually work in all economic act' vs 'Reason for not working at least one hour')
16:37:19 02_merge INFO   VERSIONS s6bq3: {'s6bq3': ['EICV7_CS'], 's6bq3_v2': ['EICV3'], 's6bq3_v3': ['EICV2']} | EICV3 vs EICV2: variable label differs ('Wish of additional or new employment' vs 'Desire other work') / EICV7_CS vs EICV2: variable label differs ('ISCO level 1' vs 'Desire other work')
16:37:19 02_merge INFO   VERSIONS s6bq4: {'s6bq4': ['EICV7_CS'], 's6bq4_v2': ['EICV3'], 's6bq4_v3': ['EICV2']} | EICV2: FORCE_SPLIT / EICV7_CS vs EICV3: variable label differs ('ISIC level 1' vs 'Reason more employment not needed')
16:37:19 02_merge INFO   VERSIONS s6bq5: {'s6bq5': ['EICV7_CS'], 's6bq5_v2': ['EICV3'], 's6bq5_v3': ['EICV2']} | EICV3 vs EICV2: variable label differs ('Number of desired extra work hours per w' vs 'Time since the last search for work') / EICV7_CS vs EICV2: variable label differs ('What is [NAME]?s institutional sector of' vs 'Time since the last search for work')
16:37:19 02_merge INFO   VERSIONS s6bq6a: {'s6bq6a': ['EICV3'], 's6bq6a_v2': ['EICV2']} | EICV3 vs EICV2: variable label differs ('Something done to secure employment-1' vs 'Activity 1 undertaken in search of emplo')
16:37:19 02_merge INFO   VERSIONS s6bq6b: {'s6bq6b': ['EICV3'], 's6bq6b_v2': ['EICV2']} | EICV3 vs EICV2: variable label differs ('Something done to secure employment-2' vs 'Activity 2 undertaken in search of emplo')
16:37:19 02_merge INFO   VERSIONS s6bq7: {'s6bq7': ['EICV7_CS'], 's6bq7_v2': ['EICV3'], 's6bq7_v3': ['EICV2']} | EICV3 vs EICV2: variable label differs ('Full-time salaried position ever' vs 'Ever been employed for wages or salary f') / EICV7_CS vs EICV2: variable label differs ('What is [NAME]?s status in economic acti' vs 'Ever been employed for wages or salary f')
16:37:19 02_merge INFO   VERSIONS s6bq8: {'s6bq8': ['EICV7_CS'], 's6bq8_v2': ['EICV3'], 's6bq8_v3': ['EICV2']} | EICV3 vs EICV2: variable label differs ('Kind of employer in last full-time salar' vs 'Last salary or wage full-time employment') / EICV7_CS vs EICV2: variable label differs ('Nature of [names]s? economic activity co' vs 'Last salary or wage full-time employment')
16:37:19 02_merge INFO   VERSIONS s6bq9a: {'s6bq9a': ['EICV7_CS'], 's6bq9a_v2': ['EICV2']} | EICV7_CS vs EICV2: variable label differs ('usually earn in this main job (Amount)' vs 'Years since last salaried work')
16:37:19 02_merge INFO   VERSIONS s6bq9b: {'s6bq9b': ['EICV7_CS'], 's6bq9b_v2': ['EICV2']} | EICV7_CS vs EICV2: variable label differs ('usually earn in this main job (Unit)' vs 'Months since last salaried work')
16:37:19 02_merge INFO   VERSIONS s6cq1: {'s6cq1': ['EICV7_CS'], 's6cq1_v2': ['EICV2']} | EICV7_CS vs EICV2: variable label differs ('Over the last 7 days, fetch water for th' vs 'Gathering wood')
16:37:19 02_merge INFO   VERSIONS s6cq10: {'s6cq10': ['EICV7_CS'], 's6cq10_v2': ['EICV2']} | EICV7_CS vs EICV2: variable label differs ('How many hours did spend cooking over th' vs 'Time spent at other household chores (ho')
16:37:19 02_merge INFO   VERSIONS s6cq2: {'s6cq2': ['EICV7_CS'], 's6cq2_v2': ['EICV2']} | EICV7_CS vs EICV2: variable label differs ('Number of hours spend fetching water ove' vs 'Time spent gathering wood (hours)')
16:37:19 02_merge INFO   VERSIONS s6cq3: {'s6cq3': ['EICV7_CS'], 's6cq3_v2': ['EICV2']} | EICV7_CS vs EICV2: variable label differs ('Over the last 7 days,   forage for firew' vs 'Fetching water')
16:37:19 02_merge INFO   VERSIONS s6cq4: {'s6cq4': ['EICV7_CS'], 's6cq4_v2': ['EICV2']} | EICV7_CS vs EICV2: variable label differs ('How many hours    spend foraging for woo' vs 'Time spent fetching water (hours)')
16:37:19 02_merge INFO   VERSIONS s6cq5: {'s6cq5': ['EICV7_CS'], 's6cq5_v2': ['EICV2']} | EICV7_CS vs EICV2: variable label differs ('Over the last 7 days, searching for  fod' vs 'At the market')
16:37:19 02_merge INFO   VERSIONS s6cq6: {'s6cq6': ['EICV7_CS'], 's6cq6_v2': ['EICV2']} | EICV7_CS vs EICV2: variable label differs ('How many hours spend  caring for or sear' vs 'Time spent at the market (hours)')
16:37:19 02_merge INFO   VERSIONS s6cq7: {'s6cq7': ['EICV7_CS'], 's6cq7_v2': ['EICV2']} | EICV7_CS vs EICV2: variable label differs ('Over the last 7 days, did go to the mark' vs 'Cooking')
16:37:19 02_merge INFO   VERSIONS s6cq8: {'s6cq8': ['EICV7_CS'], 's6cq8_v2': ['EICV2']} | EICV7_CS vs EICV2: variable label differs ('How many hours did spend going to market' vs 'Time spent cooking (hours)')
16:37:19 02_merge INFO   VERSIONS s6cq9: {'s6cq9': ['EICV7_CS'], 's6cq9_v2': ['EICV2']} | EICV7_CS vs EICV2: variable label differs ('Over the last 7 days, did cook for the h' vs 'Other household chores')
16:37:19 02_merge INFO   VERSIONS s6eq1: {'s6eq1': ['EICV5_CS'], 's6eq1_v2': ['EICV4_CS']} | EICV5_CS vs EICV4_CS: variable label differs ('Over last 7 days gather, collect or purc' vs 'Worked for one hour in the last 7 days i')
16:37:19 02_merge INFO   VERSIONS s6eq2: {'s6eq2': ['EICV5_CS'], 's6eq2_v2': ['EICV4_CS']} | EICV5_CS vs EICV4_CS: variable label differs ('Total minutes for Gathering, collecting ' vs 'Usually works but absent last week')
16:37:19 02_merge INFO   VERSIONS s6eq3: {'s6eq3': ['EICV5_CS'], 's6eq3_v2': ['EICV4_CS']} | EICV5_CS vs EICV4_CS: variable label differs ('Main fuel and the main cook stove over t' vs 'Reason for absence from work; last 7 day')
16:37:19 02_merge INFO   VERSIONS s6eq4: {'s6eq4': ['EICV5_CS'], 's6eq4_v2': ['EICV4_CS'], 's6eq4_v3': ['EICV2']} | EICV4_CS vs EICV2: variable label differs ('Usual hours worked in job; 7 day period' vs 'Sector') / EICV5_CS vs EICV2: variable label differs ('Total minutes for main fuel and main coo' vs 'Sector')
16:37:19 02_merge INFO   VERSIONS s6eq5: {'s6eq5': ['EICV5_CS'], 's6eq5_v2': ['EICV4_CS']} | EICV5_CS vs EICV4_CS: variable label differs ('Cooking on the main cook stove over the ' vs 'Worked in other activities in the last 7')
16:37:19 02_merge INFO   VERSIONS s6eq6: {'s6eq6': ['EICV5_CS'], 's6eq6_v2': ['EICV4_CS']} | EICV5_CS vs EICV4_CS: variable label differs ('Total minutes spent Cooking on the main ' vs 'Reason not working in the last 7 days')
16:37:20 02_merge INFO   VERSIONS secocc: {'secocc': ['EICV2'], 'secocc_v2': ['EICV1']} | EICV2 vs EICV1: variable label differs ('Occupation code' vs 'SecondOccupation - Grouped')
16:37:20 02_merge INFO   VERSIONS secsubs: {'secsubs': ['EICV2'], 'secsubs_v2': ['EICV1']} | EICV2 vs EICV1: variable label differs ('Sec Job Subsistence' vs '2nd job Independent farmer or unpaid fam')
16:37:20 02_merge INFO   VERSIONS subsistence: {'subsistence': ['EICV2'], 'subsistence_v2': ['EICV1']} | EICV2 vs EICV1: variable label differs ('Main Job Subsistence' vs 'Independent farmer or unpaid family farm')
16:37:20 02_merge INFO   VERSIONS workstats: {'workstats': ['EICV2'], 'workstats_v2': ['EICV1']} | EICV2 vs EICV1: variable label differs ('Usual Work Status' vs 'Work Status as EICV2')
16:37:20 02_merge INFO   63 variables with codes observed outside their own value labels (stale labels)
16:37:45 02_merge INFO PASS  EICV_pooled_person.dta: pooled rows == sum of wave rows
16:37:45 02_merge INFO PASS  EICV_pooled_person.dta: EICV1 sum wt preserved
16:37:45 02_merge INFO PASS  EICV_pooled_person.dta: EICV2 sum wt preserved
16:37:45 02_merge INFO PASS  EICV_pooled_person.dta: EICV3 sum wt preserved
16:37:45 02_merge INFO PASS  EICV_pooled_person.dta: EICV4_CS sum wt preserved
16:37:45 02_merge INFO PASS  EICV_pooled_person.dta: EICV5_CS sum wt preserved
16:37:45 02_merge INFO PASS  EICV_pooled_person.dta: EICV7_CS sum wt preserved
16:37:52 02_merge INFO wrote EICV_pooled_person.dta  (327,841 rows x 1180 vars, 567.9 MB)
16:37:52 02_merge INFO ---------------- EICV_pooled_person_vup.dta (['EICV4_VUP', 'EICV5_VUP', 'EICV7_VUP'])
16:37:52 02_merge INFO   loaded EICV4_VUP  EICV_EICV4_VUP_person_clean.dta                            10,606 rows x  130
16:37:52 02_merge INFO   loaded EICV5_VUP  EICV_EICV5_VUP_person_clean.dta                             6,596 rows x  148
16:37:53 02_merge INFO   loaded EICV7_VUP  EICV_EICV7_VUP_person_clean.dta                            15,039 rows x  312
16:37:53 02_merge INFO   VERSIONS poverty: {'poverty': ['EICV7_VUP'], 'poverty_v2': ['EICV4_VUP']} | EICV7_VUP vs EICV4_VUP: variable label differs ('Welfare Categories' vs 'POVERTY')
16:37:53 02_merge INFO   VERSIONS quintile: {'quintile': ['EICV7_VUP'], 'quintile_v2': ['EICV4_VUP']} | EICV7_VUP vs EICV4_VUP: variable label differs ('Quintiles of real consumption per ae' vs 'QUINTILE')
16:37:53 02_merge INFO   VERSIONS s1q10: {'s1q10': ['EICV7_VUP'], 's1q10_v2': ['EICV5_VUP'], 's1q10_v3': ['EICV4_VUP']} | EICV5_VUP vs EICV4_VUP: variable label differs ('Resident of another household in the las' vs 'Lived in another HH during absence') / EICV7_VUP vs EICV4_VUP: variable label differs ('Will be resident in the household during' vs 'Lived in another HH during absence')
16:37:53 02_merge INFO   VERSIONS s1q11: {'s1q11': ['EICV4_VUP', 'EICV5_VUP'], 's1q11_v2': ['EICV7_VUP']} | EICV7_VUP vs EICV4_VUP: variable label differs ('primary n reason for absence during enum' vs 'Will be resident during enumeration peri')
16:37:53 02_merge INFO   VERSIONS s1q12: {'s1q12': ['EICV7_VUP'], 's1q12_v2': ['EICV5_VUP'], 's1q12_v3': ['EICV4_VUP']} | EICV5_VUP vs EICV4_VUP: variable label differs ('Main reason for absence during enumerati' vs 'Reason for absence') / EICV7_VUP vs EICV4_VUP: variable label differs ('Father still alive' vs 'Reason for absence')
16:37:53 02_merge INFO   VERSIONS s1q13: {'s1q13': ['EICV7_VUP'], 's1q13_v2': ['EICV5_VUP'], 's1q13_v3': ['EICV4_VUP']} | EICV5_VUP vs EICV4_VUP: variable label differs ('Major disability' vs 'Father still alive') / EICV7_VUP: FORCE_SPLIT
16:37:53 02_merge INFO   VERSIONS s1q14: {'s1q14': ['EICV7_VUP'], 's1q14_v2': ['EICV5_VUP'], 's1q14_v3': ['EICV4_VUP']} | EICV5_VUP: FORCE_SPLIT / EICV7_VUP: FORCE_SPLIT
16:37:53 02_merge INFO   VERSIONS s1q15: {'s1q15': ['EICV5_VUP'], 's1q15_v2': ['EICV4_VUP']} | EICV5_VUP vs EICV4_VUP: variable label differs ('Mother still alive' vs 'HH membership')
16:37:53 02_merge INFO   VERSIONS s1q2: {'s1q2': ['EICV4_VUP', 'EICV5_VUP'], 's1q2_v2': ['EICV7_VUP']} | EICV7_VUP vs EICV4_VUP: value labels differ -- 5: 'Parent of HH' vs 'Father or mother of HH'; 10: 'Nephew/Niece' vs 'Other relationship to HH'
16:37:53 02_merge INFO   VERSIONS s1q4: {'s1q4': ['EICV4_VUP', 'EICV5_VUP'], 's1q4_v2': ['EICV7_VUP']} | EICV7_VUP vs EICV4_VUP: value labels differ -- 4: 'Divorced' vs 'Living together'; 5: 'Separated' vs 'Divorced'; 6: 'Single' vs 'Separated'
16:37:53 02_merge INFO   VERSIONS s1q6: {'s1q6': ['EICV4_VUP', 'EICV5_VUP'], 's1q6_v2': ['EICV7_VUP']} | EICV7_VUP vs EICV4_VUP: value labels differ -- 60: 'Spain, Espagne' vs 'Rwandese'; 61: 'Ukraine' vs 'Burundian'; 62: 'Poland, Pologne' vs 'Congolese'
16:37:53 02_merge INFO   VERSIONS s1q7: {'s1q7': ['EICV4_VUP', 'EICV5_VUP'], 's1q7_v2': ['EICV7_VUP']} | EICV7_VUP vs EICV4_VUP: variable label differs ('how many months has been away from this ' vs 'Absent in the last 12 months')
16:37:53 02_merge INFO   VERSIONS s1q8: {'s1q8': ['EICV4_VUP', 'EICV5_VUP'], 's1q8_v2': ['EICV7_VUP']} | EICV7_VUP vs EICV4_VUP: variable label differs ('primary  reason of absence from househol' vs 'Length of absence in last 12 months')
16:37:53 02_merge INFO   VERSIONS s1q9: {'s1q9': ['EICV7_VUP'], 's1q9_v2': ['EICV5_VUP'], 's1q9_v3': ['EICV4_VUP']} | EICV5_VUP vs EICV4_VUP: variable label differs ('Main reason of absence from household in' vs 'Reason for absence') / EICV7_VUP vs EICV4_VUP: variable label differs ('Resident of another household in the las' vs 'Reason for absence')
16:37:53 02_merge INFO   VERSIONS s2q6: {'s2q6': ['EICV5_VUP', 'EICV7_VUP'], 's2q6_v2': ['EICV4_VUP']} | EICV5_VUP vs EICV4_VUP: variable label differs ('Duration lived in the previuos location ' vs 'Duration of stay in the previous locatio') / EICV7_VUP vs EICV4_VUP: variable label differs ('Duration lived in the previuos location ' vs 'Duration of stay in the previous locatio')
16:37:53 02_merge INFO   VERSIONS s2q7: {'s2q7': ['EICV7_VUP'], 's2q7_v2': ['EICV5_VUP'], 's2q7_v3': ['EICV4_VUP']} | EICV5_VUP vs EICV4_VUP: value labels differ -- 13: 'Parent/HH moved' vs 'Desire to return home'; 14: 'Inadequate access to public services/infrastructure' vs 'Parent/HH moved' / EICV7_VUP vs EICV4_VUP: value labels differ -- 13: 'Parent/HH moved' vs 'Desire to return home'; 14: 'Inadequate access to public services/infrastructure' vs 'Parent/HH moved'; 15: 'Return home' vs 'Other'
16:37:53 02_merge INFO   VERSIONS s2q8: {'s2q8': ['EICV5_VUP', 'EICV7_VUP'], 's2q8_v2': ['EICV4_VUP']} | EICV5_VUP vs EICV4_VUP: variable label differs ('Move alone or with other members of your' vs 'Moved alone or with other HH members') / EICV7_VUP vs EICV4_VUP: variable label differs ('Move alone or with other members of your' vs 'Moved alone or with other HH members')
16:37:53 02_merge INFO   VERSIONS s3q10: {'s3q10': ['EICV7_VUP'], 's3q10_v2': ['EICV5_VUP']} | EICV7_VUP vs EICV5_VUP: variable label differs ('Difficulty in remembering or concentrati' vs 'Difficulty in speaking/ talking _underst')
16:37:53 02_merge INFO   VERSIONS s3q11: {'s3q11': ['EICV7_VUP'], 's3q11_v2': ['EICV5_VUP']} | EICV7_VUP vs EICV5_VUP: variable label differs ('Difficulty communicating' vs 'Difficulty in self-care _such as: washin')
16:37:53 02_merge INFO   VERSIONS s3q2: {'s3q2': ['EICV7_VUP'], 's3q2_v2': ['EICV5_VUP'], 's3q2_v3': ['EICV4_VUP']} | EICV5_VUP vs EICV4_VUP: variable label differs ('Main health insurance carry' vs 'Suffers from a major disability') / EICV7_VUP vs EICV4_VUP: variable label differs ('Is [name] currently covered by any healt' vs 'Suffers from a major disability')
16:37:53 02_merge INFO   VERSIONS s3q3: {'s3q3': ['EICV7_VUP'], 's3q3_v2': ['EICV5_VUP'], 's3q3_v3': ['EICV4_VUP']} | EICV5_VUP vs EICV4_VUP: variable label differs ('Suffer from any health problem in the la' vs 'Main health insurance') / EICV7_VUP vs EICV4_VUP: value labels differ -- 1: 'CBHI (Mutuelle de Sante)' vs 'RAMA'; 2: 'RSSB (former RAMA)' vs 'Mutual insurance'; 3: 'MMI' vs 'Employer'
16:37:53 02_merge INFO   VERSIONS s3q4: {'s3q4': ['EICV7_VUP'], 's3q4_v2': ['EICV5_VUP'], 's3q4_v3': ['EICV4_VUP']} | EICV5_VUP vs EICV4_VUP: variable label differs ('Medical consultation in the over last 4 ' vs 'Suffered from health problem in the last') / EICV7_VUP vs EICV4_VUP: variable label differs ('Suffer from an illness or injury over th' vs 'Suffered from health problem in the last')
16:37:53 02_merge INFO   VERSIONS s3q5: {'s3q5': ['EICV7_VUP'], 's3q5_v2': ['EICV5_VUP'], 's3q5_v3': ['EICV4_VUP']} | EICV5_VUP vs EICV4_VUP: variable label differs ('Main reason for medical consultation' vs 'Nature of the health problem') / EICV7_VUP vs EICV4_VUP: variable label differs ('Medical consultation in the over last 4 ' vs 'Nature of the health problem')
16:37:53 02_merge INFO   VERSIONS s3q6: {'s3q6': ['EICV7_VUP'], 's3q6_v2': ['EICV5_VUP'], 's3q6_v3': ['EICV4_VUP']} | EICV5_VUP vs EICV4_VUP: variable label differs ('Difficulty in seeing' vs 'Medical consultation over the last 4 wee') / EICV7_VUP vs EICV4_VUP: variable label differs ('Main reason for medical consultation' vs 'Medical consultation over the last 4 wee')
16:37:53 02_merge INFO   VERSIONS s3q7: {'s3q7': ['EICV7_VUP'], 's3q7_v2': ['EICV5_VUP'], 's3q7_v3': ['EICV4_VUP']} | EICV5_VUP vs EICV4_VUP: variable label differs ('Difficulty hearing' vs 'Reason for medical consultation') / EICV7_VUP: FORCE_SPLIT
16:37:53 02_merge INFO   VERSIONS s3q8: {'s3q8': ['EICV7_VUP'], 's3q8_v2': ['EICV5_VUP']} | EICV7_VUP: FORCE_SPLIT
16:37:53 02_merge INFO   VERSIONS s3q9: {'s3q9': ['EICV7_VUP'], 's3q9_v2': ['EICV5_VUP']} | EICV7_VUP: FORCE_SPLIT
16:37:53 02_merge INFO   VERSIONS s4aq10: {'s4aq10': ['EICV4_VUP', 'EICV5_VUP'], 's4aq10_v2': ['EICV7_VUP']} | EICV7_VUP vs EICV4_VUP: variable label differs ('Reason for delaying start the school?' vs 'School has separate toilet facilities fo')
16:37:53 02_merge INFO   VERSIONS s4aq11g: {'s4aq11g': ['EICV5_VUP'], 's4aq11g_v2': ['EICV4_VUP']} | EICV5_VUP vs EICV4_VUP: variable label differs ('Other schooling expenditures' vs 'Other school expenses')
16:37:53 02_merge INFO   VERSIONS s4aq12: {'s4aq12': ['EICV5_VUP'], 's4aq12_v2': ['EICV4_VUP']} | EICV5_VUP vs EICV4_VUP: variable label differs ('Responsible for payment of majority of s' vs 'Who paid school expenses over last 12 mo')
16:37:53 02_merge INFO   VERSIONS s4aq15: {'s4aq15': ['EICV4_VUP', 'EICV5_VUP'], 's4aq15_v2': ['EICV7_VUP']} | EICV7_VUP vs EICV4_VUP: variable label differs ('Responsible for payment of majority of s' vs 'Cause of not attending school')
16:37:53 02_merge INFO   VERSIONS s4aq16: {'s4aq16': ['EICV4_VUP', 'EICV5_VUP'], 's4aq16_v2': ['EICV7_VUP']} | EICV7_VUP vs EICV4_VUP: variable label differs ('Absence at school in last 7 days' vs 'Year left school')
16:37:53 02_merge INFO   VERSIONS s4aq17: {'s4aq17': ['EICV4_VUP', 'EICV5_VUP'], 's4aq17_v2': ['EICV7_VUP']} | EICV7_VUP vs EICV4_VUP: variable label differs ('School days not attend last week' vs 'Reason for leaving school')
16:37:53 02_merge INFO   VERSIONS s4aq2: {'s4aq2': ['EICV7_VUP'], 's4aq2_v2': ['EICV5_VUP'], 's4aq2_v3': ['EICV4_VUP']} | EICV5_VUP vs EICV4_VUP: variable label differs ('Highest class succesfully attained in sc' vs 'Highest class successfully completed') / EICV7_VUP vs EICV4_VUP: variable label differs ('Highest class succesfully attended in sc' vs 'Highest class successfully completed')
16:37:53 02_merge INFO   VERSIONS s4aq3: {'s4aq3': ['EICV7_VUP'], 's4aq3_v2': ['EICV5_VUP'], 's4aq3_v3': ['EICV4_VUP']} | EICV5_VUP vs EICV4_VUP: variable label differs ('Highest diploma/certificate/ degree you ' vs 'Highest diploma obtained') / EICV7_VUP vs EICV4_VUP: variable label differs ('Highest diploma/certificate/ degree you ' vs 'Highest diploma obtained')
16:37:53 02_merge INFO   VERSIONS s4aq4b: {'s4aq4b': ['EICV5_VUP'], 's4aq4b_v2': ['EICV4_VUP']} | EICV5_VUP vs EICV4_VUP: EICV5_VUP is unlabelled and its values reach 8161, beyond the labelled codes (1-86)
16:37:53 02_merge INFO   VERSIONS s4aq6a: {'s4aq6a': ['EICV7_VUP'], 's4aq6a_v2': ['EICV5_VUP'], 's4aq6a_v3': ['EICV4_VUP']} | EICV5_VUP vs EICV4_VUP: variable label differs ('Class attended in 2015' vs 'Class attended during school year 2012') / EICV7_VUP vs EICV4_VUP: variable label differs ('Class attended in 2022/2023' vs 'Class attended during school year 2012')
16:37:53 02_merge INFO   VERSIONS s4aq6b: {'s4aq6b': ['EICV7_VUP'], 's4aq6b_v2': ['EICV5_VUP'], 's4aq6b_v3': ['EICV4_VUP']} | EICV5_VUP vs EICV4_VUP: variable label differs ('Class attended in 2016' vs 'Class attended during school year 2013') / EICV7_VUP vs EICV4_VUP: variable label differs ('Class attended in 2023/2024' vs 'Class attended during school year 2013')
16:37:53 02_merge INFO   VERSIONS s4aq6c: {'s4aq6c': ['EICV7_VUP'], 's4aq6c_v2': ['EICV5_VUP']} | EICV7_VUP vs EICV5_VUP: variable label differs ('Class attended in 2024/2025' vs 'Cause of repeat the 2015 class in 2016')
16:37:53 02_merge INFO   VERSIONS s4aq8: {'s4aq8': ['EICV7_VUP'], 's4aq8_v2': ['EICV5_VUP'], 's4aq8_v3': ['EICV4_VUP']} | EICV5_VUP vs EICV4_VUP: variable label differs ('Type of school' vs 'Type of school attended in previous 12 m') / EICV7_VUP: FORCE_SPLIT
16:37:53 02_merge INFO   VERSIONS s4aq9: {'s4aq9': ['EICV7_VUP'], 's4aq9_v2': ['EICV5_VUP'], 's4aq9_v3': ['EICV4_VUP']} | EICV5_VUP vs EICV4_VUP: variable label differs ('Problems with school' vs 'Problem experienced at school') / EICV7_VUP vs EICV4_VUP: variable label differs ('Age when studying in the Reported class' vs 'Problem experienced at school')
16:37:53 02_merge INFO   VERSIONS s4bq1: {'s4bq1': ['EICV5_VUP', 'EICV7_VUP'], 's4bq1_v2': ['EICV4_VUP']} | EICV5_VUP vs EICV4_VUP: variable label differs ('Did you attended any vocational training' vs 'Post-school/vocational training in last ') / EICV7_VUP vs EICV4_VUP: variable label differs ('attended any vocational training' vs 'Post-school/vocational training in last ')
16:37:53 02_merge INFO   VERSIONS s4bq2: {'s4bq2': ['EICV5_VUP', 'EICV7_VUP'], 's4bq2_v2': ['EICV4_VUP']} | EICV5_VUP vs EICV4_VUP: variable label differs ('Expense of this training including fees,' vs 'Expense of post-school/vocational traini') / EICV7_VUP vs EICV4_VUP: variable label differs ('Expense of this training including fees,' vs 'Expense of post-school/vocational traini')
16:37:53 02_merge INFO   VERSIONS s4bq3: {'s4bq3': ['EICV5_VUP', 'EICV7_VUP'], 's4bq3_v2': ['EICV4_VUP']} | EICV5_VUP vs EICV4_VUP: variable label differs ('Have you attended a literacy course?' vs 'Can read a letter or a simple note') / EICV7_VUP vs EICV4_VUP: variable label differs ('Have you attended a literacy course?' vs 'Can read a letter or a simple note')
16:37:53 02_merge INFO   VERSIONS s4bq4: {'s4bq4': ['EICV5_VUP', 'EICV7_VUP'], 's4bq4_v2': ['EICV4_VUP']} | EICV4_VUP: FORCE_SPLIT
16:37:53 02_merge INFO   VERSIONS s4bq5: {'s4bq5': ['EICV7_VUP'], 's4bq5_v2': ['EICV5_VUP'], 's4bq5_v3': ['EICV4_VUP']} | EICV5_VUP vs EICV4_VUP: variable label differs ('Able to write a simple note' vs 'Can perform a written calculation') / EICV7_VUP vs EICV4_VUP: variable label differs ('Can read proposed a sentence' vs 'Can perform a written calculation')
16:37:53 02_merge INFO   VERSIONS s4bq6: {'s4bq6': ['EICV7_VUP'], 's4bq6_v2': ['EICV5_VUP'], 's4bq6_v3': ['EICV4_VUP']} | EICV5_VUP vs EICV4_VUP: variable label differs ('Able to do a written calculation' vs 'Feels confident about using a computer') / EICV7_VUP vs EICV4_VUP: variable label differs ('Able to write a simple note' vs 'Feels confident about using a computer')
16:37:53 02_merge INFO   VERSIONS s4bq7: {'s4bq7': ['EICV7_VUP'], 's4bq7_v2': ['EICV5_VUP'], 's4bq7_v3': ['EICV4_VUP']} | EICV5_VUP vs EICV4_VUP: variable label differs ('Have a mobile telephone' vs 'Attended literacy course') / EICV7_VUP vs EICV4_VUP: variable label differs ('Able to do a written calculation' vs 'Attended literacy course')
16:37:53 02_merge INFO   VERSIONS s6aq2: {'s6aq2': ['EICV5_VUP', 'EICV7_VUP'], 's6aq2_v2': ['EICV4_VUP']} | EICV5_VUP vs EICV4_VUP: variable label differs ('Worked on own farm no payment' vs 'Work on own/HH farm (last 12 months)') / EICV7_VUP vs EICV4_VUP: variable label differs ('Worked on own farm no payment' vs 'Work on own/HH farm (last 12 months)')
16:37:53 02_merge INFO   VERSIONS s6aq3: {'s6aq3': ['EICV7_VUP'], 's6aq3_v2': ['EICV5_VUP'], 's6aq3_v3': ['EICV4_VUP']} | EICV5_VUP vs EICV4_VUP: variable label differs ('Carry out any agricultural activity' vs 'Agricultural work for salary, wages, in-') / EICV7_VUP vs EICV4_VUP: variable label differs ('products obtained from this agricultural' vs 'Agricultural work for salary, wages, in-')
16:37:53 02_merge INFO   VERSIONS s6aq4: {'s6aq4': ['EICV4_VUP', 'EICV5_VUP'], 's6aq4_v2': ['EICV7_VUP']} | EICV7_VUP vs EICV4_VUP: variable label differs ('Carry out any agricultural activity' vs 'Non-farm work for salary or wages (last ')
16:37:53 02_merge INFO   VERSIONS s6aq5: {'s6aq5': ['EICV4_VUP', 'EICV5_VUP'], 's6aq5_v2': ['EICV7_VUP']} | EICV7_VUP vs EICV4_VUP: variable label differs ('Worked for salary or wages in non-farm s' vs 'Non-farm business for cash/profit (last ')
16:37:53 02_merge INFO   VERSIONS s6aq6: {'s6aq6': ['EICV4_VUP', 'EICV5_VUP'], 's6aq6_v2': ['EICV7_VUP']} | EICV7_VUP vs EICV4_VUP: variable label differs ('Run a non-farm business for cash or prof' vs 'Worked in HH member non-farm business fo')
16:37:53 02_merge INFO   VERSIONS s6aq8: {'s6aq8': ['EICV7_VUP'], 's6aq8_v2': ['EICV5_VUP'], 's6aq8_v3': ['EICV4_VUP']} | EICV5_VUP: FORCE_SPLIT / EICV7_VUP vs EICV4_VUP: variable label differs ('work as an unpaid trainee worker or as a' vs 'Main reason for not working (last 12 mon')
16:37:53 02_merge INFO   VERSIONS s6aq9: {'s6aq9': ['EICV7_VUP'], 's6aq9_v2': ['EICV5_VUP']} | EICV7_VUP vs EICV5_VUP: variable label differs ('any economic activity (job, business or ' vs 'Main reason not working over the last')
16:37:53 02_merge INFO   VERSIONS s6eq1: {'s6eq1': ['EICV5_VUP'], 's6eq1_v2': ['EICV4_VUP']} | EICV5_VUP vs EICV4_VUP: variable label differs ('Over last 7 days gather, collect or purc' vs 'Worked for one hour in the last 7 days i')
16:37:53 02_merge INFO   VERSIONS s6eq2: {'s6eq2': ['EICV5_VUP'], 's6eq2_v2': ['EICV4_VUP']} | EICV5_VUP vs EICV4_VUP: variable label differs ('Total minutes for Gathering, collecting ' vs 'Usually works but absent last week')
16:37:53 02_merge INFO   VERSIONS s6eq3: {'s6eq3': ['EICV5_VUP'], 's6eq3_v2': ['EICV4_VUP']} | EICV5_VUP vs EICV4_VUP: variable label differs ('Main fuel and the main cook stove over t' vs 'Reason for absence from work; last 7 day')
16:37:53 02_merge INFO   VERSIONS s6eq4: {'s6eq4': ['EICV5_VUP'], 's6eq4_v2': ['EICV4_VUP']} | EICV5_VUP vs EICV4_VUP: variable label differs ('Total minutes for main fuel and main coo' vs 'Usual hours worked in job; 7 day period')
16:37:53 02_merge INFO   VERSIONS s6eq5: {'s6eq5': ['EICV5_VUP'], 's6eq5_v2': ['EICV4_VUP']} | EICV5_VUP vs EICV4_VUP: variable label differs ('Cooking on the main cook stove over the ' vs 'Worked in other activities in the last 7')
16:37:53 02_merge INFO   VERSIONS s6eq6: {'s6eq6': ['EICV5_VUP'], 's6eq6_v2': ['EICV4_VUP']} | EICV5_VUP vs EICV4_VUP: variable label differs ('Total minutes spent Cooking on the main ' vs 'Reason not working in the last 7 days')
16:37:54 02_merge INFO PASS  EICV_pooled_person_vup.dta: pooled rows == sum of wave rows
16:37:54 02_merge INFO PASS  EICV_pooled_person_vup.dta: EICV4_VUP sum wt preserved
16:37:54 02_merge INFO PASS  EICV_pooled_person_vup.dta: EICV5_VUP sum wt preserved
16:37:54 02_merge INFO PASS  EICV_pooled_person_vup.dta: EICV7_VUP sum wt preserved
16:37:55 02_merge INFO wrote EICV_pooled_person_vup.dta  (32,241 rows x 511 vars, 26.6 MB)
16:37:55 02_merge INFO ---------------- EICV_pooled_household.dta (['EICV1', 'EICV2', 'EICV3', 'EICV4_CS', 'EICV5_CS', 'EICV7_CS'])
16:37:55 02_merge INFO   loaded EICV1      EICV_EICV1_household_clean.dta                              6,420 rows x  252
16:37:56 02_merge INFO   loaded EICV2      EICV_EICV2_household_clean.dta                              6,900 rows x  258
16:37:56 02_merge INFO   loaded EICV3      EICV_EICV3_household_clean.dta                             14,308 rows x  170
16:37:56 02_merge INFO   loaded EICV4_CS   EICV_EICV4_CS_household_clean.dta                          14,419 rows x  210
16:37:57 02_merge INFO   loaded EICV5_CS   EICV_EICV5_CS_household_clean.dta                          14,580 rows x  209
16:37:57 02_merge INFO   loaded EICV7_CS   EICV_EICV7_CS_household_clean.dta                          15,054 rows x  191
16:37:57 02_merge INFO   VERSIONS ae: {'ae': ['EICV3', 'EICV5_CS'], 'ae_v2': ['EICV7_CS'], 'ae_v3': ['EICV4_CS']} | EICV4_CS vs EICV3: variable label differs ('(sum) ae' vs 'Adult equivalent hhsize') / EICV7_CS: FORCE_SPLIT
16:37:57 02_merge INFO   VERSIONS exp1: {'exp1': ['EICV3', 'EICV4_CS', 'EICV5_CS'], 'exp1_v2': ['EICV7_CS']} | EICV7_CS vs EICV3: variable label differs ('Total Education Expenditures' vs 'Education expenses')
16:37:57 02_merge INFO   VERSIONS exp10: {'exp10': ['EICV3', 'EICV4_CS'], 'exp10_v2': ['EICV7_CS'], 'exp10_v3': ['EICV5_CS']} | EICV5_CS vs EICV3: variable label differs ('Employer subsidy of house' vs 'Provision of house') / EICV7_CS vs EICV3: variable label differs ('Food outside Home Expenditures' vs 'Provision of house')
16:37:57 02_merge INFO   VERSIONS exp11: {'exp11': ['EICV3', 'EICV4_CS', 'EICV5_CS'], 'exp11_v2': ['EICV7_CS']} | EICV7_CS vs EICV3: variable label differs ('Use values of durable goods' vs 'Other benefits')
16:37:57 02_merge INFO   VERSIONS exp15_2: {'exp15_2': ['EICV3', 'EICV4_CS'], 'exp15_2_v2': ['EICV5_CS']} | EICV5_CS vs EICV3: variable label differs ('food expenditures' vs 'Food expenditures without filter questio')
16:37:57 02_merge INFO   VERSIONS exp2: {'exp2': ['EICV7_CS'], 'exp2_v2': ['EICV3']} | EICV7_CS vs EICV3: variable label differs ('Imputed Rents' vs 'Health care expenditures')
16:37:57 02_merge INFO   VERSIONS exp3: {'exp3': ['EICV7_CS'], 'exp3_v2': ['EICV3']} | EICV7_CS vs EICV3: variable label differs ('Actual Rents' vs 'Vaccination expenditures')
16:37:57 02_merge INFO   VERSIONS exp4: {'exp4': ['EICV3', 'EICV4_CS', 'EICV5_CS'], 'exp4_v2': ['EICV7_CS']} | EICV7_CS vs EICV3: variable label differs ('Water expenses' vs 'Imputed rents')
16:37:57 02_merge INFO   VERSIONS exp5: {'exp5': ['EICV3', 'EICV4_CS', 'EICV5_CS'], 'exp5_v2': ['EICV7_CS']} | EICV7_CS vs EICV3: variable label differs ('Electricity expenses' vs 'Actual rents')
16:37:57 02_merge INFO   VERSIONS exp6: {'exp6': ['EICV3', 'EICV4_CS', 'EICV5_CS'], 'exp6_v2': ['EICV7_CS']} | EICV7_CS vs EICV3: variable label differs ('Annual Non food Expenditures' vs 'Maintenance costs')
16:37:57 02_merge INFO   VERSIONS exp7: {'exp7': ['EICV3', 'EICV4_CS', 'EICV5_CS'], 'exp7_v2': ['EICV7_CS']} | EICV7_CS vs EICV3: variable label differs ('Monthly Non food Expenditures' vs 'Water expenses')
16:37:57 02_merge INFO   VERSIONS exp8: {'exp8': ['EICV3', 'EICV4_CS', 'EICV5_CS'], 'exp8_v2': ['EICV7_CS']} | EICV7_CS vs EICV3: variable label differs ('Frequent Non Food Expenditures' vs 'Electricity expenses')
16:37:57 02_merge INFO   VERSIONS exp9: {'exp9': ['EICV3', 'EICV4_CS', 'EICV5_CS'], 'exp9_v2': ['EICV7_CS']} | EICV7_CS vs EICV3: variable label differs ('Food Consumption/Home' vs 'In-kind payments')
16:37:57 02_merge INFO   VERSIONS food: {'food': ['EICV1', 'EICV2', 'EICV7_CS'], 'food_v2': ['EICV4_CS', 'EICV5_CS']} | EICV4_CS vs EICV1: variable label differs ('food consumption' vs 'food expenditures') / EICV5_CS vs EICV1: variable label differs ('food consumption' vs 'food expenditures')
16:37:57 02_merge INFO   VERSIONS id1: {'id1': ['EICV4_CS'], 'id1_v2': ['EICV3'], 'id1_v3': ['EICV2'], 'id1_v4': ['EICV1']} | EICV2 vs EICV1: value labels differ -- 1: 'City of Kigali' vs 'kigali urban' / EICV3 vs EICV1: variable label differs ('Province' vs 'strata')
16:37:57 02_merge INFO   VERSIONS id2: {'id2': ['EICV2'], 'id2_v2': ['EICV1']} | EICV2 vs EICV1: value labels differ -- 1: 'City of Kigali' vs 'Butare'; 2: 'Kigali Ngali' vs 'Byumba'; 3: 'Gitarama' vs 'Cyangugu'
16:37:57 02_merge INFO   VERSIONS member: {'member': ['EICV3', 'EICV7_CS'], 'member_v2': ['EICV5_CS'], 'member_v3': ['EICV4_CS']} | EICV4_CS vs EICV3: variable label differs ('(sum) member' vs 'hhsize') / EICV5_CS vs EICV3: variable label differs ('Household size' vs 'hhsize')
16:37:57 02_merge INFO   VERSIONS pov: {'pov': ['EICV4_CS'], 'pov_v2': ['EICV2'], 'pov_v3': ['EICV1']} | EICV2: FORCE_SPLIT / EICV4_CS vs EICV1: variable label differs ('Total Poverty Headcount Ratio' vs 'eicv-1 based poverty line')
16:37:57 02_merge INFO   VERSIONS poverty: {'poverty': ['EICV5_CS', 'EICV7_CS'], 'poverty_v2': ['EICV3', 'EICV4_CS']} | EICV5_CS vs EICV3: variable label differs ('Welfare categories' vs 'Poverty status') / EICV7_CS vs EICV3: variable label differs ('Welfare Categories' vs 'Poverty status')
16:37:57 02_merge INFO   VERSIONS poverty_s10a1_credits: {'poverty_s10a1_credits': ['EICV5_CS'], 'poverty_s10a1_credits_v2': ['EICV4_CS']} | EICV5_CS vs EICV4_CS: variable label differs ('Welfare categories' vs 'POVERTY')
16:37:57 02_merge INFO   VERSIONS poverty_s7a2_livestock: {'poverty_s7a2_livestock': ['EICV5_CS'], 'poverty_s7a2_livestock_v2': ['EICV4_CS']} | EICV5_CS vs EICV4_CS: variable label differs ('Welfare categories' vs 'POVERTY')
16:37:57 02_merge INFO   VERSIONS poverty_s7b1_land_agriculture: {'poverty_s7b1_land_agriculture': ['EICV5_CS'], 'poverty_s7b1_land_agricultur_v2': ['EICV4_CS']} | EICV5_CS vs EICV4_CS: variable label differs ('Welfare categories' vs 'POVERTY')
16:37:57 02_merge INFO   VERSIONS quintile: {'quintile': ['EICV1', 'EICV3', 'EICV4_CS', 'EICV5_CS'], 'quintile_v2': ['EICV7_CS']} | EICV7_CS vs EICV1: variable label differs ('Quintiles of real consumption per ae' vs 'Expenditure Quintile')
16:37:57 02_merge INFO   VERSIONS s0q10: {'s0q10': ['EICV2'], 's0q10_v2': ['EICV1']} | EICV2 vs EICV1: variable label differs ('Accept/Refuse interview' vs 'Has household accepted to participate')
16:37:57 02_merge INFO   VERSIONS s0q14: {'s0q14': ['EICV2'], 's0q14_v2': ['EICV1']} | EICV2 vs EICV1: variable label differs ('Decision maker' vs 'Language')
16:37:57 02_merge INFO   VERSIONS s0q15: {'s0q15': ['EICV2'], 's0q15_v2': ['EICV1']} | EICV2 vs EICV1: variable label differs ('Religion of the head of household' vs 'Who else assumes responsibility for hous')
16:37:57 02_merge INFO   VERSIONS s0qb: {'s0qb': ['EICV5_CS'], 's0qb_v2': ['EICV4_CS']} | EICV5_CS vs EICV4_CS: variable label differs ('UBUDEHE Category' vs 'Ubudehe category (according to sector of')
16:37:57 02_merge INFO   VERSIONS s10aq1: {'s10aq1': ['EICV5_CS'], 's10aq1_v2': ['EICV4_CS']} | EICV5_CS vs EICV4_CS: variable label differs ('Household member tried to obtain a loan' vs 'Requested and failed to get a loan in la')
16:37:57 02_merge INFO   VERSIONS s10aq3: {'s10aq3': ['EICV5_CS'], 's10aq3_v2': ['EICV4_CS']} | EICV5_CS vs EICV4_CS: variable label differs ('Household members owe money' vs 'HH member owe money over previous 12 mon')
16:37:57 02_merge INFO   VERSIONS s11aq2: {'s11aq2': ['EICV3'], 's11aq2_v2': ['EICV2']} | EICV3 vs EICV2: variable label differs ('Household member completely repaid loan ' vs 'Household members who have entirely reim')
16:37:57 02_merge INFO   VERSIONS s11aq3: {'s11aq3': ['EICV3'], 's11aq3_v2': ['EICV2']} | EICV3 vs EICV2: variable label differs ('Household member tried to obtain credit' vs 'Household members attempted to secure lo')
16:37:57 02_merge INFO   VERSIONS s11aq4: {'s11aq4': ['EICV3'], 's11aq4_v2': ['EICV2']} | EICV3 vs EICV2: variable label differs ('Reason why loan was denied' vs 'Reason cited for not receiving loan')
16:37:57 02_merge INFO   VERSIONS s5aq1: {'s5aq1': ['EICV3', 'EICV5_CS'], 's5aq1_v2': ['EICV7_CS'], 's5aq1_v3': ['EICV4_CS'], 's5aq1_v4': ['EICV2']} | EICV2: FORCE_SPLIT / EICV4_CS vs EICV3: value labels differ -- 4: 'Unplanned urban housing' vs 'Aglomeration'; 5: 'Small settlement' vs 'Unplanned urban housing'
16:37:57 02_merge INFO   VERSIONS s5aq10: {'s5aq10': ['EICV3', 'EICV4_CS', 'EICV5_CS'], 's5aq10_v2': ['EICV2']} | EICV3 vs EICV2: variable label differs ('Owner of the dwelling' vs 'Status of ownership') / EICV4_CS vs EICV2: variable label differs ('Owner of house/dwelling' vs 'Status of ownership')
16:37:57 02_merge INFO   VERSIONS s5aq11: {'s5aq11': ['EICV4_CS', 'EICV5_CS'], 's5aq11_v2': ['EICV3']} | EICV4_CS vs EICV3: value labels differ -- 2: 'Tenancy (renting)' vs 'Mortgaged'; 3: 'Dwelling provided by employer' vs 'Tenancy (renting)'; 5: 'Appropriation' vs 'Dwelling provided free of charge' / EICV5_CS vs EICV3: value labels differ -- 2: 'Tenancy _renting_' vs 'Mortgaged'; 3: 'Dwelling provided by employer' vs 'Tenancy (renting)'; 5: 'Appropriation' vs 'Dwelling provided free of charge'
16:37:57 02_merge INFO   VERSIONS s5aq2: {'s5aq2': ['EICV4_CS', 'EICV5_CS'], 's5aq2_v2': ['EICV7_CS'], 's5aq2_v3': ['EICV3'], 's5aq2_v4': ['EICV2']} | EICV3 vs EICV2: value labels differ -- 3: 'Mulit storied building (flat)' vs 'Multi-storied building housing one or more households' / EICV4_CS vs EICV2: value labels differ -- 2: 'A house occupied by multiple Households' vs 'Multiple household dwelling'; 4: 'Multi-storied building with more households' vs 'Group of enclosed dwellings: multiple households'; 6: 'Group of enclosed dwellings occupied by a single household' vs 'Other'
16:37:57 02_merge INFO   VERSIONS s5aq3: {'s5aq3': ['EICV2', 'EICV3'], 's5aq3_v2': ['EICV7_CS'], 's5aq3_v3': ['EICV5_CS'], 's5aq3_v4': ['EICV4_CS']} | EICV4_CS vs EICV2: variable label differs ('Number of HH share the dwelling' vs 'Number of rooms') / EICV5_CS vs EICV2: variable label differs ('Many other households share the dwelling' vs 'Number of rooms')
16:37:57 02_merge INFO   VERSIONS s5aq4: {'s5aq4': ['EICV2', 'EICV4_CS', 'EICV5_CS'], 's5aq4_v2': ['EICV3']} | EICV3 vs EICV2: EICV3 is unlabelled and its values reach 13, beyond the labelled codes (1-2)
16:37:57 02_merge INFO   VERSIONS s5aq5: {'s5aq5': ['EICV4_CS', 'EICV5_CS'], 's5aq5_v2': ['EICV7_CS'], 's5aq5_v3': ['EICV3'], 's5aq5_v4': ['EICV2']} | EICV3 vs EICV2: variable label differs ('Any rooms shared with other households' vs 'Number of households sharing dwelling') / EICV4_CS vs EICV2: variable label differs ('Number of rooms occupied by HH' vs 'Number of households sharing dwelling')
16:37:57 02_merge INFO   VERSIONS s5aq6: {'s5aq6': ['EICV7_CS'], 's5aq6_v2': ['EICV5_CS'], 's5aq6_v3': ['EICV4_CS'], 's5aq6_v4': ['EICV3']} | EICV4_CS vs EICV3: variable label differs ('Number of rooms used for sleeping' vs 'Other households sharing dwelling') / EICV5_CS vs EICV3: variable label differs ('Many rooms does your household have for ' vs 'Other households sharing dwelling')
16:37:57 02_merge INFO   VERSIONS s5aq7: {'s5aq7': ['EICV7_CS'], 's5aq7_v2': ['EICV2']} | EICV7_CS vs EICV2: variable label differs ('Owner of the dwelling' vs 'Moved from this dwelling')
16:37:57 02_merge INFO   VERSIONS s5aq8: {'s5aq8': ['EICV7_CS'], 's5aq8_v2': ['EICV5_CS'], 's5aq8_v3': ['EICV4_CS'], 's5aq8_v4': ['EICV3'], 's5aq8_v5': ['EICV2']} | EICV3 vs EICV2: variable label differs ('Occupied other dwelling prior to current' vs 'Reason for moving dwellings') / EICV4_CS vs EICV2: variable label differs ('Lived in other dwellings prior to curren' vs 'Reason for moving dwellings')
16:37:57 02_merge INFO   VERSIONS s5aq9: {'s5aq9': ['EICV4_CS', 'EICV5_CS'], 's5aq9_v2': ['EICV3'], 's5aq9_v3': ['EICV2']} | EICV3 vs EICV2: variable label differs ('Reason for moving to current dwelling' vs 'To whom dwelling belongs') / EICV4_CS vs EICV2: variable label differs ('Reason for moving to current dwelling' vs 'To whom dwelling belongs')
16:37:57 02_merge INFO   VERSIONS s5bq1: {'s5bq1': ['EICV4_CS', 'EICV5_CS'], 's5bq1_v2': ['EICV7_CS'], 's5bq1_v3': ['EICV3'], 's5bq1_v4': ['EICV2']} | EICV3 vs EICV2: variable label differs ('Motgage payment' vs 'Estimated monthly rent') / EICV4_CS vs EICV2: variable label differs ('Year built or purchased' vs 'Estimated monthly rent')
16:37:57 02_merge INFO   VERSIONS s5bq10: {'s5bq10': ['EICV4_CS'], 's5bq10_v2': ['EICV3'], 's5bq10_v3': ['EICV2']} | EICV2: FORCE_SPLIT / EICV4_CS vs EICV3: variable label differs ('Built/extended house in last 12 months' vs 'Amount paid for house construction  last')
16:37:57 02_merge INFO   VERSIONS s5bq2: {'s5bq2': ['EICV4_CS', 'EICV5_CS'], 's5bq2_v2': ['EICV2']} | EICV4_CS vs EICV2: variable label differs ('Current value of dwelling if were to sel' vs 'Actual monthly rent') / EICV5_CS vs EICV2: variable label differs ('The current value of your dwelling if yo' vs 'Actual monthly rent')
16:37:57 02_merge INFO   VERSIONS s5bq2a: {'s5bq2a': ['EICV7_CS'], 's5bq2a_v2': ['EICV3']} | EICV7_CS vs EICV3: variable label differs ('Estimated rent for dwelling' vs 'Amount of motgage')
16:37:57 02_merge INFO   VERSIONS s5bq2b: {'s5bq2b': ['EICV7_CS'], 's5bq2b_v2': ['EICV3']} | EICV7_CS vs EICV3: variable label differs ('Time period' vs 'Time unit')
16:37:57 02_merge INFO   VERSIONS s5bq3a: {'s5bq3a': ['EICV3', 'EICV4_CS', 'EICV5_CS'], 's5bq3a_v2': ['EICV7_CS']} | EICV7_CS vs EICV3: variable label differs ('Actual amount of rent paid in cash' vs 'Estimated rent for dwelling')
16:37:57 02_merge INFO   VERSIONS s5bq3b: {'s5bq3b': ['EICV4_CS', 'EICV5_CS'], 's5bq3b_v2': ['EICV7_CS'], 's5bq3b_v3': ['EICV3']} | EICV4_CS vs EICV3: value labels differ -- 3: 'Annually' vs 'Year' / EICV5_CS vs EICV3: value labels differ -- 3: 'Annually' vs 'Year'
16:37:57 02_merge INFO   VERSIONS s5bq4a: {'s5bq4a': ['EICV3', 'EICV4_CS', 'EICV5_CS'], 's5bq4a_v2': ['EICV2']} | EICV3 vs EICV2: variable label differs ('Actual amount of rent paid' vs 'Estimated value of services provided for') / EICV4_CS vs EICV2: variable label differs ('Rent paid in cash (amount)' vs 'Estimated value of services provided for')
16:37:57 02_merge INFO   VERSIONS s5bq4b: {'s5bq4b': ['EICV5_CS'], 's5bq4b_v2': ['EICV4_CS'], 's5bq4b_v3': ['EICV3'], 's5bq4b_v4': ['EICV2']} | EICV3 vs EICV2: value labels differ -- 2: 'Quarterly' vs 'Years' / EICV4_CS vs EICV2: variable label differs ('Rent paid in cash (time unit)' vs 'Time unit')
16:37:57 02_merge INFO   VERSIONS s5bq5: {'s5bq5': ['EICV4_CS', 'EICV5_CS'], 's5bq5_v2': ['EICV3'], 's5bq5_v3': ['EICV2']} | EICV3 vs EICV2: variable label differs ('Any services provided in place of rent' vs 'Rent paid by No-household member') / EICV4_CS vs EICV2: variable label differs ('Provide service/payments in kind' vs 'Rent paid by No-household member')
16:37:57 02_merge INFO   VERSIONS s5bq6: {'s5bq6': ['EICV7_CS'], 's5bq6_v2': ['EICV2']} | EICV7_CS vs EICV2: variable label differs ('Do you own a residential house in this v' vs 'Rent partially or totally paid by extern')
16:37:57 02_merge INFO   VERSIONS s5bq6a: {'s5bq6a': ['EICV4_CS', 'EICV5_CS'], 's5bq6a_v2': ['EICV3']} | EICV4_CS vs EICV3: variable label differs ('Service/payment in kind (amount)' vs 'Value of services annually') / EICV5_CS vs EICV3: variable label differs ('Amount of services/payment in kind' vs 'Value of services annually')
16:37:57 02_merge INFO   VERSIONS s5bq6b: {'s5bq6b': ['EICV5_CS'], 's5bq6b_v2': ['EICV4_CS'], 's5bq6b_v3': ['EICV3']} | EICV4_CS vs EICV3: variable label differs ('Service/payment in kind (time unit)' vs 'Time unit') / EICV5_CS vs EICV3: value labels differ -- 3: 'Annually' vs 'Year'
16:37:57 02_merge INFO   VERSIONS s5bq7: {'s5bq7': ['EICV3', 'EICV4_CS', 'EICV5_CS'], 's5bq7_v2': ['EICV7_CS'], 's5bq7_v3': ['EICV2']} | EICV3 vs EICV2: variable label differs ('Anybody outside household paying rent' vs 'Maintain a mortgage') / EICV4_CS vs EICV2: variable label differs ('Anybody outside HH paying rent' vs 'Maintain a mortgage')
16:37:57 02_merge INFO   VERSIONS s5bq8: {'s5bq8': ['EICV3', 'EICV4_CS', 'EICV5_CS'], 's5bq8_v2': ['EICV7_CS']} | EICV7_CS vs EICV3: EICV7_CS is unlabelled and its values reach 2e+08, beyond the labelled codes (1-6)
16:37:57 02_merge INFO   VERSIONS s5bq9: {'s5bq9': ['EICV7_CS'], 's5bq9_v2': ['EICV3'], 's5bq9_v3': ['EICV2']} | EICV3 vs EICV2: variable label differs ('Amount of rent paid for you' vs 'Construction expenditures during the las') / EICV7_CS vs EICV2: variable label differs ('How did you acquire that house?' vs 'Construction expenditures during the las')
16:37:57 02_merge INFO   VERSIONS s5cq1: {'s5cq1': ['EICV3', 'EICV4_CS', 'EICV5_CS'], 's5cq1_v2': ['EICV7_CS'], 's5cq1_v3': ['EICV2']} | EICV3 vs EICV2: variable label differs ('Main source of drinking water' vs 'Source of water supply') / EICV4_CS vs EICV2: variable label differs ('Type main source of water' vs 'Source of water supply')
16:37:57 02_merge INFO   VERSIONS s5cq10: {'s5cq10': ['EICV4_CS', 'EICV5_CS', 'EICV7_CS'], 's5cq10_v2': ['EICV3'], 's5cq10_v3': ['EICV2']} | EICV3 vs EICV2: variable label differs ('Amount paid on electricity in last 4 wee' vs 'Type of toilet') / EICV4_CS vs EICV2: variable label differs ('Water from private vendor/neighbour in l' vs 'Type of toilet')
16:37:57 02_merge INFO   VERSIONS s5cq11: {'s5cq11': ['EICV4_CS', 'EICV5_CS', 'EICV7_CS'], 's5cq11_v2': ['EICV3'], 's5cq11_v3': ['EICV2']} | EICV3 vs EICV2: variable label differs ('Primary source of cooking fuel' vs 'Does the household have a telephone') / EICV4_CS vs EICV2: variable label differs ('Amount paid to private water vendor/neig' vs 'Does the household have a telephone')
16:37:57 02_merge INFO   VERSIONS s5cq12: {'s5cq12': ['EICV4_CS', 'EICV5_CS'], 's5cq12_v2': ['EICV7_CS'], 's5cq12_v3': ['EICV3']} | EICV4_CS vs EICV3: variable label differs ('Sold water in last 7 days' vs 'Mode of rubbish disposal') / EICV5_CS vs EICV3: variable label differs ('Sell water in the last 7 days' vs 'Mode of rubbish disposal')
16:37:57 02_merge INFO   VERSIONS s5cq13: {'s5cq13': ['EICV4_CS', 'EICV5_CS'], 's5cq13_v2': ['EICV7_CS'], 's5cq13_v3': ['EICV3']} | EICV4_CS vs EICV3: variable label differs ('Money earned from the water sold in last' vs 'Type of toilet household use') / EICV5_CS vs EICV3: variable label differs ('Household earn from the water sold durin' vs 'Type of toilet household use')
16:37:57 02_merge INFO   VERSIONS s5cq14: {'s5cq14': ['EICV4_CS', 'EICV5_CS'], 's5cq14_v2': ['EICV7_CS'], 's5cq14_v3': ['EICV3']} | EICV4_CS vs EICV3: variable label differs ('Amount paid to maintain water source (la' vs 'Main source of info on environmental iss') / EICV5_CS vs EICV3: variable label differs ('Amount contribute to maintain the water ' vs 'Main source of info on environmental iss')
16:37:57 02_merge INFO   VERSIONS s5cq15: {'s5cq15': ['EICV7_CS'], 's5cq15_v2': ['EICV5_CS'], 's5cq15_v3': ['EICV4_CS'], 's5cq15_v4': ['EICV3']} | EICV4_CS vs EICV3: variable label differs ('Rainwater management' vs 'Problems of environmental destruction') / EICV5_CS vs EICV3: variable label differs ('Household manage the rainwater' vs 'Problems of environmental destruction')
16:37:57 02_merge INFO   VERSIONS s5cq16: {'s5cq16': ['EICV7_CS'], 's5cq16_v2': ['EICV5_CS'], 's5cq16_v3': ['EICV4_CS'], 's5cq16_v4': ['EICV3']} | EICV4_CS vs EICV3: variable label differs ('Main source of lighting in home' vs 'Major environmental destruction related ') / EICV5_CS vs EICV3: variable label differs ('Main source of home lighting' vs 'Major environmental destruction related ')
16:37:57 02_merge INFO   VERSIONS s5cq17: {'s5cq17': ['EICV4_CS', 'EICV5_CS'], 's5cq17_v2': ['EICV7_CS'], 's5cq17_v3': ['EICV3']} | EICV4_CS vs EICV3: variable label differs ('Amount paid for electricity in last 4 we' vs 'Household own a working telephone') / EICV5_CS vs EICV3: variable label differs ('Amount paid on electricity in last 4 wee' vs 'Household own a working telephone')
16:37:57 02_merge INFO   VERSIONS s5cq18: {'s5cq18': ['EICV4_CS', 'EICV5_CS'], 's5cq18_v2': ['EICV7_CS'], 's5cq18_v3': ['EICV3']} | EICV4_CS vs EICV3: variable label differs ('Primary source of cooking fuel' vs 'Number of working mobile telephones') / EICV5_CS vs EICV3: variable label differs ('Primary source of cooking fuel' vs 'Number of working mobile telephones')
16:37:57 02_merge INFO   VERSIONS s5cq19: {'s5cq19': ['EICV4_CS', 'EICV5_CS'], 's5cq19_v2': ['EICV7_CS'], 's5cq19_v3': ['EICV3']} | EICV4_CS vs EICV3: variable label differs ('Mode of rubbish/garbage disposal' vs 'Internet connection at home') / EICV5_CS vs EICV3: variable label differs ('Mode of rubbish/garbage disposal' vs 'Internet connection at home')
16:37:57 02_merge INFO   VERSIONS s5cq2: {'s5cq2': ['EICV5_CS'], 's5cq2_v2': ['EICV4_CS'], 's5cq2_v3': ['EICV3']} | EICV4_CS vs EICV3: variable label differs ('Metres to main water source' vs 'Nearest source of drinking water') / EICV5_CS vs EICV3: variable label differs ('Distance in meters between your dwelling' vs 'Nearest source of drinking water')
16:37:57 02_merge INFO   VERSIONS s5cq20: {'s5cq20': ['EICV4_CS', 'EICV5_CS'], 's5cq20_v2': ['EICV7_CS']} | EICV7_CS vs EICV4_CS: variable label differs ('Amount your household pay for electricit' vs 'Type of toilet')
16:37:57 02_merge INFO   VERSIONS s5cq20a: {'s5cq20a': ['EICV7_CS'], 's5cq20a_v2': ['EICV3']} | EICV7_CS vs EICV3: variable label differs ('Does your household have an internet con' vs 'Landline or LAN internet connection')
16:37:57 02_merge INFO   VERSIONS s5cq20b: {'s5cq20b': ['EICV7_CS'], 's5cq20b_v2': ['EICV3']} | EICV7_CS vs EICV3: variable label differs ('What is the main kind of internet connec' vs 'Modem')
16:37:57 02_merge INFO   VERSIONS s5cq20c: {'s5cq20c': ['EICV7_CS'], 's5cq20c_v2': ['EICV3']} | EICV7_CS vs EICV3: variable label differs ('What is the main barrier/reason for not ' vs 'Mobile phone')
16:37:57 02_merge INFO   VERSIONS s5cq21: {'s5cq21': ['EICV4_CS', 'EICV5_CS'], 's5cq21_v2': ['EICV7_CS']} | EICV7_CS vs EICV4_CS: variable label differs ('Type of your primary cook stove' vs 'Toilet facility shared with another hous')
16:37:57 02_merge INFO   VERSIONS s5cq23: {'s5cq23': ['EICV7_CS'], 's5cq23_v2': ['EICV5_CS'], 's5cq23_v3': ['EICV4_CS']} | EICV5_CS vs EICV4_CS: variable label differs ('Major environmental destruction related ' vs 'Main environmental problem experienced w') / EICV7_CS vs EICV4_CS: variable label differs ('Where did you normally cook with the coo' vs 'Main environmental problem experienced w')
16:37:57 02_merge INFO   VERSIONS s5cq24: {'s5cq24': ['EICV4_CS', 'EICV5_CS'], 's5cq24_v2': ['EICV7_CS']} | EICV7_CS vs EICV4_CS: variable label differs ('How does your household dispose of its r' vs 'Received any environmental information i')
16:37:57 02_merge INFO   VERSIONS s5cq25: {'s5cq25': ['EICV4_CS', 'EICV5_CS'], 's5cq25_v2': ['EICV7_CS']} | EICV7_CS vs EICV4_CS: variable label differs ('What type of toilet does your household ' vs 'Main source of info on environmental iss')
16:37:57 02_merge INFO   VERSIONS s5cq26: {'s5cq26': ['EICV7_CS'], 's5cq26_v2': ['EICV5_CS'], 's5cq26_v3': ['EICV4_CS']} | EICV5_CS vs EICV4_CS: variable label differs ('Internet connection _including on a mobi' vs 'Have Internet connection') / EICV7_CS vs EICV4_CS: variable label differs ('Is the toilet facility shared with anoth' vs 'Have Internet connection')
16:37:57 02_merge INFO   VERSIONS s5cq27: {'s5cq27': ['EICV4_CS', 'EICV5_CS'], 's5cq27_v2': ['EICV7_CS']} | EICV7_CS vs EICV4_CS: variable label differs ('Number of households in total use this t' vs 'Main kind of internet connection used')
16:37:57 02_merge INFO   VERSIONS s5cq2a: {'s5cq2a': ['EICV7_CS'], 's5cq2a_v2': ['EICV2']} | EICV7_CS vs EICV2: variable label differs ('Distance in meters between your dwelling' vs 'Amount billed')
16:37:57 02_merge INFO   VERSIONS s5cq2b: {'s5cq2b': ['EICV7_CS'], 's5cq2b_v2': ['EICV2']} | EICV7_CS vs EICV2: variable label differs ('Time in minutes it take to go there, to ' vs 'Time unit')
16:37:57 02_merge INFO   VERSIONS s5cq3: {'s5cq3': ['EICV4_CS', 'EICV5_CS'], 's5cq3_v2': ['EICV7_CS'], 's5cq3_v3': ['EICV2']} | EICV4_CS vs EICV2: variable label differs ('Type nearest source of drinking water' vs 'Amount paid to water vendor or neighbor ') / EICV5_CS vs EICV2: variable label differs ('Type of  nearest drinking water source c' vs 'Amount paid to water vendor or neighbor ')
16:37:57 02_merge INFO   VERSIONS s5cq4: {'s5cq4': ['EICV4_CS', 'EICV5_CS'], 's5cq4_v2': ['EICV2']} | EICV4_CS vs EICV2: variable label differs ('Metres to nearest drinking water source' vs 'Currently a water vendor') / EICV5_CS vs EICV2: variable label differs ('Distance to the nearest drinking water s' vs 'Currently a water vendor')
16:37:57 02_merge INFO   VERSIONS s5cq4a: {'s5cq4a': ['EICV7_CS'], 's5cq4a_v2': ['EICV3']} | EICV7_CS vs EICV3: variable label differs ('Distance in meters between your dwelling' vs 'Amount of last water bill from RECO RWAS')
16:37:57 02_merge INFO   VERSIONS s5cq4b: {'s5cq4b': ['EICV7_CS'], 's5cq4b_v2': ['EICV3']} | EICV7_CS vs EICV3: variable label differs ('Time in minutes it take to go there, to ' vs 'Amount of last water bill from RECO RWAS')
16:37:57 02_merge INFO   VERSIONS s5cq5: {'s5cq5': ['EICV4_CS', 'EICV5_CS', 'EICV7_CS'], 's5cq5_v2': ['EICV2', 'EICV3']} | EICV4_CS vs EICV2: EICV2 is unlabelled and its values reach 17500, beyond the labelled codes (1-9) / EICV5_CS vs EICV2: EICV2 is unlabelled and its values reach 17500, beyond the labelled codes (1-2)
16:37:57 02_merge INFO   VERSIONS s5cq6: {'s5cq6': ['EICV5_CS'], 's5cq6_v2': ['EICV4_CS'], 's5cq6_v3': ['EICV3'], 's5cq6_v4': ['EICV2']} | EICV3 vs EICV2: variable label differs ('Household contributions to maintain wate' vs 'Primary source of lighting of dwelling') / EICV4_CS vs EICV2: variable label differs ('Main reason why source is not used' vs 'Primary source of lighting of dwelling')
16:37:57 02_merge INFO   VERSIONS s5cq7: {'s5cq7': ['EICV4_CS', 'EICV5_CS'], 's5cq7_v2': ['EICV7_CS'], 's5cq7_v3': ['EICV3']} | EICV4_CS vs EICV3: variable label differs ('Type drinking water source used' vs 'Sale of water to anybody else') / EICV5_CS vs EICV3: variable label differs ('Type of source drinking water used by HH' vs 'Sale of water to anybody else')
16:37:57 02_merge INFO   VERSIONS s5cq8: {'s5cq8': ['EICV7_CS'], 's5cq8_v2': ['EICV5_CS'], 's5cq8_v3': ['EICV4_CS'], 's5cq8_v4': ['EICV3'], 's5cq8_v5': ['EICV2']} | EICV3 vs EICV2: variable label differs ('Amount earned from water sale last 7 day' vs 'Primary cooking fuel') / EICV4_CS vs EICV2: variable label differs ('Metres to drinking water source used' vs 'Primary cooking fuel')
16:37:57 02_merge INFO   VERSIONS s5cq9: {'s5cq9': ['EICV3'], 's5cq9_v2': ['EICV2']} | EICV3 vs EICV2: variable label differs ('Main source of home lighting' vs 'Method of rubbish disposal')
16:37:57 02_merge INFO   VERSIONS s5cq9a: {'s5cq9a': ['EICV7_CS'], 's5cq9a_v2': ['EICV5_CS'], 's5cq9a_v3': ['EICV4_CS']} | EICV5_CS: FORCE_SPLIT / EICV7_CS vs EICV4_CS: variable label differs ('Amount of last water bill from WASAC or ' vs 'Period of last water bill (months)')
16:37:57 02_merge INFO   VERSIONS s5dq1: {'s5dq1': ['EICV3', 'EICV4_CS', 'EICV5_CS'], 's5dq1_v2': ['EICV7_CS'], 's5dq1_v3': ['EICV2']} | EICV3 vs EICV2: variable label differs ('Main construction material of exterior w' vs 'Construction material of external walls') / EICV4_CS vs EICV2: variable label differs ('Main construction material of exterior w' vs 'Construction material of external walls')
16:37:57 02_merge INFO   VERSIONS s5dq2: {'s5dq2': ['EICV7_CS'], 's5dq2_v2': ['EICV5_CS'], 's5dq2_v3': ['EICV4_CS'], 's5dq2_v4': ['EICV3'], 's5dq2_v5': ['EICV2']} | EICV3 vs EICV2: variable label differs ('Main roofing material for dwelling' vs 'Construction material of roof') / EICV4_CS vs EICV2: variable label differs ('Main roofing material for main dwelling' vs 'Construction material of roof')
16:37:57 02_merge INFO   VERSIONS s5dq3: {'s5dq3': ['EICV3', 'EICV4_CS', 'EICV5_CS'], 's5dq3_v2': ['EICV7_CS'], 's5dq3_v3': ['EICV2']} | EICV3 vs EICV2: variable label differs ('Main floor material for dwelling' vs 'Flooring material') / EICV4_CS vs EICV2: variable label differs ('Main floor material for dwelling' vs 'Flooring material')
16:37:57 02_merge INFO   VERSIONS s5eq3a: {'s5eq3a': ['EICV7_CS'], 's5eq3a_v2': ['EICV5_CS']} | EICV7_CS vs EICV5_CS: variable label differs ('What did the household do to compensate ' vs 'Compensate for the consequences of the c')
16:37:57 02_merge INFO   VERSIONS s5eq3b: {'s5eq3b': ['EICV7_CS'], 's5eq3b_v2': ['EICV5_CS']} | EICV7_CS vs EICV5_CS: variable label differs ('What did the household do to compensate ' vs 'Compensate for the consequences of the c')
16:37:57 02_merge INFO   VERSIONS s7a2q1: {'s7a2q1': ['EICV7_CS'], 's7a2q1_v2': ['EICV5_CS'], 's7a2q1_v3': ['EICV4_CS']} | EICV5_CS vs EICV4_CS: variable label differs ('Household ever received animal from Govt' vs 'Received a cow from government policy') / EICV7_CS vs EICV4_CS: variable label differs ('Have you ever received a cow from the Go' vs 'Received a cow from government policy')
16:37:57 02_merge INFO   VERSIONS s7a2q2: {'s7a2q2': ['EICV7_CS'], 's7a2q2_v2': ['EICV5_CS'], 's7a2q2_v3': ['EICV4_CS']} | EICV5_CS vs EICV4_CS: variable label differs ('Animal still with household' vs 'Still keep this animal') / EICV7_CS: FORCE_SPLIT
16:37:57 02_merge INFO   VERSIONS s7a2q3: {'s7a2q3': ['EICV4_CS', 'EICV5_CS'], 's7a2q3_v2': ['EICV7_CS']} | EICV7_CS vs EICV4_CS: variable label differs ('Do you still keep this animal?' vs 'Received animal from NGO or social prote')
16:37:57 02_merge INFO   VERSIONS s7a2q6: {'s7a2q6': ['EICV5_CS'], 's7a2q6_v2': ['EICV4_CS']} | EICV5_CS vs EICV4_CS: variable label differs ('Household uses a maintained pasture' vs 'Use a maintained pasture')
16:37:57 02_merge INFO   VERSIONS s7a2q7: {'s7a2q7': ['EICV4_CS', 'EICV5_CS'], 's7a2q7_v2': ['EICV7_CS']} | EICV7_CS vs EICV4_CS: variable label differs ('Household uses a maintained pasture' vs 'Owner of pasture')
16:37:57 02_merge INFO   VERSIONS s7a2q8: {'s7a2q8': ['EICV5_CS'], 's7a2q8_v2': ['EICV4_CS']} | EICV5_CS vs EICV4_CS: variable label differs ('Cost of using the pasture' vs 'Cost of using the pasture over last 12 m')
16:37:57 02_merge INFO   VERSIONS s7b1q11: {'s7b1q11': ['EICV5_CS'], 's7b1q11_v2': ['EICV4_CS']} | EICV5_CS vs EICV4_CS: variable label differs ('Household received land gift,inheritance' vs 'Received land over the last 12 months')
16:37:57 02_merge INFO   VERSIONS s7b1q12: {'s7b1q12': ['EICV5_CS'], 's7b1q12_v2': ['EICV4_CS']} | EICV5_CS vs EICV4_CS: variable label differs ('Given land outside household gift, inher' vs 'Given land over the last 12 months')
16:37:57 02_merge INFO   VERSIONS s7b1q6: {'s7b1q6': ['EICV5_CS'], 's7b1q6_v2': ['EICV4_CS']} | EICV5_CS vs EICV4_CS: variable label differs ('Amount received from the sale in the las' vs 'Amount received from the sale of this la')
16:37:57 02_merge INFO   VERSIONS s8bq1: {'s8bq1': ['EICV2'], 's8bq1_v2': ['EICV1']} | EICV2 vs EICV1: variable label differs ('Household currently possesses farm land' vs 'Does any member of household own land (h')
16:37:57 02_merge INFO   VERSIONS s8bq10: {'s8bq10': ['EICV2'], 's8bq10_v2': ['EICV1']} | EICV1: FORCE_SPLIT
16:37:57 02_merge INFO   VERSIONS s8bq12: {'s8bq12': ['EICV2'], 's8bq12_v2': ['EICV1']} | EICV2 vs EICV1: variable label differs ('Amount received from leasing land' vs 'Rented for how much (include in kind)?')
16:37:57 02_merge INFO   VERSIONS s8bq14: {'s8bq14': ['EICV2'], 's8bq14_v2': ['EICV1']} | EICV2 vs EICV1: variable label differs ('Amount received from sharecropping' vs 'Receive how much for sharecropping (incl')
16:37:57 02_merge INFO   VERSIONS s8bq16: {'s8bq16': ['EICV2'], 's8bq16_v2': ['EICV1']} | EICV2 vs EICV1: variable label differs ('Household received lands in the form of ' vs 'Have you received land as a gift, inheri')
16:37:57 02_merge INFO   VERSIONS s8bq17: {'s8bq17': ['EICV2'], 's8bq17_v2': ['EICV1']} | EICV2 vs EICV1: variable label differs ('Household gave land to non-household mem' vs 'Have you given out land as a gift, inher')
16:37:58 02_merge INFO   VERSIONS s8bq4: {'s8bq4': ['EICV2'], 's8bq4_v2': ['EICV1']} | EICV2 vs EICV1: variable label differs ('Amount paid for acquisition of farm land' vs 'How much did you pay for land (include i')
16:37:58 02_merge INFO   VERSIONS s8bq6: {'s8bq6': ['EICV2'], 's8bq6_v2': ['EICV1']} | EICV2 vs EICV1: variable label differs ('Amount paid for this farm land' vs 'How much paid for land in 2 preceding ye')
16:37:58 02_merge INFO   VERSIONS s8bq8: {'s8bq8': ['EICV2'], 's8bq8_v2': ['EICV1']} | EICV2 vs EICV1: variable label differs ('Amount of sale of this farm land' vs 'What was the amount of this sale (includ')
16:37:58 02_merge INFO   VERSIONS s8bq9: {'s8bq9': ['EICV2'], 's8bq9_v2': ['EICV1']} | EICV2 vs EICV1: variable label differs ('Household sold farm land in the last two' vs 'Did you sell tools during the 2 years pr')
16:37:58 02_merge INFO   VERSIONS s9cq1: {'s9cq1': ['EICV5_CS'], 's9cq1_v2': ['EICV4_CS']} | EICV5_CS vs EICV4_CS: variable label differs ('Household category in Ubudehe VUP_' vs 'Ubudehe category of HH (self-declared)')
16:37:58 02_merge INFO   VERSIONS s9cq10: {'s9cq10': ['EICV5_CS'], 's9cq10_v2': ['EICV4_CS']} | EICV5_CS vs EICV4_CS: variable label differs ('Average amount  informed to get in every' vs 'Receive direct support payments on time')
16:37:58 02_merge INFO   VERSIONS s9cq11: {'s9cq11': ['EICV5_CS'], 's9cq11_v2': ['EICV4_CS']} | EICV5_CS vs EICV4_CS: variable label differs ('Direct Support payments received over th' vs 'Average amount received from direct supp')
16:37:58 02_merge INFO   VERSIONS s9cq12: {'s9cq12': ['EICV5_CS'], 's9cq12_v2': ['EICV4_CS']} | EICV5_CS vs EICV4_CS: variable label differs ('Why have you not received 12 payments?' vs 'Amount household received in the last 12')
16:37:58 02_merge INFO   VERSIONS s9cq2: {'s9cq2': ['EICV5_CS'], 's9cq2_v2': ['EICV4_CS']} | EICV5_CS vs EICV4_CS: variable label differs ('Household ever received any income /Loan' vs 'HH live in a VUP support sector')
16:37:58 02_merge INFO   VERSIONS s9cq3: {'s9cq3': ['EICV5_CS'], 's9cq3_v2': ['EICV4_CS']} | EICV5_CS vs EICV4_CS: variable label differs ('Many months have you been on the eligibi' vs 'HH has ever enrolled in VUP')
16:37:58 02_merge INFO   VERSIONS s9cq5: {'s9cq5': ['EICV5_CS'], 's9cq5_v2': ['EICV4_CS']} | EICV5_CS vs EICV4_CS: variable label differs ('Why is your household no longer benefit ' vs 'Type VUP program when first started')
16:37:58 02_merge INFO   VERSIONS s9cq6: {'s9cq6': ['EICV5_CS'], 's9cq6_v2': ['EICV4_CS']} | EICV5_CS vs EICV4_CS: variable label differs ('How do you usually receive your Direct S' vs 'HH currently benefits from VUP')
16:37:58 02_merge INFO   VERSIONS s9cq7: {'s9cq7': ['EICV5_CS'], 's9cq7_v2': ['EICV4_CS']} | EICV5_CS vs EICV4_CS: variable label differs ('Period when received your direct support' vs 'Reason HH no longer benefits from VUP')
16:37:58 02_merge INFO   VERSIONS s9cq8: {'s9cq8': ['EICV5_CS'], 's9cq8_v2': ['EICV4_CS']} | EICV5_CS vs EICV4_CS: variable label differs ('Average amount household received at the' vs 'Type of VUP currently receiving')
16:37:58 02_merge INFO   VERSIONS s9cq9: {'s9cq9': ['EICV5_CS'], 's9cq9_v2': ['EICV4_CS']} | EICV5_CS vs EICV4_CS: variable label differs ('What you usually receive?' vs 'Period HH receives direct support')
16:37:58 02_merge INFO   VERSIONS sol_jan: {'sol_jan': ['EICV3', 'EICV5_CS'], 'sol_jan_v2': ['EICV7_CS']} | EICV7_CS: FORCE_SPLIT
16:37:58 02_merge INFO   16 variables with codes observed outside their own value labels (stale labels)
16:37:58 02_merge WARNING type conflict survey_nisr: numeric in some waves, free text in others -> kept as text
16:38:02 02_merge INFO PASS  EICV_pooled_household.dta: pooled rows == sum of wave rows
16:38:02 02_merge INFO PASS  EICV_pooled_household.dta: EICV1 sum wt preserved
16:38:02 02_merge INFO PASS  EICV_pooled_household.dta: EICV2 sum wt preserved
16:38:02 02_merge INFO PASS  EICV_pooled_household.dta: EICV3 sum wt preserved
16:38:02 02_merge INFO PASS  EICV_pooled_household.dta: EICV4_CS sum wt preserved
16:38:02 02_merge INFO PASS  EICV_pooled_household.dta: EICV5_CS sum wt preserved
16:38:02 02_merge INFO PASS  EICV_pooled_household.dta: EICV7_CS sum wt preserved
16:38:04 02_merge INFO wrote EICV_pooled_household.dta  (71,681 rows x 1029 vars, 150.9 MB)
16:38:04 02_merge INFO ---------------- EICV_pooled_household_vup.dta (['EICV4_VUP', 'EICV5_VUP', 'EICV7_VUP'])
16:38:04 02_merge INFO   loaded EICV4_VUP  EICV_EICV4_VUP_household_clean.dta                          2,460 rows x  137
16:38:04 02_merge INFO   loaded EICV5_VUP  EICV_EICV5_VUP_household_clean.dta                          1,644 rows x  205
16:38:04 02_merge INFO   loaded EICV7_VUP  EICV_EICV7_VUP_household_clean.dta                          3,771 rows x  154
16:38:04 02_merge INFO   VERSIONS s10aq1: {'s10aq1': ['EICV5_VUP'], 's10aq1_v2': ['EICV4_VUP']} | EICV5_VUP vs EICV4_VUP: variable label differs ('Household member tried to obtain a loan' vs 'Requested and failed to get a loan in la')
16:38:04 02_merge INFO   VERSIONS s10aq3: {'s10aq3': ['EICV5_VUP'], 's10aq3_v2': ['EICV4_VUP']} | EICV5_VUP vs EICV4_VUP: variable label differs ('Household members owe money' vs 'HH member owe money over previous 12 mon')
16:38:04 02_merge INFO   VERSIONS s5aq1: {'s5aq1': ['EICV7_VUP'], 's5aq1_v2': ['EICV5_VUP'], 's5aq1_v3': ['EICV4_VUP']} | EICV5_VUP vs EICV4_VUP: value labels differ -- 4: 'Aglomeration' vs 'Unplanned urban housing'; 5: 'Unplanned urban housing' vs 'Small settlement' / EICV7_VUP vs EICV4_VUP: value labels differ -- 2: 'Integrated Model Village' vs 'Unplanned clustered rural housing'; 5: 'Spontaneous/informal/unplanned housing' vs 'Small settlement'; 6: 'Other (Specify)' vs 'Modern planned area'
16:38:04 02_merge INFO   VERSIONS s5aq2: {'s5aq2': ['EICV4_VUP', 'EICV5_VUP'], 's5aq2_v2': ['EICV7_VUP']} | EICV7_VUP vs EICV4_VUP: value labels differ -- 5: 'Several buildings in a compound occupied by one household' vs 'Group of enclosed dwellings: multiple households'; 6: 'Several buildings in a compound occupied by several households' vs 'Group of enclosed dwellings occupied by a single household'
16:38:04 02_merge INFO   VERSIONS s5aq3: {'s5aq3': ['EICV7_VUP'], 's5aq3_v2': ['EICV5_VUP'], 's5aq3_v3': ['EICV4_VUP']} | EICV5_VUP vs EICV4_VUP: variable label differs ('Many other households share the dwelling' vs 'Number of HH share the dwelling') / EICV7_VUP: FORCE_SPLIT
16:38:04 02_merge INFO   VERSIONS s5aq5: {'s5aq5': ['EICV4_VUP', 'EICV5_VUP'], 's5aq5_v2': ['EICV7_VUP']} | EICV7_VUP vs EICV4_VUP: variable label differs ('Household lived in other dwellings befor' vs 'Number of rooms occupied by HH')
16:38:04 02_merge INFO   VERSIONS s5aq6: {'s5aq6': ['EICV7_VUP'], 's5aq6_v2': ['EICV5_VUP'], 's5aq6_v3': ['EICV4_VUP']} | EICV5_VUP vs EICV4_VUP: variable label differs ('Many rooms does your household have for ' vs 'Number of rooms used for sleeping') / EICV7_VUP vs EICV4_VUP: variable label differs ('Main reason for moving to current dwelli' vs 'Number of rooms used for sleeping')
16:38:04 02_merge INFO   VERSIONS s5aq8: {'s5aq8': ['EICV7_VUP'], 's5aq8_v2': ['EICV5_VUP'], 's5aq8_v3': ['EICV4_VUP']} | EICV5_VUP vs EICV4_VUP: variable label differs ('Household lived in other dwellings befor' vs 'Lived in other dwellings prior to curren') / EICV7_VUP vs EICV4_VUP: variable label differs ('Current occupancy status' vs 'Lived in other dwellings prior to curren')
16:38:04 02_merge INFO   VERSIONS s5bq1: {'s5bq1': ['EICV4_VUP', 'EICV5_VUP'], 's5bq1_v2': ['EICV7_VUP']} | EICV7_VUP vs EICV4_VUP: variable label differs ('The current value of your dwelling if yo' vs 'Year built or purchased')
16:38:04 02_merge INFO   VERSIONS s5bq2: {'s5bq2': ['EICV5_VUP'], 's5bq2_v2': ['EICV4_VUP']} | EICV5_VUP vs EICV4_VUP: EICV5_VUP is unlabelled and its values reach 1.2e+08, beyond the labelled codes (1e+08-1e+08)
16:38:04 02_merge INFO   VERSIONS s5bq3a: {'s5bq3a': ['EICV4_VUP', 'EICV5_VUP'], 's5bq3a_v2': ['EICV7_VUP']} | EICV7_VUP vs EICV4_VUP: variable label differs ('Actual amount of rent paid in cash' vs 'Estimated rent (amount)')
16:38:04 02_merge INFO   VERSIONS s5bq3b: {'s5bq3b': ['EICV4_VUP', 'EICV5_VUP'], 's5bq3b_v2': ['EICV7_VUP']} | EICV7_VUP vs EICV4_VUP: variable label differs ('Time period' vs 'Estimated rent (time unit)')
16:38:04 02_merge INFO   VERSIONS s5bq4b: {'s5bq4b': ['EICV5_VUP'], 's5bq4b_v2': ['EICV4_VUP']} | EICV5_VUP vs EICV4_VUP: variable label differs ('Time unit' vs 'Rent paid in cash (time unit)')
16:38:04 02_merge INFO   VERSIONS s5bq6b: {'s5bq6b': ['EICV5_VUP'], 's5bq6b_v2': ['EICV4_VUP']} | EICV5_VUP vs EICV4_VUP: variable label differs ('Time unit' vs 'Service/payment in kind (time unit)')
16:38:04 02_merge INFO   VERSIONS s5bq7: {'s5bq7': ['EICV4_VUP', 'EICV5_VUP'], 's5bq7_v2': ['EICV7_VUP']} | EICV7_VUP vs EICV4_VUP: variable label differs ('In which year did you acquire that house' vs 'Anybody outside HH paying rent')
16:38:04 02_merge INFO   VERSIONS s5bq8: {'s5bq8': ['EICV4_VUP', 'EICV5_VUP'], 's5bq8_v2': ['EICV7_VUP']} | EICV7_VUP vs EICV4_VUP: EICV7_VUP is unlabelled and its values reach 4.8e+07, beyond the labelled codes (1-9)
16:38:04 02_merge INFO   VERSIONS s5cq1: {'s5cq1': ['EICV4_VUP', 'EICV5_VUP'], 's5cq1_v2': ['EICV7_VUP']} | EICV7_VUP vs EICV4_VUP: value labels differ -- 3: 'Piped to neighbor HH' vs 'Public standpipe'; 4: 'Public tap/standpipe' vs 'Borehole'; 5: 'Tube Well/Borehole' vs 'Protected well'
16:38:04 02_merge INFO   VERSIONS s5cq12: {'s5cq12': ['EICV4_VUP', 'EICV5_VUP'], 's5cq12_v2': ['EICV7_VUP']} | EICV7_VUP vs EICV4_VUP: variable label differs ('Amount contribute to maintain the water ' vs 'Sold water in last 7 days')
16:38:04 02_merge INFO   VERSIONS s5cq13: {'s5cq13': ['EICV4_VUP', 'EICV5_VUP'], 's5cq13_v2': ['EICV7_VUP']} | EICV7_VUP vs EICV4_VUP: variable label differs ('Household manage the rainwater' vs 'Money earned from the water sold in last')
16:38:04 02_merge INFO   VERSIONS s5cq14: {'s5cq14': ['EICV4_VUP', 'EICV5_VUP'], 's5cq14_v2': ['EICV7_VUP']} | EICV7_VUP vs EICV4_VUP: variable label differs ('Is this HH connected to the grid (electr' vs 'Amount paid to maintain water source (la')
16:38:04 02_merge INFO   VERSIONS s5cq15: {'s5cq15': ['EICV7_VUP'], 's5cq15_v2': ['EICV5_VUP'], 's5cq15_v3': ['EICV4_VUP']} | EICV5_VUP vs EICV4_VUP: variable label differs ('Household manage the rainwater' vs 'Rainwater management') / EICV7_VUP vs EICV4_VUP: variable label differs ('Main Reason your household is not connec' vs 'Rainwater management')
16:38:04 02_merge INFO   VERSIONS s5cq16: {'s5cq16': ['EICV7_VUP'], 's5cq16_v2': ['EICV5_VUP'], 's5cq16_v3': ['EICV4_VUP']} | EICV5_VUP vs EICV4_VUP: value labels differ -- 11: 'Torch/Phone' vs 'Other (specify)' / EICV7_VUP vs EICV4_VUP: value labels differ -- 3: 'Private Solar Mini Grid' vs 'Bio Gas'; 4: 'Standalone solar system' vs 'Generator'; 5: 'Solar lantern' vs 'Oil Lamp'
16:38:04 02_merge INFO   VERSIONS s5cq17: {'s5cq17': ['EICV4_VUP', 'EICV5_VUP'], 's5cq17_v2': ['EICV7_VUP']} | EICV7_VUP vs EICV4_VUP: variable label differs ('Main Source of electricity that you most' vs 'Amount paid for electricity in last 4 we')
16:38:04 02_merge INFO   VERSIONS s5cq18: {'s5cq18': ['EICV4_VUP', 'EICV5_VUP'], 's5cq18_v2': ['EICV7_VUP']} | EICV7_VUP vs EICV4_VUP: variable label differs ('Main reason preventing your household to' vs 'Primary source of cooking fuel')
16:38:04 02_merge INFO   VERSIONS s5cq19: {'s5cq19': ['EICV4_VUP', 'EICV5_VUP'], 's5cq19_v2': ['EICV7_VUP']} | EICV7_VUP vs EICV4_VUP: variable label differs ('Appliances get damaged/electrical system' vs 'Mode of rubbish/garbage disposal')
16:38:04 02_merge INFO   VERSIONS s5cq2: {'s5cq2': ['EICV5_VUP'], 's5cq2_v2': ['EICV4_VUP']} | EICV5_VUP vs EICV4_VUP: variable label differs ('Distance in meters between your dwelling' vs 'Metres to main water source')
16:38:04 02_merge INFO   VERSIONS s5cq20: {'s5cq20': ['EICV4_VUP', 'EICV5_VUP'], 's5cq20_v2': ['EICV7_VUP']} | EICV7_VUP vs EICV4_VUP: variable label differs ('Amount your household pay for electricit' vs 'Type of toilet')
16:38:04 02_merge INFO   VERSIONS s5cq21: {'s5cq21': ['EICV4_VUP', 'EICV5_VUP'], 's5cq21_v2': ['EICV7_VUP']} | EICV7_VUP vs EICV4_VUP: variable label differs ('Type of your primary cook stove' vs 'Toilet facility shared with another hous')
16:38:04 02_merge INFO   VERSIONS s5cq23: {'s5cq23': ['EICV7_VUP'], 's5cq23_v2': ['EICV5_VUP'], 's5cq23_v3': ['EICV4_VUP']} | EICV5_VUP vs EICV4_VUP: variable label differs ('Major environmental destruction related ' vs 'Main environmental problem experienced w') / EICV7_VUP vs EICV4_VUP: variable label differs ('Where did you normally cook with the coo' vs 'Main environmental problem experienced w')
16:38:04 02_merge INFO   VERSIONS s5cq24: {'s5cq24': ['EICV4_VUP', 'EICV5_VUP'], 's5cq24_v2': ['EICV7_VUP']} | EICV7_VUP vs EICV4_VUP: variable label differs ('How does your household dispose of its r' vs 'Received any environmental information i')
16:38:04 02_merge INFO   VERSIONS s5cq25: {'s5cq25': ['EICV4_VUP', 'EICV5_VUP'], 's5cq25_v2': ['EICV7_VUP']} | EICV7_VUP vs EICV4_VUP: variable label differs ('What type of toilet does your household ' vs 'Main source of info on environmental iss')
16:38:04 02_merge INFO   VERSIONS s5cq26: {'s5cq26': ['EICV7_VUP'], 's5cq26_v2': ['EICV5_VUP'], 's5cq26_v3': ['EICV4_VUP']} | EICV5_VUP vs EICV4_VUP: variable label differs ('Internet connection _including on a mobi' vs 'Have Internet connection') / EICV7_VUP vs EICV4_VUP: variable label differs ('Is the toilet facility shared with anoth' vs 'Have Internet connection')
16:38:04 02_merge INFO   VERSIONS s5cq27: {'s5cq27': ['EICV4_VUP', 'EICV5_VUP'], 's5cq27_v2': ['EICV7_VUP']} | EICV7_VUP vs EICV4_VUP: variable label differs ('Number of households in total use this t' vs 'Main kind of internet connection used')
16:38:04 02_merge INFO   VERSIONS s5cq3: {'s5cq3': ['EICV4_VUP', 'EICV5_VUP'], 's5cq3_v2': ['EICV7_VUP']} | EICV7_VUP vs EICV4_VUP: variable label differs ('Main Source of drinking water for member' vs 'Type nearest source of drinking water')
16:38:04 02_merge INFO   VERSIONS s5cq6: {'s5cq6': ['EICV5_VUP'], 's5cq6_v2': ['EICV4_VUP']} | EICV5_VUP vs EICV4_VUP: variable label differs ('Main reason preventing' vs 'Main reason why source is not used')
16:38:04 02_merge INFO   VERSIONS s5cq7: {'s5cq7': ['EICV4_VUP', 'EICV5_VUP'], 's5cq7_v2': ['EICV7_VUP']} | EICV7_VUP: FORCE_SPLIT
16:38:04 02_merge INFO   VERSIONS s5cq8: {'s5cq8': ['EICV7_VUP'], 's5cq8_v2': ['EICV5_VUP'], 's5cq8_v3': ['EICV4_VUP']} | EICV5_VUP vs EICV4_VUP: variable label differs ('Distance in meters to the source used' vs 'Metres to drinking water source used') / EICV7_VUP vs EICV4_VUP: variable label differs ('In the last 4 weeks has there been anyti' vs 'Metres to drinking water source used')
16:38:04 02_merge INFO   VERSIONS s5cq9a: {'s5cq9a': ['EICV5_VUP', 'EICV7_VUP'], 's5cq9a_v2': ['EICV4_VUP']} | EICV5_VUP vs EICV4_VUP: variable label differs ('Amount of last water bill from WASAC or ' vs 'Period of last water bill (months)') / EICV7_VUP vs EICV4_VUP: variable label differs ('Amount of last water bill from WASAC or ' vs 'Period of last water bill (months)')
16:38:04 02_merge INFO   VERSIONS s5dq1: {'s5dq1': ['EICV4_VUP', 'EICV5_VUP'], 's5dq1_v2': ['EICV7_VUP']} | EICV7_VUP vs EICV4_VUP: value labels differ -- 5: 'Cement blocks' vs 'Wooden planks'; 6: 'Wooden planks' vs 'Stones'; 9: 'Tree trunks with mud' vs 'Plastic sheeting'
16:38:04 02_merge INFO   VERSIONS s5dq2: {'s5dq2': ['EICV7_VUP'], 's5dq2_v2': ['EICV5_VUP'], 's5dq2_v3': ['EICV4_VUP']} | EICV5_VUP vs EICV4_VUP: value labels differ -- 5: 'Plastic/plywood/impermanent materials' vs 'Plastic or plywood'; 6: 'Industrial tiles' vs 'Other' / EICV7_VUP vs EICV4_VUP: value labels differ -- 1: 'Metal sheets/corrugated iron' vs 'Thatch or leaves'; 2: 'Local clay tiles' vs 'Metal sheets'; 3: 'Concrete' vs 'Clay tiles'
16:38:04 02_merge INFO   VERSIONS s5dq3: {'s5dq3': ['EICV4_VUP', 'EICV5_VUP'], 's5dq3_v2': ['EICV7_VUP']} | EICV7_VUP vs EICV4_VUP: value labels differ -- 7: 'Carpet/Moquette' vs 'Other'
16:38:04 02_merge INFO   VERSIONS s5eq3a: {'s5eq3a': ['EICV7_VUP'], 's5eq3a_v2': ['EICV5_VUP']} | EICV7_VUP vs EICV5_VUP: variable label differs ('What did the household do to compensate ' vs 'Compensate for the consequences of the c')
16:38:04 02_merge INFO   VERSIONS s5eq3b: {'s5eq3b': ['EICV7_VUP'], 's5eq3b_v2': ['EICV5_VUP']} | EICV7_VUP vs EICV5_VUP: variable label differs ('What did the household do to compensate ' vs 'Compensate for the consequences of the c')
16:38:04 02_merge INFO   VERSIONS s7a2q1: {'s7a2q1': ['EICV7_VUP'], 's7a2q1_v2': ['EICV5_VUP'], 's7a2q1_v3': ['EICV4_VUP']} | EICV5_VUP vs EICV4_VUP: variable label differs ('Household ever received animal from Govt' vs 'Received a cow from government policy') / EICV7_VUP vs EICV4_VUP: variable label differs ('Have you ever received a cow from the Go' vs 'Received a cow from government policy')
16:38:04 02_merge INFO   VERSIONS s7a2q2: {'s7a2q2': ['EICV7_VUP'], 's7a2q2_v2': ['EICV5_VUP'], 's7a2q2_v3': ['EICV4_VUP']} | EICV5_VUP vs EICV4_VUP: variable label differs ('Animal still with household' vs 'Still keep this animal') / EICV7_VUP: FORCE_SPLIT
16:38:04 02_merge INFO   VERSIONS s7a2q3: {'s7a2q3': ['EICV4_VUP', 'EICV5_VUP'], 's7a2q3_v2': ['EICV7_VUP']} | EICV7_VUP vs EICV4_VUP: variable label differs ('Do you still keep this animal?' vs 'Received animal from NGO or social prote')
16:38:04 02_merge INFO   VERSIONS s7a2q6: {'s7a2q6': ['EICV5_VUP'], 's7a2q6_v2': ['EICV4_VUP']} | EICV5_VUP vs EICV4_VUP: variable label differs ('Household uses a maintained pasture' vs 'Use a maintained pasture')
16:38:04 02_merge INFO   VERSIONS s7a2q7: {'s7a2q7': ['EICV4_VUP', 'EICV5_VUP'], 's7a2q7_v2': ['EICV7_VUP']} | EICV7_VUP vs EICV4_VUP: variable label differs ('Household uses a maintained pasture' vs 'Owner of pasture')
16:38:04 02_merge INFO   VERSIONS s7a2q8: {'s7a2q8': ['EICV5_VUP'], 's7a2q8_v2': ['EICV4_VUP']} | EICV5_VUP vs EICV4_VUP: variable label differs ('Cost of using the pasture' vs 'Cost of using the pasture over last 12 m')
16:38:04 02_merge INFO   VERSIONS s7b1q11: {'s7b1q11': ['EICV5_VUP'], 's7b1q11_v2': ['EICV4_VUP']} | EICV5_VUP vs EICV4_VUP: variable label differs ('Household received land gift,inheritance' vs 'Received land over the last 12 months')
16:38:04 02_merge INFO   VERSIONS s7b1q12: {'s7b1q12': ['EICV5_VUP'], 's7b1q12_v2': ['EICV4_VUP']} | EICV5_VUP vs EICV4_VUP: variable label differs ('Given land outside household gift, inher' vs 'Given land over the last 12 months')
16:38:04 02_merge INFO   VERSIONS s7b1q6: {'s7b1q6': ['EICV5_VUP'], 's7b1q6_v2': ['EICV4_VUP']} | EICV5_VUP vs EICV4_VUP: variable label differs ('Amount received from the sale in the las' vs 'Amount received from the sale of this la')
16:38:04 02_merge INFO   VERSIONS s9cq1: {'s9cq1': ['EICV5_VUP'], 's9cq1_v2': ['EICV4_VUP']} | EICV5_VUP vs EICV4_VUP: variable label differs ('Household category in Ubudehe VUP_' vs 'Ubudehe category of HH (self-declared)')
16:38:04 02_merge INFO   VERSIONS s9cq10: {'s9cq10': ['EICV5_VUP'], 's9cq10_v2': ['EICV4_VUP']} | EICV5_VUP vs EICV4_VUP: variable label differs ('Average amount  informed to get in every' vs 'Receive direct support payments on time')
16:38:04 02_merge INFO   VERSIONS s9cq11: {'s9cq11': ['EICV5_VUP'], 's9cq11_v2': ['EICV4_VUP']} | EICV5_VUP vs EICV4_VUP: variable label differs ('Direct Support payments received over th' vs 'Average amount received from direct supp')
16:38:04 02_merge INFO   VERSIONS s9cq12: {'s9cq12': ['EICV5_VUP'], 's9cq12_v2': ['EICV4_VUP']} | EICV5_VUP vs EICV4_VUP: variable label differs ('Why have you not received 12 payments?' vs 'Amount household received in the last 12')
16:38:04 02_merge INFO   VERSIONS s9cq15: {'s9cq15': ['EICV5_VUP'], 's9cq15_v2': ['EICV4_VUP']} | EICV5_VUP vs EICV4_VUP: variable label differs ('Average hours per day worked for last pa' vs 'Number HH members worked in PWs in last ')
16:38:04 02_merge INFO   VERSIONS s9cq16: {'s9cq16': ['EICV5_VUP'], 's9cq16_v2': ['EICV4_VUP']} | EICV5_VUP vs EICV4_VUP: variable label differs ('Daily wage last participation in Public ' vs 'Number of months worked in PWs over last')
16:38:04 02_merge INFO   VERSIONS s9cq17: {'s9cq17': ['EICV5_VUP'], 's9cq17_v2': ['EICV4_VUP']} | EICV5_VUP vs EICV4_VUP: variable label differs ('Days worked during the last 3 months' vs 'Payment to all HH members over the last ')
16:38:04 02_merge INFO   VERSIONS s9cq18: {'s9cq18': ['EICV5_VUP'], 's9cq18_v2': ['EICV4_VUP']} | EICV5_VUP vs EICV4_VUP: variable label differs ('Type of work during last participation i' vs 'Receive PWs payments on time')
16:38:04 02_merge INFO   VERSIONS s9cq19: {'s9cq19': ['EICV5_VUP'], 's9cq19_v2': ['EICV4_VUP']} | EICV5_VUP vs EICV4_VUP: variable label differs ('Time  spend for  commuting to and from t' vs 'Able to invest public works pay in asset')
16:38:04 02_merge INFO   VERSIONS s9cq2: {'s9cq2': ['EICV5_VUP'], 's9cq2_v2': ['EICV4_VUP']} | EICV5_VUP vs EICV4_VUP: variable label differs ('Household ever received any income /Loan' vs 'HH live in a VUP support sector')
16:38:04 02_merge INFO   VERSIONS s9cq20: {'s9cq20': ['EICV5_VUP'], 's9cq20_v2': ['EICV4_VUP']} | EICV5_VUP vs EICV4_VUP: variable label differs ('Amount of money normally spend related t' vs 'Some members benefited from financial se')
16:38:04 02_merge INFO   VERSIONS s9cq3: {'s9cq3': ['EICV5_VUP'], 's9cq3_v2': ['EICV4_VUP']} | EICV5_VUP vs EICV4_VUP: variable label differs ('Many months have you been on the eligibi' vs 'HH has ever enrolled in VUP')
16:38:04 02_merge INFO   VERSIONS s9cq5: {'s9cq5': ['EICV5_VUP'], 's9cq5_v2': ['EICV4_VUP']} | EICV5_VUP vs EICV4_VUP: variable label differs ('Why is your household no longer benefit ' vs 'Type VUP program when first started')
16:38:04 02_merge INFO   VERSIONS s9cq6: {'s9cq6': ['EICV5_VUP'], 's9cq6_v2': ['EICV4_VUP']} | EICV5_VUP vs EICV4_VUP: variable label differs ('How do you usually receive your Direct S' vs 'HH currently benefits from VUP')
16:38:04 02_merge INFO   VERSIONS s9cq7: {'s9cq7': ['EICV5_VUP'], 's9cq7_v2': ['EICV4_VUP']} | EICV5_VUP vs EICV4_VUP: variable label differs ('Period when received your direct support' vs 'Reason HH no longer benefits from VUP')
16:38:04 02_merge INFO   VERSIONS s9cq8: {'s9cq8': ['EICV5_VUP'], 's9cq8_v2': ['EICV4_VUP']} | EICV5_VUP vs EICV4_VUP: variable label differs ('Average amount household received at the' vs 'Type of VUP currently receiving')
16:38:04 02_merge INFO   VERSIONS s9cq9: {'s9cq9': ['EICV5_VUP'], 's9cq9_v2': ['EICV4_VUP']} | EICV5_VUP vs EICV4_VUP: variable label differs ('What you usually receive?' vs 'Period HH receives direct support')
16:38:05 02_merge INFO   2 variables with codes observed outside their own value labels (stale labels)
16:38:05 02_merge INFO PASS  EICV_pooled_household_vup.dta: pooled rows == sum of wave rows
16:38:05 02_merge INFO PASS  EICV_pooled_household_vup.dta: EICV4_VUP sum wt preserved
16:38:05 02_merge INFO PASS  EICV_pooled_household_vup.dta: EICV5_VUP sum wt preserved
16:38:05 02_merge INFO PASS  EICV_pooled_household_vup.dta: EICV7_VUP sum wt preserved
16:38:05 02_merge INFO wrote EICV_pooled_household_vup.dta  (7,875 rows x 395 vars, 5.1 MB)
16:38:05 02_merge INFO ---------------- EICV_pooled_agri_expenditure.dta (['EICV1', 'EICV2', 'EICV3', 'EICV4_CS', 'EICV4_VUP', 'EICV5_CS', 'EICV5_VUP'])
16:38:05 02_merge INFO   loaded EICV1      EICV_EICV1_s8_farm_expense_clean.dta                       77,556 rows x   22
16:38:06 02_merge INFO   loaded EICV2      EICV_EICV2_s8g_ag_expense_clean.dta                        78,190 rows x   22
16:38:06 02_merge INFO   loaded EICV3      EICV_EICV3_s08g_inputs_clean.dta                          205,664 rows x   19
16:38:07 02_merge INFO   loaded EICV4_CS   EICV_EICV4_CS_s7g_expenditure_agriculture_clean.dta       230,704 rows x   25
16:38:07 02_merge INFO   loaded EICV4_VUP  EICV_EICV4_VUP_s7g_expenditure_agriculture_clean.dta       39,360 rows x   21
16:38:08 02_merge INFO   loaded EICV5_CS   EICV_EICV5_CS_s7g_expenditure_agriculture_clean.dta       233,232 rows x   17
16:38:08 02_merge INFO   loaded EICV5_VUP  EICV_EICV5_VUP_s7g_expenditure_agriculture_clean.dta       26,288 rows x   17
16:38:08 02_merge INFO   VERSIONS item: {'item': ['EICV3'], 'item_v2': ['EICV2']} | EICV3 vs EICV2: variable label differs ('Expenditure codes' vs 'Expenditure code')
16:38:08 02_merge INFO   VERSIONS poverty: {'poverty': ['EICV3', 'EICV4_CS'], 'poverty_v2': ['EICV5_CS']} | EICV5_CS vs EICV3: variable label differs ('Welfare categories' vs 'Poverty status')
16:38:08 02_merge INFO   VERSIONS s7gq1: {'s7gq1': ['EICV5_CS', 'EICV5_VUP'], 's7gq1_v2': ['EICV4_CS', 'EICV4_VUP']} | EICV5_CS vs EICV4_CS: variable label differs ('Expense incurred over the last 12 months' vs 'Other agricultural expenditure in last 1') / EICV5_VUP vs EICV4_CS: variable label differs ('Expense incurred over the last 12 months' vs 'Other agricultural expenditure in last 1')
16:38:08 02_merge INFO   VERSIONS s7gq2: {'s7gq2': ['EICV5_CS', 'EICV5_VUP'], 's7gq2_v2': ['EICV4_CS', 'EICV4_VUP']} | EICV5_CS vs EICV4_CS: variable label differs ('Amount spent on expediture in last 12 mo' vs 'Amount of other agricultural expenditure') / EICV5_VUP vs EICV4_CS: variable label differs ('Amount spent on expediture in last 12 mo' vs 'Amount of other agricultural expenditure')
16:38:08 02_merge INFO   VERSIONS s8gq2: {'s8gq2': ['EICV3'], 's8gq2_v2': ['EICV2']} | EICV3 vs EICV2: variable label differs ('Expense incurred' vs 'Incurred expenditure')
16:38:08 02_merge INFO   VERSIONS s8gq3: {'s8gq3': ['EICV3'], 's8gq3_v2': ['EICV2']} | EICV3 vs EICV2: variable label differs ('Amount spent on expediture in last 12 mo' vs 'Amount of expenditure')
16:38:08 02_merge INFO   VERSIONS s8gq4: {'s8gq4': ['EICV3'], 's8gq4_v2': ['EICV2']} | EICV3 vs EICV2: variable label differs ('Source of the article' vs 'Origin of item')
16:38:08 02_merge INFO   VERSIONS s8gq6: {'s8gq6': ['EICV3'], 's8gq6_v2': ['EICV2']} | EICV3 vs EICV2: variable label differs ('Article been available in the last 12 mo' vs 'Item not available during the year')
16:38:09 02_merge INFO   1 variables with codes observed outside their own value labels (stale labels)
16:38:12 02_merge INFO PASS  EICV_pooled_agri_expenditure.dta: pooled rows == sum of wave rows
16:38:12 02_merge INFO PASS  EICV_pooled_agri_expenditure.dta: EICV1 sum wt preserved
16:38:12 02_merge INFO PASS  EICV_pooled_agri_expenditure.dta: EICV2 sum wt preserved
16:38:12 02_merge INFO PASS  EICV_pooled_agri_expenditure.dta: EICV3 sum wt preserved
16:38:12 02_merge INFO PASS  EICV_pooled_agri_expenditure.dta: EICV4_CS sum wt preserved
16:38:12 02_merge INFO PASS  EICV_pooled_agri_expenditure.dta: EICV4_VUP sum wt preserved
16:38:12 02_merge INFO PASS  EICV_pooled_agri_expenditure.dta: EICV5_CS sum wt preserved
16:38:12 02_merge INFO PASS  EICV_pooled_agri_expenditure.dta: EICV5_VUP sum wt preserved
16:38:16 02_merge INFO wrote EICV_pooled_agri_expenditure.dta  (890,994 rows x 57 vars, 134.6 MB)
16:38:16 02_merge INFO ---------------- EICV_pooled_agri_income.dta (['EICV4_CS', 'EICV4_VUP', 'EICV5_CS', 'EICV5_VUP'])
16:38:16 02_merge INFO   loaded EICV4_CS   EICV_EICV4_CS_s7f_income_agriculture_clean.dta            173,028 rows x   26
16:38:17 02_merge INFO   loaded EICV4_VUP  EICV_EICV4_VUP_s7f_income_agriculture_clean.dta            29,520 rows x   22
16:38:17 02_merge INFO   loaded EICV5_CS   EICV_EICV5_CS_s7f_income_agriculture_clean.dta            174,936 rows x   18
16:38:17 02_merge INFO   loaded EICV5_VUP  EICV_EICV5_VUP_s7f_income_agriculture_clean.dta            19,728 rows x   18
16:38:17 02_merge INFO   VERSIONS poverty: {'poverty': ['EICV5_CS'], 'poverty_v2': ['EICV4_CS']} | EICV5_CS vs EICV4_CS: variable label differs ('Welfare categories' vs 'POVERTY')
16:38:17 02_merge INFO   VERSIONS s7fq2: {'s7fq2': ['EICV5_CS', 'EICV5_VUP'], 's7fq2_v2': ['EICV4_CS', 'EICV4_VUP']} | EICV5_CS vs EICV4_CS: variable label differs ('Amount receive from the sale during last' vs 'Amount received from sales last 4 weeks') / EICV5_VUP vs EICV4_CS: variable label differs ('Amount receive from the sale during last' vs 'Amount received from sales last 4 weeks')
16:38:18 02_merge INFO PASS  EICV_pooled_agri_income.dta: pooled rows == sum of wave rows
16:38:18 02_merge INFO PASS  EICV_pooled_agri_income.dta: EICV4_CS sum wt preserved
16:38:18 02_merge INFO PASS  EICV_pooled_agri_income.dta: EICV4_VUP sum wt preserved
16:38:18 02_merge INFO PASS  EICV_pooled_agri_income.dta: EICV5_CS sum wt preserved
16:38:19 02_merge INFO PASS  EICV_pooled_agri_income.dta: EICV5_VUP sum wt preserved
16:38:20 02_merge INFO wrote EICV_pooled_agri_income.dta  (397,212 rows x 32 vars, 42.1 MB)
16:38:20 02_merge INFO ---------------- EICV_pooled_agri_processing.dta (['EICV1', 'EICV2', 'EICV3', 'EICV4_CS', 'EICV4_VUP', 'EICV5_CS', 'EICV5_VUP'])
16:38:20 02_merge INFO   loaded EICV1      EICV_EICV1_s8_farm_processing_clean.dta                    14,389 rows x   34
16:38:20 02_merge INFO   loaded EICV2      EICV_EICV2_s8h_ag_process_clean.dta                        11,937 rows x   35
16:38:20 02_merge INFO   loaded EICV3      EICV_EICV3_s08h_processing_clean.dta                       32,981 rows x   30
16:38:20 02_merge INFO   loaded EICV4_CS   EICV_EICV4_CS_s7h_transformation_agriculture_clean.dta     53,549 rows x   32
16:38:20 02_merge INFO   loaded EICV4_VUP  EICV_EICV4_VUP_s7h_transformation_agriculture_clean.dta     9,021 rows x   28
16:38:21 02_merge INFO   loaded EICV5_CS   EICV_EICV5_CS_s7h_transformation_agriculture_clean.dta     45,266 rows x   28
16:38:21 02_merge INFO   loaded EICV5_VUP  EICV_EICV5_VUP_s7h_transformation_agriculture_clean.dta     5,300 rows x   29
16:38:21 02_merge INFO   VERSIONS poverty: {'poverty': ['EICV3', 'EICV4_CS'], 'poverty_v2': ['EICV5_CS']} | EICV5_CS vs EICV3: variable label differs ('Welfare categories' vs 'Poverty status')
16:38:21 02_merge INFO   VERSIONS s7hq3b: {'s7hq3b': ['EICV5_CS', 'EICV5_VUP'], 's7hq3b_v2': ['EICV4_CS', 'EICV4_VUP']} | EICV5_CS vs EICV4_CS: variable label differs ('Quantity transformed' vs 'Quantity of products by transformation (') / EICV5_VUP vs EICV4_CS: variable label differs ('Quantity transformed' vs 'Quantity of products by transformation (')
16:38:21 02_merge INFO   VERSIONS s7hq7: {'s7hq7': ['EICV5_CS', 'EICV5_VUP'], 's7hq7_v2': ['EICV4_CS', 'EICV4_VUP']} | EICV5_CS vs EICV4_CS: variable label differs ('Any sold' vs 'Have sold type of processed ag product') / EICV5_VUP vs EICV4_CS: variable label differs ('Any sold' vs 'Have sold type of processed ag product')
16:38:21 02_merge INFO   VERSIONS s7hq8a: {'s7hq8a': ['EICV5_CS', 'EICV5_VUP'], 's7hq8a_v2': ['EICV4_CS', 'EICV4_VUP']} | EICV5_CS vs EICV4_CS: variable label differs ('Unit of time for quantity sold' vs 'Sales processed ag product (time unit) -') / EICV5_VUP vs EICV4_CS: variable label differs ('Unit of time for quantity sold' vs 'Sales processed ag product (time unit) -')
16:38:21 02_merge INFO   VERSIONS s7hq8b: {'s7hq8b': ['EICV5_CS', 'EICV5_VUP'], 's7hq8b_v2': ['EICV4_CS', 'EICV4_VUP']} | EICV5_CS vs EICV4_CS: variable label differs ('Quantity Sold' vs 'Quantity of sales processed ag product (') / EICV5_VUP vs EICV4_CS: variable label differs ('Quantity Sold' vs 'Quantity of sales processed ag product (')
16:38:21 02_merge INFO   VERSIONS s7hq9a: {'s7hq9a': ['EICV5_CS', 'EICV5_VUP'], 's7hq9a_v2': ['EICV4_CS', 'EICV4_VUP']} | EICV5_CS vs EICV4_CS: variable label differs ('Unit of time for quantity sold' vs 'Sales processed ag product (time unit) -') / EICV5_VUP vs EICV4_CS: variable label differs ('Unit of time for quantity sold' vs 'Sales processed ag product (time unit) -')
16:38:21 02_merge INFO   VERSIONS s7hq9b: {'s7hq9b': ['EICV5_CS', 'EICV5_VUP'], 's7hq9b_v2': ['EICV4_CS', 'EICV4_VUP']} | EICV5_CS vs EICV4_CS: variable label differs ('Amount Sold' vs 'Value of sales processed ag product') / EICV5_VUP vs EICV4_CS: variable label differs ('Amount Sold' vs 'Value of sales processed ag product')
16:38:21 02_merge INFO   VERSIONS s8hq10b: {'s8hq10b': ['EICV3'], 's8hq10b_v2': ['EICV2']} | EICV3 vs EICV2: variable label differs ('Quantity Sold' vs 'Amount sold')
16:38:21 02_merge INFO   VERSIONS s8hq2: {'s8hq2': ['EICV3'], 's8hq2_v2': ['EICV2']} | EICV3 vs EICV2: variable label differs ('PID of respondent' vs 'Id of person interviewed')
16:38:21 02_merge INFO   VERSIONS s8hq4a: {'s8hq4a': ['EICV3'], 's8hq4a_v2': ['EICV2']} | EICV3 vs EICV2: variable label differs ('PID of other houshold members (1)' vs 'Other household member (1)')
16:38:21 02_merge INFO   VERSIONS s8hq4b: {'s8hq4b': ['EICV3'], 's8hq4b_v2': ['EICV2']} | EICV3 vs EICV2: variable label differs ('PID of other houshold members (2)' vs 'Other household member (2)')
16:38:21 02_merge INFO   VERSIONS s8hq4c: {'s8hq4c': ['EICV3'], 's8hq4c_v2': ['EICV2']} | EICV3 vs EICV2: variable label differs ('PID of other houshold members (3)' vs 'Other household member (3)')
16:38:21 02_merge INFO   VERSIONS s8hq5b: {'s8hq5b': ['EICV3'], 's8hq5b_v2': ['EICV2']} | EICV3 vs EICV2: variable label differs ('Quantity transformed' vs 'Amount processed')
16:38:21 02_merge INFO   VERSIONS s8hq5c: {'s8hq5c': ['EICV3'], 's8hq5c_v2': ['EICV2']} | EICV3 vs EICV2: variable label differs ('Unit of measurement for transformed prod' vs 'Quantity unit')
16:38:21 02_merge INFO   VERSIONS s8hq6: {'s8hq6': ['EICV3'], 's8hq6_v2': ['EICV2']} | EICV3 vs EICV2: variable label differs ('Labour cost in cash or kind' vs 'Labor costs')
16:38:21 02_merge INFO   VERSIONS s8hq7: {'s8hq7': ['EICV3'], 's8hq7_v2': ['EICV2']} | EICV3 vs EICV2: variable label differs ('Source of inputs for transformation' vs 'Origin of raw material')
16:38:21 02_merge INFO   VERSIONS s8hq8: {'s8hq8': ['EICV3'], 's8hq8_v2': ['EICV2']} | EICV3 vs EICV2: variable label differs ('Other costs incurred during Transformati' vs 'Other costs associated with processing')
16:38:21 02_merge INFO   VERSIONS s8hq9: {'s8hq9': ['EICV3'], 's8hq9_v2': ['EICV2']} | EICV3 vs EICV2: variable label differs ('Sale of transformed produce' vs 'Sold processed item')
16:38:21 02_merge INFO   6 variables with codes observed outside their own value labels (stale labels)
16:38:22 02_merge INFO PASS  EICV_pooled_agri_processing.dta: pooled rows == sum of wave rows
16:38:22 02_merge INFO PASS  EICV_pooled_agri_processing.dta: EICV1 sum wt preserved
16:38:22 02_merge INFO PASS  EICV_pooled_agri_processing.dta: EICV2 sum wt preserved
16:38:22 02_merge INFO PASS  EICV_pooled_agri_processing.dta: EICV3 sum wt preserved
16:38:22 02_merge INFO PASS  EICV_pooled_agri_processing.dta: EICV4_CS sum wt preserved
16:38:22 02_merge INFO PASS  EICV_pooled_agri_processing.dta: EICV4_VUP sum wt preserved
16:38:22 02_merge INFO PASS  EICV_pooled_agri_processing.dta: EICV5_CS sum wt preserved
16:38:22 02_merge INFO PASS  EICV_pooled_agri_processing.dta: EICV5_VUP sum wt preserved
16:38:22 02_merge INFO   EICV_pooled_agri_processing.dta: 35 exact duplicate rows dropped (duplicates drop, all variables): {'EICV1': 9, 'EICV3': 9, 'EICV4_CS': 9, 'EICV2': 6, 'EICV4_VUP': 2}
16:38:23 02_merge INFO wrote EICV_pooled_agri_processing.dta  (172,408 rows x 108 vars, 46.3 MB)
16:38:23 02_merge INFO ---------------- EICV_pooled_credits.dta (['EICV1', 'EICV2', 'EICV3', 'EICV4_CS', 'EICV4_VUP', 'EICV5_CS', 'EICV5_VUP', 'EICV7_CS', 'EICV7_VUP'])
16:38:23 02_merge INFO   loaded EICV1      EICV_EICV1_s12_credit_clean.dta                             7,178 rows x   27
16:38:23 02_merge INFO   loaded EICV2      EICV_EICV2_s11a_credit_clean.dta                            5,509 rows x   25
16:38:23 02_merge INFO   loaded EICV3      EICV_EICV3_s11a2_credit_clean.dta                          22,781 rows x   22
16:38:23 02_merge INFO   loaded EICV4_CS   EICV_EICV4_CS_s10a2_credits_clean.dta                      20,974 rows x   30
16:38:23 02_merge INFO   loaded EICV4_VUP  EICV_EICV4_VUP_s10a2_credits_clean.dta                      3,907 rows x   26
16:38:23 02_merge INFO   loaded EICV5_CS   EICV_EICV5_CS_s10a2_listing_of_credits_clean.dta           15,800 rows x   24
16:38:23 02_merge INFO   loaded EICV5_VUP  EICV_EICV5_VUP_s10a2_listing_of_credits_clean.dta           1,968 rows x   23
16:38:23 02_merge INFO   loaded EICV7_CS   EICV_EICV7_CS_s10a1_a2_credits_clean.dta                   20,509 rows x   25
16:38:23 02_merge INFO   loaded EICV7_VUP  EICV_EICV7_VUP_s10a1_a2_credits_clean.dta                   5,404 rows x   26
16:38:23 02_merge INFO   VERSIONS poverty: {'poverty': ['EICV5_CS', 'EICV7_CS', 'EICV7_VUP'], 'poverty_v2': ['EICV3', 'EICV4_CS']} | EICV5_CS vs EICV3: variable label differs ('Welfare categories' vs 'Poverty status') / EICV7_CS vs EICV3: variable label differs ('Welfare Categories' vs 'Poverty status')
16:38:23 02_merge INFO   VERSIONS quintile: {'quintile': ['EICV3', 'EICV4_CS', 'EICV5_CS'], 'quintile_v2': ['EICV7_CS', 'EICV7_VUP']} | EICV7_CS vs EICV3: variable label differs ('Quintiles of real consumption per ae' vs 'Quintile') / EICV7_VUP vs EICV3: variable label differs ('Quintiles of real consumption per ae' vs 'Quintile')
16:38:23 02_merge INFO   VERSIONS s10aq10: {'s10aq10': ['EICV5_CS', 'EICV5_VUP'], 's10aq10_v2': ['EICV4_CS', 'EICV4_VUP']} | EICV5_CS vs EICV4_CS: variable label differs ('Collateral of loan' vs 'Property required to secure the loan') / EICV5_VUP vs EICV4_CS: variable label differs ('Collateral of loan' vs 'Property required to secure the loan')
16:38:23 02_merge INFO   VERSIONS s10aq12: {'s10aq12': ['EICV5_CS', 'EICV5_VUP'], 's10aq12_v2': ['EICV4_CS', 'EICV4_VUP']} | EICV5_CS vs EICV4_CS: variable label differs ('How much of loan was cleared' vs 'Amount of loan paid in last 12 months') / EICV5_VUP vs EICV4_CS: variable label differs ('How much of loan was cleared' vs 'Amount of loan paid in last 12 months')
16:38:23 02_merge INFO   VERSIONS s10aq6: {'s10aq6': ['EICV4_CS', 'EICV4_VUP', 'EICV5_CS', 'EICV5_VUP'], 's10aq6_v2': ['EICV7_CS', 'EICV7_VUP']} | EICV7_CS vs EICV4_CS: variable label differs ('Loan source' vs 'Loan recipient ID Number') / EICV7_VUP vs EICV4_CS: variable label differs ('Loan source' vs 'Loan recipient ID Number')
16:38:23 02_merge INFO   VERSIONS s10aq7: {'s10aq7': ['EICV4_CS', 'EICV4_VUP', 'EICV5_CS', 'EICV5_VUP'], 's10aq7_v2': ['EICV7_CS', 'EICV7_VUP']} | EICV7_CS: FORCE_SPLIT
16:38:23 02_merge INFO   VERSIONS s10aq8: {'s10aq8': ['EICV4_CS', 'EICV4_VUP', 'EICV5_CS', 'EICV5_VUP'], 's10aq8_v2': ['EICV7_CS', 'EICV7_VUP']} | EICV7_CS vs EICV4_CS: variable label differs ('Property required to secure the loan' vs 'Total interest payment') / EICV7_VUP vs EICV4_CS: variable label differs ('Property required to secure the loan' vs 'Total interest payment')
16:38:23 02_merge INFO   VERSIONS s10aq9: {'s10aq9': ['EICV4_CS', 'EICV4_VUP', 'EICV5_CS', 'EICV5_VUP'], 's10aq9_v2': ['EICV7_CS', 'EICV7_VUP']} | EICV7_CS vs EICV4_CS: variable label differs ('Has loan been repaid partislly or comple' vs 'Purpose of loan') / EICV7_VUP vs EICV4_CS: variable label differs ('Has loan been repaid partislly or comple' vs 'Purpose of loan')
16:38:23 02_merge INFO   VERSIONS s11aq10: {'s11aq10': ['EICV3'], 's11aq10_v2': ['EICV2']} | EICV3 vs EICV2: value labels differ -- 3: 'Business expansion' vs 'Expand business'; 6: 'Medical treatment' vs 'Health'; 8: 'Purchase of household items' vs 'Consumer goods'
16:38:23 02_merge INFO   VERSIONS s11aq11: {'s11aq11': ['EICV3'], 's11aq11_v2': ['EICV2']} | EICV3 vs EICV2: variable label differs ('Collateral of loan' vs 'Collateral for debt')
16:38:23 02_merge INFO   VERSIONS s11aq12: {'s11aq12': ['EICV3'], 's11aq12_v2': ['EICV2']} | EICV3 vs EICV2: variable label differs ('Has loan been cleared' vs 'Loan reimbursed')
16:38:23 02_merge INFO   VERSIONS s11aq13: {'s11aq13': ['EICV3'], 's11aq13_v2': ['EICV2']} | EICV3 vs EICV2: variable label differs ('How much of loan was cleared' vs 'Amount reimbursed')
16:38:23 02_merge INFO   VERSIONS s11aq6: {'s11aq6': ['EICV3'], 's11aq6_v2': ['EICV2']} | EICV3 vs EICV2: variable label differs ('Loan source' vs 'Loan origin')
16:38:24 02_merge INFO   VERSIONS s11aq9: {'s11aq9': ['EICV3'], 's11aq9_v2': ['EICV2']} | EICV3 vs EICV2: variable label differs ('Total intrest payment' vs 'Amount of interest')
16:38:24 02_merge INFO   1 variables with codes observed outside their own value labels (stale labels)
16:38:24 02_merge INFO PASS  EICV_pooled_credits.dta: pooled rows == sum of wave rows
16:38:24 02_merge INFO PASS  EICV_pooled_credits.dta: EICV1 sum wt preserved
16:38:24 02_merge INFO PASS  EICV_pooled_credits.dta: EICV2 sum wt preserved
16:38:24 02_merge INFO PASS  EICV_pooled_credits.dta: EICV3 sum wt preserved
16:38:24 02_merge INFO PASS  EICV_pooled_credits.dta: EICV4_CS sum wt preserved
16:38:24 02_merge INFO PASS  EICV_pooled_credits.dta: EICV4_VUP sum wt preserved
16:38:24 02_merge INFO PASS  EICV_pooled_credits.dta: EICV5_CS sum wt preserved
16:38:24 02_merge INFO PASS  EICV_pooled_credits.dta: EICV5_VUP sum wt preserved
16:38:24 02_merge INFO PASS  EICV_pooled_credits.dta: EICV7_CS sum wt preserved
16:38:24 02_merge INFO PASS  EICV_pooled_credits.dta: EICV7_VUP sum wt preserved
16:38:25 02_merge INFO wrote EICV_pooled_credits.dta  (104,030 rows x 85 vars, 18.8 MB)
16:38:25 02_merge INFO ---------------- EICV_pooled_crop_large.dta (['EICV2', 'EICV3', 'EICV4_CS', 'EICV4_VUP', 'EICV5_CS', 'EICV5_VUP'])
16:38:25 02_merge INFO   loaded EICV2      EICV_EICV2_s8d_ag_production1_clean.dta                    18,251 rows x   35
16:38:25 02_merge INFO   loaded EICV3      EICV_EICV3_s08d_croplarge_clean.dta                        46,621 rows x   30
16:38:25 02_merge INFO   loaded EICV4_CS   EICV_EICV4_CS_s7d_large_crop_clean.dta                     44,453 rows x   32
16:38:25 02_merge INFO   loaded EICV4_VUP  EICV_EICV4_VUP_s7d_large_crop_clean.dta                     7,606 rows x   28
16:38:25 02_merge INFO   loaded EICV5_CS   EICV_EICV5_CS_s7d_large_crop_clean.dta                     38,326 rows x   20
16:38:25 02_merge INFO   loaded EICV5_VUP  EICV_EICV5_VUP_s7d_large_crop_clean.dta                     4,613 rows x   22
16:38:25 02_merge INFO   VERSIONS crop: {'crop': ['EICV5_CS'], 'crop_v2': ['EICV3']} | EICV5_CS vs EICV3: variable label differs ('Name of the crops (s7dq2)' vs 'Crop code (S8DQ2)')
16:38:25 02_merge INFO   VERSIONS poverty: {'poverty': ['EICV3', 'EICV4_CS'], 'poverty_v2': ['EICV5_CS']} | EICV5_CS vs EICV3: variable label differs ('Welfare categories' vs 'Poverty status')
16:38:25 02_merge INFO   VERSIONS s7dq2: {'s7dq2': ['EICV4_CS', 'EICV4_VUP'], 's7dq2_v2': ['EICV5_VUP']} | EICV5_VUP vs EICV4_CS: variable label differs ('Name of the crops' vs 'Code of the crops harvested in last 12 m')
16:38:25 02_merge INFO   VERSIONS s7dq5: {'s7dq5': ['EICV5_CS', 'EICV5_VUP'], 's7dq5_v2': ['EICV4_CS', 'EICV4_VUP']} | EICV5_CS vs EICV4_CS: variable label differs ('Sold havest in kg over the last 12 month' vs 'Principal outlet/ market') / EICV5_VUP vs EICV4_CS: variable label differs ('Sold havest in kg over the last 12 month' vs 'Principal outlet/ market')
16:38:25 02_merge INFO   VERSIONS s7dq6: {'s7dq6': ['EICV5_CS', 'EICV5_VUP'], 's7dq6_v2': ['EICV4_CS', 'EICV4_VUP']} | EICV5_CS: FORCE_SPLIT
16:38:25 02_merge INFO   VERSIONS s7dq7: {'s7dq7': ['EICV5_CS', 'EICV5_VUP'], 's7dq7_v2': ['EICV4_CS', 'EICV4_VUP']} | EICV5_CS vs EICV4_CS: variable label differs ('Amount received' vs 'Price per kg sold at this outlet') / EICV5_VUP vs EICV4_CS: variable label differs ('Amount received' vs 'Price per kg sold at this outlet')
16:38:25 02_merge INFO   VERSIONS s8dq12: {'s8dq12': ['EICV3'], 's8dq12_v2': ['EICV2']} | EICV3 vs EICV2: variable label differs ('Price per unit per market' vs 'Unit price in secondary markets')
16:38:25 02_merge INFO   VERSIONS s8dq14: {'s8dq14': ['EICV3'], 's8dq14_v2': ['EICV2']} | EICV3 vs EICV2: variable label differs ('Any portion produce transformed' vs 'Use a part of the harvest for processing')
16:38:25 02_merge INFO   VERSIONS s8dq15: {'s8dq15': ['EICV3'], 's8dq15_v2': ['EICV2']} | EICV3 vs EICV2: variable label differs ('Quantity trasformed' vs 'Amount used for processing')
16:38:25 02_merge INFO   VERSIONS s8dq16: {'s8dq16': ['EICV3'], 's8dq16_v2': ['EICV2']} | EICV3 vs EICV2: variable label differs ('Consumed any part of produce' vs 'Consumed part of harvest')
16:38:25 02_merge INFO   VERSIONS s8dq17: {'s8dq17': ['EICV3'], 's8dq17_v2': ['EICV2']} | EICV3 vs EICV2: variable label differs ('Quantity of produce consumed' vs 'Amount used for own consumption')
16:38:25 02_merge INFO   VERSIONS s8dq3: {'s8dq3': ['EICV3'], 's8dq3_v2': ['EICV2']} | EICV3 vs EICV2: variable label differs ('Unit of measure for large scale crops' vs 'Unit of measure')
16:38:25 02_merge INFO   VERSIONS s8dq7: {'s8dq7': ['EICV3'], 's8dq7_v2': ['EICV2']} | EICV3 vs EICV2: variable label differs ('Main market for large scale crops' vs 'Principle market')
16:38:25 02_merge INFO   VERSIONS s8dq8: {'s8dq8': ['EICV3'], 's8dq8_v2': ['EICV2']} | EICV3 vs EICV2: variable label differs ('Quantity sold per market' vs 'Amount sold in this market')
16:38:26 02_merge INFO   1 variables with codes observed outside their own value labels (stale labels)
16:38:26 02_merge INFO PASS  EICV_pooled_crop_large.dta: pooled rows == sum of wave rows
16:38:26 02_merge INFO PASS  EICV_pooled_crop_large.dta: EICV2 sum wt preserved
16:38:26 02_merge INFO PASS  EICV_pooled_crop_large.dta: EICV3 sum wt preserved
16:38:26 02_merge INFO PASS  EICV_pooled_crop_large.dta: EICV4_CS sum wt preserved
16:38:26 02_merge INFO PASS  EICV_pooled_crop_large.dta: EICV4_VUP sum wt preserved
16:38:26 02_merge INFO PASS  EICV_pooled_crop_large.dta: EICV5_CS sum wt preserved
16:38:26 02_merge INFO PASS  EICV_pooled_crop_large.dta: EICV5_VUP sum wt preserved
16:38:26 02_merge INFO   EICV_pooled_crop_large.dta: 2 exact duplicate rows dropped (duplicates drop, all variables): {'EICV2': 1, 'EICV3': 1}
16:38:27 02_merge INFO wrote EICV_pooled_crop_large.dta  (159,868 rows x 77 vars, 38.3 MB)
16:38:27 02_merge INFO ---------------- EICV_pooled_crop_small.dta (['EICV2', 'EICV3', 'EICV4_CS', 'EICV4_VUP', 'EICV5_CS', 'EICV5_VUP'])
16:38:27 02_merge INFO   loaded EICV2      EICV_EICV2_s8e_ag_production2_clean.dta                    44,385 rows x   34
16:38:28 02_merge INFO   loaded EICV3      EICV_EICV3_s08e_cropsmall_clean.dta                       121,882 rows x   29
16:38:28 02_merge INFO   loaded EICV4_CS   EICV_EICV4_CS_s7e_small_crop_clean.dta                    145,711 rows x   35
16:38:28 02_merge INFO   loaded EICV4_VUP  EICV_EICV4_VUP_s7e_small_crop_clean.dta                    25,271 rows x   31
16:38:29 02_merge INFO   loaded EICV5_CS   EICV_EICV5_CS_s7e_small_crop_clean.dta                    118,099 rows x   26
16:38:29 02_merge INFO   loaded EICV5_VUP  EICV_EICV5_VUP_s7e_small_crop_clean.dta                    14,136 rows x   27
16:38:29 02_merge INFO   VERSIONS poverty: {'poverty': ['EICV3', 'EICV4_CS'], 'poverty_v2': ['EICV5_CS']} | EICV5_CS vs EICV3: variable label differs ('Welfare categories' vs 'Poverty status')
16:38:29 02_merge INFO   VERSIONS s7eq2: {'s7eq2': ['EICV5_CS', 'EICV5_VUP'], 's7eq2_v2': ['EICV4_CS', 'EICV4_VUP']} | EICV5_CS vs EICV4_CS: variable label differs ('Codes for small scale crops' vs 'Codes for small scale crops harvested ov') / EICV5_VUP vs EICV4_CS: variable label differs ('Codes for small scale crops' vs 'Codes for small scale crops harvested ov')
16:38:29 02_merge INFO   VERSIONS s7eq4: {'s7eq4': ['EICV5_CS', 'EICV5_VUP'], 's7eq4_v2': ['EICV4_CS', 'EICV4_VUP']} | EICV5_CS vs EICV4_CS: variable label differs ('Months of the year harvested' vs 'Months of the year harvesting this crop') / EICV5_VUP vs EICV4_CS: variable label differs ('Months of the year harvested' vs 'Months of the year harvesting this crop')
16:38:29 02_merge INFO   VERSIONS s7eq5: {'s7eq5': ['EICV5_CS', 'EICV5_VUP'], 's7eq5_v2': ['EICV4_CS', 'EICV4_VUP']} | EICV5_CS vs EICV4_CS: variable label differs ('Portion of the harvest sold' vs 'Sell all or part of the harvest') / EICV5_VUP vs EICV4_CS: variable label differs ('Portion of the harvest sold' vs 'Sell all or part of the harvest')
16:38:29 02_merge INFO   VERSIONS s7eq6a: {'s7eq6a': ['EICV5_CS', 'EICV5_VUP'], 's7eq6a_v2': ['EICV4_CS', 'EICV4_VUP']} | EICV5_CS vs EICV4_CS: variable label differs ('Quantity of smal scale crops sold' vs 'Quantity sold over last 12 months') / EICV5_VUP vs EICV4_CS: variable label differs ('Quantity of smal scale crops sold' vs 'Quantity sold over last 12 months')
16:38:29 02_merge INFO   VERSIONS s7eq8: {'s7eq8': ['EICV5_CS', 'EICV5_VUP'], 's7eq8_v2': ['EICV4_CS', 'EICV4_VUP']} | EICV5_CS vs EICV4_CS: variable label differs ('Amount received for entire havest sold o' vs 'Principal market or outlet') / EICV5_VUP vs EICV4_CS: variable label differs ('Amount received for entire havest sold o' vs 'Principal market or outlet')
16:38:29 02_merge INFO   VERSIONS s7eq9: {'s7eq9': ['EICV5_CS', 'EICV5_VUP'], 's7eq9_v2': ['EICV4_CS', 'EICV4_VUP']} | EICV5_CS vs EICV4_CS: variable label differs ('Havest consumed over last 12 months' vs 'Value received for sale of entire harves') / EICV5_VUP vs EICV4_CS: variable label differs ('Havest consumed over last 12 months' vs 'Value received for sale of entire harves')
16:38:29 02_merge INFO   VERSIONS s8eq10: {'s8eq10': ['EICV3'], 's8eq10_v2': ['EICV2']} | EICV3 vs EICV2: variable label differs ('Principle market or outlet' vs 'Use a part of the harvest for processing')
16:38:29 02_merge INFO   VERSIONS s8eq11: {'s8eq11': ['EICV3'], 's8eq11_v2': ['EICV2']} | EICV3 vs EICV2: variable label differs ('Value of the entire harvest' vs 'Amount used for processing')
16:38:29 02_merge INFO   VERSIONS s8eq12: {'s8eq12': ['EICV3'], 's8eq12_v2': ['EICV2']} | EICV3 vs EICV2: variable label differs ('Consumed own produce small scale crops' vs 'Consumed part of harvest')
16:38:29 02_merge INFO   VERSIONS s8eq3: {'s8eq3': ['EICV3'], 's8eq3_v2': ['EICV2']} | EICV3 vs EICV2: variable label differs ('Unit of measure for small scale crops' vs 'Unit of measure')
16:38:29 02_merge INFO   VERSIONS s8eq6: {'s8eq6': ['EICV3'], 's8eq6_v2': ['EICV2']} | EICV3 vs EICV2: variable label differs ('Months of the year harvested' vs 'All or part of amount sold')
16:38:29 02_merge INFO   VERSIONS s8eq7: {'s8eq7': ['EICV3'], 's8eq7_v2': ['EICV2']} | EICV3 vs EICV2: variable label differs ('Portion of the harvest sold' vs 'Amount sold')
16:38:29 02_merge INFO   VERSIONS s8eq9: {'s8eq9': ['EICV3'], 's8eq9_v2': ['EICV2']} | EICV3 vs EICV2: variable label differs ('Amount received from sale of small scale' vs 'Value of small scale harvest')
16:38:30 02_merge INFO   5 variables with codes observed outside their own value labels (stale labels)
16:38:32 02_merge INFO PASS  EICV_pooled_crop_small.dta: pooled rows == sum of wave rows
16:38:32 02_merge INFO PASS  EICV_pooled_crop_small.dta: EICV2 sum wt preserved
16:38:32 02_merge INFO PASS  EICV_pooled_crop_small.dta: EICV3 sum wt preserved
16:38:32 02_merge INFO PASS  EICV_pooled_crop_small.dta: EICV4_CS sum wt preserved
16:38:32 02_merge INFO PASS  EICV_pooled_crop_small.dta: EICV4_VUP sum wt preserved
16:38:32 02_merge INFO PASS  EICV_pooled_crop_small.dta: EICV5_CS sum wt preserved
16:38:32 02_merge INFO PASS  EICV_pooled_crop_small.dta: EICV5_VUP sum wt preserved
16:38:32 02_merge INFO   EICV_pooled_crop_small.dta: 28 exact duplicate rows dropped (duplicates drop, all variables): {'EICV2': 15, 'EICV3': 8, 'EICV4_CS': 4, 'EICV4_VUP': 1}
16:38:34 02_merge INFO wrote EICV_pooled_crop_small.dta  (469,456 rows x 86 vars, 111.8 MB)
16:38:34 02_merge INFO ---------------- EICV_pooled_durables.dta (['EICV1', 'EICV2', 'EICV3', 'EICV4_CS', 'EICV4_VUP', 'EICV5_CS', 'EICV5_VUP', 'EICV7_CS', 'EICV7_VUP'])
16:38:35 02_merge INFO   loaded EICV1      EICV_EICV1_s12_durables_clean.dta                         147,637 rows x   26
16:38:35 02_merge INFO   loaded EICV2      EICV_EICV2_s11b_durables_clean.dta                        186,300 rows x   27
16:38:37 02_merge INFO   loaded EICV3      EICV_EICV3_s11b_durables_clean.dta                        400,624 rows x   27
16:38:38 02_merge INFO   loaded EICV4_CS   EICV_EICV4_CS_s10b_goods_clean.dta                        389,313 rows x   33
16:38:38 02_merge INFO   loaded EICV4_VUP  EICV_EICV4_VUP_s10b_goods_clean.dta                        66,420 rows x   29
16:38:40 02_merge INFO   loaded EICV5_CS   EICV_EICV5_CS_s10b2_durable_household_goods_clean.dta     364,350 rows x   27
16:38:40 02_merge INFO   loaded EICV5_VUP  EICV_EICV5_VUP_s10b2_durable_household_goods_clean.dta     41,100 rows x   28
16:38:41 02_merge INFO   loaded EICV7_CS   EICV_EICV7_CS_s10b_durables_clean.dta                     406,458 rows x   24
16:38:41 02_merge INFO   loaded EICV7_VUP  EICV_EICV7_VUP_s10b_durables_clean.dta                    101,817 rows x   25
16:38:42 02_merge INFO   VERSIONS item: {'item': ['EICV3'], 'item_v2': ['EICV2']} | EICV3 vs EICV2: value labels differ -- 6: 'TV Set' vs 'Television'; 7: 'Decoder' vs 'Satellite antenna'; 8: 'Satellite dish' vs 'VCR or DVD player'
16:38:42 02_merge INFO   VERSIONS pov_jan: {'pov_jan': ['EICV7_VUP'], 'pov_jan_v2': ['EICV7_CS']} | EICV7_VUP vs EICV7_CS: variable label differs ('Total Poverty Headcount Ratio' vs 'Poverty Rate')
16:38:42 02_merge INFO   VERSIONS poverty: {'poverty': ['EICV5_CS', 'EICV7_CS', 'EICV7_VUP'], 'poverty_v2': ['EICV3', 'EICV4_CS']} | EICV5_CS vs EICV3: variable label differs ('Welfare categories' vs 'Poverty status') / EICV7_CS vs EICV3: variable label differs ('Welfare Categories' vs 'Poverty status')
16:38:42 02_merge INFO   VERSIONS quintile: {'quintile': ['EICV3', 'EICV4_CS', 'EICV5_CS'], 'quintile_v2': ['EICV7_VUP'], 'quintile_v3': ['EICV7_CS']} | EICV7_CS vs EICV3: variable label differs ('Quintiles of real consumption per ae' vs 'Quintile') / EICV7_VUP vs EICV3: variable label differs ('Quintiles of real consumption per ae' vs 'Quintile')
16:38:42 02_merge INFO   VERSIONS s10bq1: {'s10bq1': ['EICV7_CS', 'EICV7_VUP'], 's10bq1_v2': ['EICV4_CS', 'EICV4_VUP']} | EICV7_CS vs EICV4_CS: variable label differs ('Coicop' vs 'Item code') / EICV7_VUP vs EICV4_CS: variable label differs ('Coicop' vs 'Item code')
16:38:42 02_merge INFO   VERSIONS s10bq2: {'s10bq2': ['EICV7_CS', 'EICV7_VUP'], 's10bq2_v2': ['EICV4_CS', 'EICV4_VUP']} | EICV7_CS vs EICV4_CS: variable label differs ('How many does your household own?' vs 'Number of articles owned by HH') / EICV7_VUP vs EICV4_CS: variable label differs ('How many does your household own?' vs 'Number of articles owned by HH')
16:38:43 02_merge INFO   VERSIONS s11bq2: {'s11bq2': ['EICV3'], 's11bq2_v2': ['EICV2']} | EICV3 vs EICV2: variable label differs ('Number of articles in the household' vs 'Quantity in the household')
16:38:43 02_merge INFO   VERSIONS s11bq5a: {'s11bq5a': ['EICV3'], 's11bq5a_v2': ['EICV2']} | EICV3 vs EICV2: variable label differs ('Article 1 current value' vs 'Current market value of item 1')
16:38:43 02_merge INFO   VERSIONS s11bq5b: {'s11bq5b': ['EICV3'], 's11bq5b_v2': ['EICV2']} | EICV3 vs EICV2: variable label differs ('Article 2 current value' vs 'Current market value of item 2')
16:38:43 02_merge INFO   VERSIONS s11bq5c: {'s11bq5c': ['EICV3'], 's11bq5c_v2': ['EICV2']} | EICV3 vs EICV2: variable label differs ('Article 3 current value' vs 'Current market value of item 3')
16:38:45 02_merge INFO   1 variables with codes observed outside their own value labels (stale labels)
16:38:57 02_merge INFO PASS  EICV_pooled_durables.dta: pooled rows == sum of wave rows
16:38:57 02_merge INFO PASS  EICV_pooled_durables.dta: EICV1 sum wt preserved
16:38:57 02_merge INFO PASS  EICV_pooled_durables.dta: EICV2 sum wt preserved
16:38:57 02_merge INFO PASS  EICV_pooled_durables.dta: EICV3 sum wt preserved
16:38:57 02_merge INFO PASS  EICV_pooled_durables.dta: EICV4_CS sum wt preserved
16:38:58 02_merge INFO PASS  EICV_pooled_durables.dta: EICV4_VUP sum wt preserved
16:38:58 02_merge INFO PASS  EICV_pooled_durables.dta: EICV5_CS sum wt preserved
16:38:58 02_merge INFO PASS  EICV_pooled_durables.dta: EICV5_VUP sum wt preserved
16:38:58 02_merge INFO PASS  EICV_pooled_durables.dta: EICV7_CS sum wt preserved
16:38:58 02_merge INFO PASS  EICV_pooled_durables.dta: EICV7_VUP sum wt preserved
16:38:59 02_merge INFO   EICV_pooled_durables.dta: 48 exact duplicate rows dropped (duplicates drop, all variables): {'EICV5_VUP': 48}
16:39:09 02_merge INFO wrote EICV_pooled_durables.dta  (2,103,971 rows x 103 vars, 614.4 MB)
16:39:09 02_merge INFO ---------------- EICV_pooled_enterprise.dta (['EICV1', 'EICV2', 'EICV3'])
16:39:09 02_merge INFO   loaded EICV1      EICV_EICV1_s10_enter_1_clean.dta                            6,560 rows x   36
16:39:09 02_merge INFO   loaded EICV2      EICV_EICV2_s7_enterprise_clean.dta                          2,516 rows x   43
16:39:10 02_merge INFO   loaded EICV3      EICV_EICV3_s07_enterprise_clean.dta                        61,405 rows x   45
16:39:10 02_merge INFO   VERSIONS s7aq3: {'s7aq3': ['EICV3'], 's7aq3_v2': ['EICV2']} | EICV3 vs EICV2: variable label differs ('Occupation - Grouped' vs 'Occupation code')
16:39:10 02_merge INFO   VERSIONS s7aq4: {'s7aq4': ['EICV3'], 's7aq4_v2': ['EICV2']} | EICV3 vs EICV2: variable label differs ('Industry Group' vs 'Activity code')
16:39:10 02_merge INFO   VERSIONS s7aq5a: {'s7aq5a': ['EICV3'], 's7aq5a_v2': ['EICV2']} | EICV3 vs EICV2: variable label differs ('Other members in businness-ID no.of empl' vs '1st person employed by enterprise')
16:39:10 02_merge INFO   VERSIONS s7aq5b: {'s7aq5b': ['EICV3'], 's7aq5b_v2': ['EICV2']} | EICV3 vs EICV2: variable label differs ('Other members in businness-ID no.of empl' vs '2nd person employed by enterprise')
16:39:10 02_merge INFO   VERSIONS s7aq5c: {'s7aq5c': ['EICV3'], 's7aq5c_v2': ['EICV2']} | EICV3 vs EICV2: variable label differs ('Other members in businness-ID no.of empl' vs '3 rd person employed by enterprise')
16:39:10 02_merge INFO   VERSIONS s7bq10: {'s7bq10': ['EICV3'], 's7bq10_v2': ['EICV2']} | EICV3 vs EICV2: variable label differs ('Number of people employed last 3 months' vs 'Number of household members employed')
16:39:10 02_merge INFO   VERSIONS s7bq11: {'s7bq11': ['EICV3'], 's7bq11_v2': ['EICV2']} | EICV3 vs EICV2: variable label differs ('Number of household members in business' vs 'Major obstacle in creating the enterpris')
16:39:10 02_merge INFO   VERSIONS s7bq12: {'s7bq12': ['EICV3'], 's7bq12_v2': ['EICV2']} | EICV3 vs EICV2: variable label differs ('Greatest obstacle encountered creating b' vs 'Primary source of capital')
16:39:10 02_merge INFO   VERSIONS s7bq13: {'s7bq13': ['EICV3'], 's7bq13_v2': ['EICV2']} | EICV3 vs EICV2: variable label differs ('Primary source of money to create busine' vs 'Sought credit at a formal lending instit')
16:39:10 02_merge INFO   VERSIONS s7bq14: {'s7bq14': ['EICV3'], 's7bq14_v2': ['EICV2']} | EICV3 vs EICV2: variable label differs ('Business seeking loan last 12 months' vs 'Primary source of credit')
16:39:10 02_merge INFO   VERSIONS s7bq15: {'s7bq15': ['EICV3'], 's7bq15_v2': ['EICV2']} | EICV3: FORCE_SPLIT
16:39:10 02_merge INFO   VERSIONS s7bq16: {'s7bq16': ['EICV3'], 's7bq16_v2': ['EICV2']} | EICV3 vs EICV2: variable label differs ('Amount borrowed last 12 months' vs 'Amount of loan repaid')
16:39:10 02_merge INFO   VERSIONS s7bq2: {'s7bq2': ['EICV3'], 's7bq2_v2': ['EICV2']} | EICV3 vs EICV2: variable label differs ('PID of respondent' vs 'ID of person interviewed')
16:39:10 02_merge INFO   VERSIONS s7bq3m: {'s7bq3m': ['EICV3'], 's7bq3m_v2': ['EICV2']} | EICV3 vs EICV2: variable label differs ('Duration business functionig-months' vs 'Months since the establishment of enterp')
16:39:10 02_merge INFO   VERSIONS s7bq4: {'s7bq4': ['EICV3'], 's7bq4_v2': ['EICV2']} | EICV3 vs EICV2: variable label differs ('Number of months business operating last' vs 'Months active in the last 12 months')
16:39:10 02_merge INFO   VERSIONS s7bq5: {'s7bq5': ['EICV3'], 's7bq5_v2': ['EICV2']} | EICV3 vs EICV2: variable label differs ('Profit belonging to household' vs 'Revenue belongs to the household')
16:39:10 02_merge INFO   VERSIONS s7bq6: {'s7bq6': ['EICV3'], 's7bq6_v2': ['EICV2']} | EICV3 vs EICV2: variable label differs ('Percentage of profit belonging to househ' vs 'Percentage of revenue that returns to th')
16:39:10 02_merge INFO   VERSIONS s7bq7: {'s7bq7': ['EICV3'], 's7bq7_v2': ['EICV2']} | EICV3 vs EICV2: variable label differs ('Business registration for VAT' vs 'Registered with a state authority')
16:39:10 02_merge INFO   VERSIONS s7bq8: {'s7bq8': ['EICV3'], 's7bq8_v2': ['EICV2']} | EICV3 vs EICV2: variable label differs ('Business registration with another gover' vs 'Enterprise has an accounting system')
16:39:10 02_merge INFO   VERSIONS s7bq9: {'s7bq9': ['EICV3'], 's7bq9_v2': ['EICV2']} | EICV3 vs EICV2: variable label differs ('Mantaining accounts' vs 'Number of people employed in the last 12')
16:39:10 02_merge INFO   9 variables with codes observed outside their own value labels (stale labels)
16:39:10 02_merge INFO PASS  EICV_pooled_enterprise.dta: pooled rows == sum of wave rows
16:39:10 02_merge INFO PASS  EICV_pooled_enterprise.dta: EICV1 sum wt preserved
16:39:10 02_merge INFO PASS  EICV_pooled_enterprise.dta: EICV2 sum wt preserved
16:39:10 02_merge INFO PASS  EICV_pooled_enterprise.dta: EICV3 sum wt preserved
16:39:11 02_merge INFO wrote EICV_pooled_enterprise.dta  (70,481 rows x 99 vars, 13.2 MB)
16:39:11 02_merge INFO ---------------- EICV_pooled_equipment.dta (['EICV1', 'EICV2', 'EICV3'])
16:39:11 02_merge INFO   loaded EICV1      EICV_EICV1_s8_farm_assets_clean.dta                       101,757 rows x   26
16:39:11 02_merge INFO   loaded EICV2      EICV_EICV2_s8b_ag_assets_clean.dta                         82,342 rows x   26
16:39:12 02_merge INFO   loaded EICV3      EICV_EICV3_s08b2_equipment_clean.dta                      201,870 rows x   23
16:39:12 02_merge INFO   VERSIONS item: {'item': ['EICV3'], 'item_v2': ['EICV2']} | EICV3 vs EICV2: value labels differ -- 5: 'Rakes and spades' vs 'Picks'; 6: 'Picks' vs 'Rakes and spades'; 9: 'Other handtools' vs 'Decortiquese'
16:39:12 02_merge INFO   VERSIONS s8b2q11: {'s8b2q11': ['EICV3'], 's8b2q11_v2': ['EICV2']} | EICV3 vs EICV2: variable label differs ('Amount received from the sale' vs 'Amount of sales')
16:39:12 02_merge INFO   VERSIONS s8b2q3: {'s8b2q3': ['EICV3'], 's8b2q3_v2': ['EICV2']} | EICV3 vs EICV2: variable label differs ('Household owns that equipment' vs 'Household possesses item')
16:39:12 02_merge INFO   VERSIONS s8b2q4: {'s8b2q4': ['EICV3'], 's8b2q4_v2': ['EICV2']} | EICV3 vs EICV2: variable label differs ('Number of equipment owned' vs 'Quantity in household')
16:39:12 02_merge INFO   VERSIONS s8b2q5: {'s8b2q5': ['EICV3'], 's8b2q5_v2': ['EICV2']} | EICV3 vs EICV2: variable label differs ('How old is equipment bought' vs 'Years since the last purchase')
16:39:12 02_merge INFO   VERSIONS s8b2q6: {'s8b2q6': ['EICV3'], 's8b2q6_v2': ['EICV2']} | EICV3 vs EICV2: variable label differs ('Unit Price of equipment' vs 'Purchase price')
16:39:14 02_merge INFO PASS  EICV_pooled_equipment.dta: pooled rows == sum of wave rows
16:39:14 02_merge INFO PASS  EICV_pooled_equipment.dta: EICV1 sum wt preserved
16:39:14 02_merge INFO PASS  EICV_pooled_equipment.dta: EICV2 sum wt preserved
16:39:14 02_merge INFO PASS  EICV_pooled_equipment.dta: EICV3 sum wt preserved
16:39:14 02_merge INFO   EICV_pooled_equipment.dta: 1 exact duplicate rows dropped (duplicates drop, all variables): {'EICV1': 1}
16:39:15 02_merge INFO wrote EICV_pooled_equipment.dta  (385,968 rows x 48 vars, 45.6 MB)
16:39:15 02_merge INFO ---------------- EICV_pooled_expenditure_annual.dta (['EICV2', 'EICV3', 'EICV4_CS', 'EICV4_VUP', 'EICV5_CS', 'EICV5_VUP', 'EICV7_CS', 'EICV7_VUP'])
16:39:17 02_merge INFO   loaded EICV2      EICV_EICV2_s9a1_nfood_annual_clean.dta                    469,200 rows x   19
16:39:20 02_merge INFO   loaded EICV3      EICV_EICV3_s09a1_consnonfood_clean.dta                  1,273,412 rows x   17
16:39:24 02_merge INFO   loaded EICV4_CS   EICV_EICV4_CS_s8a1_expenditure_clean.dta                  994,911 rows x   28
16:39:24 02_merge INFO   loaded EICV4_VUP  EICV_EICV4_VUP_s8a1_expenditure_clean.dta                 169,740 rows x   24
16:39:27 02_merge INFO   loaded EICV5_CS   EICV_EICV5_CS_s8a1_expenditure_clean.dta                1,006,020 rows x   19
16:39:27 02_merge INFO   loaded EICV5_VUP  EICV_EICV5_VUP_s8a1_expenditure_clean.dta                 113,436 rows x   20
16:39:30 02_merge INFO   loaded EICV7_CS   EICV_EICV7_CS_s8a1_expenditure_clean.dta                1,159,158 rows x   22
16:39:31 02_merge INFO   loaded EICV7_VUP  EICV_EICV7_VUP_s8a1_expenditure_clean.dta                 290,367 rows x   22
16:39:32 02_merge INFO   VERSIONS item: {'item': ['EICV3'], 'item_v2': ['EICV2']} | EICV3 vs EICV2: variable label differs ('Article' vs 'Item')
16:39:33 02_merge INFO   VERSIONS poverty: {'poverty': ['EICV5_CS', 'EICV7_CS', 'EICV7_VUP'], 'poverty_v2': ['EICV3', 'EICV4_CS']} | EICV5_CS vs EICV3: variable label differs ('Welfare categories' vs 'Poverty status') / EICV7_CS vs EICV3: variable label differs ('Welfare Categories' vs 'Poverty status')
16:39:33 02_merge INFO   VERSIONS quintile: {'quintile': ['EICV3', 'EICV4_CS', 'EICV5_CS'], 'quintile_v2': ['EICV7_CS', 'EICV7_VUP']} | EICV7_CS vs EICV3: variable label differs ('Quintiles of real consumption per ae' vs 'Quintile') / EICV7_VUP vs EICV3: variable label differs ('Quintiles of real consumption per ae' vs 'Quintile')
16:39:33 02_merge INFO   VERSIONS s8a1q0: {'s8a1q0': ['EICV4_CS', 'EICV4_VUP', 'EICV5_CS', 'EICV5_VUP'], 's8a1q0_v2': ['EICV7_CS', 'EICV7_VUP']} | EICV7_CS vs EICV4_CS: variable label differs ('Items Name' vs 'Article') / EICV7_VUP vs EICV4_CS: variable label differs ('Items Name' vs 'Article')
16:39:34 02_merge INFO   VERSIONS s8a1q3: {'s8a1q3': ['EICV4_CS', 'EICV4_VUP', 'EICV7_CS', 'EICV7_VUP'], 's8a1q3_v2': ['EICV5_CS', 'EICV5_VUP']} | EICV5_CS vs EICV4_CS: variable label differs ('Amount spent to purchase article' vs 'Amount spent on article in last 12 month') / EICV5_VUP vs EICV4_CS: variable label differs ('Amount spent to purchase article' vs 'Amount spent on article in last 12 month')
16:39:34 02_merge INFO   VERSIONS s8a1q4: {'s8a1q4': ['EICV7_CS', 'EICV7_VUP'], 's8a1q4_v2': ['EICV5_CS', 'EICV5_VUP'], 's8a1q4_v3': ['EICV4_CS', 'EICV4_VUP']} | EICV5_CS vs EICV4_CS: variable label differs ('Where article was bought' vs 'Where did you buy it most often') / EICV5_VUP vs EICV4_CS: variable label differs ('Where article was bought' vs 'Where did you buy it most often')
16:39:35 02_merge INFO   VERSIONS s9a1q3: {'s9a1q3': ['EICV3'], 's9a1q3_v2': ['EICV2']} | EICV3 vs EICV2: variable label differs ('Amount spent to purchase article' vs 'Amount of expenditure on item')
16:39:58 02_merge INFO PASS  EICV_pooled_expenditure_annual.dta: pooled rows == sum of wave rows
16:39:58 02_merge INFO PASS  EICV_pooled_expenditure_annual.dta: EICV2 sum wt preserved
16:39:59 02_merge INFO PASS  EICV_pooled_expenditure_annual.dta: EICV3 sum wt preserved
16:39:59 02_merge INFO PASS  EICV_pooled_expenditure_annual.dta: EICV4_CS sum wt preserved
16:39:59 02_merge INFO PASS  EICV_pooled_expenditure_annual.dta: EICV4_VUP sum wt preserved
16:39:59 02_merge INFO PASS  EICV_pooled_expenditure_annual.dta: EICV5_CS sum wt preserved
16:39:59 02_merge INFO PASS  EICV_pooled_expenditure_annual.dta: EICV5_VUP sum wt preserved
16:39:59 02_merge INFO PASS  EICV_pooled_expenditure_annual.dta: EICV7_CS sum wt preserved
16:39:59 02_merge INFO PASS  EICV_pooled_expenditure_annual.dta: EICV7_VUP sum wt preserved
16:40:23 02_merge INFO wrote EICV_pooled_expenditure_annual.dta  (5,476,244 rows x 52 vars, 783.2 MB)
16:40:23 02_merge INFO ---------------- EICV_pooled_expenditure_frequent.dta (['EICV2', 'EICV3', 'EICV4_CS', 'EICV4_VUP', 'EICV5_CS', 'EICV5_VUP', 'EICV7_CS', 'EICV7_VUP'])
16:40:25 02_merge INFO   loaded EICV2      EICV_EICV2_s9a3_nfood_freq_clean.dta                      303,600 rows x   29
16:40:27 02_merge INFO   loaded EICV3      EICV_EICV3_s09a3_consnonfood_clean.dta                    543,704 rows x   27
16:40:30 02_merge INFO   loaded EICV4_CS   EICV_EICV4_CS_s8a3_expenditure_clean.dta                  533,503 rows x   37
16:40:31 02_merge INFO   loaded EICV4_VUP  EICV_EICV4_VUP_s8a3_expenditure_clean.dta                  91,020 rows x   33
16:40:33 02_merge INFO   loaded EICV5_CS   EICV_EICV5_CS_s8a3_expenditure_clean.dta                  539,460 rows x   29
16:40:33 02_merge INFO   loaded EICV5_VUP  EICV_EICV5_VUP_s8a3_expenditure_clean.dta                  60,828 rows x   30
16:40:34 02_merge INFO   loaded EICV7_CS   EICV_EICV7_CS_s8a3_expenditure_clean.dta                  346,220 rows x   26
16:40:34 02_merge INFO   loaded EICV7_VUP  EICV_EICV7_VUP_s8a3_expenditure_clean.dta                  86,623 rows x   26
16:40:35 02_merge INFO   VERSIONS item: {'item': ['EICV3'], 'item_v2': ['EICV2']} | EICV3 vs EICV2: variable label differs ('Article' vs 'Item')
16:40:35 02_merge INFO   VERSIONS poverty: {'poverty': ['EICV5_CS', 'EICV7_CS', 'EICV7_VUP'], 'poverty_v2': ['EICV3', 'EICV4_CS']} | EICV5_CS vs EICV3: variable label differs ('Welfare categories' vs 'Poverty status') / EICV7_CS vs EICV3: variable label differs ('Welfare Categories' vs 'Poverty status')
16:40:35 02_merge INFO   VERSIONS quintile: {'quintile': ['EICV3', 'EICV4_CS', 'EICV5_CS'], 'quintile_v2': ['EICV7_CS', 'EICV7_VUP']} | EICV7_CS vs EICV3: variable label differs ('Quintiles of real consumption per ae' vs 'Quintile') / EICV7_VUP vs EICV3: variable label differs ('Quintiles of real consumption per ae' vs 'Quintile')
16:40:35 02_merge INFO   VERSIONS s8a3q0: {'s8a3q0': ['EICV4_CS', 'EICV4_VUP', 'EICV5_CS', 'EICV5_VUP'], 's8a3q0_v2': ['EICV7_CS', 'EICV7_VUP']} | EICV7_CS vs EICV4_CS: variable label differs ('Items' vs 'Article') / EICV7_VUP vs EICV4_CS: variable label differs ('Items' vs 'Article')
16:40:36 02_merge INFO   VERSIONS s8a3q12: {'s8a3q12': ['EICV5_CS', 'EICV5_VUP'], 's8a3q12_v2': ['EICV4_CS', 'EICV4_VUP']} | EICV5_CS vs EICV4_CS: variable label differs ('Visit 10' vs 'Visit 11') / EICV5_VUP vs EICV4_CS: variable label differs ('Visit 10' vs 'Visit 11')
16:40:36 02_merge INFO   VERSIONS s8a3q13: {'s8a3q13': ['EICV5_CS', 'EICV5_VUP'], 's8a3q13_v2': ['EICV4_CS', 'EICV4_VUP']} | EICV5_CS vs EICV4_CS: variable label differs ('Visit 11' vs 'Where do you buy it most often') / EICV5_VUP vs EICV4_CS: variable label differs ('Visit 11' vs 'Where do you buy it most often')
16:40:36 02_merge INFO   VERSIONS s8a3q2: {'s8a3q2': ['EICV7_CS', 'EICV7_VUP'], 's8a3q2_v2': ['EICV5_CS', 'EICV5_VUP'], 's8a3q2_v3': ['EICV4_CS', 'EICV4_VUP']} | EICV5_CS vs EICV4_CS: variable label differs ('Months purchased' vs 'Number of months purchased this out of 1') / EICV5_VUP vs EICV4_CS: variable label differs ('Months purchased' vs 'Number of months purchased this out of 1')
16:40:36 02_merge INFO   VERSIONS s8a3q3: {'s8a3q3': ['EICV5_CS', 'EICV5_VUP', 'EICV7_CS', 'EICV7_VUP'], 's8a3q3_v2': ['EICV4_CS', 'EICV4_VUP']} | EICV5_CS vs EICV4_CS: variable label differs ('Amount spent over the last 7 days' vs 'Visit 2') / EICV5_VUP vs EICV4_CS: variable label differs ('Amount spent over the last 7 days' vs 'Visit 2')
16:40:36 02_merge INFO   VERSIONS s8a3q4: {'s8a3q4': ['EICV4_CS', 'EICV4_VUP', 'EICV5_CS', 'EICV5_VUP'], 's8a3q4_v2': ['EICV7_CS', 'EICV7_VUP']} | EICV7_CS vs EICV4_CS: variable label differs ('Place where  purchased in the last 7 day' vs 'Visit 3') / EICV7_VUP vs EICV4_CS: variable label differs ('Place where  purchased in the last 7 day' vs 'Visit 3')
16:40:36 02_merge INFO   VERSIONS s8a3q5: {'s8a3q5': ['EICV4_CS', 'EICV4_VUP', 'EICV5_CS', 'EICV5_VUP'], 's8a3q5_v2': ['EICV7_CS', 'EICV7_VUP']} | EICV7_CS vs EICV4_CS: variable label differs ('Article received as Gifts and In-kind' vs 'Visit 4') / EICV7_VUP vs EICV4_CS: variable label differs ('Article received as Gifts and In-kind' vs 'Visit 4')
16:40:36 02_merge INFO   VERSIONS s8a3q6: {'s8a3q6': ['EICV4_CS', 'EICV4_VUP', 'EICV5_CS', 'EICV5_VUP'], 's8a3q6_v2': ['EICV7_CS', 'EICV7_VUP']} | EICV7_CS vs EICV4_CS: variable label differs ('Household acquire from other sources ite' vs 'Visit 5') / EICV7_VUP vs EICV4_CS: variable label differs ('Household acquire from other sources ite' vs 'Visit 5')
16:40:37 02_merge INFO   VERSIONS s9a3q2: {'s9a3q2': ['EICV3'], 's9a3q2_v2': ['EICV2']} | EICV3 vs EICV2: variable label differs ('Household purchased article in the last ' vs 'Household purchased item since the last ')
16:40:37 02_merge INFO   VERSIONS s9a3q3: {'s9a3q3': ['EICV3'], 's9a3q3_v2': ['EICV2']} | EICV3 vs EICV2: variable label differs ('Number of months in the last 12 in which' vs 'Estimated number of months that this ite')
16:40:52 02_merge INFO PASS  EICV_pooled_expenditure_frequent.dta: pooled rows == sum of wave rows
16:40:52 02_merge INFO PASS  EICV_pooled_expenditure_frequent.dta: EICV2 sum wt preserved
16:40:52 02_merge INFO PASS  EICV_pooled_expenditure_frequent.dta: EICV3 sum wt preserved
16:40:52 02_merge INFO PASS  EICV_pooled_expenditure_frequent.dta: EICV4_CS sum wt preserved
16:40:52 02_merge INFO PASS  EICV_pooled_expenditure_frequent.dta: EICV4_VUP sum wt preserved
16:40:52 02_merge INFO PASS  EICV_pooled_expenditure_frequent.dta: EICV5_CS sum wt preserved
16:40:52 02_merge INFO PASS  EICV_pooled_expenditure_frequent.dta: EICV5_VUP sum wt preserved
16:40:52 02_merge INFO PASS  EICV_pooled_expenditure_frequent.dta: EICV7_CS sum wt preserved
16:40:52 02_merge INFO PASS  EICV_pooled_expenditure_frequent.dta: EICV7_VUP sum wt preserved
16:41:05 02_merge INFO wrote EICV_pooled_expenditure_frequent.dta  (2,504,958 rows x 80 vars, 648.9 MB)
16:41:06 02_merge INFO ---------------- EICV_pooled_expenditure_monthly.dta (['EICV2', 'EICV3', 'EICV4_CS', 'EICV4_VUP', 'EICV5_CS', 'EICV5_VUP', 'EICV7_CS', 'EICV7_VUP'])
16:41:06 02_merge INFO   loaded EICV2      EICV_EICV2_s9a2_nfood_month_clean.dta                     213,900 rows x   19
16:41:08 02_merge INFO   loaded EICV3      EICV_EICV3_s09a2_consnonfood_clean.dta                    672,476 rows x   17
16:41:11 02_merge INFO   loaded EICV4_CS   EICV_EICV4_CS_s8a2_expenditure_clean.dta                  793,045 rows x   28
16:41:12 02_merge INFO   loaded EICV4_VUP  EICV_EICV4_VUP_s8a2_expenditure_clean.dta                 135,300 rows x   24
16:41:14 02_merge INFO   loaded EICV5_CS   EICV_EICV5_CS_s8a2_expenditure_clean.dta                  801,900 rows x   19
16:41:14 02_merge INFO   loaded EICV5_VUP  EICV_EICV5_VUP_s8a2_expenditure_clean.dta                  90,366 rows x   20
16:41:17 02_merge INFO   loaded EICV7_CS   EICV_EICV7_CS_s8a2_expenditure_clean.dta                  978,382 rows x   22
16:41:18 02_merge INFO   loaded EICV7_VUP  EICV_EICV7_VUP_s8a2_expenditure_clean.dta                 245,115 rows x   22
16:41:18 02_merge INFO   VERSIONS item: {'item': ['EICV3'], 'item_v2': ['EICV2']} | EICV3 vs EICV2: variable label differs ('Article' vs 'Item')
16:41:19 02_merge INFO   VERSIONS poverty: {'poverty': ['EICV5_CS', 'EICV7_CS', 'EICV7_VUP'], 'poverty_v2': ['EICV3', 'EICV4_CS']} | EICV5_CS vs EICV3: variable label differs ('Welfare categories' vs 'Poverty status') / EICV7_CS vs EICV3: variable label differs ('Welfare Categories' vs 'Poverty status')
16:41:19 02_merge INFO   VERSIONS quintile: {'quintile': ['EICV3', 'EICV4_CS', 'EICV5_CS'], 'quintile_v2': ['EICV7_CS', 'EICV7_VUP']} | EICV7_CS vs EICV3: variable label differs ('Quintiles of real consumption per ae' vs 'Quintile') / EICV7_VUP vs EICV3: variable label differs ('Quintiles of real consumption per ae' vs 'Quintile')
16:41:19 02_merge INFO   VERSIONS s8a2q0: {'s8a2q0': ['EICV4_CS', 'EICV4_VUP', 'EICV5_CS', 'EICV5_VUP'], 's8a2q0_v2': ['EICV7_CS', 'EICV7_VUP']} | EICV7_CS vs EICV4_CS: variable label differs ('Item name' vs 'Article') / EICV7_VUP vs EICV4_CS: variable label differs ('Item name' vs 'Article')
16:41:19 02_merge INFO   VERSIONS s8a2q2: {'s8a2q2': ['EICV4_CS', 'EICV4_VUP', 'EICV5_CS', 'EICV5_VUP'], 's8a2q2_v2': ['EICV7_CS', 'EICV7_VUP']} | EICV7_CS vs EICV4_CS: variable label differs ('Article purchased' vs 'Household purchased article in last 4 we') / EICV7_VUP vs EICV4_CS: variable label differs ('Article purchased' vs 'Household purchased article in last 4 we')
16:41:20 02_merge INFO   VERSIONS s8a2q4: {'s8a2q4': ['EICV7_CS', 'EICV7_VUP'], 's8a2q4_v2': ['EICV5_CS', 'EICV5_VUP'], 's8a2q4_v3': ['EICV4_CS', 'EICV4_VUP']} | EICV5_CS vs EICV4_CS: variable label differs ('Place of purchase' vs 'Where did you buy it most often') / EICV5_VUP vs EICV4_CS: variable label differs ('Place of purchase' vs 'Where did you buy it most often')
16:41:20 02_merge INFO   VERSIONS s9a2q2: {'s9a2q2': ['EICV3'], 's9a2q2_v2': ['EICV2']} | EICV3 vs EICV2: variable label differs ('Household purchased article in last 4 we' vs 'Household purchased item in the last mon')
16:41:20 02_merge INFO   VERSIONS s9a2q3: {'s9a2q3': ['EICV3'], 's9a2q3_v2': ['EICV2']} | EICV3 vs EICV2: variable label differs ('Amount spent to purchase article' vs 'Amount of expenditure on item')
16:41:36 02_merge INFO PASS  EICV_pooled_expenditure_monthly.dta: pooled rows == sum of wave rows
16:41:36 02_merge INFO PASS  EICV_pooled_expenditure_monthly.dta: EICV2 sum wt preserved
16:41:37 02_merge INFO PASS  EICV_pooled_expenditure_monthly.dta: EICV3 sum wt preserved
16:41:37 02_merge INFO PASS  EICV_pooled_expenditure_monthly.dta: EICV4_CS sum wt preserved
16:41:37 02_merge INFO PASS  EICV_pooled_expenditure_monthly.dta: EICV4_VUP sum wt preserved
16:41:37 02_merge INFO PASS  EICV_pooled_expenditure_monthly.dta: EICV5_CS sum wt preserved
16:41:37 02_merge INFO PASS  EICV_pooled_expenditure_monthly.dta: EICV5_VUP sum wt preserved
16:41:37 02_merge INFO PASS  EICV_pooled_expenditure_monthly.dta: EICV7_CS sum wt preserved
16:41:37 02_merge INFO PASS  EICV_pooled_expenditure_monthly.dta: EICV7_VUP sum wt preserved
16:41:55 02_merge INFO wrote EICV_pooled_expenditure_monthly.dta  (3,930,484 rows x 53 vars, 558.2 MB)
16:41:55 02_merge INFO ---------------- EICV_pooled_food.dta (['EICV1', 'EICV2', 'EICV3', 'EICV4_CS', 'EICV4_VUP', 'EICV5_CS', 'EICV5_VUP', 'EICV7_CS', 'EICV7_VUP'])
16:42:00 02_merge INFO   loaded EICV1      EICV_EICV1_s9_expen_food_clean.dta                        879,539 rows x   48
16:42:00 02_merge INFO   loaded EICV2      EICV_EICV2_s9b_food_clean.dta                             105,444 rows x   36
16:42:08 02_merge INFO   loaded EICV3      EICV_EICV3_s09b_consfood_clean.dta                      2,103,276 rows x   27
16:42:19 02_merge INFO   loaded EICV4_CS   EICV_EICV4_CS_s8b_expenditure_clean.dta                 2,119,593 rows x   37
16:42:21 02_merge INFO   loaded EICV4_VUP  EICV_EICV4_VUP_s8b_expenditure_clean.dta                  361,620 rows x   33
16:42:29 02_merge INFO   loaded EICV5_CS   EICV_EICV5_CS_s8b_expenditure_clean.dta                 2,187,000 rows x   29
16:42:31 02_merge INFO   loaded EICV5_VUP  EICV_EICV5_VUP_s8b_expenditure_clean.dta                  246,600 rows x   30
16:42:44 02_merge INFO   loaded EICV7_CS   EICV_EICV7_CS_s8b_food_expenditure_consumption_clean.dta 2,227,992 rows x   73
16:42:47 02_merge INFO   loaded EICV7_VUP  EICV_EICV7_VUP_s8b_food_expenditure_consumption_clean.dta   558,108 rows x   69
16:42:49 02_merge INFO   VERSIONS item: {'item': ['EICV3'], 'item_v2': ['EICV2']} | EICV3 vs EICV2: variable label differs ('Article' vs 'Item')
16:42:49 02_merge INFO   VERSIONS poverty: {'poverty': ['EICV5_CS', 'EICV7_CS'], 'poverty_v2': ['EICV3', 'EICV4_CS']} | EICV5_CS vs EICV3: variable label differs ('Welfare categories' vs 'Poverty status') / EICV7_CS vs EICV3: variable label differs ('Welfare Categories' vs 'Poverty status')
16:42:49 02_merge INFO   VERSIONS quintile: {'quintile': ['EICV3', 'EICV4_CS', 'EICV5_CS'], 'quintile_v2': ['EICV7_CS'], 'quintile_v3': ['EICV1']} | EICV3 vs EICV1: variable label differs ('Quintile' vs 'Quintile de depense') / EICV4_CS vs EICV1: variable label differs ('QUINTILE' vs 'Quintile de depense')
16:42:50 02_merge INFO   VERSIONS s8bq0: {'s8bq0': ['EICV7_CS', 'EICV7_VUP'], 's8bq0_v2': ['EICV5_CS', 'EICV5_VUP'], 's8bq0_v3': ['EICV4_CS', 'EICV4_VUP']} | EICV5_CS vs EICV4_CS: value labels differ -- 10: 'Corn _flour from Factory_' vs 'Sorghum (flour)'; 11: 'Sorghum _flour_' vs 'Wheat (flour)'; 13: 'Millet _flour_' vs 'Other flour of cereals' / EICV5_VUP vs EICV4_CS: value labels differ -- 10: 'Corn _flour from Factory_' vs 'Sorghum (flour)'; 11: 'Sorghum _flour_' vs 'Wheat (flour)'; 13: 'Millet _flour_' vs 'Other flour of cereals'
16:42:52 02_merge INFO   VERSIONS s8bq1: {'s8bq1': ['EICV5_CS', 'EICV5_VUP'], 's8bq1_v2': ['EICV4_CS', 'EICV4_VUP']} | EICV5_CS vs EICV4_CS: variable label differs ('COICOP Description' vs 'COICOP code') / EICV5_VUP vs EICV4_CS: variable label differs ('COICOP Description' vs 'COICOP code')
16:42:56 02_merge INFO   VERSIONS s8bq12: {'s8bq12': ['EICV5_CS', 'EICV5_VUP'], 's8bq12_v2': ['EICV4_CS', 'EICV4_VUP']} | EICV5_CS vs EICV4_CS: variable label differs ('Visit 10' vs 'Visit 11') / EICV5_VUP vs EICV4_CS: variable label differs ('Visit 10' vs 'Visit 11')
16:43:09 02_merge INFO   VERSIONS s9bq2: {'s9bq2': ['EICV3'], 's9bq2_v2': ['EICV1']} | EICV3 vs EICV1: EICV1 is unlabelled and its values reach 3, beyond the labelled codes (1-2)
16:45:16 02_merge INFO PASS  EICV_pooled_food.dta: pooled rows == sum of wave rows
16:45:16 02_merge INFO PASS  EICV_pooled_food.dta: EICV1 sum wt preserved
16:45:16 02_merge INFO PASS  EICV_pooled_food.dta: EICV2 sum wt preserved
16:45:17 02_merge INFO PASS  EICV_pooled_food.dta: EICV3 sum wt preserved
16:45:17 02_merge INFO PASS  EICV_pooled_food.dta: EICV4_CS sum wt preserved
16:45:17 02_merge INFO PASS  EICV_pooled_food.dta: EICV4_VUP sum wt preserved
16:45:17 02_merge INFO PASS  EICV_pooled_food.dta: EICV5_CS sum wt preserved
16:45:18 02_merge INFO PASS  EICV_pooled_food.dta: EICV5_VUP sum wt preserved
16:45:18 02_merge INFO PASS  EICV_pooled_food.dta: EICV7_CS sum wt preserved
16:45:18 02_merge INFO PASS  EICV_pooled_food.dta: EICV7_VUP sum wt preserved
16:47:00 02_merge INFO wrote EICV_pooled_food.dta  (10,789,172 rows x 168 vars, 5793.9 MB)
16:47:03 02_merge INFO ---------------- EICV_pooled_jobs.dta (['EICV2', 'EICV3', 'EICV4_CS', 'EICV5_CS', 'EICV5_VUP'])
16:47:03 02_merge INFO   loaded EICV2      EICV_EICV2_s6d_employ_roster_clean.dta                     23,213 rows x   40
16:47:03 02_merge INFO   loaded EICV3      EICV_EICV3_s06cdef_jobs_clean.dta                          61,405 rows x   70
16:47:04 02_merge INFO   loaded EICV4_CS   EICV_EICV4_CS_s6b_employement_6c_salaried_s6d_business_clean.dta    59,616 rows x   76
16:47:05 02_merge INFO   loaded EICV5_CS   EICV_EICV5_CS_s6b_employement_6c_salaried_s6d_business_clean.dta    89,373 rows x   57
16:47:05 02_merge INFO   loaded EICV5_VUP  EICV_EICV5_VUP_s6b_employement_6c_salaried_s6d_business_clean.dta     9,180 rows x   57
16:47:05 02_merge INFO   VERSIONS poverty: {'poverty': ['EICV3', 'EICV4_CS'], 'poverty_v2': ['EICV5_CS']} | EICV5_CS vs EICV3: variable label differs ('Welfare categories' vs 'Poverty status')
16:47:05 02_merge INFO   VERSIONS quintile: {'quintile': ['EICV3', 'EICV4_CS'], 'quintile_v2': ['EICV5_CS']} | EICV5_CS vs EICV3: value labels differ -- 1: 'Quintile1' vs 'Q1'; 2: 'Quintile2' vs 'Q2'; 3: 'Quintile3' vs 'Q3'
16:47:05 02_merge INFO   VERSIONS s6bq11: {'s6bq11': ['EICV5_CS', 'EICV5_VUP'], 's6bq11_v2': ['EICV4_CS']} | EICV5_CS vs EICV4_CS: variable label differs ('How many days did work during the last 7' vs 'Days worked in this job in last 7 days') / EICV5_VUP vs EICV4_CS: variable label differs ('How many days did work during the last 7' vs 'Days worked in this job in last 7 days')
16:47:05 02_merge INFO   VERSIONS s6bq14: {'s6bq14': ['EICV5_CS', 'EICV5_VUP'], 's6bq14_v2': ['EICV4_CS']} | EICV5_CS vs EICV4_CS: value labels differ -- 7: 'Household Domestic' vs 'VUP Community work in Private  enterprise'; 8: 'Other _specify_' vs 'VUP Community work in public sector'; 9: 'Donâ€™t know' vs 'Household Domestic' / EICV5_VUP vs EICV4_CS: value labels differ -- 7: 'Household Domestic' vs 'VUP Community work in Private  enterprise'; 8: 'Other _specify_' vs 'VUP Community work in public sector'; 9: 'Donâ€™t know' vs 'Household Domestic'
16:47:05 02_merge INFO   VERSIONS s6bq3b: {'s6bq3b': ['EICV5_VUP'], 's6bq3b_v2': ['EICV5_CS'], 's6bq3b_v3': ['EICV4_CS']} | EICV5_CS vs EICV4_CS: variable label differs ('Major occupation groups (ISCO 1 Dig)[All' vs 'Occupation_Grouped') / EICV5_VUP vs EICV4_CS: variable label differs ('ISCO code' vs 'Occupation_Grouped')
16:47:05 02_merge INFO   VERSIONS s6bq4b: {'s6bq4b': ['EICV5_VUP'], 's6bq4b_v2': ['EICV5_CS'], 's6bq4b_v3': ['EICV4_CS']} | EICV5_CS vs EICV4_CS: variable label differs ('Industry(ISIC 1 digit)[All jobs]' vs 'ISIC_Industry Grouped') / EICV5_VUP vs EICV4_CS: variable label differs ('ISIC CODE' vs 'ISIC_Industry Grouped')
16:47:05 02_merge INFO   VERSIONS s6bq5: {'s6bq5': ['EICV5_CS', 'EICV5_VUP'], 's6bq5_v2': ['EICV4_CS']} | EICV5_CS vs EICV4_CS: variable label differs ('Many months in the last year work in thi' vs 'Non-agricultural or agricultural job') / EICV5_VUP vs EICV4_CS: variable label differs ('Many months in the last year work in thi' vs 'Non-agricultural or agricultural job')
16:47:05 02_merge INFO   VERSIONS s6bq6: {'s6bq6': ['EICV5_CS', 'EICV5_VUP'], 's6bq6_v2': ['EICV4_CS']} | EICV5_CS vs EICV4_CS: variable label differs ('Worked most of time  in the last 12 mont' vs 'Months worked in this job in past 12 mon') / EICV5_VUP vs EICV4_CS: variable label differs ('Worked most of time  in the last 12 mont' vs 'Months worked in this job in past 12 mon')
16:47:05 02_merge INFO   VERSIONS s6bq7: {'s6bq7': ['EICV5_CS', 'EICV5_VUP'], 's6bq7_v2': ['EICV4_CS']} | EICV5_CS vs EICV4_CS: variable label differs ('Worked for at least 1 hour in this job d' vs 'Spent most time in this job in last 12 m') / EICV5_VUP vs EICV4_CS: variable label differs ('Worked for at least 1 hour in this job d' vs 'Spent most time in this job in last 12 m')
16:47:05 02_merge INFO   VERSIONS s6bq8: {'s6bq8': ['EICV5_CS', 'EICV5_VUP'], 's6bq8_v2': ['EICV4_CS']} | EICV5_CS vs EICV4_CS: variable label differs ('Most working time in the last 7 days' vs 'Worked for at least 1 hour in this job d') / EICV5_VUP vs EICV4_CS: variable label differs ('Most working time in the last 7 days' vs 'Worked for at least 1 hour in this job d')
16:47:05 02_merge INFO   VERSIONS s6cq18: {'s6cq18': ['EICV5_CS', 'EICV5_VUP'], 's6cq18_v2': ['EICV4_CS']} | EICV5_CS vs EICV4_CS: variable label differs ('Receive in-kind payments' vs 'Job provides medical coverage') / EICV5_VUP vs EICV4_CS: variable label differs ('Receive in-kind payments' vs 'Job provides medical coverage')
16:47:05 02_merge INFO   VERSIONS s6cq20: {'s6cq20': ['EICV5_CS', 'EICV5_VUP'], 's6cq20_v2': ['EICV4_CS']} | EICV5_CS vs EICV4_CS: variable label differs ('Employer provide or subsidize housing' vs 'Job provides paid annual leave') / EICV5_VUP vs EICV4_CS: variable label differs ('Employer provide or subsidize housing' vs 'Job provides paid annual leave')
16:47:05 02_merge INFO   VERSIONS s6cq22: {'s6cq22': ['EICV5_CS', 'EICV5_VUP'], 's6cq22_v2': ['EICV4_CS']} | EICV5_CS vs EICV4_CS: variable label differs ('Receive any other benefits' vs 'Salary subjected to tax deduction') / EICV5_VUP vs EICV4_CS: variable label differs ('Receive any other benefits' vs 'Salary subjected to tax deduction')
16:47:05 02_merge INFO   VERSIONS s6cq23a: {'s6cq23a': ['EICV5_CS', 'EICV5_VUP'], 's6cq23a_v2': ['EICV4_CS']} | EICV5_CS vs EICV4_CS: variable label differs ('Benefit Amount' vs 'Last net salary/wage (amount)') / EICV5_VUP vs EICV4_CS: variable label differs ('Benefit Amount' vs 'Last net salary/wage (amount)')
16:47:05 02_merge INFO   VERSIONS s6cq23b: {'s6cq23b': ['EICV5_CS', 'EICV5_VUP'], 's6cq23b_v2': ['EICV4_CS']} | EICV5_CS vs EICV4_CS: variable label differs ('Benefit Unit of time' vs 'Last net salary/wage (time unit)') / EICV5_VUP vs EICV4_CS: variable label differs ('Benefit Unit of time' vs 'Last net salary/wage (time unit)')
16:47:06 02_merge INFO   VERSIONS s6dq30: {'s6dq30': ['EICV5_CS', 'EICV5_VUP'], 's6dq30_v2': ['EICV4_CS']} | EICV5_CS vs EICV4_CS: variable label differs ('Greatest obstacles encountered when creq' vs 'Business registered with authorities') / EICV5_VUP vs EICV4_CS: variable label differs ('Greatest obstacles encountered when creq' vs 'Business registered with authorities')
16:47:06 02_merge INFO   VERSIONS s6dq31: {'s6dq31': ['EICV5_CS', 'EICV5_VUP'], 's6dq31_v2': ['EICV4_CS']} | EICV5_CS vs EICV4_CS: variable label differs ('Primary source of money used to create b' vs 'Has sought a loan in last 12 months') / EICV5_VUP vs EICV4_CS: variable label differs ('Primary source of money used to create b' vs 'Has sought a loan in last 12 months')
16:47:06 02_merge INFO   VERSIONS s6dq4: {'s6dq4': ['EICV3'], 's6dq4_v2': ['EICV2']} | EICV3 vs EICV2: variable label differs ('Sector of work' vs 'Occupation code')
16:47:06 02_merge INFO   VERSIONS s6dq7: {'s6dq7': ['EICV3'], 's6dq7_v2': ['EICV2']} | EICV3 vs EICV2: variable label differs ('Number of hours worked last 7 days' vs 'Occupation status')
16:47:06 02_merge INFO   6 variables with codes observed outside their own value labels (stale labels)
16:47:09 02_merge INFO PASS  EICV_pooled_jobs.dta: pooled rows == sum of wave rows
16:47:09 02_merge INFO PASS  EICV_pooled_jobs.dta: EICV2 sum wt preserved
16:47:09 02_merge INFO PASS  EICV_pooled_jobs.dta: EICV3 sum wt preserved
16:47:09 02_merge INFO PASS  EICV_pooled_jobs.dta: EICV4_CS sum wt preserved
16:47:09 02_merge INFO PASS  EICV_pooled_jobs.dta: EICV5_CS sum wt preserved
16:47:09 02_merge INFO PASS  EICV_pooled_jobs.dta: EICV5_VUP sum wt preserved
16:47:09 02_merge INFO   EICV_pooled_jobs.dta: 207 exact duplicate rows dropped (duplicates drop, all variables): {'EICV5_VUP': 207}
16:47:11 02_merge INFO wrote EICV_pooled_jobs.dta  (242,580 rows x 200 vars, 86.1 MB)
16:47:11 02_merge INFO ---------------- EICV_pooled_land.dta (['EICV4_CS', 'EICV4_VUP', 'EICV5_CS', 'EICV5_VUP'])
16:47:12 02_merge INFO   loaded EICV4_CS   EICV_EICV4_CS_s7b2_land_agriculture_clean.dta             242,644 rows x   31
16:47:12 02_merge INFO   loaded EICV4_VUP  EICV_EICV4_VUP_s7b2_land_agriculture_clean.dta             43,090 rows x   27
16:47:13 02_merge INFO   loaded EICV5_CS   EICV_EICV5_CS_s7b2_land_agriculture_clean.dta             233,046 rows x   23
16:47:13 02_merge INFO   loaded EICV5_VUP  EICV_EICV5_VUP_s7b2_land_agriculture_clean.dta             27,198 rows x   23
16:47:13 02_merge INFO   VERSIONS poverty: {'poverty': ['EICV5_CS'], 'poverty_v2': ['EICV4_CS']} | EICV5_CS vs EICV4_CS: variable label differs ('Welfare categories' vs 'POVERTY')
16:47:13 02_merge INFO   VERSIONS s7b2q3: {'s7b2q3': ['EICV5_CS', 'EICV5_VUP'], 's7b2q3_v2': ['EICV4_CS', 'EICV4_VUP']} | EICV5_CS vs EICV4_CS: variable label differs ('Household owns that equipment' vs 'Currently owns an equipment') / EICV5_VUP vs EICV4_CS: variable label differs ('Household owns that equipment' vs 'Currently owns an equipment')
16:47:15 02_merge INFO PASS  EICV_pooled_land.dta: pooled rows == sum of wave rows
16:47:15 02_merge INFO PASS  EICV_pooled_land.dta: EICV4_CS sum wt preserved
16:47:15 02_merge INFO PASS  EICV_pooled_land.dta: EICV4_VUP sum wt preserved
16:47:15 02_merge INFO PASS  EICV_pooled_land.dta: EICV5_CS sum wt preserved
16:47:15 02_merge INFO PASS  EICV_pooled_land.dta: EICV5_VUP sum wt preserved
16:47:17 02_merge INFO wrote EICV_pooled_land.dta  (545,978 rows x 37 vars, 58.4 MB)
16:47:17 02_merge INFO ---------------- EICV_pooled_livestock.dta (['EICV1', 'EICV2', 'EICV3', 'EICV4_CS', 'EICV4_VUP', 'EICV5_CS', 'EICV5_VUP'])
16:47:17 02_merge INFO   loaded EICV1      EICV_EICV1_s8_livestock_clean.dta                          31,907 rows x   31
16:47:18 02_merge INFO   loaded EICV2      EICV_EICV2_s8a1_livestock_clean.dta                        37,936 rows x   32
16:47:18 02_merge INFO   loaded EICV3      EICV_EICV3_s08a1_livestock_clean.dta                       78,432 rows x   29
16:47:18 02_merge INFO   loaded EICV4_CS   EICV_EICV4_CS_s7a1_livestock_clean.dta                     80,877 rows x   38
16:47:18 02_merge INFO   loaded EICV4_VUP  EICV_EICV4_VUP_s7a1_livestock_clean.dta                    14,479 rows x   34
16:47:19 02_merge INFO   loaded EICV5_CS   EICV_EICV5_CS_s7a1_livestock_clean.dta                     89,633 rows x   29
16:47:19 02_merge INFO   loaded EICV5_VUP  EICV_EICV5_VUP_s7a1_livestock_clean.dta                    11,867 rows x   29
16:47:19 02_merge INFO   VERSIONS item: {'item': ['EICV3'], 'item_v2': ['EICV2']} | EICV3 vs EICV2: variable label differs ('Code of livestock' vs 'Product code')
16:47:19 02_merge INFO   VERSIONS poverty: {'poverty': ['EICV3', 'EICV4_CS'], 'poverty_v2': ['EICV5_CS']} | EICV5_CS vs EICV3: variable label differs ('Welfare categories' vs 'Poverty status')
16:47:19 02_merge INFO   VERSIONS s7aq10: {'s7aq10': ['EICV4_CS', 'EICV4_VUP'], 's7aq10_v2': ['EICV5_CS']} | EICV5_CS vs EICV4_CS: variable label differs ('Rented any animals in the last 12 months' vs 'Value of animal purchases')
16:47:19 02_merge INFO   VERSIONS s7aq11: {'s7aq11': ['EICV4_CS', 'EICV4_VUP'], 's7aq11_v2': ['EICV5_CS']} | EICV5_CS vs EICV4_CS: variable label differs ('Total amount received from the rental' vs 'Number born in the past 12 months')
16:47:19 02_merge INFO   VERSIONS s7aq3: {'s7aq3': ['EICV4_CS', 'EICV4_VUP'], 's7aq3_v2': ['EICV5_CS']} | EICV5_CS vs EICV4_CS: value labels differ -- 2: 'Cattle <2 Years' vs 'Sheep'; 3: 'Sheep' vs 'Goats'; 4: 'Goats' vs 'Pigs'
16:47:19 02_merge INFO   VERSIONS s7aq5: {'s7aq5': ['EICV4_CS', 'EICV4_VUP'], 's7aq5_v2': ['EICV5_CS']} | EICV5_CS vs EICV4_CS: variable label differs ('Number of livestock actually own' vs 'Number of livestock owned')
16:47:19 02_merge INFO   VERSIONS s7aq6: {'s7aq6': ['EICV4_CS', 'EICV4_VUP'], 's7aq6_v2': ['EICV5_CS']} | EICV5_CS vs EICV4_CS: variable label differs ('Current unit value of the livestock' vs 'Stable these animals')
16:47:19 02_merge INFO   VERSIONS s7aq7: {'s7aq7': ['EICV4_CS', 'EICV4_VUP'], 's7aq7_v2': ['EICV5_CS']} | EICV5_CS vs EICV4_CS: variable label differs ('Sold or killed any livestock in the past' vs "Sales price in today's prices")
16:47:19 02_merge INFO   VERSIONS s7aq8: {'s7aq8': ['EICV4_CS', 'EICV4_VUP'], 's7aq8_v2': ['EICV5_CS']} | EICV5_CS vs EICV4_CS: variable label differs ('Number of Livestock sold or slaughtered' vs 'Have bought any in last 12 months')
16:47:19 02_merge INFO   VERSIONS s7aq9: {'s7aq9': ['EICV4_CS', 'EICV4_VUP'], 's7aq9_v2': ['EICV5_CS']} | EICV5_CS vs EICV4_CS: variable label differs ('Total amount received from the sale' vs 'Number of livestock bought')
16:47:19 02_merge INFO   VERSIONS s8aq10: {'s8aq10': ['EICV2'], 's8aq10_v2': ['EICV1']} | EICV2 vs EICV1: variable label differs ('Number of livestock purchased' vs 'How many did you buy?')
16:47:19 02_merge INFO   VERSIONS s8aq12: {'s8aq12': ['EICV2'], 's8aq12_v2': ['EICV1']} | EICV2 vs EICV1: variable label differs ('Lost livestock' vs 'Did you lose any in last 12 months?')
16:47:19 02_merge INFO   VERSIONS s8aq13: {'s8aq13': ['EICV2'], 's8aq13_v2': ['EICV1']} | EICV2 vs EICV1: variable label differs ('Number lost' vs 'How many were lost?')
16:47:19 02_merge INFO   VERSIONS s8aq15: {'s8aq15': ['EICV2'], 's8aq15_v2': ['EICV1']} | EICV2 vs EICV1: variable label differs ('Rental of cattle (oxen) during the last ' vs 'Did you rent out any last 12 months?')
16:47:19 02_merge INFO   VERSIONS s8aq16: {'s8aq16': ['EICV2'], 's8aq16_v2': ['EICV1']} | EICV2 vs EICV1: variable label differs ('Amount received from rental' vs 'How much did you receive from renting?')
16:47:19 02_merge INFO   VERSIONS s8aq2: {'s8aq2': ['EICV2'], 's8aq2_v2': ['EICV1']} | EICV2 vs EICV1: variable label differs ('Household raises livestock' vs 'Livestock/poultry code')
16:47:19 02_merge INFO   VERSIONS s8aq3: {'s8aq3': ['EICV2'], 's8aq3_v2': ['EICV1']} | EICV2 vs EICV1: variable label differs ('Number owned' vs 'Did you raise this livestock/poultry?')
16:47:19 02_merge INFO   VERSIONS s8aq4: {'s8aq4': ['EICV2'], 's8aq4_v2': ['EICV1']} | EICV2 vs EICV1: variable label differs ('Practice keeping livestock in stables' vs 'How many do you have now?')
16:47:19 02_merge INFO   VERSIONS s8aq5: {'s8aq5': ['EICV2'], 's8aq5_v2': ['EICV1']} | EICV2 vs EICV1: variable label differs ('Value per unit of livestock' vs 'How much could you sell one for today?')
16:47:19 02_merge INFO   VERSIONS s8aq6: {'s8aq6': ['EICV2'], 's8aq6_v2': ['EICV1']} | EICV2 vs EICV1: variable label differs ('Sold livestock' vs 'Have you sold any in last 12 months?')
16:47:19 02_merge INFO   VERSIONS s8aq7: {'s8aq7': ['EICV2'], 's8aq7_v2': ['EICV1']} | EICV2 vs EICV1: variable label differs ('Number sold' vs 'How many did you sell?')
16:47:19 02_merge INFO   VERSIONS s8aq8: {'s8aq8': ['EICV2'], 's8aq8_v2': ['EICV1']} | EICV2 vs EICV1: variable label differs ('Total amount of sales' vs 'What was total sales value?')
16:47:19 02_merge INFO   VERSIONS s8aq9: {'s8aq9': ['EICV2'], 's8aq9_v2': ['EICV1']} | EICV2 vs EICV1: variable label differs ('Purchased livestock' vs 'In last 12 months, did you buy any?')
16:47:20 02_merge INFO   1 variables with codes observed outside their own value labels (stale labels)
16:47:22 02_merge INFO PASS  EICV_pooled_livestock.dta: pooled rows == sum of wave rows
16:47:22 02_merge INFO PASS  EICV_pooled_livestock.dta: EICV1 sum wt preserved
16:47:22 02_merge INFO PASS  EICV_pooled_livestock.dta: EICV2 sum wt preserved
16:47:22 02_merge INFO PASS  EICV_pooled_livestock.dta: EICV3 sum wt preserved
16:47:22 02_merge INFO PASS  EICV_pooled_livestock.dta: EICV4_CS sum wt preserved
16:47:22 02_merge INFO PASS  EICV_pooled_livestock.dta: EICV4_VUP sum wt preserved
16:47:22 02_merge INFO PASS  EICV_pooled_livestock.dta: EICV5_CS sum wt preserved
16:47:22 02_merge INFO PASS  EICV_pooled_livestock.dta: EICV5_VUP sum wt preserved
16:47:24 02_merge INFO wrote EICV_pooled_livestock.dta  (345,131 rows x 125 vars, 98.1 MB)
16:47:24 02_merge INFO ---------------- EICV_pooled_livestock_expenditure.dta (['EICV1', 'EICV2', 'EICV3', 'EICV4_CS', 'EICV4_VUP', 'EICV5_CS', 'EICV5_VUP'])
16:47:24 02_merge INFO   loaded EICV1      EICV_EICV1_s8_livestock_expense_clean.dta                  43,692 rows x   26
16:47:24 02_merge INFO   loaded EICV2      EICV_EICV2_s8a3_livestock_expenditure_clean.dta            42,678 rows x   23
16:47:25 02_merge INFO   loaded EICV3      EICV_EICV3_s08a4_livestock_clean.dta                       98,040 rows x   23
16:47:25 02_merge INFO   loaded EICV4_CS   EICV_EICV4_CS_s7a4_livestock_clean.dta                    109,359 rows x   28
16:47:25 02_merge INFO   loaded EICV4_VUP  EICV_EICV4_VUP_s7a4_livestock_clean.dta                    19,630 rows x   24
16:47:26 02_merge INFO   loaded EICV5_CS   EICV_EICV5_CS_s7a4_livestock_clean.dta                     98,582 rows x   20
16:47:26 02_merge INFO   loaded EICV5_VUP  EICV_EICV5_VUP_s7a4_livestock_clean.dta                    12,495 rows x   20
16:47:26 02_merge INFO   VERSIONS item: {'item': ['EICV3'], 'item_v2': ['EICV2']} | EICV3 vs EICV2: variable label differs ('Code of expense' vs 'Product code')
16:47:26 02_merge INFO   VERSIONS poverty: {'poverty': ['EICV3', 'EICV4_CS'], 'poverty_v2': ['EICV5_CS']} | EICV5_CS vs EICV3: variable label differs ('Welfare categories' vs 'Poverty status')
16:47:26 02_merge INFO   VERSIONS s7a4q1: {'s7a4q1': ['EICV5_CS', 'EICV5_VUP'], 's7a4q1_v2': ['EICV4_CS', 'EICV4_VUP']} | EICV5_CS vs EICV4_CS: variable label differs ('Code of expense' vs 'Livestock expenditure code') / EICV5_VUP vs EICV4_CS: variable label differs ('Code of expense' vs 'Livestock expenditure code')
16:47:26 02_merge INFO   VERSIONS s8aq21: {'s8aq21': ['EICV2'], 's8aq21_v2': ['EICV1']} | EICV2 vs EICV1: variable label differs ('Expenditure incurred for livestock' vs 'Did you incur any expenses on this in la')
16:47:26 02_merge INFO   VERSIONS s8aq22: {'s8aq22': ['EICV2'], 's8aq22_v2': ['EICV1']} | EICV2 vs EICV1: variable label differs ('Livestock' vs 'For which type of livestock/poultry?')
16:47:26 02_merge INFO   VERSIONS s8aq23: {'s8aq23': ['EICV2'], 's8aq23_v2': ['EICV1']} | EICV2 vs EICV1: variable label differs ('Amount of expenditure cash or in-kind fo' vs 'How much in cash/in kind spent in last 1')
16:47:26 02_merge INFO   VERSIONS s8aq24: {'s8aq24': ['EICV2'], 's8aq24_v2': ['EICV1']} | EICV2 vs EICV1: variable label differs ('Origin of expenditure' vs 'What was source of supplier?')
16:47:26 02_merge INFO   VERSIONS s8aq25: {'s8aq25': ['EICV2'], 's8aq25_v2': ['EICV1']} | EICV2 vs EICV1: variable label differs ('Purchases on credit' vs 'Was this obtained on credit?')
16:47:26 02_merge INFO   VERSIONS s8aq26: {'s8aq26': ['EICV2'], 's8aq26_v2': ['EICV1']} | EICV2 vs EICV1: variable label differs ('Product or service not available during ' vs 'Were you at any time unable to get this ')
16:47:26 02_merge INFO   2 variables with codes observed outside their own value labels (stale labels)
16:47:28 02_merge INFO PASS  EICV_pooled_livestock_expenditure.dta: pooled rows == sum of wave rows
16:47:28 02_merge INFO PASS  EICV_pooled_livestock_expenditure.dta: EICV1 sum wt preserved
16:47:28 02_merge INFO PASS  EICV_pooled_livestock_expenditure.dta: EICV2 sum wt preserved
16:47:28 02_merge INFO PASS  EICV_pooled_livestock_expenditure.dta: EICV3 sum wt preserved
16:47:28 02_merge INFO PASS  EICV_pooled_livestock_expenditure.dta: EICV4_CS sum wt preserved
16:47:28 02_merge INFO PASS  EICV_pooled_livestock_expenditure.dta: EICV4_VUP sum wt preserved
16:47:28 02_merge INFO PASS  EICV_pooled_livestock_expenditure.dta: EICV5_CS sum wt preserved
16:47:28 02_merge INFO PASS  EICV_pooled_livestock_expenditure.dta: EICV5_VUP sum wt preserved
16:47:30 02_merge INFO wrote EICV_pooled_livestock_expenditure.dta  (424,476 rows x 69 vars, 74.3 MB)
16:47:30 02_merge INFO ---------------- EICV_pooled_livestock_products.dta (['EICV1', 'EICV2', 'EICV3', 'EICV4_CS', 'EICV4_VUP', 'EICV5_CS', 'EICV5_VUP'])
16:47:30 02_merge INFO   loaded EICV1      EICV_EICV1_s8_livestock_products_clean.dta                 29,128 rows x   18
16:47:30 02_merge INFO   loaded EICV2      EICV_EICV2_s8a2_livestock_products_clean.dta               33,194 rows x   19
16:47:30 02_merge INFO   loaded EICV3      EICV_EICV3_s08a3_livestock_clean.dta                       68,628 rows x   20
16:47:31 02_merge INFO   loaded EICV4_CS   EICV_EICV4_CS_s7a3_livestock_clean.dta                     80,877 rows x   29
16:47:31 02_merge INFO   loaded EICV4_VUP  EICV_EICV4_VUP_s7a3_livestock_clean.dta                    14,479 rows x   25
16:47:31 02_merge INFO   loaded EICV5_CS   EICV_EICV5_CS_s7a3_livestock_clean.dta                     80,658 rows x   22
16:47:31 02_merge INFO   loaded EICV5_VUP  EICV_EICV5_VUP_s7a3_livestock_clean.dta                    10,224 rows x   22
16:47:31 02_merge INFO   VERSIONS item: {'item': ['EICV3'], 'item_v2': ['EICV2']} | EICV3 vs EICV2: variable label differs ('Product codes' vs 'Product code')
16:47:31 02_merge INFO   VERSIONS poverty: {'poverty': ['EICV3', 'EICV4_CS'], 'poverty_v2': ['EICV5_CS']} | EICV5_CS vs EICV3: variable label differs ('Welfare categories' vs 'Poverty status')
16:47:31 02_merge INFO   VERSIONS s8aq18: {'s8aq18': ['EICV2'], 's8aq18_v2': ['EICV1']} | EICV2 vs EICV1: variable label differs ('Sell product' vs 'Did you sell any in last 12 months?')
16:47:31 02_merge INFO   VERSIONS s8aq19: {'s8aq19': ['EICV2'], 's8aq19_v2': ['EICV1']} | EICV2 vs EICV1: variable label differs ('Amount of sale' vs 'What was total value of sales?')
16:47:33 02_merge INFO PASS  EICV_pooled_livestock_products.dta: pooled rows == sum of wave rows
16:47:33 02_merge INFO PASS  EICV_pooled_livestock_products.dta: EICV1 sum wt preserved
16:47:33 02_merge INFO PASS  EICV_pooled_livestock_products.dta: EICV2 sum wt preserved
16:47:33 02_merge INFO PASS  EICV_pooled_livestock_products.dta: EICV3 sum wt preserved
16:47:33 02_merge INFO PASS  EICV_pooled_livestock_products.dta: EICV4_CS sum wt preserved
16:47:33 02_merge INFO PASS  EICV_pooled_livestock_products.dta: EICV4_VUP sum wt preserved
16:47:33 02_merge INFO PASS  EICV_pooled_livestock_products.dta: EICV5_CS sum wt preserved
16:47:33 02_merge INFO PASS  EICV_pooled_livestock_products.dta: EICV5_VUP sum wt preserved
16:47:34 02_merge INFO wrote EICV_pooled_livestock_products.dta  (317,188 rows x 56 vars, 54.3 MB)
16:47:34 02_merge INFO ---------------- EICV_pooled_other_expenditure.dta (['EICV3', 'EICV4_CS', 'EICV5_CS', 'EICV5_VUP', 'EICV7_CS', 'EICV7_VUP'])
16:47:34 02_merge INFO   loaded EICV3      EICV_EICV3_s10e_otherexp_clean.dta                        171,696 rows x   15
16:47:35 02_merge INFO   loaded EICV4_CS   EICV_EICV4_CS_s9e_other_expenditure_clean.dta             187,447 rows x   24
16:47:36 02_merge INFO   loaded EICV5_CS   EICV_EICV5_CS_s9e_other_expenditure_clean.dta             189,468 rows x   16
16:47:36 02_merge INFO   loaded EICV5_VUP  EICV_EICV5_VUP_s9e_other_expenditure_clean.dta             21,333 rows x   16
16:47:36 02_merge INFO   loaded EICV7_CS   EICV_EICV7_CS_s9c_other_expenditure_clean.dta             198,588 rows x   18
16:47:36 02_merge INFO   loaded EICV7_VUP  EICV_EICV7_VUP_s9c_other_expenditure_clean.dta             49,439 rows x   18
16:47:37 02_merge INFO   VERSIONS poverty: {'poverty': ['EICV5_CS', 'EICV7_CS', 'EICV7_VUP'], 'poverty_v2': ['EICV3', 'EICV4_CS']} | EICV5_CS vs EICV3: variable label differs ('Welfare categories' vs 'Poverty status') / EICV7_CS vs EICV3: variable label differs ('Welfare Categories' vs 'Poverty status')
16:47:37 02_merge INFO   VERSIONS quintile: {'quintile': ['EICV3', 'EICV4_CS', 'EICV5_CS'], 'quintile_v2': ['EICV7_CS', 'EICV7_VUP']} | EICV7_CS vs EICV3: variable label differs ('Quintiles of real consumption per ae' vs 'Quintile') / EICV7_VUP vs EICV3: variable label differs ('Quintiles of real consumption per ae' vs 'Quintile')
16:47:39 02_merge INFO PASS  EICV_pooled_other_expenditure.dta: pooled rows == sum of wave rows
16:47:39 02_merge INFO PASS  EICV_pooled_other_expenditure.dta: EICV3 sum wt preserved
16:47:39 02_merge INFO PASS  EICV_pooled_other_expenditure.dta: EICV4_CS sum wt preserved
16:47:39 02_merge INFO PASS  EICV_pooled_other_expenditure.dta: EICV5_CS sum wt preserved
16:47:39 02_merge INFO PASS  EICV_pooled_other_expenditure.dta: EICV5_VUP sum wt preserved
16:47:39 02_merge INFO PASS  EICV_pooled_other_expenditure.dta: EICV7_CS sum wt preserved
16:47:39 02_merge INFO PASS  EICV_pooled_other_expenditure.dta: EICV7_VUP sum wt preserved
16:47:40 02_merge INFO   EICV_pooled_other_expenditure.dta: 3275 exact duplicate rows dropped (duplicates drop, all variables): {'EICV7_CS': 2859, 'EICV7_VUP': 416}
16:47:42 02_merge INFO wrote EICV_pooled_other_expenditure.dta  (814,696 rows x 36 vars, 90.5 MB)
16:47:43 02_merge INFO ---------------- EICV_pooled_other_income.dta (['EICV2', 'EICV3', 'EICV4_CS', 'EICV5_CS', 'EICV5_VUP', 'EICV7_CS', 'EICV7_VUP'])
16:47:43 02_merge INFO   loaded EICV2      EICV_EICV2_s10c_misc_clean.dta                            172,500 rows x   18
16:47:44 02_merge INFO   loaded EICV3      EICV_EICV3_s10c_otherinc_clean.dta                        314,776 rows x   16
16:47:45 02_merge INFO   loaded EICV4_CS   EICV_EICV4_CS_s9d_other_income_clean.dta                  288,380 rows x   26
16:47:46 02_merge INFO   loaded EICV5_CS   EICV_EICV5_CS_s9d_other_income_clean.dta                  306,060 rows x   18
16:47:46 02_merge INFO   loaded EICV5_VUP  EICV_EICV5_VUP_s9d_other_income_clean.dta                  34,463 rows x   18
16:47:47 02_merge INFO   loaded EICV7_CS   EICV_EICV7_CS_s9e_other_income_clean.dta                  397,176 rows x   20
16:47:47 02_merge INFO   loaded EICV7_VUP  EICV_EICV7_VUP_s9e_other_income_clean.dta                  98,878 rows x   21
16:47:48 02_merge INFO   VERSIONS item: {'item': ['EICV3'], 'item_v2': ['EICV2']} | EICV3 vs EICV2: value labels differ -- 2: 'VUP Direct support' vs '(income) Compensation for appropriation or displacement'; 3: 'Old age grant' vs '(income) State pension'; 4: 'FARG' vs '(income) Other revenues'
16:47:48 02_merge INFO   VERSIONS poverty: {'poverty': ['EICV5_CS', 'EICV7_CS', 'EICV7_VUP'], 'poverty_v2': ['EICV3', 'EICV4_CS']} | EICV5_CS vs EICV3: variable label differs ('Welfare categories' vs 'Poverty status') / EICV7_CS vs EICV3: variable label differs ('Welfare Categories' vs 'Poverty status')
16:47:48 02_merge INFO   VERSIONS quintile: {'quintile': ['EICV3', 'EICV4_CS', 'EICV5_CS'], 'quintile_v2': ['EICV7_CS', 'EICV7_VUP']} | EICV7_CS vs EICV3: variable label differs ('Quintiles of real consumption per ae' vs 'Quintile') / EICV7_VUP vs EICV3: variable label differs ('Quintiles of real consumption per ae' vs 'Quintile')
16:47:48 02_merge INFO   VERSIONS s9dq0: {'s9dq0': ['EICV5_CS', 'EICV5_VUP'], 's9dq0_v2': ['EICV4_CS']} | EICV5_CS vs EICV4_CS: variable label differs ('Income support source' vs 'Income support programme code') / EICV5_VUP vs EICV4_CS: variable label differs ('Income support source' vs 'Income support programme code')
16:47:48 02_merge INFO   VERSIONS s9dq1: {'s9dq1': ['EICV5_CS', 'EICV5_VUP'], 's9dq1_v2': ['EICV4_CS']} | EICV5_CS vs EICV4_CS: variable label differs ('Household received any of the following ' vs 'Has received income support in last 12 m') / EICV5_VUP vs EICV4_CS: variable label differs ('Household received any of the following ' vs 'Has received income support in last 12 m')
16:47:48 02_merge INFO   VERSIONS s9dq3: {'s9dq3': ['EICV5_CS', 'EICV5_VUP'], 's9dq3_v2': ['EICV4_CS']} | EICV5_CS vs EICV4_CS: variable label differs ('Amount reived during the last 12 months' vs 'Income support received in last 12 month') / EICV5_VUP vs EICV4_CS: variable label differs ('Amount reived during the last 12 months' vs 'Income support received in last 12 month')
16:47:54 02_merge INFO PASS  EICV_pooled_other_income.dta: pooled rows == sum of wave rows
16:47:54 02_merge INFO PASS  EICV_pooled_other_income.dta: EICV2 sum wt preserved
16:47:54 02_merge INFO PASS  EICV_pooled_other_income.dta: EICV3 sum wt preserved
16:47:54 02_merge INFO PASS  EICV_pooled_other_income.dta: EICV4_CS sum wt preserved
16:47:54 02_merge INFO PASS  EICV_pooled_other_income.dta: EICV5_CS sum wt preserved
16:47:55 02_merge INFO PASS  EICV_pooled_other_income.dta: EICV5_VUP sum wt preserved
16:47:55 02_merge INFO PASS  EICV_pooled_other_income.dta: EICV7_CS sum wt preserved
16:47:55 02_merge INFO PASS  EICV_pooled_other_income.dta: EICV7_VUP sum wt preserved
16:47:55 02_merge INFO   EICV_pooled_other_income.dta: 6581 exact duplicate rows dropped (duplicates drop, all variables): {'EICV7_CS': 5749, 'EICV7_VUP': 832}
16:48:01 02_merge INFO wrote EICV_pooled_other_income.dta  (1,605,652 rows x 51 vars, 232.9 MB)
16:48:01 02_merge INFO ---------------- EICV_pooled_own_consumption.dta (['EICV2', 'EICV3', 'EICV4_CS', 'EICV4_VUP', 'EICV5_CS', 'EICV5_VUP'])
16:48:01 02_merge INFO   loaded EICV2      EICV_EICV2_s9d_ex_owncons_clean.dta                        40,425 rows x   33
16:48:06 02_merge INFO   loaded EICV3      EICV_EICV3_s09c_consownfood_clean.dta                   1,414,994 rows x   28
16:48:12 02_merge INFO   loaded EICV4_CS   EICV_EICV4_CS_s8c_farming_clean.dta                     1,347,319 rows x   38
16:48:13 02_merge INFO   loaded EICV4_VUP  EICV_EICV4_VUP_s8c_farming_clean.dta                      242,560 rows x   34
16:48:19 02_merge INFO   loaded EICV5_CS   EICV_EICV5_CS_s8c_farming_clean.dta                     1,472,580 rows x   30
16:48:19 02_merge INFO   loaded EICV5_VUP  EICV_EICV5_VUP_s8c_farming_clean.dta                      166,044 rows x   31
16:48:20 02_merge INFO   VERSIONS item: {'item': ['EICV3'], 'item_v2': ['EICV2']} | EICV3 vs EICV2: variable label differs ('Article' vs 'Item')
16:48:20 02_merge INFO   VERSIONS poverty: {'poverty': ['EICV3', 'EICV4_CS'], 'poverty_v2': ['EICV5_CS']} | EICV5_CS vs EICV3: variable label differs ('Welfare categories' vs 'Poverty status')
16:48:21 02_merge INFO   VERSIONS s8cq0: {'s8cq0': ['EICV5_CS', 'EICV5_VUP'], 's8cq0_v2': ['EICV4_CS', 'EICV4_VUP']} | EICV5_CS vs EICV4_CS: variable label differs ('Product' vs 'Article') / EICV5_VUP vs EICV4_CS: variable label differs ('Product' vs 'Article')
16:48:23 02_merge INFO   VERSIONS s8cq12: {'s8cq12': ['EICV5_CS', 'EICV5_VUP'], 's8cq12_v2': ['EICV4_CS', 'EICV4_VUP']} | EICV5_CS vs EICV4_CS: variable label differs ('Visit 10' vs 'Visit 11') / EICV5_VUP vs EICV4_CS: variable label differs ('Visit 10' vs 'Visit 11')
16:48:23 02_merge INFO   VERSIONS s8cq13: {'s8cq13': ['EICV5_CS', 'EICV5_VUP'], 's8cq13_v2': ['EICV4_CS', 'EICV4_VUP']} | EICV5_CS vs EICV4_CS: variable label differs ('Visit 11' vs 'Unit of measure declared') / EICV5_VUP vs EICV4_CS: variable label differs ('Visit 11' vs 'Unit of measure declared')
16:48:24 02_merge INFO   VERSIONS s8cq14: {'s8cq14': ['EICV5_CS', 'EICV5_VUP'], 's8cq14_v2': ['EICV4_CS', 'EICV4_VUP']} | EICV5_CS vs EICV4_CS: variable label differs ('Unit of measure declared' vs 'Current unit price of the product') / EICV5_VUP vs EICV4_CS: variable label differs ('Unit of measure declared' vs 'Current unit price of the product')
16:48:25 02_merge INFO   VERSIONS s8cq3: {'s8cq3': ['EICV5_CS', 'EICV5_VUP'], 's8cq3_v2': ['EICV4_CS', 'EICV4_VUP']} | EICV5_CS vs EICV4_CS: variable label differs ('How much did you consume  since the last' vs 'Visit 2') / EICV5_VUP vs EICV4_CS: variable label differs ('How much did you consume  since the last' vs 'Visit 2')
16:48:50 02_merge INFO PASS  EICV_pooled_own_consumption.dta: pooled rows == sum of wave rows
16:48:50 02_merge INFO PASS  EICV_pooled_own_consumption.dta: EICV2 sum wt preserved
16:48:50 02_merge INFO PASS  EICV_pooled_own_consumption.dta: EICV3 sum wt preserved
16:48:50 02_merge INFO PASS  EICV_pooled_own_consumption.dta: EICV4_CS sum wt preserved
16:48:50 02_merge INFO PASS  EICV_pooled_own_consumption.dta: EICV4_VUP sum wt preserved
16:48:50 02_merge INFO PASS  EICV_pooled_own_consumption.dta: EICV5_CS sum wt preserved
16:48:50 02_merge INFO PASS  EICV_pooled_own_consumption.dta: EICV5_VUP sum wt preserved
16:49:23 02_merge INFO wrote EICV_pooled_own_consumption.dta  (4,683,922 rows x 85 vars, 2093.8 MB)
16:49:24 02_merge INFO ---------------- EICV_pooled_parcels.dta (['EICV1', 'EICV2', 'EICV3', 'EICV4_CS', 'EICV4_VUP', 'EICV5_CS', 'EICV5_VUP'])
16:49:24 02_merge INFO   loaded EICV1      EICV_EICV1_s8_farm_plot_details_clean.dta                  17,071 rows x   32
16:49:24 02_merge INFO   loaded EICV2      EICV_EICV2_s8c_ag_plots_clean.dta                          22,258 rows x   32
16:49:24 02_merge INFO   loaded EICV3      EICV_EICV3_s08c_parcels_clean.dta                          59,016 rows x   33
16:49:25 02_merge INFO   loaded EICV4_CS   EICV_EICV4_CS_s7c_parcels_clean.dta                        53,535 rows x   41
16:49:25 02_merge INFO   loaded EICV4_VUP  EICV_EICV4_VUP_s7c_parcels_clean.dta                        8,157 rows x   37
16:49:25 02_merge INFO   loaded EICV5_CS   EICV_EICV5_CS_s7c_parcels_clean.dta                        42,837 rows x   34
16:49:25 02_merge INFO   loaded EICV5_VUP  EICV_EICV5_VUP_s7c_parcels_clean.dta                        4,629 rows x   36
16:49:25 02_merge INFO   VERSIONS poverty: {'poverty': ['EICV3', 'EICV4_CS'], 'poverty_v2': ['EICV5_CS']} | EICV5_CS vs EICV3: variable label differs ('Welfare categories' vs 'Poverty status')
16:49:25 02_merge INFO   VERSIONS s7cq1: {'s7cq1': ['EICV5_CS', 'EICV5_VUP'], 's7cq1_v2': ['EICV4_CS', 'EICV4_VUP']} | EICV5_CS vs EICV4_CS: variable label differs ('Code of operators' vs 'Code of owners') / EICV5_VUP vs EICV4_CS: variable label differs ('Code of operators' vs 'Code of owners')
16:49:25 02_merge INFO   VERSIONS s7cq10: {'s7cq10': ['EICV5_CS', 'EICV5_VUP'], 's7cq10_v2': ['EICV4_CS', 'EICV4_VUP']} | EICV5_CS vs EICV4_CS: variable label differs ('Field has been cultivated in the over  l' vs 'Protected from erosion') / EICV5_VUP vs EICV4_CS: variable label differs ('Field has been cultivated in the over  l' vs 'Protected from erosion')
16:49:26 02_merge INFO   VERSIONS s7cq11: {'s7cq11': ['EICV5_CS', 'EICV5_VUP'], 's7cq11_v2': ['EICV4_CS', 'EICV4_VUP']} | EICV5_CS vs EICV4_CS: variable label differs ('Irrigated at any time in the last 12 gro' vs 'Main kind of protection used') / EICV5_VUP vs EICV4_CS: variable label differs ('Irrigated at any time in the last 12 gro' vs 'Main kind of protection used')
16:49:26 02_merge INFO   VERSIONS s7cq12: {'s7cq12': ['EICV5_CS', 'EICV5_VUP'], 's7cq12_v2': ['EICV4_CS', 'EICV4_VUP']} | EICV5_CS vs EICV4_CS: variable label differs ('Erosion protection' vs 'Have faced environmental problems on thi') / EICV5_VUP vs EICV4_CS: variable label differs ('Erosion protection' vs 'Have faced environmental problems on thi')
16:49:26 02_merge INFO   VERSIONS s7cq13: {'s7cq13': ['EICV5_CS', 'EICV5_VUP'], 's7cq13_v2': ['EICV4_CS', 'EICV4_VUP']} | EICV5_CS vs EICV4_CS: variable label differs ('Main kind of erosion protection' vs 'Problem faced as a result of environment') / EICV5_VUP vs EICV4_CS: variable label differs ('Main kind of erosion protection' vs 'Problem faced as a result of environment')
16:49:26 02_merge INFO   VERSIONS s7cq14: {'s7cq14': ['EICV5_CS', 'EICV5_VUP'], 's7cq14_v2': ['EICV4_CS', 'EICV4_VUP']} | EICV5_CS vs EICV4_CS: variable label differs ('Any faced problems' vs 'Land used for consolidation activity') / EICV5_VUP vs EICV4_CS: variable label differs ('Any faced problems' vs 'Land used for consolidation activity')
16:49:26 02_merge INFO   VERSIONS s7cq15: {'s7cq15': ['EICV5_CS', 'EICV5_VUP'], 's7cq15_v2': ['EICV4_CS', 'EICV4_VUP']} | EICV5_CS vs EICV4_CS: variable label differs ('Major problem' vs 'Have planted new crops due to regionaliz') / EICV5_VUP vs EICV4_CS: variable label differs ('Major problem' vs 'Have planted new crops due to regionaliz')
16:49:26 02_merge INFO   VERSIONS s7cq17: {'s7cq17': ['EICV5_CS', 'EICV5_VUP'], 's7cq17_v2': ['EICV4_CS', 'EICV4_VUP']} | EICV5_CS vs EICV4_CS: variable label differs ('New crops plantend in this parcel' vs 'Crop removed') / EICV5_VUP vs EICV4_CS: variable label differs ('New crops plantend in this parcel' vs 'Crop removed')
16:49:26 02_merge INFO   VERSIONS s7cq5: {'s7cq5': ['EICV5_CS', 'EICV5_VUP'], 's7cq5_v2': ['EICV4_CS', 'EICV4_VUP']} | EICV5_CS vs EICV4_CS: variable label differs ('How the land was acquired' vs 'How land was obtained/cultivating arrang') / EICV5_VUP vs EICV4_CS: variable label differs ('How the land was acquired' vs 'How land was obtained/cultivating arrang')
16:49:26 02_merge INFO   VERSIONS s7cq6: {'s7cq6': ['EICV5_CS', 'EICV5_VUP'], 's7cq6_v2': ['EICV4_CS', 'EICV4_VUP']} | EICV5_CS vs EICV4_CS: variable label differs ('land title for this plot from national l' vs 'Have right to sell/use land as guarantee') / EICV5_VUP vs EICV4_CS: variable label differs ('land title for this plot from national l' vs 'Have right to sell/use land as guarantee')
16:49:26 02_merge INFO   VERSIONS s7cq7: {'s7cq7': ['EICV5_CS', 'EICV5_VUP'], 's7cq7_v2': ['EICV4_CS', 'EICV4_VUP']} | EICV5_CS vs EICV4_CS: variable label differs ('current value of this plot' vs 'Cost of renting over 12 months') / EICV5_VUP vs EICV4_CS: variable label differs ('current value of this plot' vs 'Cost of renting over 12 months')
16:49:26 02_merge INFO   VERSIONS s7cq8: {'s7cq8': ['EICV5_CS', 'EICV5_VUP'], 's7cq8_v2': ['EICV4_CS', 'EICV4_VUP']} | EICV5_CS vs EICV4_CS: variable label differs ('Right to sell or use land as collateral' vs 'Field has been cultivated in last 12 mon') / EICV5_VUP vs EICV4_CS: variable label differs ('Right to sell or use land as collateral' vs 'Field has been cultivated in last 12 mon')
16:49:26 02_merge INFO   VERSIONS s7cq9: {'s7cq9': ['EICV5_CS', 'EICV5_VUP'], 's7cq9_v2': ['EICV4_CS', 'EICV4_VUP']} | EICV5_CS vs EICV4_CS: variable label differs ('Cost of renting' vs 'Irrigated in the last 12 growing season') / EICV5_VUP vs EICV4_CS: variable label differs ('Cost of renting' vs 'Irrigated in the last 12 growing season')
16:49:26 02_merge INFO   VERSIONS s8cq1: {'s8cq1': ['EICV3'], 's8cq1_v2': ['EICV1']} | EICV3 vs EICV1: variable label differs ('PID of plot owner' vs 'ID Number of Operator/Holder')
16:49:26 02_merge INFO   VERSIONS s8cq10: {'s8cq10': ['EICV3'], 's8cq10_v2': ['EICV2'], 's8cq10_v3': ['EICV1']} | EICV2 vs EICV1: variable label differs ('Decision maker regarding item planted' vs 'What was the cost (include in kind) of r') / EICV3 vs EICV1: variable label differs ('Irrigation use' vs 'What was the cost (include in kind) of r')
16:49:26 02_merge INFO   VERSIONS s8cq11: {'s8cq11': ['EICV3'], 's8cq11_v2': ['EICV1']} | EICV3 vs EICV1: variable label differs ('Erosion protection' vs 'What proportion (%) of crop goes to the ')
16:49:26 02_merge INFO   VERSIONS s8cq12: {'s8cq12': ['EICV3'], 's8cq12_v2': ['EICV1']} | EICV3 vs EICV1: variable label differs ('Main kind of erosion protection' vs 'Has the parcel been cultivated during th')
16:49:26 02_merge INFO   VERSIONS s8cq13a: {'s8cq13a': ['EICV3'], 's8cq13a_v2': ['EICV1']} | EICV3 vs EICV1: variable label differs ('First season crops (First crop)' vs 'Hh mem #1 who worked the parcel, excludi')
16:49:26 02_merge INFO   VERSIONS s8cq13b: {'s8cq13b': ['EICV3'], 's8cq13b_v2': ['EICV1']} | EICV3 vs EICV1: variable label differs ('First season crops (Second crop)' vs 'Hh mem #2 who worked the parcel, excludi')
16:49:26 02_merge INFO   VERSIONS s8cq13c: {'s8cq13c': ['EICV3'], 's8cq13c_v2': ['EICV1']} | EICV3 vs EICV1: variable label differs ('Second season crops (First crop)' vs 'Hh mem #3 who worked the parcel, excludi')
16:49:26 02_merge INFO   VERSIONS s8cq14: {'s8cq14': ['EICV3'], 's8cq14_v2': ['EICV1']} | EICV3 vs EICV1: variable label differs ('Any new crops crops planted' vs 'Who decided what crops to grow?')
16:49:26 02_merge INFO   VERSIONS s8cq2: {'s8cq2': ['EICV3'], 's8cq2_v2': ['EICV2'], 's8cq2_v3': ['EICV1']} | EICV2 vs EICV1: variable label differs ('ID of person interviewed' vs 'ID Number of interviewee') / EICV3 vs EICV1: variable label differs ('PID of respondent' vs 'ID Number of interviewee')
16:49:26 02_merge INFO   VERSIONS s8cq3: {'s8cq3': ['EICV2'], 's8cq3_v2': ['EICV1']} | EICV2 vs EICV1: variable label differs ('ID of field' vs 'Parcel Number')
16:49:26 02_merge INFO   VERSIONS s8cq4: {'s8cq4': ['EICV2', 'EICV3'], 's8cq4_v2': ['EICV1']} | EICV2 vs EICV1: variable label differs ('Surface' vs 'Area (hectares)') / EICV3 vs EICV1: variable label differs ('Surface area' vs 'Area (hectares)')
16:49:26 02_merge INFO   VERSIONS s8cq5: {'s8cq5': ['EICV3'], 's8cq5_v2': ['EICV2'], 's8cq5_v3': ['EICV1']} | EICV2 vs EICV1: variable label differs ('How acquired or field exploited' vs 'Is this parcel irrigated?') / EICV3 vs EICV1: variable label differs ('How the land was acquired' vs 'Is this parcel irrigated?')
16:49:26 02_merge INFO   VERSIONS s8cq6: {'s8cq6': ['EICV3'], 's8cq6_v2': ['EICV2'], 's8cq6_v3': ['EICV1']} | EICV2 vs EICV1: variable label differs ('Right to sell or mortgage' vs 'Does household own this parcel?') / EICV3 vs EICV1: variable label differs ('Right to sell or use land as collateral' vs 'Does household own this parcel?')
16:49:26 02_merge INFO   VERSIONS s8cq7: {'s8cq7': ['EICV3'], 's8cq7_v2': ['EICV2'], 's8cq7_v3': ['EICV1']} | EICV2 vs EICV1: variable label differs ('Cost of rental' vs 'Does household have the right to sell or') / EICV3 vs EICV1: variable label differs ('Cost of renting' vs 'Does household have the right to sell or')
16:49:26 02_merge INFO   VERSIONS s8cq8: {'s8cq8': ['EICV2', 'EICV3'], 's8cq8_v2': ['EICV1']} | EICV2 vs EICV1: variable label differs ('Field cultivated in the last twelve mont' vs 'If this parcel sold now, how much would ') / EICV3 vs EICV1: variable label differs ('Field has been cultivated in the last 12' vs 'If this parcel sold now, how much would ')
16:49:26 02_merge INFO   VERSIONS s8cq9: {'s8cq9': ['EICV3'], 's8cq9_v2': ['EICV1']} | EICV3 vs EICV1: variable label differs ('Affected by land consolidation' vs 'How did you obtain use of the parcel?')
16:49:26 02_merge INFO   2 variables with codes observed outside their own value labels (stale labels)
16:49:27 02_merge INFO PASS  EICV_pooled_parcels.dta: pooled rows == sum of wave rows
16:49:27 02_merge INFO PASS  EICV_pooled_parcels.dta: EICV1 sum wt preserved
16:49:27 02_merge INFO PASS  EICV_pooled_parcels.dta: EICV2 sum wt preserved
16:49:27 02_merge INFO PASS  EICV_pooled_parcels.dta: EICV3 sum wt preserved
16:49:27 02_merge INFO PASS  EICV_pooled_parcels.dta: EICV4_CS sum wt preserved
16:49:27 02_merge INFO PASS  EICV_pooled_parcels.dta: EICV4_VUP sum wt preserved
16:49:27 02_merge INFO PASS  EICV_pooled_parcels.dta: EICV5_CS sum wt preserved
16:49:27 02_merge INFO PASS  EICV_pooled_parcels.dta: EICV5_VUP sum wt preserved
16:49:29 02_merge INFO wrote EICV_pooled_parcels.dta  (207,503 rows x 123 vars, 54.9 MB)
16:49:29 02_merge INFO ---------------- EICV_pooled_savings.dta (['EICV1', 'EICV2', 'EICV3', 'EICV4_CS', 'EICV4_VUP', 'EICV5_CS', 'EICV5_VUP', 'EICV7_CS', 'EICV7_VUP'])
16:49:29 02_merge INFO   loaded EICV1      EICV_EICV1_s12_saving_clean.dta                             6,733 rows x   25
16:49:29 02_merge INFO   loaded EICV2      EICV_EICV2_s11c_savings_clean.dta                           4,333 rows x   25
16:49:29 02_merge INFO   loaded EICV3      EICV_EICV3_s11c_savings_clean.dta                          14,461 rows x   23
16:49:29 02_merge INFO   loaded EICV4_CS   EICV_EICV4_CS_s10c_savings_clean.dta                       24,413 rows x   30
16:49:29 02_merge INFO   loaded EICV4_VUP  EICV_EICV4_VUP_s10c_savings_clean.dta                       4,759 rows x   26
16:49:29 02_merge INFO   loaded EICV5_CS   EICV_EICV5_CS_s10c1_savings_clean.dta                      38,142 rows x   21
16:49:29 02_merge INFO   loaded EICV5_VUP  EICV_EICV5_VUP_s10c1_savings_clean.dta                      6,099 rows x   21
16:49:29 02_merge INFO   loaded EICV7_CS   EICV_EICV7_CS_s10c_savings_clean.dta                       43,810 rows x   24
16:49:29 02_merge INFO   loaded EICV7_VUP  EICV_EICV7_VUP_s10c_savings_clean.dta                      10,777 rows x   25
16:49:29 02_merge INFO   VERSIONS poverty: {'poverty': ['EICV5_CS', 'EICV7_CS', 'EICV7_VUP'], 'poverty_v2': ['EICV3', 'EICV4_CS']} | EICV5_CS vs EICV3: variable label differs ('Welfare categories' vs 'Poverty status') / EICV7_CS vs EICV3: variable label differs ('Welfare Categories' vs 'Poverty status')
16:49:29 02_merge INFO   VERSIONS quintile: {'quintile': ['EICV3', 'EICV4_CS', 'EICV5_CS'], 'quintile_v2': ['EICV7_CS', 'EICV7_VUP']} | EICV7_CS vs EICV3: variable label differs ('Quintiles of real consumption per ae' vs 'Quintile') / EICV7_VUP vs EICV3: variable label differs ('Quintiles of real consumption per ae' vs 'Quintile')
16:49:29 02_merge INFO   VERSIONS s10cq4: {'s10cq4': ['EICV4_CS', 'EICV4_VUP', 'EICV5_CS'], 's10cq4_v2': ['EICV7_CS', 'EICV7_VUP']} | EICV7_CS vs EICV4_CS: variable label differs ('Does ... have account (bank account/momo' vs 'Have a savings account') / EICV7_VUP vs EICV4_CS: variable label differs ('Does ... have account (bank account/momo' vs 'Have a savings account')
16:49:29 02_merge INFO   VERSIONS s10cq5: {'s10cq5': ['EICV4_CS', 'EICV4_VUP', 'EICV5_CS'], 's10cq5_v2': ['EICV7_CS', 'EICV7_VUP']} | EICV7_CS vs EICV4_CS: variable label differs ('What institution does ... bank with?' vs 'Institution saved with') / EICV7_VUP vs EICV4_CS: variable label differs ('What institution does ... bank with?' vs 'Institution saved with')
16:49:29 02_merge INFO   VERSIONS s10cq6: {'s10cq6': ['EICV4_CS', 'EICV4_VUP', 'EICV5_CS'], 's10cq6_v2': ['EICV7_CS', 'EICV7_VUP']} | EICV7_CS vs EICV4_CS: variable label differs ('Which type of account does ... own?' vs 'Amount currently on the savings account') / EICV7_VUP vs EICV4_CS: variable label differs ('Which type of account does ... own?' vs 'Amount currently on the savings account')
16:49:29 02_merge INFO   VERSIONS s10cq7: {'s10cq7': ['EICV7_CS', 'EICV7_VUP'], 's10cq7_v2': ['EICV4_CS', 'EICV4_VUP'], 's10cq7_v3': ['EICV5_CS']} | EICV5_CS vs EICV4_CS: variable label differs ('Amount deposited in last 12 months' vs 'Amount deposited each month') / EICV7_CS vs EICV4_CS: variable label differs ('Does the account generate interest?' vs 'Amount deposited each month')
16:49:29 02_merge INFO   VERSIONS s11cq10: {'s11cq10': ['EICV3'], 's11cq10_v2': ['EICV2']} | EICV3 vs EICV2: variable label differs ('Total recieved in last 12 months' vs 'Amount of contributions in the last 12 m')
16:49:29 02_merge INFO   VERSIONS s11cq4: {'s11cq4': ['EICV3'], 's11cq4_v2': ['EICV2']} | EICV3 vs EICV2: variable label differs ('Saves in an established institution' vs 'Savings account')
16:49:29 02_merge INFO   VERSIONS s11cq5: {'s11cq5': ['EICV3'], 's11cq5_v2': ['EICV2']} | EICV3 vs EICV2: variable label differs ('Institution saved with' vs 'Amount of savings')
16:49:29 02_merge INFO   VERSIONS s11cq6: {'s11cq6': ['EICV3'], 's11cq6_v2': ['EICV2']} | EICV3 vs EICV2: variable label differs ('Amount currently on the savings account' vs 'Amount of deposits in the last 12 months')
16:49:29 02_merge INFO   VERSIONS s11cq8: {'s11cq8': ['EICV3'], 's11cq8_v2': ['EICV2']} | EICV3 vs EICV2: variable label differs ('Amount  withdrawn in last 12 months' vs 'Belong to a tontine (community savings)')
16:49:29 02_merge INFO   VERSIONS s11cq9: {'s11cq9': ['EICV3'], 's11cq9_v2': ['EICV2']} | EICV3 vs EICV2: variable label differs ('Participation in tontine' vs 'Amount received in the last 12 months')
16:49:30 02_merge INFO   1 variables with codes observed outside their own value labels (stale labels)
16:49:31 02_merge INFO PASS  EICV_pooled_savings.dta: pooled rows == sum of wave rows
16:49:31 02_merge INFO PASS  EICV_pooled_savings.dta: EICV1 sum wt preserved
16:49:31 02_merge INFO PASS  EICV_pooled_savings.dta: EICV2 sum wt preserved
16:49:31 02_merge INFO PASS  EICV_pooled_savings.dta: EICV3 sum wt preserved
16:49:31 02_merge INFO PASS  EICV_pooled_savings.dta: EICV4_CS sum wt preserved
16:49:31 02_merge INFO PASS  EICV_pooled_savings.dta: EICV4_VUP sum wt preserved
16:49:31 02_merge INFO PASS  EICV_pooled_savings.dta: EICV5_CS sum wt preserved
16:49:31 02_merge INFO PASS  EICV_pooled_savings.dta: EICV5_VUP sum wt preserved
16:49:31 02_merge INFO PASS  EICV_pooled_savings.dta: EICV7_CS sum wt preserved
16:49:31 02_merge INFO PASS  EICV_pooled_savings.dta: EICV7_VUP sum wt preserved
16:49:31 02_merge INFO   EICV_pooled_savings.dta: 119 exact duplicate rows dropped (duplicates drop, all variables): {'EICV5_VUP': 76, 'EICV1': 36, 'EICV2': 7}
16:49:31 02_merge INFO wrote EICV_pooled_savings.dta  (153,408 rows x 87 vars, 33.1 MB)
16:49:31 02_merge INFO ---------------- EICV_pooled_services.dta (['EICV2', 'EICV3', 'EICV4_CS', 'EICV4_VUP', 'EICV5_CS', 'EICV5_VUP', 'EICV7_CS', 'EICV7_VUP'])
16:49:32 02_merge INFO   loaded EICV2      EICV_EICV2_s5e_services_clean.dta                          62,100 rows x   23
16:49:32 02_merge INFO   loaded EICV3      EICV_EICV3_s05e_services_clean.dta                        200,312 rows x   21
16:49:33 02_merge INFO   loaded EICV4_CS   EICV_EICV4_CS_s5e_access_to_services_clean.dta            216,285 rows x   29
16:49:33 02_merge INFO   loaded EICV4_VUP  EICV_EICV4_VUP_s5e_access_to_services_clean.dta            36,900 rows x   31
16:49:34 02_merge INFO   loaded EICV5_CS   EICV_EICV5_CS_s5f_access_to_services_clean.dta            218,700 rows x   24
16:49:34 02_merge INFO   loaded EICV5_VUP  EICV_EICV5_VUP_s5f_access_to_services_clean.dta            24,660 rows x   25
16:49:35 02_merge INFO   loaded EICV7_CS   EICV_EICV7_CS_s5f_access_to_services_clean.dta            225,810 rows x   27
16:49:36 02_merge INFO   loaded EICV7_VUP  EICV_EICV7_VUP_s5f_access_to_services_clean.dta            56,565 rows x   28
16:49:36 02_merge INFO   VERSIONS poverty: {'poverty': ['EICV5_CS', 'EICV7_CS', 'EICV7_VUP'], 'poverty_v2': ['EICV3', 'EICV4_CS', 'EICV4_VUP']} | EICV5_CS vs EICV3: variable label differs ('Welfare categories' vs 'Poverty status') / EICV7_CS vs EICV3: variable label differs ('Welfare Categories' vs 'Poverty status')
16:49:36 02_merge INFO   VERSIONS quintile: {'quintile': ['EICV3', 'EICV4_CS', 'EICV4_VUP', 'EICV5_CS'], 'quintile_v2': ['EICV7_CS', 'EICV7_VUP']} | EICV7_CS vs EICV3: variable label differs ('Quintiles of real consumption per ae' vs 'Quintile') / EICV7_VUP vs EICV3: variable label differs ('Quintiles of real consumption per ae' vs 'Quintile')
16:49:36 02_merge INFO   VERSIONS s5eq1: {'s5eq1': ['EICV4_CS', 'EICV4_VUP'], 's5eq1_v2': ['EICV3']} | EICV4_CS vs EICV3: value labels differ -- 5: 'Not aware of service' vs "Don't know" / EICV4_VUP vs EICV3: value labels differ -- 5: 'Not aware of service' vs "Don't know"
16:49:36 02_merge INFO   VERSIONS s5eq2: {'s5eq2': ['EICV4_CS', 'EICV4_VUP'], 's5eq2_v2': ['EICV3'], 's5eq2_v3': ['EICV2']} | EICV3 vs EICV2: variable label differs ('Main reason of litle or not used' vs 'Household uses service') / EICV4_CS vs EICV2: variable label differs ('Main reason for little or no use' vs 'Household uses service')
16:49:36 02_merge INFO   VERSIONS s5eq4: {'s5eq4': ['EICV4_CS', 'EICV4_VUP'], 's5eq4_v2': ['EICV3'], 's5eq4_v3': ['EICV2']} | EICV3 vs EICV2: variable label differs ('Mode of transport to access service' vs 'Satisfied with service') / EICV4_CS vs EICV2: variable label differs ('Distance to the nearest service' vs 'Satisfied with service')
16:49:36 02_merge INFO   VERSIONS s5eq5: {'s5eq5': ['EICV4_CS', 'EICV4_VUP'], 's5eq5_v2': ['EICV3'], 's5eq5_v3': ['EICV2']} | EICV3 vs EICV2: variable label differs ('Service quality satisfaction' vs 'Service development during the last 12 m') / EICV4_CS vs EICV2: variable label differs ('Mode of transport to access service' vs 'Service development during the last 12 m')
16:49:36 02_merge INFO   VERSIONS s5eq6: {'s5eq6': ['EICV4_CS', 'EICV4_VUP'], 's5eq6_v2': ['EICV3']} | EICV4_CS vs EICV3: variable label differs ('Satisfied with service quality' vs 'Service quality in last 12 months') / EICV4_VUP vs EICV3: variable label differs ('Satisfied with service quality' vs 'Service quality in last 12 months')
16:49:36 02_merge INFO   VERSIONS s5fq0: {'s5fq0': ['EICV7_CS', 'EICV7_VUP'], 's5fq0_v2': ['EICV5_CS', 'EICV5_VUP']} | EICV7_CS vs EICV5_CS: value labels differ -- 11: 'Health post' vs 'Sector office'; 12: 'Sector office' vs 'Cellule office'; 13: 'Cellule office' vs 'Internet services' / EICV7_VUP vs EICV5_CS: value labels differ -- 11: 'Health post' vs 'Sector office'; 12: 'Sector office' vs 'Cellule office'; 13: 'Cellule office' vs 'Internet services'
16:49:38 02_merge INFO   5 variables with codes observed outside their own value labels (stale labels)
16:49:38 02_merge INFO type conflict quintile: numeric in some waves, numeric-looking text in others -> numeric
16:49:38 02_merge WARNING type conflict s5eq0d: numeric in some waves, free text in others -> kept as text
16:49:42 02_merge INFO PASS  EICV_pooled_services.dta: pooled rows == sum of wave rows
16:49:42 02_merge INFO PASS  EICV_pooled_services.dta: EICV2 sum wt preserved
16:49:42 02_merge INFO PASS  EICV_pooled_services.dta: EICV3 sum wt preserved
16:49:42 02_merge INFO PASS  EICV_pooled_services.dta: EICV4_CS sum wt preserved
16:49:42 02_merge INFO PASS  EICV_pooled_services.dta: EICV4_VUP sum wt preserved
16:49:42 02_merge INFO PASS  EICV_pooled_services.dta: EICV5_CS sum wt preserved
16:49:42 02_merge INFO PASS  EICV_pooled_services.dta: EICV5_VUP sum wt preserved
16:49:42 02_merge INFO PASS  EICV_pooled_services.dta: EICV7_CS sum wt preserved
16:49:42 02_merge INFO PASS  EICV_pooled_services.dta: EICV7_VUP sum wt preserved
16:49:47 02_merge INFO wrote EICV_pooled_services.dta  (1,041,332 rows x 71 vars, 161.5 MB)
16:49:47 02_merge INFO ---------------- EICV_pooled_tontine.dta (['EICV5_CS', 'EICV5_VUP'])
16:49:47 02_merge INFO   loaded EICV5_CS   EICV_EICV5_CS_s10c2_tontine_clean.dta                      42,252 rows x   18
16:49:47 02_merge INFO   loaded EICV5_VUP  EICV_EICV5_VUP_s10c2_tontine_clean.dta                      4,577 rows x   19
16:49:48 02_merge INFO PASS  EICV_pooled_tontine.dta: pooled rows == sum of wave rows
16:49:48 02_merge INFO PASS  EICV_pooled_tontine.dta: EICV5_CS sum wt preserved
16:49:48 02_merge INFO PASS  EICV_pooled_tontine.dta: EICV5_VUP sum wt preserved
16:49:48 02_merge INFO   EICV_pooled_tontine.dta: 21716 exact duplicate rows dropped (duplicates drop, all variables): {'EICV5_CS': 21651, 'EICV5_VUP': 65}
16:49:48 02_merge INFO wrote EICV_pooled_tontine.dta  (25,113 rows x 26 vars, 2.0 MB)
16:49:48 02_merge INFO ---------------- EICV_pooled_transfers_in.dta (['EICV1', 'EICV2', 'EICV3', 'EICV4_CS', 'EICV4_VUP', 'EICV5_CS', 'EICV5_VUP', 'EICV7_CS', 'EICV7_VUP'])
16:49:48 02_merge INFO   loaded EICV1      EICV_EICV1_s11_tran_in_clean.dta                           11,692 rows x   26
16:49:48 02_merge INFO   loaded EICV2      EICV_EICV2_s10b_transfer_in_clean.dta                      16,494 rows x   26
16:49:48 02_merge INFO   loaded EICV3      EICV_EICV3_s10b_transfersin_clean.dta                      89,947 rows x   25
16:49:49 02_merge INFO   loaded EICV4_CS   EICV_EICV4_CS_s9b_transfers_in_clean.dta                   80,723 rows x   33
16:49:49 02_merge INFO   loaded EICV4_VUP  EICV_EICV4_VUP_s9b_transfers_in_clean.dta                  14,652 rows x   29
16:49:49 02_merge INFO   loaded EICV5_CS   EICV_EICV5_CS_s9b_transfers_in_clean.dta                   89,487 rows x   27
16:49:49 02_merge INFO   loaded EICV5_VUP  EICV_EICV5_VUP_s9b_transfers_in_clean.dta                  10,844 rows x   28
16:49:50 02_merge INFO   loaded EICV7_CS   EICV_EICV7_CS_s9b_transfers_in_clean.dta                   33,353 rows x   27
16:49:50 02_merge INFO   loaded EICV7_VUP  EICV_EICV7_VUP_s9b_transfers_in_clean.dta                   9,313 rows x   28
16:49:50 02_merge INFO   VERSIONS pov_jan: {'pov_jan': ['EICV7_VUP'], 'pov_jan_v2': ['EICV7_CS']} | EICV7_VUP vs EICV7_CS: variable label differs ('Total Poverty Headcount Ratio' vs 'Poverty Rate')
16:49:50 02_merge INFO   VERSIONS poverty: {'poverty': ['EICV5_CS', 'EICV7_CS', 'EICV7_VUP'], 'poverty_v2': ['EICV3', 'EICV4_CS']} | EICV5_CS vs EICV3: variable label differs ('Welfare categories' vs 'Poverty status') / EICV7_CS vs EICV3: variable label differs ('Welfare Categories' vs 'Poverty status')
16:49:50 02_merge INFO   VERSIONS quintile: {'quintile': ['EICV3', 'EICV4_CS', 'EICV5_CS'], 'quintile_v2': ['EICV7_VUP'], 'quintile_v3': ['EICV7_CS']} | EICV7_CS vs EICV3: variable label differs ('Quintiles of real consumption per ae' vs 'Quintile') / EICV7_VUP vs EICV3: variable label differs ('Quintiles of real consumption per ae' vs 'Quintile')
16:49:50 02_merge INFO   VERSIONS s10bq10: {'s10bq10': ['EICV3'], 's10bq10_v2': ['EICV2']} | EICV3 vs EICV2: variable label differs ('Total value of food products received fr' vs 'Amount in-kind received')
16:49:50 02_merge INFO   VERSIONS s10bq3: {'s10bq3': ['EICV3'], 's10bq3_v2': ['EICV2']} | EICV3 vs EICV2: value labels differ -- 3: 'Son or daughter of the HH' vs 'Children'; 4: 'Chikd in care of HH' vs 'Adopted child'; 5: 'Parent of the HH' vs 'Parents'
16:49:50 02_merge INFO   VERSIONS s10bq5: {'s10bq5': ['EICV3'], 's10bq5_v2': ['EICV2']} | EICV3 vs EICV2: variable label differs ('Location of sender' vs 'Resident of sender')
16:49:50 02_merge INFO   VERSIONS s10bq6a: {'s10bq6a': ['EICV3'], 's10bq6a_v2': ['EICV2']} | EICV3 vs EICV2: variable label differs ('Frequency of recieving' vs 'Frequency transfers are received')
16:49:50 02_merge INFO   VERSIONS s10bq6b: {'s10bq6b': ['EICV3'], 's10bq6b_v2': ['EICV2']} | EICV3 vs EICV2: value labels differ -- 4: 'Trimester' vs 'Annually'
16:49:50 02_merge INFO   VERSIONS s10bq7: {'s10bq7': ['EICV3'], 's10bq7_v2': ['EICV2']} | EICV3 vs EICV2: variable label differs ('Payments require reimbursement' vs 'Transfers to be reimbursed')
16:49:50 02_merge INFO   VERSIONS s10bq8: {'s10bq8': ['EICV3'], 's10bq8_v2': ['EICV2']} | EICV3 vs EICV2: variable label differs ('Total cash recieved from sender in last ' vs 'Amount received')
16:49:50 02_merge INFO   VERSIONS s10bq9: {'s10bq9': ['EICV3'], 's10bq9_v2': ['EICV2']} | EICV3 vs EICV2: variable label differs ('How cash was received' vs 'Amount in food items received')
16:49:50 02_merge INFO   VERSIONS s9bq0: {'s9bq0': ['EICV7_CS', 'EICV7_VUP'], 's9bq0_v2': ['EICV5_CS', 'EICV5_VUP']} | EICV7_CS vs EICV5_CS: variable label differs ('During the last 12 months, has this hous' vs 'Household received money or goods in kin') / EICV7_VUP vs EICV5_CS: variable label differs ('During the last 12 months, has this hous' vs 'Household received money or goods in kin')
16:49:50 02_merge INFO   VERSIONS s9bq10: {'s9bq10': ['EICV4_CS', 'EICV4_VUP', 'EICV5_CS', 'EICV5_VUP'], 's9bq10_v2': ['EICV7_CS', 'EICV7_VUP']} | EICV7_CS vs EICV4_CS: variable label differs ('Payments require remboursment' vs 'Value of food products received in last ') / EICV7_VUP vs EICV4_CS: variable label differs ('Payments require remboursment' vs 'Value of food products received in last ')
16:49:50 02_merge INFO   VERSIONS s9bq13: {'s9bq13': ['EICV5_CS', 'EICV5_VUP'], 's9bq13_v2': ['EICV4_CS', 'EICV4_VUP']} | EICV5_CS vs EICV4_CS: variable label differs ('Payments require remboursment' vs 'Payments will require reimbursement') / EICV5_VUP vs EICV4_CS: variable label differs ('Payments require remboursment' vs 'Payments will require reimbursement')
16:49:50 02_merge INFO   VERSIONS s9bq3: {'s9bq3': ['EICV4_CS', 'EICV4_VUP', 'EICV5_CS', 'EICV5_VUP'], 's9bq3_v2': ['EICV7_CS', 'EICV7_VUP']} | EICV7_CS vs EICV4_CS: variable label differs ('ID number of sender' vs 'Relation of sender with head of househol') / EICV7_VUP vs EICV4_CS: variable label differs ('ID number of sender' vs 'Relation of sender with head of househol')
16:49:50 02_merge INFO   VERSIONS s9bq4: {'s9bq4': ['EICV4_CS', 'EICV4_VUP', 'EICV5_CS', 'EICV5_VUP'], 's9bq4_v2': ['EICV7_CS', 'EICV7_VUP']} | EICV7_CS vs EICV4_CS: variable label differs ('Relation with head of household' vs 'Sex of sender') / EICV7_VUP vs EICV4_CS: variable label differs ('Relation with head of household' vs 'Sex of sender')
16:49:50 02_merge INFO   VERSIONS s9bq5: {'s9bq5': ['EICV7_CS', 'EICV7_VUP'], 's9bq5_v2': ['EICV5_CS', 'EICV5_VUP'], 's9bq5_v3': ['EICV4_CS', 'EICV4_VUP']} | EICV5_CS vs EICV4_CS: value labels differ -- 3: 'Big town' vs 'Other town'; 4: 'Other town' vs 'Other countryside'; 7: 'Other African countries' vs 'Out of Africa' / EICV5_VUP vs EICV4_CS: value labels differ -- 3: 'Big town' vs 'Other town'; 4: 'Other town' vs 'Other countryside'; 7: 'Other African countries' vs 'Out of Africa'
16:49:50 02_merge INFO   VERSIONS s9bq6: {'s9bq6': ['EICV4_CS', 'EICV4_VUP', 'EICV5_CS', 'EICV5_VUP'], 's9bq6_v2': ['EICV7_CS', 'EICV7_VUP']} | EICV7_CS vs EICV4_CS: variable label differs ('Location of sender' vs 'Sent any cash to the HH in last 12 month') / EICV7_VUP vs EICV4_CS: variable label differs ('Location of sender' vs 'Sent any cash to the HH in last 12 month')
16:49:50 02_merge INFO   VERSIONS s9bq7: {'s9bq7': ['EICV4_CS', 'EICV4_VUP', 'EICV5_CS', 'EICV5_VUP'], 's9bq7_v2': ['EICV7_CS', 'EICV7_VUP']} | EICV7_CS vs EICV4_CS: variable label differs ('Sent any cash to the HH' vs 'Total cash received by household in the ') / EICV7_VUP vs EICV4_CS: variable label differs ('Sent any cash to the HH' vs 'Total cash received by household in the ')
16:49:50 02_merge INFO   VERSIONS s9bq8: {'s9bq8': ['EICV4_CS', 'EICV4_VUP', 'EICV5_CS', 'EICV5_VUP'], 's9bq8_v2': ['EICV7_CS', 'EICV7_VUP']} | EICV7_CS vs EICV4_CS: variable label differs ('Total amount of cash received in the las' vs 'Main method for receiving money') / EICV7_VUP vs EICV4_CS: variable label differs ('Total amount of cash received in the las' vs 'Main method for receiving money')
16:49:50 02_merge INFO   VERSIONS s9bq9: {'s9bq9': ['EICV4_CS', 'EICV4_VUP', 'EICV5_CS', 'EICV5_VUP'], 's9bq9_v2': ['EICV7_CS', 'EICV7_VUP']} | EICV7_CS vs EICV4_CS: variable label differs ('Main method for receiving money' vs 'Sent food products to the HH') / EICV7_VUP vs EICV4_CS: variable label differs ('Main method for receiving money' vs 'Sent food products to the HH')
16:49:50 02_merge INFO   4 variables with codes observed outside their own value labels (stale labels)
16:49:52 02_merge INFO PASS  EICV_pooled_transfers_in.dta: pooled rows == sum of wave rows
16:49:52 02_merge INFO PASS  EICV_pooled_transfers_in.dta: EICV1 sum wt preserved
16:49:53 02_merge INFO PASS  EICV_pooled_transfers_in.dta: EICV2 sum wt preserved
16:49:53 02_merge INFO PASS  EICV_pooled_transfers_in.dta: EICV3 sum wt preserved
16:49:53 02_merge INFO PASS  EICV_pooled_transfers_in.dta: EICV4_CS sum wt preserved
16:49:53 02_merge INFO PASS  EICV_pooled_transfers_in.dta: EICV4_VUP sum wt preserved
16:49:53 02_merge INFO PASS  EICV_pooled_transfers_in.dta: EICV5_CS sum wt preserved
16:49:53 02_merge INFO PASS  EICV_pooled_transfers_in.dta: EICV5_VUP sum wt preserved
16:49:53 02_merge INFO PASS  EICV_pooled_transfers_in.dta: EICV7_CS sum wt preserved
16:49:53 02_merge INFO PASS  EICV_pooled_transfers_in.dta: EICV7_VUP sum wt preserved
16:49:53 02_merge INFO   EICV_pooled_transfers_in.dta: 12645 exact duplicate rows dropped (duplicates drop, all variables): {'EICV5_CS': 4134, 'EICV4_CS': 3609, 'EICV7_CS': 2670, 'EICV2': 1265, 'EICV4_VUP': 657, 'EICV1': 222, 'EICV7_VUP': 87, 'EICV5_VUP': 1}
16:49:54 02_merge INFO wrote EICV_pooled_transfers_in.dta  (343,860 rows x 97 vars, 76.1 MB)
16:49:54 02_merge INFO ---------------- EICV_pooled_transfers_out.dta (['EICV1', 'EICV2', 'EICV3', 'EICV4_CS', 'EICV4_VUP', 'EICV5_CS', 'EICV5_VUP', 'EICV7_CS', 'EICV7_VUP'])
16:49:54 02_merge INFO   loaded EICV1      EICV_EICV1_s11_tran_out_clean.dta                          12,788 rows x   26
16:49:55 02_merge INFO   loaded EICV2      EICV_EICV2_s10a_transfer_out_clean.dta                     19,197 rows x   26
16:49:55 02_merge INFO   loaded EICV3      EICV_EICV3_s10a_transfersout_clean.dta                     98,521 rows x   24
16:49:55 02_merge INFO   loaded EICV4_CS   EICV_EICV4_CS_s9a_transfers_out_clean.dta                  84,413 rows x   33
16:49:55 02_merge INFO   loaded EICV4_VUP  EICV_EICV4_VUP_s9a_transfers_out_clean.dta                 13,140 rows x   29
16:49:56 02_merge INFO   loaded EICV5_CS   EICV_EICV5_CS_s9a_transfers_out_clean.dta                  85,640 rows x   27
16:49:56 02_merge INFO   loaded EICV5_VUP  EICV_EICV5_VUP_s9a_transfers_out_clean.dta                  8,592 rows x   28
16:49:56 02_merge INFO   loaded EICV7_CS   EICV_EICV7_CS_s9a_transfers_out_clean.dta                  68,175 rows x   30
16:49:56 02_merge INFO   loaded EICV7_VUP  EICV_EICV7_VUP_s9a_transfers_out_clean.dta                 16,256 rows x   30
16:49:56 02_merge INFO   VERSIONS poverty: {'poverty': ['EICV5_CS', 'EICV7_CS', 'EICV7_VUP'], 'poverty_v2': ['EICV3', 'EICV4_CS']} | EICV5_CS vs EICV3: variable label differs ('Welfare categories' vs 'Poverty status') / EICV7_CS vs EICV3: variable label differs ('Welfare Categories' vs 'Poverty status')
16:49:56 02_merge INFO   VERSIONS quintile: {'quintile': ['EICV3', 'EICV4_CS', 'EICV5_CS'], 'quintile_v2': ['EICV7_CS', 'EICV7_VUP']} | EICV7_CS vs EICV3: variable label differs ('Quintiles of real consumption per ae' vs 'Quintile') / EICV7_VUP vs EICV3: variable label differs ('Quintiles of real consumption per ae' vs 'Quintile')
16:49:56 02_merge INFO   VERSIONS s10aq10: {'s10aq10': ['EICV3'], 's10aq10_v2': ['EICV2']} | EICV3 vs EICV2: variable label differs ('Value of non-food transfers in last 12 m' vs 'Amount in-kind sent')
16:49:56 02_merge INFO   VERSIONS s10aq3: {'s10aq3': ['EICV3'], 's10aq3_v2': ['EICV2']} | EICV3 vs EICV2: value labels differ -- 3: 'Son or daughter of the HH' vs 'Children'; 4: 'Chikd in care of HH' vs 'Adopted child'; 5: 'Parent of the HH' vs 'Parents'
16:49:56 02_merge INFO   VERSIONS s10aq5: {'s10aq5': ['EICV3'], 's10aq5_v2': ['EICV2']} | EICV3 vs EICV2: variable label differs ('Location of the beneficiary' vs 'Residence of the beneficiary')
16:49:56 02_merge INFO   VERSIONS s10aq6a: {'s10aq6a': ['EICV3'], 's10aq6a_v2': ['EICV2']} | EICV3 vs EICV2: variable label differs ('Frequency of payments' vs 'Frequency the transfers are sent')
16:49:56 02_merge INFO   VERSIONS s10aq6b: {'s10aq6b': ['EICV3'], 's10aq6b_v2': ['EICV2']} | EICV3 vs EICV2: value labels differ -- 4: 'Trimester' vs 'Annually'
16:49:56 02_merge INFO   VERSIONS s10aq8: {'s10aq8': ['EICV3'], 's10aq8_v2': ['EICV2']} | EICV3 vs EICV2: variable label differs ('Total cash transfered in last 12 months' vs 'Amount sent')
16:49:56 02_merge INFO   VERSIONS s10aq9: {'s10aq9': ['EICV3'], 's10aq9_v2': ['EICV2']} | EICV3 vs EICV2: variable label differs ('Value of food transfered in last 12 mont' vs 'Amount in food transfers sent')
16:49:56 02_merge INFO   VERSIONS s9aq0: {'s9aq0': ['EICV7_CS', 'EICV7_VUP'], 's9aq0_v2': ['EICV5_CS', 'EICV5_VUP']} | EICV7_CS vs EICV5_CS: variable label differs ('During the last 12 months, has this hous' vs 'Household sent money or goods in king to') / EICV7_VUP vs EICV5_CS: variable label differs ('During the last 12 months, has this hous' vs 'Household sent money or goods in king to')
16:49:56 02_merge INFO   VERSIONS s9aq11: {'s9aq11': ['EICV5_CS', 'EICV5_VUP', 'EICV7_CS', 'EICV7_VUP'], 's9aq11_v2': ['EICV4_CS', 'EICV4_VUP']} | EICV5_CS vs EICV4_CS: variable label differs ('Sent other in-kind transfers' vs 'HH sent other in-kind transfers to recip') / EICV5_VUP vs EICV4_CS: variable label differs ('Sent other in-kind transfers' vs 'HH sent other in-kind transfers to recip')
16:49:57 02_merge INFO   VERSIONS s9aq2: {'s9aq2': ['EICV4_CS', 'EICV4_VUP', 'EICV5_VUP'], 's9aq2_v2': ['EICV7_CS', 'EICV7_VUP'], 's9aq2_v3': ['EICV5_CS']} | EICV5_CS vs EICV4_VUP: EICV5_CS is unlabelled and its values reach 15, beyond the labelled codes (0-9) / EICV7_CS vs EICV4_VUP: EICV7_CS is unlabelled and its values reach 97, beyond the labelled codes (0-9)
16:49:57 02_merge INFO   VERSIONS s9aq3: {'s9aq3': ['EICV4_CS', 'EICV4_VUP', 'EICV5_CS', 'EICV5_VUP'], 's9aq3_v2': ['EICV7_CS', 'EICV7_VUP']} | EICV7_CS vs EICV4_CS: value labels differ -- 3: 'Daughter/son of HH' vs 'Son or daughter of the household'; 8: 'Parent in law' vs 'Other relative of the household'; 9: 'Brother/Sister in law' vs 'Non relative Rwandese' / EICV7_VUP vs EICV4_CS: value labels differ -- 3: 'Daughter/son of HH' vs 'Son or daughter of the household'; 8: 'Parent in law' vs 'Other relative of the household'; 9: 'Brother/Sister in law' vs 'Non relative Rwandese'
16:49:57 02_merge INFO   VERSIONS s9aq4: {'s9aq4': ['EICV5_CS', 'EICV5_VUP', 'EICV7_CS', 'EICV7_VUP'], 's9aq4_v2': ['EICV4_CS', 'EICV4_VUP']} | EICV5_CS vs EICV4_CS: variable label differs ('Sex' vs 'Sex of recipient of transfer') / EICV5_VUP vs EICV4_CS: variable label differs ('Sex' vs 'Sex of recipient of transfer')
16:49:57 02_merge INFO   VERSIONS s9aq5: {'s9aq5': ['EICV7_CS', 'EICV7_VUP'], 's9aq5_v2': ['EICV5_CS', 'EICV5_VUP'], 's9aq5_v3': ['EICV4_CS', 'EICV4_VUP']} | EICV5_CS vs EICV4_CS: variable label differs ('Location of the beneficiary' vs 'Location of the recipient of transfer') / EICV5_VUP vs EICV4_CS: variable label differs ('Location of the beneficiary' vs 'Location of the recipient of transfer')
16:49:57 02_merge INFO   VERSIONS s9aq6: {'s9aq6': ['EICV4_CS', 'EICV4_VUP', 'EICV7_CS', 'EICV7_VUP'], 's9aq6_v2': ['EICV5_CS', 'EICV5_VUP']} | EICV5_CS vs EICV4_CS: variable label differs ('Sent any cash' vs 'HH sent any cash to recipient in last 12') / EICV5_VUP vs EICV4_CS: variable label differs ('Sent any cash' vs 'HH sent any cash to recipient in last 12')
16:49:57 02_merge INFO   VERSIONS s9aq9: {'s9aq9': ['EICV5_CS', 'EICV5_VUP', 'EICV7_CS', 'EICV7_VUP'], 's9aq9_v2': ['EICV4_CS', 'EICV4_VUP']} | EICV5_CS vs EICV4_CS: variable label differs ('Sent food products' vs 'HH sent food products to recipient in la') / EICV5_VUP vs EICV4_CS: variable label differs ('Sent food products' vs 'HH sent food products to recipient in la')
16:49:57 02_merge INFO   3 variables with codes observed outside their own value labels (stale labels)
16:49:59 02_merge INFO PASS  EICV_pooled_transfers_out.dta: pooled rows == sum of wave rows
16:49:59 02_merge INFO PASS  EICV_pooled_transfers_out.dta: EICV1 sum wt preserved
16:49:59 02_merge INFO PASS  EICV_pooled_transfers_out.dta: EICV2 sum wt preserved
16:49:59 02_merge INFO PASS  EICV_pooled_transfers_out.dta: EICV3 sum wt preserved
16:49:59 02_merge INFO PASS  EICV_pooled_transfers_out.dta: EICV4_CS sum wt preserved
16:49:59 02_merge INFO PASS  EICV_pooled_transfers_out.dta: EICV4_VUP sum wt preserved
16:49:59 02_merge INFO PASS  EICV_pooled_transfers_out.dta: EICV5_CS sum wt preserved
16:49:59 02_merge INFO PASS  EICV_pooled_transfers_out.dta: EICV5_VUP sum wt preserved
16:49:59 02_merge INFO PASS  EICV_pooled_transfers_out.dta: EICV7_CS sum wt preserved
16:49:59 02_merge INFO PASS  EICV_pooled_transfers_out.dta: EICV7_VUP sum wt preserved
16:50:00 02_merge INFO   EICV_pooled_transfers_out.dta: 15256 exact duplicate rows dropped (duplicates drop, all variables): {'EICV5_CS': 5662, 'EICV4_CS': 4617, 'EICV2': 2409, 'EICV7_CS': 1292, 'EICV4_VUP': 775, 'EICV1': 348, 'EICV7_VUP': 150, 'EICV5_VUP': 3}
16:50:01 02_merge INFO wrote EICV_pooled_transfers_out.dta  (391,466 rows x 91 vars, 83.1 MB)
16:50:01 02_merge INFO wrote EICV3_4_panel_link.dta  (8,310 rows x 38 vars, 1.6 MB)
16:50:02 02_merge INFO wrote EICV5_vup_panel_link.dta  (5,171 rows x 41 vars, 1.1 MB)
16:50:03 02_merge INFO all hard checks passed (0 soft warnings)
16:50:03 02_merge INFO 02_merge done
16:50:05 03_checks INFO ==== 03_checks | run 20260905-163704 | python 3.13.5 | pandas 2.2.3 | pyreadstat 1.3.4
16:50:25 03_checks INFO 
# EICV checks report

Generated by 03_checks.py.

## A. Python pooled person file vs old Stata outputs (3 Jul 2026; EICV1/2 were not processed then)

| section | statistic | Python | reference | result |
|---|---|---:|---:|---|
| A | exact duplicate rows dropped before saving the pooled files (Matteo's rule; all files; informational) | 59,913 |  | n/a |
| A | EICV3 person rows | 68,398 | 68,398 | PASS |
| A | EICV3 sum wt (persons) | 10,762,085 | 10,762,085 | PASS |
| A | EICV3 households | 14,308 | 14,308 | PASS |
| A | EICV3 male | 32,490 | 32,490 | PASS |
| A | EICV3 female | 35,908 | 35,908 | PASS |
| A | EICV4_CS person rows | 66,081 | 66,081 | PASS |
| A | EICV4_CS sum wt (persons) | 11,432,047 | 11,432,047 | PASS |
| A | EICV4_CS households | 14,419 | 14,419 | PASS |
| A | EICV4_CS male | 31,544 | 31,544 | PASS |
| A | EICV4_CS female | 34,537 | 34,537 | PASS |
| A | EICV5_CS person rows | 64,314 | 64,314 | PASS |
| A | EICV5_CS sum wt (persons) | 11,893,443 | 11,893,443 | PASS |
| A | EICV5_CS households | 14,580 | 14,580 | PASS |
| A | EICV5_CS male | 30,778 | 30,778 | PASS |
| A | EICV5_CS female | 33,536 | 33,536 | PASS |
| A | EICV7_CS person rows | 62,110 | 62,110 | PASS |
| A | EICV7_CS sum wt (persons) | 13,549,457 | 13,549,457 | PASS |
| A | EICV7_CS households | 15,054 | 15,054 | PASS |
| A | EICV7_CS male | 29,675 | 29,675 | PASS |
| A | EICV7_CS female | 32,435 | 32,435 | PASS |

## B. Stata 17 recomputation from the written .dta files

| section | statistic | Python | Stata | result |
|---|---|---:|---:|---|
| B | EICV1 person rows | 32,153 | 32,153 | PASS |
| B | EICV1 sum wt | 7,979,930 | 7,979,930 | PASS |
| B | EICV1 male | 14,928 | 14,928 | PASS |
| B | EICV1 female | 17,225 | 17,225 | PASS |
| B | EICV1 households (person file) | 6,420 | 6,420 | PASS |
| B | EICV2 person rows | 34,785 | 34,785 | PASS |
| B | EICV2 sum wt | 9,491,397 | 9,491,397 | PASS |
| B | EICV2 male | 16,528 | 16,528 | PASS |
| B | EICV2 female | 18,257 | 18,257 | PASS |
| B | EICV2 households (person file) | 6,900 | 6,900 | PASS |
| B | EICV3 person rows | 68,398 | 68,398 | PASS |
| B | EICV3 sum wt | 10,762,085 | 10,762,085 | PASS |
| B | EICV3 male | 32,490 | 32,490 | PASS |
| B | EICV3 female | 35,908 | 35,908 | PASS |
| B | EICV3 households (person file) | 14,308 | 14,308 | PASS |
| B | EICV4_CS person rows | 66,081 | 66,081 | PASS |
| B | EICV4_CS sum wt | 11,432,047 | 11,432,047 | PASS |
| B | EICV4_CS male | 31,544 | 31,544 | PASS |
| B | EICV4_CS female | 34,537 | 34,537 | PASS |
| B | EICV4_CS households (person file) | 14,419 | 14,419 | PASS |
| B | EICV5_CS person rows | 64,314 | 64,314 | PASS |
| B | EICV5_CS sum wt | 11,893,443 | 11,893,443 | PASS |
| B | EICV5_CS male | 30,778 | 30,778 | PASS |
| B | EICV5_CS female | 33,536 | 33,536 | PASS |
| B | EICV5_CS households (person file) | 14,580 | 14,580 | PASS |
| B | EICV7_CS person rows | 62,110 | 62,110 | PASS |
| B | EICV7_CS sum wt | 13,549,457 | 13,549,457 | PASS |
| B | EICV7_CS male | 29,675 | 29,675 | PASS |
| B | EICV7_CS female | 32,435 | 32,435 | PASS |
| B | EICV7_CS households (person file) | 15,054 | 15,054 | PASS |
| B | EICV1 households (household file) | 6,420 | 6,420 | PASS |
| B | EICV1 sum hhsize | 32,153 | 32,153 | PASS |
| B | EICV1 sum household weight | 1,610,147 | 1,610,147 | PASS |
| B | EICV2 households (household file) | 6,900 | 6,900 | PASS |
| B | EICV2 sum hhsize | 34,785 | 34,785 | PASS |
| B | EICV2 sum household weight | 1,892,069 | 1,892,069 | PASS |
| B | EICV3 households (household file) | 14,308 | 14,308 | PASS |
| B | EICV3 sum hhsize | 68,398 | 68,398 | PASS |
| B | EICV3 sum household weight | 2,252,844 | 2,252,844 | PASS |
| B | EICV4_CS households (household file) | 14,419 | 14,419 | PASS |
| B | EICV4_CS sum hhsize | 66,081 | 66,081 | PASS |
| B | EICV4_CS sum household weight | 2,493,044 | 2,493,044 | PASS |
| B | EICV5_CS households (household file) | 14,580 | 14,580 | PASS |
| B | EICV5_CS sum hhsize | 64,314 | 64,314 | PASS |
| B | EICV5_CS sum household weight | 2,708,212 | 2,708,212 | PASS |
| B | EICV7_CS households (household file) | 15,054 | 15,054 | PASS |
| B | EICV7_CS sum hhsize | 62,110 | 62,110 | PASS |
| B | EICV7_CS sum household weight | 3,289,819 | 3,289,819 | PASS |

## C. Weighted poverty headcount (%) vs NISR published rates

| section | statistic | Python | published | result |
|---|---|---:|---:|---|
| C | EICV1 households interviewed (documentation) | 6,420 | 6,450 | PASS |
| C | EICV2 households interviewed (documentation) | 6,900 | 6,900 | PASS |
| C | EICV4_CS households interviewed (documentation) | 14,419 | 14,419 | PASS |
| C | EICV5_CS households interviewed (documentation) | 14,580 | 14,580 | PASS |
| C | EICV7_CS households interviewed (documentation) | 15,054 | 15,054 | PASS |
| C | EICV7_CS person rows (DDI: 62,110) | 62,110 | 62,110 | PASS |
| C | EICV3 canonical poverty flag poverty (column poverty_v2) coded 0/100 only (distinct values found: 2) | 1 | 1 | PASS |
| C | EICV3 poverty headcount (poverty_v2, pop_wt-weighted) | 46.04 | 46.00 | PASS |
| C | EICV4_CS canonical poverty flag pov (column pov) coded 0/100 only (distinct values found: 2) | 1 | 1 | PASS |
| C | EICV4_CS poverty headcount (pov, pop_wt-weighted) | 39.12 | 39.10 | PASS |
| C | EICV5_CS canonical poverty flag pov_jan (column pov_jan) coded 0/100 only (distinct values found: 2) | 1 | 1 | PASS |
| C | EICV5_CS poverty headcount (pov_jan, pop_wt-weighted) | 38.22 | 38.20 | PASS |
| C | EICV7_CS canonical poverty flag pov_jan (column pov_jan) coded 0/100 only (distinct values found: 2) | 1 | 1 | PASS |
| C | EICV7_CS poverty headcount (pov_jan, pop_wt-weighted) | 27.37 | 27.40 | PASS |

## D. Household / person consistency, manifest, weights, joins

| section | statistic | Python | reference | result |
|---|---|---:|---:|---|
| D | EICV1 sum hhsize == person rows | 32,153 | 32,153 | PASS |
| D | EICV1 households == distinct hhid in person file | 6,420 | 6,420 | PASS |
| D | EICV1 household rows unique | 6,420 | 6,420 | PASS |
| D | EICV2 sum hhsize == person rows | 34,785 | 34,785 | PASS |
| D | EICV2 households == distinct hhid in person file | 6,900 | 6,900 | PASS |
| D | EICV2 household rows unique | 6,900 | 6,900 | PASS |
| D | EICV3 sum hhsize == person rows | 68,398 | 68,398 | PASS |
| D | EICV3 households == distinct hhid in person file | 14,308 | 14,308 | PASS |
| D | EICV3 household rows unique | 14,308 | 14,308 | PASS |
| D | EICV3 pop_wt / wt == hhsize - domestic workers (% of households) | 100 | 100 | PASS |
| D | EICV4_CS sum hhsize == person rows | 66,081 | 66,081 | PASS |
| D | EICV4_CS households == distinct hhid in person file | 14,419 | 14,419 | PASS |
| D | EICV4_CS household rows unique | 14,419 | 14,419 | PASS |
| D | EICV4_CS pop_wt / wt == hhsize - domestic workers (% of households) | 100 | 100 | PASS |
| D | EICV5_CS sum hhsize == person rows | 64,314 | 64,314 | PASS |
| D | EICV5_CS households == distinct hhid in person file | 14,580 | 14,580 | PASS |
| D | EICV5_CS household rows unique | 14,580 | 14,580 | PASS |
| D | EICV5_CS pop_wt / wt == hhsize - domestic workers (% of households) | 100 | 100 | PASS |
| D | EICV7_CS sum hhsize == person rows | 62,110 | 62,110 | PASS |
| D | EICV7_CS households == distinct hhid in person file | 15,054 | 15,054 | PASS |
| D | EICV7_CS household rows unique | 15,054 | 15,054 | PASS |
| D | EICV7_CS pop_wt / wt == hhsize (% of households) | 100 | 100 | PASS |
| D | EICV1 person and household files present in 2_Intermediate (manifest) | 2 | 2 | PASS |
| D | EICV2 person and household files present in 2_Intermediate (manifest) | 2 | 2 | PASS |
| D | EICV3 person and household files present in 2_Intermediate (manifest) | 2 | 2 | PASS |
| D | EICV4_CS person and household files present in 2_Intermediate (manifest) | 2 | 2 | PASS |
| D | EICV4_VUP person and household files present in 2_Intermediate (manifest) | 2 | 2 | PASS |
| D | EICV5_CS person and household files present in 2_Intermediate (manifest) | 2 | 2 | PASS |
| D | EICV5_VUP person and household files present in 2_Intermediate (manifest) | 2 | 2 | PASS |
| D | EICV7_CS person and household files present in 2_Intermediate (manifest) | 2 | 2 | PASS |
| D | EICV7_VUP person and household files present in 2_Intermediate (manifest) | 2 | 2 | PASS |
| D | VUP person pool holds EICV4_VUP, EICV5_VUP and EICV7_VUP (waves found) | 3 | 3 | PASS |
| D | VUP household pool holds EICV4_VUP, EICV5_VUP and EICV7_VUP (waves found) | 3 | 3 | PASS |
| D | VUP household pool: EICV4_VUP households (report: 2,460 sampled) | 2,460 | 2,460 | PASS |
| D | EICV1 nested poverty file joined at household level (match rate) | 100 | 100 | PASS |
| D | EICV1 values filled into base columns by agreeing module copies (join coalescing; informational) | 9,956 |  | n/a |
| D | EICV1 colliding columns kept with a suffix because they disagree (informational) | 31 |  | n/a |
| D | EICV1 NISR native survey/year fields preserved as *_nisr (informational) | 3 |  | n/a |
| D | EICV2 mainjob_short joined at person level (household-key match rate) | 100 | 100 | PASS |
| D | EICV2 nested poverty file joined at household level (match rate) | 100 | 100 | PASS |
| D | EICV2 values filled into base columns by agreeing module copies (join coalescing; informational) | 65,839 |  | n/a |
| D | EICV2 colliding columns kept with a suffix because they disagree (informational) | 8 |  | n/a |
| D | EICV2 NISR native survey/year fields preserved as *_nisr (informational) | 3 |  | n/a |
| D | EICV3 values filled into base columns by agreeing module copies (join coalescing; informational) | 0 |  | n/a |
| D | EICV3 colliding columns kept with a suffix because they disagree (informational) | 2 |  | n/a |
| D | EICV3 NISR native survey/year fields preserved as *_nisr (informational) | 5 |  | n/a |
| D | EICV3_4_Panel values filled into base columns by agreeing module copies (join coalescing; informational) | 0 |  | n/a |
| D | EICV3_4_Panel colliding columns kept with a suffix because they disagree (informational) | 0 |  | n/a |
| D | EICV3_4_Panel NISR native survey/year fields preserved as *_nisr (informational) | 0 |  | n/a |
| D | EICV4_CS values filled into base columns by agreeing module copies (join coalescing; informational) | 0 |  | n/a |
| D | EICV4_CS colliding columns kept with a suffix because they disagree (informational) | 37 |  | n/a |
| D | EICV4_CS NISR native survey/year fields preserved as *_nisr (informational) | 0 |  | n/a |
| D | EICV4_VUP values filled into base columns by agreeing module copies (join coalescing; informational) | 0 |  | n/a |
| D | EICV4_VUP colliding columns kept with a suffix because they disagree (informational) | 0 |  | n/a |
| D | EICV4_VUP NISR native survey/year fields preserved as *_nisr (informational) | 4 |  | n/a |
| D | EICV5_CS values filled into base columns by agreeing module copies (join coalescing; informational) | 0 |  | n/a |
| D | EICV5_CS colliding columns kept with a suffix because they disagree (informational) | 8 |  | n/a |
| D | EICV5_CS NISR native survey/year fields preserved as *_nisr (informational) | 0 |  | n/a |
| D | EICV5_VUP values filled into base columns by agreeing module copies (join coalescing; informational) | 7,790 |  | n/a |
| D | EICV5_VUP colliding columns kept with a suffix because they disagree (informational) | 2 |  | n/a |
| D | EICV5_VUP NISR native survey/year fields preserved as *_nisr (informational) | 4 |  | n/a |
| D | EICV7_CS values filled into base columns by agreeing module copies (join coalescing; informational) | 0 |  | n/a |
| D | EICV7_CS colliding columns kept with a suffix because they disagree (informational) | 11 |  | n/a |
| D | EICV7_CS NISR native survey/year fields preserved as *_nisr (informational) | 0 |  | n/a |
| D | EICV7_VUP values filled into base columns by agreeing module copies (join coalescing; informational) | 3,477 |  | n/a |
| D | EICV7_VUP colliding columns kept with a suffix because they disagree (informational) | 0 |  | n/a |
| D | EICV7_VUP NISR native survey/year fields preserved as *_nisr (informational) | 4 |  | n/a |

## E. Cross-wave coding compatibility within pooled columns

| section | statistic | Python | reference | result |
|---|---|---:|---:|---|
| E | pooled columns (all 31 pooled files) holding waves with incompatible value-label texts for the same code (must be 0) | 0 | 0 | PASS |
| E | variables split into versions because of value labels or unlabelled ranges (informational) | 70 |  | n/a |
| E | variables with codes observed outside their own wave's value labels -- stale labels (informational) | 129 |  | n/a |
| E | forced splits (FORCE_SPLIT entries) / forced alignments | 31022 |  | n/a |

**All checks passed.**
16:50:25 03_checks INFO 03_checks done
16:50:27 04_codebook INFO ==== 04_codebook | run 20260905-163704 | python 3.13.5 | pandas 2.2.3 | pyreadstat 1.3.4
16:57:24 04_codebook INFO wrote /Users/matteo/Library/CloudStorage/Dropbox/1-Ongoing Projects/Rwanda - TRS/data/Publicly-Available-NISR/Household-Living-Conditions-EICV/CODEBOOK_EICV.xlsx (2 final-dataset sheets, 31 module files in one sheet, 28727 value-label rows)
16:57:24 04_codebook INFO README.txt updated (/Users/matteo/Library/CloudStorage/Dropbox/1-Ongoing Projects/Rwanda - TRS/data/Publicly-Available-NISR/Household-Living-Conditions-EICV/README.txt)
