23:48:24 01_clean INFO ==== 01_clean | run 20260904-234822 | python 3.13.5 | pandas 2.2.3 | pyreadstat 1.3.4
23:48:24 01_clean INFO ================ EICV1 ================
23:48:24 01_clean INFO read EICV1_comm_sect1.sav                               -> comm_sect1                                         439 rows x   18 vars
23:48:24 01_clean INFO read EICV1_comm_sect2.sav                               -> comm_sect2                                         439 rows x   26 vars
23:48:24 01_clean INFO read EICV1_comm_sect3.sav                               -> comm_sect3                                         439 rows x   10 vars
23:48:24 01_clean INFO read EICV1_comm_sect4.sav                               -> comm_sect4                                         439 rows x   11 vars
23:48:24 01_clean INFO read EICV1_comm_sect5a.sav                              -> comm_sect5a                                      3,166 rows x    9 vars
23:48:24 01_clean INFO read EICV1_comm_sect5b.sav                              -> comm_sect5b                                        439 rows x   10 vars
23:48:24 01_clean INFO read EICV1_comm_sect6.sav                               -> comm_sect6                                       4,390 rows x    9 vars
23:48:24 01_clean INFO read EICV1_s0_id.sav                                    -> s0_id                                            6,420 rows x   16 vars
23:48:24 01_clean INFO read EICV1_s10_enter_1.sav                              -> s10_enter_1                                      6,560 rows x   25 vars
23:48:24 01_clean INFO read EICV1_s10_enter_10.sav                             -> s10_enter_10                                     3,369 rows x   18 vars
23:48:24 01_clean INFO read EICV1_s10_enter_11.sav                             -> s10_enter_11                                     3,351 rows x   18 vars
23:48:24 01_clean INFO read EICV1_s10_enter_12.sav                             -> s10_enter_12                                     1,244 rows x   20 vars
23:48:24 01_clean INFO read EICV1_s10_enter_2.sav                              -> s10_enter_2                                      1,265 rows x   20 vars
23:48:24 01_clean INFO read EICV1_s10_enter_3.sav                              -> s10_enter_3                                     15,736 rows x   19 vars
23:48:24 01_clean INFO read EICV1_s10_enter_4.sav                              -> s10_enter_4                                      2,705 rows x   20 vars
23:48:24 01_clean INFO read EICV1_s10_enter_5.sav                              -> s10_enter_5                                        341 rows x   20 vars
23:48:24 01_clean INFO read EICV1_s10_enter_6.sav                              -> s10_enter_6                                     10,107 rows x   20 vars
23:48:24 01_clean INFO read EICV1_s10_enter_7.sav                              -> s10_enter_7                                      2,053 rows x   21 vars
23:48:24 01_clean INFO read EICV1_s10_enter_8.sav                              -> s10_enter_8                                        232 rows x   21 vars
23:48:24 01_clean INFO read EICV1_s10_enter_9.sav                              -> s10_enter_9                                      3,650 rows x   18 vars
23:48:24 01_clean INFO read EICV1_s11_misc_in.sav                              -> s11_misc_in                                    102,720 rows x    6 vars
23:48:24 01_clean INFO read EICV1_s11_misc_out.sav                             -> s11_misc_out                                    70,619 rows x    6 vars
23:48:24 01_clean INFO read EICV1_s11_tran_in.sav                              -> s11_tran_in                                     11,692 rows x   15 vars
23:48:24 01_clean INFO read EICV1_s11_tran_out.sav                             -> s11_tran_out                                    12,788 rows x   15 vars
23:48:24 01_clean INFO read EICV1_s12_credit.sav                               -> s12_credit                                       7,178 rows x   16 vars
23:48:24 01_clean INFO read EICV1_s12_durables.sav                             -> s12_durables                                   147,637 rows x   15 vars
23:48:24 01_clean INFO read EICV1_s12_saving.sav                               -> s12_saving                                       6,733 rows x   14 vars
23:48:24 01_clean INFO read EICV1_s1_demographics.sav                          -> s1_demographics                                 32,153 rows x   26 vars
23:48:24 01_clean INFO read EICV1_s2_education.sav                             -> s2_education                                    25,143 rows x   62 vars
23:48:25 01_clean INFO read EICV1_s3_health.sav                                -> s3_health                                       32,153 rows x  114 vars
23:48:25 01_clean INFO read EICV1_s4_occupation.sav                            -> s4_occupation                                   32,153 rows x  161 vars
23:48:25 01_clean INFO read EICV1_s5_migration.sav                             -> s5_migration                                    32,153 rows x   26 vars
23:48:25 01_clean INFO read EICV1_s6_housing.sav                               -> s6_housing                                       6,420 rows x   80 vars
23:48:25 01_clean INFO read EICV1_s8_agriculture.sav                           -> s8_agriculture                                   6,420 rows x   38 vars
23:48:25 01_clean INFO read EICV1_s8_farm_assets.sav                           -> s8_farm_assets                                 101,757 rows x   15 vars
23:48:25 01_clean INFO read EICV1_s8_farm_expense.sav                          -> s8_farm_expense                                 77,556 rows x   11 vars
23:48:25 01_clean INFO read EICV1_s8_farm_land.sav                             -> s8_farm_land                                     6,420 rows x   28 vars
23:48:25 01_clean INFO read EICV1_s8_farm_largescale1.sav                      -> s8_farm_largescale1                             18,534 rows x   15 vars
23:48:25 01_clean INFO read EICV1_s8_farm_largescale2.sav                      -> s8_farm_largescale2                             18,395 rows x   17 vars
23:48:25 01_clean INFO read EICV1_s8_farm_plot_details.sav                     -> s8_farm_plot_details                            17,071 rows x   21 vars
23:48:25 01_clean INFO read EICV1_s8_farm_plot_prod.sav                        -> s8_farm_plot_prod                               16,195 rows x   17 vars
23:48:25 01_clean INFO read EICV1_s8_farm_processing.sav                       -> s8_farm_processing                              14,389 rows x   23 vars
23:48:25 01_clean INFO read EICV1_s8_farm_seasonality.sav                      -> s8_farm_seasonality                             98,857 rows x   48 vars
23:48:25 01_clean INFO read EICV1_s8_farm_smallscale1.sav                      -> s8_farm_smallscale1                             35,262 rows x   14 vars
23:48:25 01_clean INFO read EICV1_s8_farm_smallscale2.sav                      -> s8_farm_smallscale2                             35,107 rows x   11 vars
23:48:25 01_clean INFO read EICV1_s8_forestry.sav                              -> s8_forestry                                      6,420 rows x   10 vars
23:48:25 01_clean INFO read EICV1_s8_livestock.sav                             -> s8_livestock                                    31,907 rows x   20 vars
23:48:25 01_clean INFO read EICV1_s8_livestock_expense.sav                     -> s8_livestock_expense                            43,692 rows x   15 vars
23:48:25 01_clean INFO read EICV1_s8_livestock_products.sav                    -> s8_livestock_products                           29,128 rows x    7 vars
23:48:25 01_clean INFO read EICV1_s8_other_revenue.sav                         -> s8_other_revenue                                 9,080 rows x    8 vars
23:48:26 01_clean INFO read EICV1_s8_own_cons.sav                              -> s8_own_cons                                    468,313 rows x   25 vars
23:48:26 01_clean INFO read EICV1_s9_expen_avail.sav                           -> s9_expen_avail                                  96,300 rows x    7 vars
23:48:29 01_clean INFO read EICV1_s9_expen_food.sav                            -> s9_expen_food                                  879,539 rows x   39 vars
23:48:29 01_clean INFO read EICV1_s9_expen_nonfood_1.sav                       -> s9_expen_nonfood_1                             365,940 rows x   12 vars
23:48:30 01_clean INFO read EICV1_s9_expen_nonfood_2.sav                       -> s9_expen_nonfood_2                             166,920 rows x   27 vars
23:48:30 01_clean INFO read EICV1_s9_expen_nonfood_3.sav                       -> s9_expen_nonfood_3                             224,700 rows x   39 vars
23:48:30 01_clean INFO read EICV1_s9_expen_other.sav                           -> s9_expen_other                                  96,300 rows x    7 vars
23:48:30 01_clean INFO read eicv1_remap_weights.sav                            -> eicv1_remap_weights                              6,420 rows x   11 vars
23:48:30 01_clean INFO read EICV2_eicv1_econbase.sav                           -> eicv1_econbase                                  32,153 rows x  100 vars
23:48:30 01_clean INFO read EICV2_eicv1_jobstatus_subsistence1.sav             -> eicv1_jobstatus_subsistence1                    14,499 rows x   29 vars
23:48:30 01_clean INFO    joined s0_id                                         100.00% of base rows matched, 13 columns added, identical copies dropped: ['strate', 'prefect']
23:48:30 01_clean INFO    joined eicv1_remap_weights                           100.00% of base rows matched, 8 columns added, identical copies dropped: ['year', 'month']
23:48:30 01_clean INFO PASS  EICV1: hhid unique in household base (6,420 households)
23:48:30 01_clean INFO PASS  EICV1: prov complete in household key table
23:48:30 01_clean INFO PASS  EICV1: dist complete in household key table
23:48:30 01_clean INFO PASS  EICV1: urban complete in household key table
23:48:30 01_clean INFO PASS  EICV1: cluster complete in household key table
23:48:30 01_clean INFO PASS  EICV1: wt complete in household key table
23:48:30 01_clean INFO PASS  EICV1: province codes 1-5
23:48:30 01_clean INFO PASS  EICV1: 30 districts on the 11-57 scheme
23:48:30 01_clean INFO PASS  EICV1: household weight > 0
23:48:30 01_clean INFO wrote EICV_EICV1_comm_sect1_clean.dta  (439 rows x 28 vars, 0.0 MB)
23:48:30 01_clean INFO wrote EICV_EICV1_comm_sect2_clean.dta  (439 rows x 36 vars, 0.1 MB)
23:48:30 01_clean INFO wrote EICV_EICV1_comm_sect3_clean.dta  (439 rows x 20 vars, 0.0 MB)
23:48:31 01_clean INFO wrote EICV_EICV1_comm_sect4_clean.dta  (439 rows x 21 vars, 0.0 MB)
23:48:31 01_clean INFO wrote EICV_EICV1_comm_sect5a_clean.dta  (3,166 rows x 19 vars, 0.2 MB)
23:48:31 01_clean INFO wrote EICV_EICV1_comm_sect5b_clean.dta  (439 rows x 20 vars, 0.0 MB)
23:48:31 01_clean INFO wrote EICV_EICV1_comm_sect6_clean.dta  (4,390 rows x 19 vars, 0.2 MB)
23:48:31 01_clean INFO wrote EICV_EICV1_s0_id_clean.dta  (6,420 rows x 25 vars, 0.5 MB)
23:48:31 01_clean INFO wrote EICV_EICV1_s10_enter_1_clean.dta  (6,560 rows x 35 vars, 0.5 MB)
23:48:31 01_clean INFO wrote EICV_EICV1_s10_enter_10_clean.dta  (3,369 rows x 28 vars, 0.3 MB)
23:48:31 01_clean INFO wrote EICV_EICV1_s10_enter_11_clean.dta  (3,351 rows x 28 vars, 0.3 MB)
23:48:31 01_clean INFO wrote EICV_EICV1_s10_enter_12_clean.dta  (1,244 rows x 30 vars, 0.1 MB)
23:48:31 01_clean INFO wrote EICV_EICV1_s10_enter_2_clean.dta  (1,265 rows x 30 vars, 0.1 MB)
23:48:31 01_clean INFO wrote EICV_EICV1_s10_enter_3_clean.dta  (15,736 rows x 29 vars, 1.4 MB)
23:48:31 01_clean INFO wrote EICV_EICV1_s10_enter_4_clean.dta  (2,705 rows x 30 vars, 0.3 MB)
23:48:31 01_clean INFO wrote EICV_EICV1_s10_enter_5_clean.dta  (341 rows x 30 vars, 0.1 MB)
23:48:31 01_clean INFO wrote EICV_EICV1_s10_enter_6_clean.dta  (10,107 rows x 30 vars, 0.9 MB)
23:48:31 01_clean INFO wrote EICV_EICV1_s10_enter_7_clean.dta  (2,053 rows x 31 vars, 0.2 MB)
23:48:31 01_clean INFO wrote EICV_EICV1_s10_enter_8_clean.dta  (232 rows x 31 vars, 0.0 MB)
23:48:31 01_clean INFO wrote EICV_EICV1_s10_enter_9_clean.dta  (3,650 rows x 28 vars, 0.3 MB)
23:48:31 01_clean INFO wrote EICV_EICV1_s11_misc_in_clean.dta  (102,720 rows x 16 vars, 6.4 MB)
23:48:32 01_clean INFO wrote EICV_EICV1_s11_misc_out_clean.dta  (70,619 rows x 16 vars, 4.4 MB)
23:48:32 01_clean INFO wrote EICV_EICV1_s11_tran_in_clean.dta  (11,692 rows x 25 vars, 0.9 MB)
23:48:32 01_clean INFO wrote EICV_EICV1_s11_tran_out_clean.dta  (12,788 rows x 25 vars, 1.0 MB)
23:48:32 01_clean INFO wrote EICV_EICV1_s12_credit_clean.dta  (7,178 rows x 26 vars, 0.6 MB)
23:48:32 01_clean INFO wrote EICV_EICV1_s12_durables_clean.dta  (147,637 rows x 25 vars, 12.7 MB)
23:48:32 01_clean INFO wrote EICV_EICV1_s12_saving_clean.dta  (6,733 rows x 24 vars, 0.6 MB)
23:48:33 01_clean INFO wrote EICV_EICV1_s1_demographics_clean.dta  (32,153 rows x 36 vars, 2.5 MB)
23:48:33 01_clean INFO wrote EICV_EICV1_s2_education_clean.dta  (25,143 rows x 72 vars, 3.6 MB)
23:48:33 01_clean INFO wrote EICV_EICV1_s3_health_clean.dta  (32,153 rows x 124 vars, 5.9 MB)
23:48:34 01_clean INFO wrote EICV_EICV1_s4_occupation_clean.dta  (32,153 rows x 171 vars, 9.0 MB)
23:48:34 01_clean INFO wrote EICV_EICV1_s5_migration_clean.dta  (32,153 rows x 36 vars, 2.8 MB)
23:48:34 01_clean INFO wrote EICV_EICV1_s6_housing_clean.dta  (6,420 rows x 88 vars, 1.3 MB)
23:48:34 01_clean INFO wrote EICV_EICV1_s8_agriculture_clean.dta  (6,420 rows x 48 vars, 0.7 MB)
23:48:35 01_clean INFO wrote EICV_EICV1_s8_farm_assets_clean.dta  (101,757 rows x 25 vars, 8.0 MB)
23:48:35 01_clean INFO wrote EICV_EICV1_s8_farm_expense_clean.dta  (77,556 rows x 21 vars, 5.2 MB)
23:48:35 01_clean INFO destring s8bq23a (129 values)
23:48:35 01_clean INFO wrote EICV_EICV1_s8_farm_land_clean.dta  (6,420 rows x 38 vars, 0.9 MB)
23:48:35 01_clean INFO wrote EICV_EICV1_s8_farm_largescale1_clean.dta  (18,534 rows x 25 vars, 1.4 MB)
23:48:35 01_clean INFO wrote EICV_EICV1_s8_farm_largescale2_clean.dta  (18,395 rows x 27 vars, 1.5 MB)
23:48:35 01_clean INFO wrote EICV_EICV1_s8_farm_plot_details_clean.dta  (17,071 rows x 31 vars, 1.5 MB)
23:48:35 01_clean INFO wrote EICV_EICV1_s8_farm_plot_prod_clean.dta  (16,195 rows x 27 vars, 1.2 MB)
23:48:35 01_clean INFO wrote EICV_EICV1_s8_farm_processing_clean.dta  (14,389 rows x 33 vars, 1.2 MB)
23:48:36 01_clean INFO wrote EICV_EICV1_s8_farm_seasonality_clean.dta  (98,857 rows x 58 vars, 10.2 MB)
23:48:36 01_clean INFO wrote EICV_EICV1_s8_farm_smallscale1_clean.dta  (35,262 rows x 24 vars, 2.6 MB)
23:48:36 01_clean INFO wrote EICV_EICV1_s8_farm_smallscale2_clean.dta  (35,107 rows x 21 vars, 2.4 MB)
23:48:36 01_clean INFO destring s8gq2alf (592 values)
23:48:36 01_clean INFO wrote EICV_EICV1_s8_forestry_clean.dta  (6,420 rows x 20 vars, 0.5 MB)
23:48:37 01_clean INFO wrote EICV_EICV1_s8_livestock_clean.dta  (31,907 rows x 30 vars, 2.8 MB)
23:48:37 01_clean INFO wrote EICV_EICV1_s8_livestock_expense_clean.dta  (43,692 rows x 25 vars, 3.3 MB)
23:48:37 01_clean INFO wrote EICV_EICV1_s8_livestock_products_clean.dta  (29,128 rows x 17 vars, 1.8 MB)
23:48:37 01_clean INFO wrote EICV_EICV1_s8_other_revenue_clean.dta  (9,080 rows x 18 vars, 0.6 MB)
23:48:39 01_clean INFO wrote EICV_EICV1_s8_own_cons_clean.dta  (468,313 rows x 35 vars, 41.2 MB)
23:48:40 01_clean INFO wrote EICV_EICV1_s9_expen_avail_clean.dta  (96,300 rows x 17 vars, 5.8 MB)
23:48:45 01_clean INFO wrote EICV_EICV1_s9_expen_food_clean.dta  (879,539 rows x 47 vars, 112.6 MB)
23:48:46 01_clean INFO wrote EICV_EICV1_s9_expen_nonfood_1_clean.dta  (365,940 rows x 22 vars, 24.9 MB)
23:48:47 01_clean INFO wrote EICV_EICV1_s9_expen_nonfood_2_clean.dta  (166,920 rows x 35 vars, 15.9 MB)
23:48:48 01_clean INFO wrote EICV_EICV1_s9_expen_nonfood_3_clean.dta  (224,700 rows x 47 vars, 32.4 MB)
23:48:49 01_clean INFO wrote EICV_EICV1_s9_expen_other_clean.dta  (96,300 rows x 17 vars, 5.8 MB)
23:48:49 01_clean INFO wrote EICV_EICV1_eicv1_remap_weights_clean.dta  (6,420 rows x 16 vars, 0.4 MB)
23:48:49 01_clean INFO wrote EICV_EICV1_eicv1_econbase_clean.dta  (32,153 rows x 106 vars, 6.3 MB)
23:48:49 01_clean INFO wrote EICV_EICV1_eicv1_jobstatus_subsistence1_clean.dta  (14,499 rows x 36 vars, 1.4 MB)
23:48:49 01_clean INFO module levels: {'comm_sect1': 'other', 'comm_sect2': 'other', 'comm_sect3': 'other', 'comm_sect4': 'other', 'comm_sect5a': 'other', 'comm_sect5b': 'other', 'comm_sect6': 'other', 's0_id': 'household', 's10_enter_1': 'multi', 's10_enter_10': 'household', 's10_enter_11': 'household', 's10_enter_12': 'multi', 's10_enter_2': 'multi', 's10_enter_3': 'multi', 's10_enter_4': 'multi', 's10_enter_5': 'multi', 's10_enter_6': 'multi', 's10_enter_7': 'multi', 's10_enter_8': 'multi', 's10_enter_9': 'household', 's11_misc_in': 'multi', 's11_misc_out': 'multi', 's11_tran_in': 'multi', 's11_tran_out': 'multi', 's12_credit': 'multi', 's12_durables': 'multi', 's12_saving': 'multi', 's1_demographics': 'person', 's2_education': 'person', 's3_health': 'person', 's4_occupation': 'person', 's5_migration': 'person', 's6_housing': 'household', 's8_agriculture': 'household', 's8_farm_assets': 'multi', 's8_farm_expense': 'multi', 's8_farm_land': 'household', 's8_farm_largescale1': 'multi', 's8_farm_largescale2': 'multi', 's8_farm_plot_details': 'multi', 's8_farm_plot_prod': 'multi', 's8_farm_processing': 'multi', 's8_farm_seasonality': 'multi', 's8_farm_smallscale1': 'multi', 's8_farm_smallscale2': 'multi', 's8_forestry': 'household', 's8_livestock': 'multi', 's8_livestock_expense': 'multi', 's8_livestock_products': 'multi', 's8_other_revenue': 'multi', 's8_own_cons': 'multi', 's9_expen_avail': 'multi', 's9_expen_food': 'multi', 's9_expen_nonfood_1': 'multi', 's9_expen_nonfood_2': 'multi', 's9_expen_nonfood_3': 'multi', 's9_expen_other': 'multi', 'eicv1_remap_weights': 'household', 'eicv1_econbase': 'person', 'eicv1_jobstatus_subsistence1': 'person'}
23:48:49 01_clean INFO    joined s2_education                                   78.20% of base rows matched, 58 columns added, identical copies dropped: ['strate', 'prefect']
23:48:49 01_clean INFO    joined s3_health                                     100.00% of base rows matched, 110 columns added, identical copies dropped: ['strate', 'prefect']
23:48:49 01_clean INFO    joined s4_occupation                                 100.00% of base rows matched, 157 columns added, identical copies dropped: ['strate', 'prefect']
23:48:49 01_clean INFO    joined s5_migration                                  100.00% of base rows matched, 22 columns added, identical copies dropped: ['strate', 'prefect']
23:48:50 01_clean INFO    joined eicv1_econbase                                100.00% of base rows matched, 46 columns added, identical copies dropped: ['s1q1', 's1q2', 's1q3a', 's1q3b', 's1q4', 's1q5', 's1q6', 's1q7']
23:48:50 01_clean INFO    joined eicv1_jobstatus_subsistence1                   45.09% of base rows matched, 9 columns added, identical copies dropped: ['id1', 'id2', 'hh_wt', 'hhsize', 'eqad', 'id_strate', 'e2_prov', 'pov'], differing copies kept as _eicv1_jobstatus_subsistence1: ['subsistence', 'secsubs', 'mainisic', 'secisic', 'occupation', 'secocc']
23:48:50 01_clean INFO PASS  EICV1: (hhid, pid) unique in the person file
23:48:50 01_clean INFO PASS  EICV1: wt present and > 0 on every person row
23:48:50 01_clean INFO PASS  EICV1: sex in {1,2}
23:48:50 01_clean INFO EICV1 person file: 32,153 rows x 438 vars; weighted persons = 7,979,930
23:48:51 01_clean INFO wrote EICV_EICV1_person_clean.dta  (32,153 rows x 438 vars, 21.2 MB)
23:48:51 01_clean INFO    joined s10_enter_10                                   52.48% of base rows matched, 17 columns added, differing copies kept as _s10_enter_10: ['strate', 'prefect']
23:48:51 01_clean INFO    joined s10_enter_11                                   52.20% of base rows matched, 17 columns added, differing copies kept as _s10_enter_11: ['rectype', 'strate', 'prefect']
23:48:51 01_clean INFO    joined s10_enter_9                                    56.85% of base rows matched, 17 columns added, differing copies kept as _s10_enter_9: ['rectype', 'strate', 'prefect']
23:48:51 01_clean INFO    joined s8_agriculture                                100.00% of base rows matched, 37 columns added, differing copies kept as _s8_agriculture: ['strate', 'prefect']
23:48:51 01_clean INFO    joined s8_farm_land                                  100.00% of base rows matched, 16 columns added, identical copies dropped: ['s8bq1', 's8bq2', 's8bq3', 's8bq4', 's8bq5', 's8bq6', 's8bq7', 's8bq8'], differing copies kept as _s8_farm_land: ['rectype', 'strate', 'prefect', 's8bq12', 's8bq13', 's8bq14']
23:48:51 01_clean INFO    joined s8_forestry                                   100.00% of base rows matched, 9 columns added, differing copies kept as _s8_forestry: ['rectype', 'strate', 'prefect']
23:48:51 01_clean INFO PASS  EICV1: one head (s1q2 == 1) per household: 100.0000%
23:48:51 01_clean INFO PASS  EICV1: hhid unique in the household file (6,420 households)
23:48:51 01_clean INFO PASS  EICV1: sum of hhsize == person rows
23:48:51 01_clean INFO EICV1 household file: 6,420 rows x 220 vars; weighted households = 1,610,147
23:48:52 01_clean INFO wrote EICV_EICV1_household_clean.dta  (6,420 rows x 220 vars, 3.1 MB)
23:48:52 01_clean INFO all hard checks passed (0 soft warnings)
23:48:52 01_clean INFO ================ EICV2 ================
23:48:52 01_clean INFO read EICV2_eng_b_filters.sav                            -> b_filters                                        6,900 rows x   56 vars
23:48:52 01_clean INFO read EICV2_eng_s0_id.sav                                -> s0_id                                            6,900 rows x   17 vars
23:48:52 01_clean INFO read EICV2_eng_s10a_transfer_out.sav                    -> s10a_transfer_out                               19,197 rows x   21 vars
23:48:52 01_clean INFO read EICV2_eng_s10b_transfer_in.sav                     -> s10b_transfer_in                                16,494 rows x   21 vars
23:48:52 01_clean INFO read EICV2_eng_s10c_misc.sav                            -> s10c_misc                                      172,500 rows x   13 vars
23:48:52 01_clean INFO read EICV2_eng_s11a_credit.sav                          -> s11a_credit                                      5,509 rows x   20 vars
23:48:52 01_clean INFO read EICV2_eng_s11b_durables.sav                        -> s11b_durables                                  186,300 rows x   22 vars
23:48:52 01_clean INFO read EICV2_eng_s11c_savings.sav                         -> s11c_savings                                     4,333 rows x   20 vars
23:48:52 01_clean INFO read EICV2_eng_s1_demo.sav                              -> s1_demo                                         34,785 rows x   26 vars
23:48:52 01_clean INFO read EICV2_eng_s2_education.sav                         -> s2_education                                    28,018 rows x   73 vars
23:48:53 01_clean INFO read EICV2_eng_s3_health.sav                            -> s3_health                                       34,785 rows x   72 vars
23:48:53 01_clean INFO read EICV2_eng_s4_migration.sav                         -> s4_migration                                    19,769 rows x   22 vars
23:48:53 01_clean INFO read EICV2_eng_s5_housing.sav                           -> s5_housing                                       6,900 rows x   52 vars
23:48:53 01_clean INFO read EICV2_eng_s5e_services.sav                         -> s5e_services                                    62,100 rows x   18 vars
23:48:53 01_clean INFO read EICV2_eng_s6abc_employment.sav                     -> s6abc_employment                                28,117 rows x   41 vars
23:48:53 01_clean INFO read EICV2_eng_s6d_employ_roster.sav                    -> s6d_employ_roster                               23,213 rows x   35 vars
23:48:53 01_clean INFO read EICV2_eng_s6e_employ_wages.sav                     -> s6e_employ_wages                                 6,585 rows x   33 vars
23:48:53 01_clean INFO read EICV2_eng_s6f_nonremuner.sav                       -> s6f_nonremuner                                   7,807 rows x   20 vars
23:48:53 01_clean INFO read EICV2_eng_s7_enterprise.sav                        -> s7_enterprise                                    2,516 rows x   38 vars
23:48:53 01_clean INFO read EICV2_eng_s8a1_livestock.sav                       -> s8a1_livestock                                  37,936 rows x   27 vars
23:48:53 01_clean INFO read EICV2_eng_s8a2_livestock_products.sav              -> s8a2_livestock_products                         33,194 rows x   14 vars
23:48:53 01_clean INFO read EICV2_eng_s8a3_livestock_expenditure.sav           -> s8a3_livestock_expenditure                      42,678 rows x   18 vars
23:48:53 01_clean INFO read EICV2_eng_s8b_ag_assets.sav                        -> s8b_ag_assets                                   82,342 rows x   21 vars
23:48:53 01_clean INFO read EICV2_eng_s8c_ag_plots.sav                         -> s8c_ag_plots                                    22,258 rows x   27 vars
23:48:53 01_clean INFO read EICV2_eng_s8d_ag_production1.sav                   -> s8d_ag_production1                              18,251 rows x   30 vars
23:48:53 01_clean INFO read EICV2_eng_s8e_ag_production2.sav                   -> s8e_ag_production2                              44,385 rows x   29 vars
23:48:53 01_clean INFO read EICV2_eng_s8f_ag_other.sav                         -> s8f_ag_other                                     4,048 rows x   13 vars
23:48:53 01_clean INFO read EICV2_eng_s8g_ag_expense.sav                       -> s8g_ag_expense                                  78,190 rows x   17 vars
23:48:54 01_clean INFO read EICV2_eng_s8h_ag_process.sav                       -> s8h_ag_process                                  11,937 rows x   30 vars
23:48:54 01_clean INFO read EICV2_eng_s9a1_nfood_annual.sav                    -> s9a1_nfood_annual                              469,200 rows x   14 vars
23:48:54 01_clean INFO read EICV2_eng_s9a2_nfood_month.sav                     -> s9a2_nfood_month                               213,900 rows x   14 vars
23:48:55 01_clean INFO read EICV2_eng_s9a3_nfood_freq.sav                      -> s9a3_nfood_freq                                303,600 rows x   24 vars
23:48:55 01_clean INFO read EICV2_eng_s9b_food.sav                             -> s9b_food                                       105,444 rows x   30 vars
23:48:55 01_clean INFO read EICV2_eng_s9c_availability.sav                     -> s9c_availability                               138,000 rows x   15 vars
23:48:55 01_clean INFO read EICV2_eng_s9d_ex_owncons.sav                       -> s9d_ex_owncons                                  40,425 rows x   28 vars
23:48:55 01_clean INFO read EICV2_jobstatus_subsistence1.sav                   -> jobstatus_subsistence1                          27,131 rows x   39 vars
23:48:56 01_clean INFO read EICV2_mainjob_short.sav                            -> mainjob_short                                   34,785 rows x   76 vars
23:48:56 01_clean INFO read EICV2_merge_occ.sav                                -> merge_occ                                        6,587 rows x   33 vars
23:48:56 01_clean INFO    joined s5_housing                                    100.00% of base rows matched, 41 columns added, identical copies dropped: ['survey', 'cluster', 'id6', 'urban', 'id1', 'id2', 'prov', 'dist']
23:48:56 01_clean INFO    joined b_filters                                     100.00% of base rows matched, 45 columns added, identical copies dropped: ['survey', 'cluster', 'id6', 'urban', 'id1', 'id2', 'prov', 'dist']
23:48:56 01_clean INFO PASS  EICV2: hhid unique in household base (6,900 households)
23:48:56 01_clean INFO PASS  EICV2: prov complete in household key table
23:48:56 01_clean INFO PASS  EICV2: dist complete in household key table
23:48:56 01_clean INFO PASS  EICV2: urban complete in household key table
23:48:56 01_clean INFO PASS  EICV2: cluster complete in household key table
23:48:56 01_clean INFO PASS  EICV2: wt complete in household key table
23:48:56 01_clean INFO PASS  EICV2: province codes 1-5
23:48:56 01_clean INFO PASS  EICV2: 30 districts on the 11-57 scheme
23:48:56 01_clean INFO PASS  EICV2: household weight > 0
23:48:56 01_clean INFO wrote EICV_EICV2_b_filters_clean.dta  (6,900 rows x 60 vars, 0.8 MB)
23:48:56 01_clean INFO wrote EICV_EICV2_s0_id_clean.dta  (6,900 rows x 21 vars, 0.4 MB)
23:48:56 01_clean INFO wrote EICV_EICV2_s10a_transfer_out_clean.dta  (19,197 rows x 25 vars, 1.2 MB)
23:48:56 01_clean INFO wrote EICV_EICV2_s10b_transfer_in_clean.dta  (16,494 rows x 25 vars, 1.1 MB)
23:48:56 01_clean INFO wrote EICV_EICV2_s10c_misc_clean.dta  (172,500 rows x 17 vars, 8.5 MB)
23:48:56 01_clean INFO wrote EICV_EICV2_s11a_credit_clean.dta  (5,509 rows x 24 vars, 0.4 MB)
23:48:57 01_clean INFO wrote EICV_EICV2_s11b_durables_clean.dta  (186,300 rows x 26 vars, 13.6 MB)
23:48:57 01_clean INFO wrote EICV_EICV2_s11c_savings_clean.dta  (4,333 rows x 24 vars, 0.3 MB)
23:48:57 01_clean INFO wrote EICV_EICV2_s1_demo_clean.dta  (34,785 rows x 30 vars, 2.1 MB)
23:48:58 01_clean INFO wrote EICV_EICV2_s2_education_clean.dta  (28,018 rows x 77 vars, 3.7 MB)
23:48:58 01_clean INFO wrote EICV_EICV2_s3_health_clean.dta  (34,785 rows x 76 vars, 4.6 MB)
23:48:58 01_clean INFO wrote EICV_EICV2_s4_migration_clean.dta  (19,769 rows x 26 vars, 1.1 MB)
23:48:58 01_clean INFO wrote EICV_EICV2_s5_housing_clean.dta  (6,900 rows x 56 vars, 0.8 MB)
23:48:58 01_clean INFO wrote EICV_EICV2_s5e_services_clean.dta  (62,100 rows x 22 vars, 3.2 MB)
23:48:58 01_clean INFO wrote EICV_EICV2_s6abc_employment_clean.dta  (28,117 rows x 45 vars, 2.2 MB)
23:48:58 01_clean INFO wrote EICV_EICV2_s6d_employ_roster_clean.dta  (23,213 rows x 39 vars, 1.6 MB)
23:48:58 01_clean INFO wrote EICV_EICV2_s6e_employ_wages_clean.dta  (6,585 rows x 37 vars, 0.6 MB)
23:48:59 01_clean INFO wrote EICV_EICV2_s6f_nonremuner_clean.dta  (7,807 rows x 24 vars, 0.4 MB)
23:48:59 01_clean INFO wrote EICV_EICV2_s7_enterprise_clean.dta  (2,516 rows x 42 vars, 0.3 MB)
23:48:59 01_clean INFO wrote EICV_EICV2_s8a1_livestock_clean.dta  (37,936 rows x 31 vars, 2.9 MB)
23:48:59 01_clean INFO wrote EICV_EICV2_s8a2_livestock_products_clean.dta  (33,194 rows x 18 vars, 1.7 MB)
23:48:59 01_clean INFO wrote EICV_EICV2_s8a3_livestock_expenditure_clean.dta  (42,678 rows x 22 vars, 2.3 MB)
23:48:59 01_clean INFO wrote EICV_EICV2_s8b_ag_assets_clean.dta  (82,342 rows x 25 vars, 5.3 MB)
23:48:59 01_clean INFO wrote EICV_EICV2_s8c_ag_plots_clean.dta  (22,258 rows x 31 vars, 1.6 MB)
23:48:59 01_clean INFO wrote EICV_EICV2_s8d_ag_production1_clean.dta  (18,251 rows x 34 vars, 1.6 MB)
23:49:00 01_clean INFO wrote EICV_EICV2_s8e_ag_production2_clean.dta  (44,385 rows x 33 vars, 3.5 MB)
23:49:00 01_clean INFO wrote EICV_EICV2_s8f_ag_other_clean.dta  (4,048 rows x 17 vars, 0.2 MB)
23:49:00 01_clean INFO wrote EICV_EICV2_s8g_ag_expense_clean.dta  (78,190 rows x 21 vars, 4.2 MB)
23:49:00 01_clean INFO wrote EICV_EICV2_s8h_ag_process_clean.dta  (11,937 rows x 34 vars, 0.9 MB)
23:49:01 01_clean INFO wrote EICV_EICV2_s9a1_nfood_annual_clean.dta  (469,200 rows x 18 vars, 23.5 MB)
23:49:02 01_clean INFO wrote EICV_EICV2_s9a2_nfood_month_clean.dta  (213,900 rows x 18 vars, 10.7 MB)
23:49:03 01_clean INFO wrote EICV_EICV2_s9a3_nfood_freq_clean.dta  (303,600 rows x 28 vars, 26.4 MB)
23:49:03 01_clean INFO wrote EICV_EICV2_s9b_food_clean.dta  (105,444 rows x 36 vars, 7.7 MB)
23:49:04 01_clean INFO wrote EICV_EICV2_s9c_availability_clean.dta  (138,000 rows x 19 vars, 6.6 MB)
23:49:04 01_clean INFO wrote EICV_EICV2_s9d_ex_owncons_clean.dta  (40,425 rows x 32 vars, 6.2 MB)
23:49:04 01_clean INFO wrote EICV_EICV2_jobstatus_subsistence1_clean.dta  (27,131 rows x 43 vars, 2.7 MB)
23:49:04 01_clean INFO wrote EICV_EICV2_mainjob_short_clean.dta  (34,785 rows x 79 vars, 4.7 MB)
23:49:05 01_clean INFO wrote EICV_EICV2_merge_occ_clean.dta  (6,587 rows x 37 vars, 0.6 MB)
23:49:05 01_clean INFO module levels: {'b_filters': 'household', 's0_id': 'household', 's10a_transfer_out': 'multi', 's10b_transfer_in': 'multi', 's10c_misc': 'multi', 's11a_credit': 'multi', 's11b_durables': 'multi', 's11c_savings': 'multi', 's1_demo': 'person', 's2_education': 'person', 's3_health': 'person', 's4_migration': 'person', 's5_housing': 'household', 's5e_services': 'multi', 's6abc_employment': 'person', 's6d_employ_roster': 'multi', 's6e_employ_wages': 'multi', 's6f_nonremuner': 'multi', 's7_enterprise': 'multi', 's8a1_livestock': 'multi', 's8a2_livestock_products': 'multi', 's8a3_livestock_expenditure': 'multi', 's8b_ag_assets': 'multi', 's8c_ag_plots': 'multi', 's8d_ag_production1': 'multi', 's8e_ag_production2': 'multi', 's8f_ag_other': 'multi', 's8g_ag_expense': 'multi', 's8h_ag_process': 'multi', 's9a1_nfood_annual': 'multi', 's9a2_nfood_month': 'multi', 's9a3_nfood_freq': 'multi', 's9b_food': 'multi', 's9c_availability': 'multi', 's9d_ex_owncons': 'multi', 'jobstatus_subsistence1': 'person', 'mainjob_short': 'other', 'merge_occ': 'multi'}
23:49:05 01_clean INFO    joined s2_education                                   80.55% of base rows matched, 59 columns added, identical copies dropped: ['id6', 'id1', 'id2', 'dstrat']
23:49:05 01_clean INFO    joined s3_health                                     100.00% of base rows matched, 58 columns added, identical copies dropped: ['id6', 'id1', 'id2', 'dstrat']
23:49:05 01_clean INFO    joined s4_migration                                   56.83% of base rows matched, 8 columns added, identical copies dropped: ['id6', 'id1', 'id2', 'dstrat']
23:49:05 01_clean INFO    joined s6abc_employment                               80.83% of base rows matched, 27 columns added, identical copies dropped: ['id6', 'id1', 'id2', 'dstrat']
23:49:05 01_clean INFO    joined jobstatus_subsistence1                         78.00% of base rows matched, 25 columns added, identical copies dropped: ['id1', 'id2', 'dstrat', 's1q1', 's1q2', 's1q3a']
23:49:05 01_clean INFO PASS  EICV2: (hhid, pid) unique in the person file
23:49:05 01_clean INFO PASS  EICV2: wt present and > 0 on every person row
23:49:05 01_clean INFO PASS  EICV2: sex in {1,2}
23:49:05 01_clean INFO EICV2 person file: 34,785 rows x 207 vars; weighted persons = 9,491,397
23:49:06 01_clean INFO wrote EICV_EICV2_person_clean.dta  (34,785 rows x 207 vars, 11.0 MB)
23:49:06 01_clean INFO PASS  EICV2: one head (s1q2 == 1) per household: 100.0000%
23:49:06 01_clean INFO PASS  EICV2: hhid unique in the household file (6,900 households)
23:49:06 01_clean INFO PASS  EICV2: sum of hhsize == person rows
23:49:06 01_clean INFO EICV2 household file: 6,900 rows x 110 vars; weighted households = 1,892,069
23:49:06 01_clean INFO wrote EICV_EICV2_household_clean.dta  (6,900 rows x 110 vars, 1.4 MB)
23:49:06 01_clean INFO all hard checks passed (0 soft warnings)
23:49:06 01_clean INFO ================ EICV3 ================
23:49:06 01_clean INFO read EICV3_s01_hhmembers_s02_education_s03_health_s04_migration.dta -> s01_hhmembers_s02_education_s03_health_s04_migration   68,398 rows x  171 vars
23:49:06 01_clean INFO read EICV3_s05abcd_housing.dta                          -> s05abcd_housing                                 14,308 rows x   65 vars
23:49:07 01_clean INFO read EICV3_s05e_services.dta                            -> s05e_services                                  200,312 rows x   16 vars
23:49:07 01_clean INFO read EICV3_s06ab_occupation.dta                         -> s06ab_occupation                                56,116 rows x   29 vars
23:49:07 01_clean INFO read EICV3_s06cdef_jobs.dta                             -> s06cdef_jobs                                    61,405 rows x   65 vars
23:49:07 01_clean INFO read EICV3_s06g_timeuse.dta                             -> s06g_timeuse                                    56,116 rows x   22 vars
23:49:07 01_clean INFO read EICV3_s07_enterprise.dta                           -> s07_enterprise                                  61,405 rows x   40 vars
23:49:08 01_clean INFO read EICV3_s08a1_livestock.dta                          -> s08a1_livestock                                 78,432 rows x   24 vars
23:49:08 01_clean INFO read EICV3_s08a2_livestock.dta                          -> s08a2_livestock                                  9,804 rows x   18 vars
23:49:08 01_clean INFO read EICV3_s08a3_livestock.dta                          -> s08a3_livestock                                 68,628 rows x   15 vars
23:49:08 01_clean INFO read EICV3_s08a4_livestock.dta                          -> s08a4_livestock                                 98,040 rows x   18 vars
23:49:08 01_clean INFO read EICV3_s08b1_landtransactions.dta                   -> s08b1_landtransactions                          14,308 rows x   31 vars
23:49:08 01_clean INFO read EICV3_s08b2_equipment.dta                          -> s08b2_equipment                                201,870 rows x   18 vars
23:49:09 01_clean INFO read EICV3_s08c_parcels.dta                             -> s08c_parcels                                    59,016 rows x   28 vars
23:49:09 01_clean INFO read EICV3_s08d_croplarge.dta                           -> s08d_croplarge                                  46,621 rows x   25 vars
23:49:09 01_clean INFO read EICV3_s08e_cropsmall.dta                           -> s08e_cropsmall                                 121,882 rows x   24 vars
23:49:09 01_clean INFO read EICV3_s08f_otheragric.dta                          -> s08f_otheragric                                 18,846 rows x   13 vars
23:49:10 01_clean INFO read EICV3_s08g_inputs.dta                              -> s08g_inputs                                    205,664 rows x   14 vars
23:49:10 01_clean INFO read EICV3_s08h_processing.dta                          -> s08h_processing                                 32,981 rows x   25 vars
23:49:12 01_clean INFO read EICV3_s09a1_consnonfood.dta                        -> s09a1_consnonfood                             1,273,412 rows x   12 vars
23:49:13 01_clean INFO read EICV3_s09a2_consnonfood.dta                        -> s09a2_consnonfood                              672,476 rows x   12 vars
23:49:15 01_clean INFO read EICV3_s09a3_consnonfood.dta                        -> s09a3_consnonfood                              543,704 rows x   22 vars
23:49:20 01_clean INFO read EICV3_s09b_consfood.dta                            -> s09b_consfood                                 2,103,276 rows x   22 vars
23:49:23 01_clean INFO read EICV3_s09c_consownfood.dta                         -> s09c_consownfood                              1,414,994 rows x   23 vars
23:49:23 01_clean INFO read EICV3_s10a_transfersout.dta                        -> s10a_transfersout                               98,521 rows x   19 vars
23:49:24 01_clean INFO read EICV3_s10b_transfersin.dta                         -> s10b_transfersin                                89,947 rows x   20 vars
23:49:24 01_clean INFO read EICV3_s10c_otherinc.dta                            -> s10c_otherinc                                  314,776 rows x   11 vars
23:49:24 01_clean INFO read EICV3_s10d_schemes.dta                             -> s10d_schemes                                    14,308 rows x   26 vars
23:49:25 01_clean INFO read EICV3_s10e_otherexp.dta                            -> s10e_otherexp                                  171,696 rows x   10 vars
23:49:25 01_clean INFO read EICV3_s11a1_credit.dta                             -> s11a1_credit                                    14,308 rows x   12 vars
23:49:25 01_clean INFO read EICV3_s11a2_credit.dta                             -> s11a2_credit                                    22,781 rows x   17 vars
23:49:26 01_clean INFO read EICV3_s11b_durables.dta                            -> s11b_durables                                  400,624 rows x   22 vars
23:49:26 01_clean INFO read EICV3_s11c_savings.dta                             -> s11c_savings                                    14,461 rows x   18 vars
23:49:26 01_clean INFO read EICV4_CS_eicv3_povertyfile_jan2014.dta             -> eicv3_povertyfile_jan2014                       14,308 rows x   41 vars
23:49:26 01_clean INFO PASS  EICV3: hhid unique in household base (14,308 households)
23:49:26 01_clean INFO PASS  EICV3: prov complete in household key table
23:49:26 01_clean INFO PASS  EICV3: dist complete in household key table
23:49:26 01_clean INFO PASS  EICV3: urban complete in household key table
23:49:26 01_clean INFO PASS  EICV3: cluster complete in household key table
23:49:26 01_clean INFO PASS  EICV3: wt complete in household key table
23:49:26 01_clean INFO PASS  EICV3: province codes 1-5
23:49:26 01_clean INFO PASS  EICV3: 30 districts on the 11-57 scheme
23:49:26 01_clean INFO PASS  EICV3: household weight > 0
23:49:27 01_clean INFO wrote EICV_EICV3_s01_hhmembers_s02_education_s03_health_s04_migration_clean.dta  (68,398 rows x 176 vars, 22.1 MB)
23:49:27 01_clean INFO wrote EICV_EICV3_s05abcd_housing_clean.dta  (14,308 rows x 70 vars, 2.0 MB)
23:49:28 01_clean INFO wrote EICV_EICV3_s05e_services_clean.dta  (200,312 rows x 21 vars, 10.2 MB)
23:49:28 01_clean INFO wrote EICV_EICV3_s06ab_occupation_clean.dta  (56,116 rows x 34 vars, 4.0 MB)
23:49:28 01_clean INFO wrote EICV_EICV3_s06cdef_jobs_clean.dta  (61,405 rows x 70 vars, 7.3 MB)
23:49:28 01_clean INFO wrote EICV_EICV3_s06g_timeuse_clean.dta  (56,116 rows x 27 vars, 3.4 MB)
23:49:29 01_clean INFO wrote EICV_EICV3_s07_enterprise_clean.dta  (61,405 rows x 45 vars, 6.1 MB)
23:49:29 01_clean INFO wrote EICV_EICV3_s08a1_livestock_clean.dta  (78,432 rows x 29 vars, 5.9 MB)
23:49:29 01_clean INFO wrote EICV_EICV3_s08a2_livestock_clean.dta  (9,804 rows x 23 vars, 0.6 MB)
23:49:29 01_clean INFO wrote EICV_EICV3_s08a3_livestock_clean.dta  (68,628 rows x 20 vars, 4.3 MB)
23:49:30 01_clean INFO wrote EICV_EICV3_s08a4_livestock_clean.dta  (98,040 rows x 23 vars, 5.8 MB)
23:49:30 01_clean INFO wrote EICV_EICV3_s08b1_landtransactions_clean.dta  (14,308 rows x 36 vars, 1.3 MB)
23:49:30 01_clean INFO wrote EICV_EICV3_s08b2_equipment_clean.dta  (201,870 rows x 23 vars, 13.1 MB)
23:49:31 01_clean INFO wrote EICV_EICV3_s08c_parcels_clean.dta  (59,016 rows x 33 vars, 4.7 MB)
23:49:31 01_clean INFO wrote EICV_EICV3_s08d_croplarge_clean.dta  (46,621 rows x 30 vars, 5.3 MB)
23:49:31 01_clean INFO wrote EICV_EICV3_s08e_cropsmall_clean.dta  (121,882 rows x 29 vars, 11.7 MB)
23:49:31 01_clean INFO wrote EICV_EICV3_s08f_otheragric_clean.dta  (18,846 rows x 18 vars, 1.0 MB)
23:49:32 01_clean INFO wrote EICV_EICV3_s08g_inputs_clean.dta  (205,664 rows x 19 vars, 10.7 MB)
23:49:32 01_clean INFO wrote EICV_EICV3_s08h_processing_clean.dta  (32,981 rows x 30 vars, 3.3 MB)
23:49:36 01_clean INFO wrote EICV_EICV3_s09a1_consnonfood_clean.dta  (1,273,412 rows x 17 vars, 63.7 MB)
23:49:38 01_clean INFO wrote EICV_EICV3_s09a2_consnonfood_clean.dta  (672,476 rows x 17 vars, 34.3 MB)
23:49:40 01_clean INFO wrote EICV_EICV3_s09a3_consnonfood_clean.dta  (543,704 rows x 27 vars, 47.9 MB)
23:49:47 01_clean INFO wrote EICV_EICV3_s09b_consfood_clean.dta  (2,103,276 rows x 27 vars, 185.1 MB)
23:49:52 01_clean INFO wrote EICV_EICV3_s09c_consownfood_clean.dta  (1,414,994 rows x 28 vars, 184.0 MB)
23:49:52 01_clean INFO wrote EICV_EICV3_s10a_transfersout_clean.dta  (98,521 rows x 24 vars, 6.5 MB)
23:49:52 01_clean INFO wrote EICV_EICV3_s10b_transfersin_clean.dta  (89,947 rows x 25 vars, 6.0 MB)
23:49:53 01_clean INFO wrote EICV_EICV3_s10c_otherinc_clean.dta  (314,776 rows x 16 vars, 16.4 MB)
23:49:53 01_clean INFO wrote EICV_EICV3_s10d_schemes_clean.dta  (14,308 rows x 31 vars, 0.9 MB)
23:49:54 01_clean INFO wrote EICV_EICV3_s10e_otherexp_clean.dta  (171,696 rows x 15 vars, 8.3 MB)
23:49:54 01_clean INFO wrote EICV_EICV3_s11a1_credit_clean.dta  (14,308 rows x 17 vars, 0.7 MB)
23:49:54 01_clean INFO wrote EICV_EICV3_s11a2_credit_clean.dta  (22,781 rows x 22 vars, 1.5 MB)
23:49:55 01_clean INFO wrote EICV_EICV3_s11b_durables_clean.dta  (400,624 rows x 27 vars, 40.9 MB)
23:49:55 01_clean INFO wrote EICV_EICV3_s11c_savings_clean.dta  (14,461 rows x 23 vars, 1.0 MB)
23:49:55 01_clean INFO wrote EICV_EICV3_eicv3_povertyfile_jan2014_clean.dta  (14,308 rows x 49 vars, 4.3 MB)
23:49:55 01_clean INFO module levels: {'s01_hhmembers_s02_education_s03_health_s04_migration': 'person', 's05abcd_housing': 'household', 's05e_services': 'multi', 's06ab_occupation': 'person', 's06cdef_jobs': 'multi', 's06g_timeuse': 'person', 's07_enterprise': 'multi', 's08a1_livestock': 'multi', 's08a2_livestock': 'household', 's08a3_livestock': 'multi', 's08a4_livestock': 'multi', 's08b1_landtransactions': 'household', 's08b2_equipment': 'multi', 's08c_parcels': 'multi', 's08d_croplarge': 'multi', 's08e_cropsmall': 'multi', 's08f_otheragric': 'multi', 's08g_inputs': 'multi', 's08h_processing': 'multi', 's09a1_consnonfood': 'multi', 's09a2_consnonfood': 'multi', 's09a3_consnonfood': 'multi', 's09b_consfood': 'multi', 's09c_consownfood': 'multi', 's10a_transfersout': 'multi', 's10b_transfersin': 'multi', 's10c_otherinc': 'multi', 's10d_schemes': 'household', 's10e_otherexp': 'multi', 's11a1_credit': 'household', 's11a2_credit': 'multi', 's11b_durables': 'multi', 's11c_savings': 'multi', 'eicv3_povertyfile_jan2014': 'household'}
23:49:55 01_clean INFO    joined s06ab_occupation                               82.04% of base rows matched, 19 columns added, identical copies dropped: ['quintile', 'poverty']
23:49:55 01_clean INFO    joined s06g_timeuse                                   82.04% of base rows matched, 12 columns added, identical copies dropped: ['quintile', 'poverty']
23:49:55 01_clean INFO PASS  EICV3: (hhid, pid) unique in the person file
23:49:55 01_clean INFO PASS  EICV3: wt present and > 0 on every person row
23:49:55 01_clean INFO PASS  EICV3: sex in {1,2}
23:49:55 01_clean INFO EICV3 person file: 68,398 rows x 207 vars; weighted persons = 10,762,085
23:49:57 01_clean INFO wrote EICV_EICV3_person_clean.dta  (68,398 rows x 207 vars, 24.5 MB)
23:49:57 01_clean INFO    joined s08a2_livestock                                68.52% of base rows matched, 10 columns added, identical copies dropped: ['quintile', 'poverty']
23:49:57 01_clean INFO    joined s08b1_landtransactions                        100.00% of base rows matched, 23 columns added, identical copies dropped: ['quintile', 'poverty']
23:49:57 01_clean INFO    joined s10d_schemes                                  100.00% of base rows matched, 18 columns added, identical copies dropped: ['quintile', 'poverty']
23:49:57 01_clean INFO    joined s11a1_credit                                  100.00% of base rows matched, 4 columns added, identical copies dropped: ['quintile', 'poverty']
23:49:57 01_clean INFO    joined eicv3_povertyfile_jan2014                     100.00% of base rows matched, 37 columns added, differing copies kept as _eicv3_povertyfile_jan2014: ['poverty', 'quintile']
23:49:57 01_clean INFO PASS  EICV3: one head (s1q2 == 1) per household: 100.0000%
23:49:57 01_clean INFO PASS  EICV3: hhid unique in the household file (14,308 households)
23:49:57 01_clean INFO PASS  EICV3: sum of hhsize == person rows
23:49:57 01_clean INFO EICV3 household file: 14,308 rows x 165 vars; weighted households = 2,252,844
23:49:57 01_clean INFO wrote EICV_EICV3_household_clean.dta  (14,308 rows x 165 vars, 6.9 MB)
23:49:57 01_clean INFO all hard checks passed (0 soft warnings)
23:49:57 01_clean INFO ================ EICV3_4_Panel ================
23:49:57 01_clean INFO read EICV3_4_Panel_data_stata.dta                       -> data_stata                                       8,310 rows x   33 vars
23:49:57 01_clean INFO destring district_eicv3 (8310 values)
23:49:57 01_clean INFO wrote EICV_EICV3_4_Panel_data_stata_clean.dta  (8,310 rows x 38 vars, 1.1 MB)
23:49:57 01_clean INFO module levels: {'data_stata': 'multi'}
23:49:57 01_clean INFO all hard checks passed (0 soft warnings)
23:49:57 01_clean INFO ================ EICV4_CS ================
23:49:57 01_clean INFO read EICV4_CS_cs_s0_s5_household.dta                    -> s0_s5_household                                 14,419 rows x   76 vars
23:49:57 01_clean INFO read EICV4_CS_cs_s10a1_credits.dta                      -> s10a1_credits                                   14,419 rows x   19 vars
23:49:57 01_clean INFO read EICV4_CS_cs_s10a2_credits.dta                      -> s10a2_credits                                   20,974 rows x   25 vars
23:49:59 01_clean INFO read EICV4_CS_cs_s10b_goods.dta                         -> s10b_goods                                     389,313 rows x   28 vars
23:49:59 01_clean INFO read EICV4_CS_cs_s10c_savings.dta                       -> s10c_savings                                    24,413 rows x   25 vars
23:49:59 01_clean INFO read EICV4_CS_cs_s1_s2_s3_s4_s6a_s6e_s6f_person.dta     -> s1_s2_s3_s4_s6a_s6e_s6f_person                  66,081 rows x  127 vars
23:49:59 01_clean INFO read EICV4_CS_cs_s5e_access_to_services.dta             -> s5e_access_to_services                         216,285 rows x   24 vars
23:50:00 01_clean INFO read EICV4_CS_cs_s6b_employement_6c_salaried_s6d_business.dta -> s6b_employement_6c_salaried_s6d_business        59,616 rows x   71 vars
23:50:01 01_clean INFO read EICV4_CS_cs_s7a1_livestock.dta                     -> s7a1_livestock                                  80,877 rows x   33 vars
23:50:01 01_clean INFO read EICV4_CS_cs_s7a2_livestock.dta                     -> s7a2_livestock                                  14,419 rows x   26 vars
23:50:01 01_clean INFO read EICV4_CS_cs_s7a3_livestock.dta                     -> s7a3_livestock                                  80,877 rows x   24 vars
23:50:01 01_clean INFO read EICV4_CS_cs_s7a4_livestock.dta                     -> s7a4_livestock                                 109,359 rows x   23 vars
23:50:01 01_clean INFO read EICV4_CS_cs_s7b1_land_agriculture.dta              -> s7b1_land_agriculture                           14,419 rows x   28 vars
23:50:02 01_clean INFO read EICV4_CS_cs_s7b2_land_agriculture.dta              -> s7b2_land_agriculture                          242,644 rows x   26 vars
23:50:02 01_clean INFO read EICV4_CS_cs_s7c_parcels.dta                        -> s7c_parcels                                     53,535 rows x   36 vars
23:50:02 01_clean INFO read EICV4_CS_cs_s7d_large_crop.dta                     -> s7d_large_crop                                  44,453 rows x   27 vars
23:50:03 01_clean INFO read EICV4_CS_cs_s7e_small_crop.dta                     -> s7e_small_crop                                 145,711 rows x   30 vars
23:50:03 01_clean INFO read EICV4_CS_cs_s7f_income_agriculture.dta             -> s7f_income_agriculture                         173,028 rows x   21 vars
23:50:04 01_clean INFO read EICV4_CS_cs_s7g_expenditure_agriculture.dta        -> s7g_expenditure_agriculture                    230,704 rows x   20 vars
23:50:04 01_clean INFO read EICV4_CS_cs_s7h_transformation_agriculture.dta     -> s7h_transformation_agriculture                  53,549 rows x   27 vars
23:50:07 01_clean INFO read EICV4_CS_cs_s8a1_expenditure.dta                   -> s8a1_expenditure                               994,911 rows x   23 vars
23:50:10 01_clean INFO read EICV4_CS_cs_s8a2_expenditure.dta                   -> s8a2_expenditure                               793,045 rows x   23 vars
23:50:11 01_clean INFO read EICV4_CS_cs_s8a3_expenditure.dta                   -> s8a3_expenditure                               533,503 rows x   32 vars
23:50:19 01_clean INFO read EICV4_CS_cs_s8b_expenditure.dta                    -> s8b_expenditure                               2,119,593 rows x   32 vars
23:50:24 01_clean INFO read EICV4_CS_cs_s8c_farming.dta                        -> s8c_farming                                   1,347,319 rows x   33 vars
23:50:24 01_clean INFO read EICV4_CS_cs_s9a_transfers_out.dta                  -> s9a_transfers_out                               84,413 rows x   28 vars
23:50:24 01_clean INFO read EICV4_CS_cs_s9b_transfers_in.dta                   -> s9b_transfers_in                                80,723 rows x   28 vars
23:50:24 01_clean INFO read EICV4_CS_cs_s9c1_vup.dta                           -> s9c1_vup                                           239 rows x   26 vars
23:50:24 01_clean INFO read EICV4_CS_cs_s9c_vup.dta                            -> s9c_vup                                         14,419 rows x   43 vars
23:50:25 01_clean INFO read EICV4_CS_cs_s9d_other_income.dta                   -> s9d_other_income                               288,380 rows x   21 vars
23:50:25 01_clean INFO read EICV4_CS_cs_s9e_other_expenditure.dta              -> s9e_other_expenditure                          187,447 rows x   19 vars
23:50:26 01_clean INFO read EICV4_CS_current_main_activity6.dta                -> current_main_activity6                          55,079 rows x   23 vars
23:50:26 01_clean INFO read EICV4_CS_eicv4_poverty_file.dta                    -> eicv4_poverty_file                              14,419 rows x   42 vars
23:50:26 01_clean INFO    joined eicv4_poverty_file                            100.00% of base rows matched, 37 columns added, identical copies dropped: ['cluster', 'dist', 'quintile', 'rwanda'], differing copies kept as _eicv4_poverty_file: ['region']
23:50:26 01_clean INFO PASS  EICV4_CS: hhid unique in household base (14,419 households)
23:50:26 01_clean INFO PASS  EICV4_CS: prov complete in household key table
23:50:26 01_clean INFO PASS  EICV4_CS: dist complete in household key table
23:50:26 01_clean INFO PASS  EICV4_CS: urban complete in household key table
23:50:26 01_clean INFO PASS  EICV4_CS: cluster complete in household key table
23:50:26 01_clean INFO PASS  EICV4_CS: wt complete in household key table
23:50:26 01_clean INFO PASS  EICV4_CS: province codes 1-5
23:50:26 01_clean INFO PASS  EICV4_CS: 30 districts on the 11-57 scheme
23:50:26 01_clean INFO PASS  EICV4_CS: household weight > 0
23:50:26 01_clean INFO wrote EICV_EICV4_CS_s0_s5_household_clean.dta  (14,419 rows x 81 vars, 2.4 MB)
23:50:26 01_clean INFO wrote EICV_EICV4_CS_s10a1_credits_clean.dta  (14,419 rows x 24 vars, 0.9 MB)
23:50:26 01_clean INFO wrote EICV_EICV4_CS_s10a2_credits_clean.dta  (20,974 rows x 30 vars, 1.7 MB)
23:50:28 01_clean INFO wrote EICV_EICV4_CS_s10b_goods_clean.dta  (389,313 rows x 33 vars, 42.1 MB)
23:50:28 01_clean INFO wrote EICV_EICV4_CS_s10c_savings_clean.dta  (24,413 rows x 30 vars, 2.1 MB)
23:50:29 01_clean INFO wrote EICV_EICV4_CS_s1_s2_s3_s4_s6a_s6e_s6f_person_clean.dta  (66,081 rows x 132 vars, 15.4 MB)
23:50:30 01_clean INFO wrote EICV_EICV4_CS_s5e_access_to_services_clean.dta  (216,285 rows x 29 vars, 15.6 MB)
23:50:30 01_clean INFO wrote EICV_EICV4_CS_s6b_employement_6c_salaried_s6d_business_clean.dta  (59,616 rows x 76 vars, 10.3 MB)
23:50:31 01_clean INFO wrote EICV_EICV4_CS_s7a1_livestock_clean.dta  (80,877 rows x 38 vars, 8.8 MB)
23:50:31 01_clean INFO wrote EICV_EICV4_CS_s7a2_livestock_clean.dta  (14,419 rows x 31 vars, 1.1 MB)
23:50:31 01_clean INFO wrote EICV_EICV4_CS_s7a3_livestock_clean.dta  (80,877 rows x 29 vars, 7.9 MB)
23:50:32 01_clean INFO wrote EICV_EICV4_CS_s7a4_livestock_clean.dta  (109,359 rows x 28 vars, 10.7 MB)
23:50:32 01_clean INFO wrote EICV_EICV4_CS_s7b1_land_agriculture_clean.dta  (14,419 rows x 33 vars, 1.3 MB)
23:50:33 01_clean INFO wrote EICV_EICV4_CS_s7b2_land_agriculture_clean.dta  (242,644 rows x 31 vars, 23.1 MB)
23:50:33 01_clean INFO wrote EICV_EICV4_CS_s7c_parcels_clean.dta  (53,535 rows x 41 vars, 5.4 MB)
23:50:33 01_clean INFO wrote EICV_EICV4_CS_s7d_large_crop_clean.dta  (44,453 rows x 32 vars, 5.1 MB)
23:50:34 01_clean INFO wrote EICV_EICV4_CS_s7e_small_crop_clean.dta  (145,711 rows x 35 vars, 16.9 MB)
23:50:35 01_clean INFO wrote EICV_EICV4_CS_s7f_income_agriculture_clean.dta  (173,028 rows x 26 vars, 15.8 MB)
23:50:36 01_clean INFO wrote EICV_EICV4_CS_s7g_expenditure_agriculture_clean.dta  (230,704 rows x 25 vars, 20.1 MB)
23:50:36 01_clean INFO wrote EICV_EICV4_CS_s7h_transformation_agriculture_clean.dta  (53,549 rows x 32 vars, 5.1 MB)
23:50:41 01_clean INFO wrote EICV_EICV4_CS_s8a1_expenditure_clean.dta  (994,911 rows x 28 vars, 99.5 MB)
23:50:45 01_clean INFO wrote EICV_EICV4_CS_s8a2_expenditure_clean.dta  (793,045 rows x 28 vars, 79.3 MB)
23:50:49 01_clean INFO wrote EICV_EICV4_CS_s8a3_expenditure_clean.dta  (533,503 rows x 37 vars, 69.9 MB)
23:51:01 01_clean INFO wrote EICV_EICV4_CS_s8b_expenditure_clean.dta  (2,119,593 rows x 37 vars, 279.8 MB)
23:51:09 01_clean INFO wrote EICV_EICV4_CS_s8c_farming_clean.dta  (1,347,319 rows x 38 vars, 235.8 MB)
23:51:09 01_clean INFO wrote EICV_EICV4_CS_s9a_transfers_out_clean.dta  (84,413 rows x 33 vars, 7.2 MB)
23:51:10 01_clean INFO wrote EICV_EICV4_CS_s9b_transfers_in_clean.dta  (80,723 rows x 33 vars, 6.9 MB)
23:51:10 01_clean INFO wrote EICV_EICV4_CS_s9c1_vup_clean.dta  (239 rows x 31 vars, 0.0 MB)
23:51:10 01_clean INFO wrote EICV_EICV4_CS_s9c_vup_clean.dta  (14,419 rows x 48 vars, 1.4 MB)
23:51:11 01_clean INFO wrote EICV_EICV4_CS_s9d_other_income_clean.dta  (288,380 rows x 26 vars, 27.4 MB)
23:51:12 01_clean INFO wrote EICV_EICV4_CS_s9e_other_expenditure_clean.dta  (187,447 rows x 24 vars, 16.1 MB)
23:51:12 01_clean INFO wrote EICV_EICV4_CS_current_main_activity6_clean.dta  (55,079 rows x 28 vars, 4.3 MB)
23:51:12 01_clean INFO wrote EICV_EICV4_CS_eicv4_poverty_file_clean.dta  (14,419 rows x 50 vars, 4.1 MB)
23:51:12 01_clean INFO module levels: {'s0_s5_household': 'household', 's10a1_credits': 'household', 's10a2_credits': 'multi', 's10b_goods': 'multi', 's10c_savings': 'multi', 's1_s2_s3_s4_s6a_s6e_s6f_person': 'person', 's5e_access_to_services': 'multi', 's6b_employement_6c_salaried_s6d_business': 'multi', 's7a1_livestock': 'multi', 's7a2_livestock': 'household', 's7a3_livestock': 'multi', 's7a4_livestock': 'multi', 's7b1_land_agriculture': 'household', 's7b2_land_agriculture': 'multi', 's7c_parcels': 'multi', 's7d_large_crop': 'multi', 's7e_small_crop': 'multi', 's7f_income_agriculture': 'multi', 's7g_expenditure_agriculture': 'multi', 's7h_transformation_agriculture': 'multi', 's8a1_expenditure': 'multi', 's8a2_expenditure': 'multi', 's8a3_expenditure': 'multi', 's8b_expenditure': 'multi', 's8c_farming': 'multi', 's9a_transfers_out': 'multi', 's9b_transfers_in': 'multi', 's9c1_vup': 'multi', 's9c_vup': 'household', 's9d_other_income': 'multi', 's9e_other_expenditure': 'multi', 'current_main_activity6': 'person', 'eicv4_poverty_file': 'household'}
23:51:12 01_clean INFO    joined current_main_activity6                         83.35% of base rows matched, 9 columns added, identical copies dropped: ['s1q1', 's1q3y', 's0q19m', 's0q19y', 'quintile', 'poverty', 'consumption']
23:51:12 01_clean INFO PASS  EICV4_CS: (hhid, pid) unique in the person file
23:51:12 01_clean INFO PASS  EICV4_CS: wt present and > 0 on every person row
23:51:12 01_clean INFO PASS  EICV4_CS: sex in {1,2}
23:51:12 01_clean INFO EICV4_CS person file: 66,081 rows x 141 vars; weighted persons = 11,432,047
23:51:13 01_clean INFO wrote EICV_EICV4_CS_person_clean.dta  (66,081 rows x 141 vars, 16.3 MB)
23:51:13 01_clean INFO    joined s10a1_credits                                 100.00% of base rows matched, 12 columns added, identical copies dropped: ['consumption'], differing copies kept as _s10a1_credits: ['ur2012', 'region', 'hhtype', 'rwanda', 'surveyh', 'quintile']
23:51:13 01_clean INFO    joined s7a2_livestock                                100.00% of base rows matched, 19 columns added, identical copies dropped: ['consumption'], differing copies kept as _s7a2_livestock: ['ur2012', 'region', 'hhtype', 'rwanda', 'surveyh', 'quintile']
23:51:13 01_clean INFO    joined s7b1_land_agriculture                         100.00% of base rows matched, 21 columns added, identical copies dropped: ['consumption'], differing copies kept as _s7b1_land_agriculture: ['ur2012', 'region', 'hhtype', 'rwanda', 'surveyh', 'quintile']
23:51:13 01_clean INFO    joined s9c_vup                                       100.00% of base rows matched, 36 columns added, identical copies dropped: ['consumption'], differing copies kept as _s9c_vup: ['ur2012', 'region', 'hhtype', 'rwanda', 'surveyh', 'quintile']
23:51:13 01_clean INFO PASS  EICV4_CS: one head (s1q2 == 1) per household: 100.0000%
23:51:13 01_clean INFO PASS  EICV4_CS: hhid unique in the household file (14,419 households)
23:51:13 01_clean INFO PASS  EICV4_CS: sum of hhsize == person rows
23:51:13 01_clean INFO EICV4_CS household file: 14,419 rows x 209 vars; weighted households = 2,493,044
23:51:14 01_clean INFO wrote EICV_EICV4_CS_household_clean.dta  (14,419 rows x 209 vars, 7.6 MB)
23:51:14 01_clean INFO all hard checks passed (0 soft warnings)
23:51:14 01_clean INFO ================ EICV4_VUP ================
23:51:14 01_clean INFO read EICV4_VUP_vup_partb_filter_questions_hh.dta        -> partb_filter_questions_hh                        2,460 rows x   30 vars
23:51:14 01_clean INFO read EICV4_VUP_vup_s0_s5_household_dta.dta              -> s0_s5_household                                  2,460 rows x   72 vars
23:51:14 01_clean INFO read EICV4_VUP_vup_s10a1_credits_dta.dta                -> s10a1_credits                                    2,460 rows x   15 vars
23:51:14 01_clean INFO read EICV4_VUP_vup_s10a2_credits_dta.dta                -> s10a2_credits                                    3,907 rows x   21 vars
23:51:14 01_clean INFO read EICV4_VUP_vup_s10b_goods.dta                       -> s10b_goods                                      66,420 rows x   24 vars
23:51:14 01_clean INFO read EICV4_VUP_vup_s10c_savings_dta.dta                 -> s10c_savings                                     4,759 rows x   21 vars
23:51:14 01_clean INFO read EICV4_VUP_vup_s1_s2_s3_s4_s6a_s6e_s6f_person.dta   -> s1_s2_s3_s4_s6a_s6e_s6f_person                  10,606 rows x  125 vars
23:51:14 01_clean INFO read EICV4_VUP_vup_s5e_access_to_services.dta           -> s5e_access_to_services                          36,900 rows x   26 vars
23:51:14 01_clean INFO read EICV4_VUP_vup_s7a1_livestock_dta.dta               -> s7a1_livestock                                  14,479 rows x   29 vars
23:51:14 01_clean INFO read EICV4_VUP_vup_s7a2_livestock.dta                   -> s7a2_livestock                                   2,460 rows x   22 vars
23:51:14 01_clean INFO read EICV4_VUP_vup_s7a3_livestock.dta                   -> s7a3_livestock                                  14,479 rows x   20 vars
23:51:14 01_clean INFO read EICV4_VUP_vup_s7a4_livestock_dta.dta               -> s7a4_livestock                                  19,630 rows x   19 vars
23:51:14 01_clean INFO read EICV4_VUP_vup_s7b1_land_agriculture.dta            -> s7b1_land_agriculture                            2,460 rows x   24 vars
23:51:14 01_clean INFO read EICV4_VUP_vup_s7b2_land_agriculture.dta            -> s7b2_land_agriculture                           43,090 rows x   22 vars
23:51:14 01_clean INFO read EICV4_VUP_vup_s7c_parcels_dta.dta                  -> s7c_parcels                                      8,157 rows x   32 vars
23:51:14 01_clean INFO read EICV4_VUP_vup_s7d_large_crop.dta                   -> s7d_large_crop                                   7,606 rows x   23 vars
23:51:14 01_clean INFO read EICV4_VUP_vup_s7e_small_crop_dta.dta               -> s7e_small_crop                                  25,271 rows x   26 vars
23:51:15 01_clean INFO read EICV4_VUP_vup_s7f_income_agriculture_dta.dta       -> s7f_income_agriculture                          29,520 rows x   17 vars
23:51:15 01_clean INFO read EICV4_VUP_vup_s7g_expenditure_agriculture_dta.dta  -> s7g_expenditure_agriculture                     39,360 rows x   16 vars
23:51:15 01_clean INFO read EICV4_VUP_vup_s7h_transformation_agriculture.dta   -> s7h_transformation_agriculture                   9,021 rows x   23 vars
23:51:15 01_clean INFO read EICV4_VUP_vup_s8a1_expenditure.dta                 -> s8a1_expenditure                               169,740 rows x   19 vars
23:51:16 01_clean INFO read EICV4_VUP_vup_s8a2_expenditure_dta.dta             -> s8a2_expenditure                               135,300 rows x   19 vars
23:51:16 01_clean INFO read EICV4_VUP_vup_s8a3_expenditure_dta.dta             -> s8a3_expenditure                                91,020 rows x   28 vars
23:51:17 01_clean INFO read EICV4_VUP_vup_s8b_expenditure_dta.dta              -> s8b_expenditure                                361,620 rows x   28 vars
23:51:18 01_clean INFO read EICV4_VUP_vup_s8c_farming_dta.dta                  -> s8c_farming                                    242,560 rows x   29 vars
23:51:18 01_clean INFO read EICV4_VUP_vup_s9a_transfers_out_dta.dta            -> s9a_transfers_out                               13,140 rows x   24 vars
23:51:18 01_clean INFO read EICV4_VUP_vup_s9b_transfers_in_dta.dta             -> s9b_transfers_in                                14,652 rows x   24 vars
23:51:18 01_clean INFO read EICV4_VUP_vup_s9c1_vup.dta                         -> s9c1_vup                                           572 rows x   22 vars
23:51:18 01_clean INFO read EICV4_VUP_vup_s9c_vup.dta                          -> s9c_vup                                          2,460 rows x   39 vars
23:51:18 01_clean INFO wrote EICV_EICV4_VUP_partb_filter_questions_hh_clean.dta  (2,460 rows x 35 vars, 0.2 MB)
23:51:18 01_clean INFO wrote EICV_EICV4_VUP_s0_s5_household_clean.dta  (2,460 rows x 77 vars, 0.4 MB)
23:51:18 01_clean INFO wrote EICV_EICV4_VUP_s10a1_credits_clean.dta  (2,460 rows x 20 vars, 0.2 MB)
23:51:18 01_clean INFO wrote EICV_EICV4_VUP_s10a2_credits_clean.dta  (3,907 rows x 26 vars, 0.3 MB)
23:51:18 01_clean INFO wrote EICV_EICV4_VUP_s10b_goods_clean.dta  (66,420 rows x 29 vars, 6.6 MB)
23:51:18 01_clean INFO wrote EICV_EICV4_VUP_s10c_savings_clean.dta  (4,759 rows x 26 vars, 0.4 MB)
23:51:19 01_clean INFO wrote EICV_EICV4_VUP_s1_s2_s3_s4_s6a_s6e_s6f_person_clean.dta  (10,606 rows x 130 vars, 2.5 MB)
23:51:19 01_clean INFO wrote EICV_EICV4_VUP_s5e_access_to_services_clean.dta  (36,900 rows x 31 vars, 3.7 MB)
23:51:19 01_clean INFO wrote EICV_EICV4_VUP_s7a1_livestock_clean.dta  (14,479 rows x 34 vars, 1.4 MB)
23:51:19 01_clean INFO wrote EICV_EICV4_VUP_s7a2_livestock_clean.dta  (2,460 rows x 27 vars, 0.2 MB)
23:51:19 01_clean INFO wrote EICV_EICV4_VUP_s7a3_livestock_clean.dta  (14,479 rows x 25 vars, 1.3 MB)
23:51:19 01_clean INFO wrote EICV_EICV4_VUP_s7a4_livestock_clean.dta  (19,630 rows x 24 vars, 1.8 MB)
23:51:19 01_clean INFO wrote EICV_EICV4_VUP_s7b1_land_agriculture_clean.dta  (2,460 rows x 29 vars, 0.2 MB)
23:51:19 01_clean INFO wrote EICV_EICV4_VUP_s7b2_land_agriculture_clean.dta  (43,090 rows x 27 vars, 3.6 MB)
23:51:19 01_clean INFO wrote EICV_EICV4_VUP_s7c_parcels_clean.dta  (8,157 rows x 37 vars, 0.8 MB)
23:51:19 01_clean INFO wrote EICV_EICV4_VUP_s7d_large_crop_clean.dta  (7,606 rows x 28 vars, 0.8 MB)
23:51:19 01_clean INFO wrote EICV_EICV4_VUP_s7e_small_crop_clean.dta  (25,271 rows x 31 vars, 2.7 MB)
23:51:20 01_clean INFO wrote EICV_EICV4_VUP_s7f_income_agriculture_clean.dta  (29,520 rows x 22 vars, 2.4 MB)
23:51:20 01_clean INFO wrote EICV_EICV4_VUP_s7g_expenditure_agriculture_clean.dta  (39,360 rows x 21 vars, 3.1 MB)
23:51:20 01_clean INFO wrote EICV_EICV4_VUP_s7h_transformation_agriculture_clean.dta  (9,021 rows x 28 vars, 0.8 MB)
23:51:21 01_clean INFO wrote EICV_EICV4_VUP_s8a1_expenditure_clean.dta  (169,740 rows x 24 vars, 15.5 MB)
23:51:21 01_clean INFO wrote EICV_EICV4_VUP_s8a2_expenditure_clean.dta  (135,300 rows x 24 vars, 12.3 MB)
23:51:22 01_clean INFO wrote EICV_EICV4_VUP_s8a3_expenditure_clean.dta  (91,020 rows x 33 vars, 9.5 MB)
23:51:24 01_clean INFO wrote EICV_EICV4_VUP_s8b_expenditure_clean.dta  (361,620 rows x 33 vars, 37.3 MB)
23:51:25 01_clean INFO wrote EICV_EICV4_VUP_s8c_farming_clean.dta  (242,560 rows x 34 vars, 40.3 MB)
23:51:25 01_clean INFO wrote EICV_EICV4_VUP_s9a_transfers_out_clean.dta  (13,140 rows x 29 vars, 1.0 MB)
23:51:25 01_clean INFO wrote EICV_EICV4_VUP_s9b_transfers_in_clean.dta  (14,652 rows x 29 vars, 1.1 MB)
23:51:25 01_clean INFO wrote EICV_EICV4_VUP_s9c1_vup_clean.dta  (572 rows x 27 vars, 0.1 MB)
23:51:25 01_clean INFO wrote EICV_EICV4_VUP_s9c_vup_clean.dta  (2,460 rows x 44 vars, 0.3 MB)
23:51:25 01_clean INFO module levels: {'partb_filter_questions_hh': 'other', 's0_s5_household': 'household', 's10a1_credits': 'household', 's10a2_credits': 'multi', 's10b_goods': 'multi', 's10c_savings': 'multi', 's1_s2_s3_s4_s6a_s6e_s6f_person': 'person', 's5e_access_to_services': 'multi', 's7a1_livestock': 'multi', 's7a2_livestock': 'household', 's7a3_livestock': 'multi', 's7a4_livestock': 'multi', 's7b1_land_agriculture': 'household', 's7b2_land_agriculture': 'multi', 's7c_parcels': 'multi', 's7d_large_crop': 'multi', 's7e_small_crop': 'multi', 's7f_income_agriculture': 'multi', 's7g_expenditure_agriculture': 'multi', 's7h_transformation_agriculture': 'multi', 's8a1_expenditure': 'multi', 's8a2_expenditure': 'multi', 's8a3_expenditure': 'multi', 's8b_expenditure': 'multi', 's8c_farming': 'multi', 's9a_transfers_out': 'multi', 's9b_transfers_in': 'multi', 's9c1_vup': 'multi', 's9c_vup': 'household'}
23:51:25 01_clean INFO PASS  EICV4_VUP: (hhid, pid) unique in the person file
23:51:25 01_clean INFO PASS  EICV4_VUP: wt present and > 0 on every person row
23:51:25 01_clean INFO PASS  EICV4_VUP: sex in {1,2}
23:51:25 01_clean INFO EICV4_VUP person file: 10,606 rows x 130 vars; weighted persons = 738,627
23:51:26 01_clean INFO wrote EICV_EICV4_VUP_person_clean.dta  (10,606 rows x 130 vars, 2.5 MB)
23:51:26 01_clean INFO all hard checks passed (0 soft warnings)
23:51:26 01_clean INFO ================ EICV5_CS ================
23:51:26 01_clean INFO read EICV5_CS_cs_s0_s5_household.dta                    -> s0_s5_household                                 14,580 rows x   99 vars
23:51:26 01_clean INFO read EICV5_CS_cs_s10a1_credits.dta                      -> s10a1_credits                                   14,580 rows x   12 vars
23:51:26 01_clean INFO read EICV5_CS_cs_s10a2_listing_of_credits.dta           -> s10a2_listing_of_credits                        15,800 rows x   19 vars
23:51:26 01_clean INFO read EICV5_CS_cs_s10b1_durable_household_goods.dta      -> s10b1_durable_household_goods                   73,551 rows x   13 vars
23:51:27 01_clean INFO read EICV5_CS_cs_s10b2_durable_household_goods.dta      -> s10b2_durable_household_goods                  364,350 rows x   22 vars
23:51:27 01_clean INFO read EICV5_CS_cs_s10c1_savings.dta                      -> s10c1_savings                                   38,142 rows x   16 vars
23:51:27 01_clean INFO read EICV5_CS_cs_s10c2_tontine.dta                      -> s10c2_tontine                                   42,252 rows x   13 vars
23:51:28 01_clean INFO read EICV5_CS_cs_s1_s2_s3_s4_s6a_s6e_person.dta         -> s1_s2_s3_s4_s6a_s6e_person                      64,314 rows x  115 vars
23:51:29 01_clean INFO read EICV5_CS_cs_s5f_access_to_services.dta             -> s5f_access_to_services                         218,700 rows x   19 vars
23:51:30 01_clean INFO read EICV5_CS_cs_s6b_employement_6c_salaried_s6d_business.dta -> s6b_employement_6c_salaried_s6d_business        89,373 rows x   52 vars
23:51:30 01_clean INFO read EICV5_CS_cs_s7a1_livestock.dta                     -> s7a1_livestock                                  89,633 rows x   24 vars
23:51:30 01_clean INFO read EICV5_CS_cs_s7a2_livestock.dta                     -> s7a2_livestock                                   8,963 rows x   19 vars
23:51:30 01_clean INFO read EICV5_CS_cs_s7a3_livestock.dta                     -> s7a3_livestock                                  80,658 rows x   17 vars
23:51:30 01_clean INFO read EICV5_CS_cs_s7a4_livestock.dta                     -> s7a4_livestock                                  98,582 rows x   15 vars
23:51:30 01_clean INFO read EICV5_CS_cs_s7b1_land_agriculture.dta              -> s7b1_land_agriculture                           14,579 rows x   21 vars
23:51:31 01_clean INFO read EICV5_CS_cs_s7b2_land_agriculture.dta              -> s7b2_land_agriculture                          233,046 rows x   18 vars
23:51:31 01_clean INFO read EICV5_CS_cs_s7c_parcels.dta                        -> s7c_parcels                                     42,837 rows x   29 vars
23:51:31 01_clean INFO read EICV5_CS_cs_s7d_large_crop.dta                     -> s7d_large_crop                                  38,326 rows x   15 vars
23:51:31 01_clean INFO read EICV5_CS_cs_s7e_small_crop.dta                     -> s7e_small_crop                                 118,099 rows x   21 vars
23:51:32 01_clean INFO read EICV5_CS_cs_s7f_income_agriculture.dta             -> s7f_income_agriculture                         174,936 rows x   13 vars
23:51:32 01_clean INFO read EICV5_CS_cs_s7g_expenditure_agriculture.dta        -> s7g_expenditure_agriculture                    233,232 rows x   12 vars
23:51:32 01_clean INFO read EICV5_CS_cs_s7h_transformation_agriculture.dta     -> s7h_transformation_agriculture                  45,266 rows x   23 vars
23:51:34 01_clean INFO read EICV5_CS_cs_s8a1_expenditure.dta                   -> s8a1_expenditure                              1,006,020 rows x   14 vars
23:51:36 01_clean INFO read EICV5_CS_cs_s8a2_expenditure.dta                   -> s8a2_expenditure                               801,900 rows x   14 vars
23:51:37 01_clean INFO read EICV5_CS_cs_s8a3_expenditure.dta                   -> s8a3_expenditure                               539,460 rows x   24 vars
23:51:43 01_clean INFO read EICV5_CS_cs_s8b_expenditure.dta                    -> s8b_expenditure                               2,187,000 rows x   24 vars
23:51:48 01_clean INFO read EICV5_CS_cs_s8c_farming.dta                        -> s8c_farming                                   1,472,580 rows x   25 vars
23:51:48 01_clean INFO read EICV5_CS_cs_s9a_transfers_out.dta                  -> s9a_transfers_out                               85,640 rows x   22 vars
23:51:49 01_clean INFO read EICV5_CS_cs_s9b_transfers_in.dta                   -> s9b_transfers_in                                89,487 rows x   22 vars
23:51:49 01_clean INFO read EICV5_CS_cs_s9c3_vup_ubudehe_and_rssp_schemes.dta  -> s9c3_vup_ubudehe_and_rssp_schemes                  294 rows x   52 vars
23:51:49 01_clean INFO read EICV5_CS_cs_s9c4_vup_ubudehe_and_rssp_schemes.dta  -> s9c4_vup_ubudehe_and_rssp_schemes                  137 rows x   42 vars
23:51:49 01_clean INFO read EICV5_CS_cs_s9c_vup_ubudehe_and_rssp_schemes.dta   -> s9c_vup_ubudehe_and_rssp_schemes                14,572 rows x   49 vars
23:51:50 01_clean INFO read EICV5_CS_cs_s9d_other_income.dta                   -> s9d_other_income                               306,060 rows x   13 vars
23:51:50 01_clean INFO read EICV5_CS_cs_s9e_other_expenditure.dta              -> s9e_other_expenditure                          189,468 rows x   11 vars
23:51:50 01_clean INFO read EICV5_CS_eicv5_poverty_file.dta                    -> eicv5_poverty_file                              14,580 rows x   37 vars
23:51:50 01_clean INFO    joined eicv5_poverty_file                            100.00% of base rows matched, 28 columns added, identical copies dropped: ['cluster', 'prov', 'dist', 'urban', 'region', 'wt', 'pop_wt', 'quintile']
23:51:50 01_clean INFO PASS  EICV5_CS: hhid unique in household base (14,580 households)
23:51:50 01_clean INFO PASS  EICV5_CS: prov complete in household key table
23:51:50 01_clean INFO PASS  EICV5_CS: dist complete in household key table
23:51:50 01_clean INFO PASS  EICV5_CS: urban complete in household key table
23:51:50 01_clean INFO PASS  EICV5_CS: cluster complete in household key table
23:51:50 01_clean INFO PASS  EICV5_CS: wt complete in household key table
23:51:50 01_clean INFO PASS  EICV5_CS: province codes 1-5
23:51:50 01_clean INFO PASS  EICV5_CS: 30 districts on the 11-57 scheme
23:51:50 01_clean INFO PASS  EICV5_CS: household weight > 0
23:51:51 01_clean INFO wrote EICV_EICV5_CS_s0_s5_household_clean.dta  (14,580 rows x 104 vars, 3.1 MB)
23:51:51 01_clean INFO wrote EICV_EICV5_CS_s10a1_credits_clean.dta  (14,580 rows x 17 vars, 0.7 MB)
23:51:51 01_clean INFO wrote EICV_EICV5_CS_s10a2_listing_of_credits_clean.dta  (15,800 rows x 24 vars, 1.1 MB)
23:51:51 01_clean INFO wrote EICV_EICV5_CS_s10b1_durable_household_goods_clean.dta  (73,551 rows x 18 vars, 4.0 MB)
23:51:52 01_clean INFO wrote EICV_EICV5_CS_s10b2_durable_household_goods_clean.dta  (364,350 rows x 27 vars, 28.4 MB)
23:51:52 01_clean INFO wrote EICV_EICV5_CS_s10c1_savings_clean.dta  (38,142 rows x 21 vars, 2.3 MB)
23:51:52 01_clean INFO wrote EICV_EICV5_CS_s10c2_tontine_clean.dta  (42,252 rows x 18 vars, 2.4 MB)
23:51:53 01_clean INFO wrote EICV_EICV5_CS_s1_s2_s3_s4_s6a_s6e_person_clean.dta  (64,314 rows x 120 vars, 12.1 MB)
23:51:54 01_clean INFO wrote EICV_EICV5_CS_s5f_access_to_services_clean.dta  (218,700 rows x 24 vars, 14.7 MB)
23:51:54 01_clean INFO wrote EICV_EICV5_CS_s6b_employement_6c_salaried_s6d_business_clean.dta  (89,373 rows x 57 vars, 10.4 MB)
23:51:55 01_clean INFO wrote EICV_EICV5_CS_s7a1_livestock_clean.dta  (89,633 rows x 29 vars, 6.8 MB)
23:51:55 01_clean INFO wrote EICV_EICV5_CS_s7a2_livestock_clean.dta  (8,963 rows x 24 vars, 0.6 MB)
23:51:55 01_clean INFO wrote EICV_EICV5_CS_s7a3_livestock_clean.dta  (80,658 rows x 22 vars, 5.5 MB)
23:51:55 01_clean INFO wrote EICV_EICV5_CS_s7a4_livestock_clean.dta  (98,582 rows x 20 vars, 5.8 MB)
23:51:55 01_clean INFO wrote EICV_EICV5_CS_s7b1_land_agriculture_clean.dta  (14,579 rows x 26 vars, 1.1 MB)
23:51:56 01_clean INFO wrote EICV_EICV5_CS_s7b2_land_agriculture_clean.dta  (233,046 rows x 23 vars, 15.2 MB)
23:51:56 01_clean INFO wrote EICV_EICV5_CS_s7c_parcels_clean.dta  (42,837 rows x 34 vars, 3.5 MB)
23:51:56 01_clean INFO wrote EICV_EICV5_CS_s7d_large_crop_clean.dta  (38,326 rows x 20 vars, 2.7 MB)
23:51:57 01_clean INFO wrote EICV_EICV5_CS_s7e_small_crop_clean.dta  (118,099 rows x 26 vars, 10.2 MB)
23:51:57 01_clean INFO wrote EICV_EICV5_CS_s7f_income_agriculture_clean.dta  (174,936 rows x 18 vars, 10.0 MB)
23:51:58 01_clean INFO wrote EICV_EICV5_CS_s7g_expenditure_agriculture_clean.dta  (233,232 rows x 17 vars, 12.4 MB)
23:51:58 01_clean INFO wrote EICV_EICV5_CS_s7h_transformation_agriculture_clean.dta  (45,266 rows x 28 vars, 3.8 MB)
23:52:01 01_clean INFO wrote EICV_EICV5_CS_s8a1_expenditure_clean.dta  (1,006,020 rows x 19 vars, 55.4 MB)
23:52:03 01_clean INFO wrote EICV_EICV5_CS_s8a2_expenditure_clean.dta  (801,900 rows x 19 vars, 44.1 MB)
23:52:06 01_clean INFO wrote EICV_EICV5_CS_s8a3_expenditure_clean.dta  (539,460 rows x 29 vars, 56.7 MB)
23:52:15 01_clean INFO wrote EICV_EICV5_CS_s8b_expenditure_clean.dta  (2,187,000 rows x 29 vars, 231.8 MB)
23:52:22 01_clean INFO wrote EICV_EICV5_CS_s8c_farming_clean.dta  (1,472,580 rows x 30 vars, 229.7 MB)
23:52:22 01_clean INFO wrote EICV_EICV5_CS_s9a_transfers_out_clean.dta  (85,640 rows x 27 vars, 5.9 MB)
23:52:22 01_clean INFO wrote EICV_EICV5_CS_s9b_transfers_in_clean.dta  (89,487 rows x 27 vars, 6.2 MB)
23:52:22 01_clean INFO wrote EICV_EICV5_CS_s9c3_vup_ubudehe_and_rssp_schemes_clean.dta  (294 rows x 57 vars, 0.1 MB)
23:52:22 01_clean INFO wrote EICV_EICV5_CS_s9c4_vup_ubudehe_and_rssp_schemes_clean.dta  (137 rows x 47 vars, 0.1 MB)
23:52:22 01_clean INFO wrote EICV_EICV5_CS_s9c_vup_ubudehe_and_rssp_schemes_clean.dta  (14,572 rows x 54 vars, 1.4 MB)
23:52:23 01_clean INFO wrote EICV_EICV5_CS_s9d_other_income_clean.dta  (306,060 rows x 18 vars, 17.5 MB)
23:52:24 01_clean INFO wrote EICV_EICV5_CS_s9e_other_expenditure_clean.dta  (189,468 rows x 16 vars, 9.9 MB)
23:52:24 01_clean INFO wrote EICV_EICV5_CS_eicv5_poverty_file_clean.dta  (14,580 rows x 42 vars, 3.5 MB)
23:52:24 01_clean INFO module levels: {'s0_s5_household': 'household', 's10a1_credits': 'household', 's10a2_listing_of_credits': 'multi', 's10b1_durable_household_goods': 'multi', 's10b2_durable_household_goods': 'multi', 's10c1_savings': 'multi', 's10c2_tontine': 'multi', 's1_s2_s3_s4_s6a_s6e_person': 'person', 's5f_access_to_services': 'multi', 's6b_employement_6c_salaried_s6d_business': 'multi', 's7a1_livestock': 'multi', 's7a2_livestock': 'household', 's7a3_livestock': 'multi', 's7a4_livestock': 'multi', 's7b1_land_agriculture': 'household', 's7b2_land_agriculture': 'multi', 's7c_parcels': 'multi', 's7d_large_crop': 'multi', 's7e_small_crop': 'multi', 's7f_income_agriculture': 'multi', 's7g_expenditure_agriculture': 'multi', 's7h_transformation_agriculture': 'multi', 's8a1_expenditure': 'multi', 's8a2_expenditure': 'multi', 's8a3_expenditure': 'multi', 's8b_expenditure': 'multi', 's8c_farming': 'multi', 's9a_transfers_out': 'multi', 's9b_transfers_in': 'multi', 's9c3_vup_ubudehe_and_rssp_schemes': 'multi', 's9c4_vup_ubudehe_and_rssp_schemes': 'multi', 's9c_vup_ubudehe_and_rssp_schemes': 'household', 's9d_other_income': 'multi', 's9e_other_expenditure': 'multi', 'eicv5_poverty_file': 'household'}
23:52:24 01_clean INFO PASS  EICV5_CS: (hhid, pid) unique in the person file
23:52:24 01_clean INFO PASS  EICV5_CS: wt present and > 0 on every person row
23:52:24 01_clean INFO PASS  EICV5_CS: sex in {1,2}
23:52:24 01_clean INFO EICV5_CS person file: 64,314 rows x 120 vars; weighted persons = 11,893,443
23:52:25 01_clean INFO wrote EICV_EICV5_CS_person_clean.dta  (64,314 rows x 120 vars, 12.1 MB)
23:52:25 01_clean INFO    joined s10a1_credits                                 100.00% of base rows matched, 5 columns added, identical copies dropped: ['quintile'], differing copies kept as _s10a1_credits: ['region', 'poverty']
23:52:25 01_clean INFO    joined s7a2_livestock                                 61.47% of base rows matched, 12 columns added, identical copies dropped: ['quintile'], differing copies kept as _s7a2_livestock: ['region', 'poverty']
23:52:25 01_clean INFO    joined s7b1_land_agriculture                          99.99% of base rows matched, 14 columns added, identical copies dropped: ['quintile'], differing copies kept as _s7b1_land_agriculture: ['region', 'poverty']
23:52:25 01_clean INFO    joined s9c_vup_ubudehe_and_rssp_schemes               99.95% of base rows matched, 42 columns added, identical copies dropped: ['quintile'], differing copies kept as _s9c_vup_ubudehe_and_rssp_schemes: ['region', 'poverty']
23:52:25 01_clean INFO PASS  EICV5_CS: one head (s1q2 == 1) per household: 100.0000%
23:52:25 01_clean INFO PASS  EICV5_CS: hhid unique in the household file (14,580 households)
23:52:25 01_clean INFO PASS  EICV5_CS: sum of hhsize == person rows
23:52:25 01_clean INFO EICV5_CS household file: 14,580 rows x 208 vars; weighted households = 2,708,212
23:52:25 01_clean INFO wrote EICV_EICV5_CS_household_clean.dta  (14,580 rows x 208 vars, 7.3 MB)
23:52:25 01_clean INFO all hard checks passed (0 soft warnings)
23:52:25 01_clean INFO ================ EICV5_VUP ================
23:52:25 01_clean INFO read EICV5_VUP_vup_panel_for_merge.dta                  -> panel_for_merge                                  5,171 rows x   32 vars
23:52:25 01_clean INFO read EICV5_VUP_vup_s0_s5_household.dta                  -> s0_s5_household                                  1,644 rows x   96 vars
23:52:25 01_clean INFO read EICV5_VUP_vup_s10a1_credits.dta                    -> s10a1_credits                                    1,643 rows x   12 vars
23:52:25 01_clean INFO read EICV5_VUP_vup_s10a2_listing_of_credits.dta         -> s10a2_listing_of_credits                         1,968 rows x   18 vars
23:52:25 01_clean INFO read EICV5_VUP_vup_s10b1_durable_household_goods.dta    -> s10b1_durable_household_goods                    6,576 rows x   13 vars
23:52:25 01_clean INFO read EICV5_VUP_vup_s10b2_durable_household_goods.dta    -> s10b2_durable_household_goods                   41,100 rows x   23 vars
23:52:25 01_clean INFO read EICV5_VUP_vup_s10c1_savings.dta                    -> s10c1_savings                                    6,099 rows x   16 vars
23:52:25 01_clean INFO read EICV5_VUP_vup_s10c2_tontine.dta                    -> s10c2_tontine                                    4,577 rows x   14 vars
23:52:26 01_clean INFO read EICV5_VUP_vup_s1_s2_s3_s4_s6a_s6e_person.dta       -> s1_s2_s3_s4_s6a_s6e_person                       6,596 rows x  115 vars
23:52:26 01_clean INFO read EICV5_VUP_vup_s5f_access_to_services.dta           -> s5f_access_to_services                          24,660 rows x   20 vars
23:52:26 01_clean INFO read EICV5_VUP_vup_s6b_employement_6c_salaried_s6d_business.dta -> s6b_employement_6c_salaried_s6d_business         9,180 rows x   52 vars
23:52:26 01_clean INFO read EICV5_VUP_vup_s7a1_livestock.dta                   -> s7a1_livestock                                  11,867 rows x   24 vars
23:52:26 01_clean INFO read EICV5_VUP_vup_s7a2_livestock.dta                   -> s7a2_livestock                                   1,136 rows x   19 vars
23:52:26 01_clean INFO read EICV5_VUP_vup_s7a3_livestock.dta                   -> s7a3_livestock                                  10,224 rows x   17 vars
23:52:26 01_clean INFO read EICV5_VUP_vup_s7a4_livestock.dta                   -> s7a4_livestock                                  12,495 rows x   15 vars
23:52:26 01_clean INFO read EICV5_VUP_vup_s7b1_land_agriculture.dta            -> s7b1_land_agriculture                            1,644 rows x   21 vars
23:52:26 01_clean INFO read EICV5_VUP_vup_s7b2_land_agriculture.dta            -> s7b2_land_agriculture                           27,198 rows x   18 vars
23:52:26 01_clean INFO read EICV5_VUP_vup_s7c_parcels.dta                      -> s7c_parcels                                      4,629 rows x   31 vars
23:52:26 01_clean INFO read EICV5_VUP_vup_s7d_large_crop.dta                   -> s7d_large_crop                                   4,613 rows x   17 vars
23:52:26 01_clean INFO read EICV5_VUP_vup_s7e_small_crop.dta                   -> s7e_small_crop                                  14,136 rows x   22 vars
23:52:26 01_clean INFO read EICV5_VUP_vup_s7f_income_agriculture.dta           -> s7f_income_agriculture                          19,728 rows x   13 vars
23:52:26 01_clean INFO read EICV5_VUP_vup_s7g_expenditure_agriculture.dta      -> s7g_expenditure_agriculture                     26,288 rows x   12 vars
23:52:26 01_clean INFO read EICV5_VUP_vup_s7h_transformation_agriculture.dta   -> s7h_transformation_agriculture                   5,300 rows x   24 vars
23:52:26 01_clean INFO read EICV5_VUP_vup_s8a1_expenditure.dta                 -> s8a1_expenditure                               113,436 rows x   15 vars
23:52:27 01_clean INFO read EICV5_VUP_vup_s8a2_expenditure.dta                 -> s8a2_expenditure                                90,366 rows x   15 vars
23:52:27 01_clean INFO read EICV5_VUP_vup_s8a3_expenditure.dta                 -> s8a3_expenditure                                60,828 rows x   25 vars
23:52:28 01_clean INFO read EICV5_VUP_vup_s8b_expenditure.dta                  -> s8b_expenditure                                246,600 rows x   25 vars
23:52:29 01_clean INFO read EICV5_VUP_vup_s8c_farming.dta                      -> s8c_farming                                    166,044 rows x   26 vars
23:52:29 01_clean INFO read EICV5_VUP_vup_s9a_transfers_out.dta                -> s9a_transfers_out                                8,592 rows x   23 vars
23:52:29 01_clean INFO read EICV5_VUP_vup_s9b_transfers_in.dta                 -> s9b_transfers_in                                10,844 rows x   23 vars
23:52:29 01_clean INFO read EICV5_VUP_vup_s9c3_vup_ubudehe_and_rssp_schemes.dta -> s9c3_vup_ubudehe_and_rssp_schemes                  128 rows x   53 vars
23:52:29 01_clean INFO read EICV5_VUP_vup_s9c4_vup_ubudehe_and_rssp_schemes.dta -> s9c4_vup_ubudehe_and_rssp_schemes                  154 rows x   42 vars
23:52:29 01_clean INFO read EICV5_VUP_vup_s9c_vup_ubudehe_and_rssp_schemes.dta -> s9c_vup_ubudehe_and_rssp_schemes                 1,642 rows x   50 vars
23:52:29 01_clean INFO read EICV5_VUP_vup_s9d_other_income.dta                 -> s9d_other_income                                34,463 rows x   13 vars
23:52:29 01_clean INFO read EICV5_VUP_vup_s9e_other_expenditure.dta            -> s9e_other_expenditure                           21,333 rows x   11 vars
23:52:29 01_clean INFO PASS  EICV5_VUP: hhid unique in household base (1,644 households)
23:52:29 01_clean INFO PASS  EICV5_VUP: prov complete in household key table
23:52:29 01_clean INFO PASS  EICV5_VUP: dist complete in household key table
23:52:29 01_clean INFO PASS  EICV5_VUP: urban complete in household key table
23:52:29 01_clean INFO PASS  EICV5_VUP: cluster complete in household key table
23:52:29 01_clean INFO PASS  EICV5_VUP: wt complete in household key table
23:52:29 01_clean INFO PASS  EICV5_VUP: province codes 1-5
23:52:29 01_clean INFO PASS  EICV5_VUP: 30 districts on the 11-57 scheme
23:52:29 01_clean INFO PASS  EICV5_VUP: household weight > 0
23:52:29 01_clean INFO wrote EICV_EICV5_VUP_panel_for_merge_clean.dta  (5,171 rows x 41 vars, 0.7 MB)
23:52:29 01_clean INFO wrote EICV_EICV5_VUP_s0_s5_household_clean.dta  (1,644 rows x 101 vars, 0.4 MB)
23:52:29 01_clean INFO wrote EICV_EICV5_VUP_s10a1_credits_clean.dta  (1,643 rows x 17 vars, 0.1 MB)
23:52:29 01_clean INFO wrote EICV_EICV5_VUP_s10a2_listing_of_credits_clean.dta  (1,968 rows x 23 vars, 0.2 MB)
23:52:29 01_clean INFO wrote EICV_EICV5_VUP_s10b1_durable_household_goods_clean.dta  (6,576 rows x 18 vars, 0.4 MB)
23:52:29 01_clean INFO wrote EICV_EICV5_VUP_s10b2_durable_household_goods_clean.dta  (41,100 rows x 28 vars, 3.6 MB)
23:52:30 01_clean INFO wrote EICV_EICV5_VUP_s10c1_savings_clean.dta  (6,099 rows x 21 vars, 0.4 MB)
23:52:30 01_clean INFO wrote EICV_EICV5_VUP_s10c2_tontine_clean.dta  (4,577 rows x 19 vars, 0.3 MB)
23:52:30 01_clean INFO wrote EICV_EICV5_VUP_s1_s2_s3_s4_s6a_s6e_person_clean.dta  (6,596 rows x 120 vars, 1.4 MB)
23:52:30 01_clean INFO wrote EICV_EICV5_VUP_s5f_access_to_services_clean.dta  (24,660 rows x 25 vars, 1.8 MB)
23:52:30 01_clean INFO wrote EICV_EICV5_VUP_s6b_employement_6c_salaried_s6d_business_clean.dta  (9,180 rows x 57 vars, 1.2 MB)
23:52:30 01_clean INFO wrote EICV_EICV5_VUP_s7a1_livestock_clean.dta  (11,867 rows x 29 vars, 1.0 MB)
23:52:30 01_clean INFO wrote EICV_EICV5_VUP_s7a2_livestock_clean.dta  (1,136 rows x 24 vars, 0.1 MB)
23:52:30 01_clean INFO wrote EICV_EICV5_VUP_s7a3_livestock_clean.dta  (10,224 rows x 22 vars, 0.8 MB)
23:52:30 01_clean INFO wrote EICV_EICV5_VUP_s7a4_livestock_clean.dta  (12,495 rows x 20 vars, 0.8 MB)
23:52:30 01_clean INFO wrote EICV_EICV5_VUP_s7b1_land_agriculture_clean.dta  (1,644 rows x 26 vars, 0.1 MB)
23:52:30 01_clean INFO wrote EICV_EICV5_VUP_s7b2_land_agriculture_clean.dta  (27,198 rows x 23 vars, 1.9 MB)
23:52:30 01_clean INFO wrote EICV_EICV5_VUP_s7c_parcels_clean.dta  (4,629 rows x 36 vars, 0.5 MB)
23:52:30 01_clean INFO wrote EICV_EICV5_VUP_s7d_large_crop_clean.dta  (4,613 rows x 22 vars, 0.4 MB)
23:52:30 01_clean INFO wrote EICV_EICV5_VUP_s7e_small_crop_clean.dta  (14,136 rows x 27 vars, 1.3 MB)
23:52:30 01_clean INFO wrote EICV_EICV5_VUP_s7f_income_agriculture_clean.dta  (19,728 rows x 18 vars, 1.2 MB)
23:52:30 01_clean INFO wrote EICV_EICV5_VUP_s7g_expenditure_agriculture_clean.dta  (26,288 rows x 17 vars, 1.6 MB)
23:52:30 01_clean INFO wrote EICV_EICV5_VUP_s7h_transformation_agriculture_clean.dta  (5,300 rows x 29 vars, 0.5 MB)
23:52:31 01_clean INFO wrote EICV_EICV5_VUP_s8a1_expenditure_clean.dta  (113,436 rows x 20 vars, 8.2 MB)
23:52:31 01_clean INFO wrote EICV_EICV5_VUP_s8a2_expenditure_clean.dta  (90,366 rows x 20 vars, 6.5 MB)
23:52:32 01_clean INFO wrote EICV_EICV5_VUP_s8a3_expenditure_clean.dta  (60,828 rows x 30 vars, 7.4 MB)
23:52:33 01_clean INFO wrote EICV_EICV5_VUP_s8b_expenditure_clean.dta  (246,600 rows x 30 vars, 34.8 MB)
23:52:34 01_clean INFO wrote EICV_EICV5_VUP_s8c_farming_clean.dta  (166,044 rows x 31 vars, 32.4 MB)
23:52:34 01_clean INFO wrote EICV_EICV5_VUP_s9a_transfers_out_clean.dta  (8,592 rows x 28 vars, 0.8 MB)
23:52:34 01_clean INFO wrote EICV_EICV5_VUP_s9b_transfers_in_clean.dta  (10,844 rows x 28 vars, 1.1 MB)
23:52:34 01_clean INFO wrote EICV_EICV5_VUP_s9c3_vup_ubudehe_and_rssp_schemes_clean.dta  (128 rows x 58 vars, 0.1 MB)
23:52:34 01_clean INFO wrote EICV_EICV5_VUP_s9c4_vup_ubudehe_and_rssp_schemes_clean.dta  (154 rows x 47 vars, 0.1 MB)
23:52:34 01_clean INFO wrote EICV_EICV5_VUP_s9c_vup_ubudehe_and_rssp_schemes_clean.dta  (1,642 rows x 55 vars, 0.2 MB)
23:52:34 01_clean INFO wrote EICV_EICV5_VUP_s9d_other_income_clean.dta  (34,463 rows x 18 vars, 2.2 MB)
23:52:34 01_clean INFO wrote EICV_EICV5_VUP_s9e_other_expenditure_clean.dta  (21,333 rows x 16 vars, 1.2 MB)
23:52:34 01_clean INFO module levels: {'panel_for_merge': 'person', 's0_s5_household': 'household', 's10a1_credits': 'household', 's10a2_listing_of_credits': 'multi', 's10b1_durable_household_goods': 'multi', 's10b2_durable_household_goods': 'multi', 's10c1_savings': 'multi', 's10c2_tontine': 'multi', 's1_s2_s3_s4_s6a_s6e_person': 'person', 's5f_access_to_services': 'multi', 's6b_employement_6c_salaried_s6d_business': 'multi', 's7a1_livestock': 'multi', 's7a2_livestock': 'household', 's7a3_livestock': 'multi', 's7a4_livestock': 'multi', 's7b1_land_agriculture': 'household', 's7b2_land_agriculture': 'multi', 's7c_parcels': 'multi', 's7d_large_crop': 'multi', 's7e_small_crop': 'multi', 's7f_income_agriculture': 'multi', 's7g_expenditure_agriculture': 'multi', 's7h_transformation_agriculture': 'multi', 's8a1_expenditure': 'multi', 's8a2_expenditure': 'multi', 's8a3_expenditure': 'multi', 's8b_expenditure': 'multi', 's8c_farming': 'multi', 's9a_transfers_out': 'multi', 's9b_transfers_in': 'multi', 's9c3_vup_ubudehe_and_rssp_schemes': 'household', 's9c4_vup_ubudehe_and_rssp_schemes': 'multi', 's9c_vup_ubudehe_and_rssp_schemes': 'household', 's9d_other_income': 'multi', 's9e_other_expenditure': 'multi'}
23:52:34 01_clean INFO    joined panel_for_merge                                78.40% of base rows matched, 28 columns added, identical copies dropped: ['hhid_eicv4'], differing copies kept as _panel_for_merge: ['pid_eicv4']
23:52:34 01_clean INFO PASS  EICV5_VUP: (hhid, pid) unique in the person file
23:52:34 01_clean INFO PASS  EICV5_VUP: wt present and > 0 on every person row
23:52:34 01_clean INFO PASS  EICV5_VUP: sex in {1,2}
23:52:34 01_clean INFO EICV5_VUP person file: 6,596 rows x 148 vars; weighted persons = 370,780
23:52:34 01_clean INFO wrote EICV_EICV5_VUP_person_clean.dta  (6,596 rows x 148 vars, 1.9 MB)
23:52:34 01_clean INFO    joined s10a1_credits                                  99.94% of base rows matched, 3 columns added, identical copies dropped: ['hhid_eicv4', 's0q18m', 's0q18y']
23:52:34 01_clean INFO    joined s7a2_livestock                                 69.10% of base rows matched, 10 columns added, identical copies dropped: ['hhid_eicv4', 's0q18m', 's0q18y']
23:52:34 01_clean INFO    joined s7b1_land_agriculture                         100.00% of base rows matched, 12 columns added, identical copies dropped: ['hhid_eicv4', 's0q18m', 's0q18y']
23:52:34 01_clean INFO    joined s9c3_vup_ubudehe_and_rssp_schemes               7.79% of base rows matched, 43 columns added, identical copies dropped: ['hhid_eicv4', 's0qb', 's0q18m', 's0q18y']
23:52:35 01_clean INFO    joined s9c_vup_ubudehe_and_rssp_schemes               99.88% of base rows matched, 29 columns added, identical copies dropped: ['hhid_eicv4', 's9cq1', 's9cq2', 's9cq4a', 's9cq4b', 's9cq4c', 's9cq4d', 's9cq4e'], differing copies kept as _s9c_vup_ubudehe_and_rssp_schemes: ['s0qb']
23:52:35 01_clean INFO PASS  EICV5_VUP: one head (s1q2 == 1) per household: 100.0000%
23:52:35 01_clean INFO PASS  EICV5_VUP: hhid unique in the household file (1,644 households)
23:52:35 01_clean INFO PASS  EICV5_VUP: sum of hhsize == person rows
23:52:35 01_clean INFO EICV5_VUP household file: 1,644 rows x 201 vars; weighted households = 88,110
23:52:35 01_clean INFO wrote EICV_EICV5_VUP_household_clean.dta  (1,644 rows x 201 vars, 0.7 MB)
23:52:35 01_clean INFO all hard checks passed (0 soft warnings)
23:52:35 01_clean INFO ================ EICV7_CS ================
23:52:35 01_clean INFO read EICV7_CS_cs_eicv7_poverty_file.dta                 -> eicv7_poverty_file                              15,054 rows x   32 vars
23:52:35 01_clean INFO read EICV7_CS_cs_s01_s5_s7_household.dta                -> s01_s5_s7_household                             15,054 rows x  112 vars
23:52:37 01_clean INFO read EICV7_CS_cs_s0_s1_s2_s3_s4_s6a_s6b_s6c_person.dta  -> s0_s1_s2_s3_s4_s6a_s6b_s6c_person               62,110 rows x  157 vars
23:52:37 01_clean INFO read EICV7_CS_cs_s10a1_a2_credits.dta                   -> s10a1_a2_credits                                20,509 rows x   20 vars
23:52:38 01_clean INFO read EICV7_CS_cs_s10b_durables.dta                      -> s10b_durables                                  406,458 rows x   19 vars
23:52:38 01_clean INFO read EICV7_CS_cs_s10c_savings.dta                       -> s10c_savings                                    43,810 rows x   19 vars
23:52:39 01_clean INFO read EICV7_CS_cs_s5f_access_to_services.dta             -> s5f_access_to_services                         225,810 rows x   22 vars
23:52:41 01_clean INFO read EICV7_CS_cs_s8a1_expenditure.dta                   -> s8a1_expenditure                              1,159,158 rows x   17 vars
23:52:42 01_clean INFO read EICV7_CS_cs_s8a2_expenditure.dta                   -> s8a2_expenditure                               978,382 rows x   17 vars
23:52:43 01_clean INFO read EICV7_CS_cs_s8a3_expenditure.dta                   -> s8a3_expenditure                               346,220 rows x   21 vars
23:52:50 01_clean INFO read EICV7_CS_cs_s8b_food_expenditure_consumption.dta   -> s8b_food_expenditure_consumption              2,227,992 rows x   68 vars
23:52:50 01_clean INFO read EICV7_CS_cs_s8c_food_away_from_home.dta            -> s8c_food_away_from_home                         62,110 rows x   72 vars
23:52:50 01_clean INFO read EICV7_CS_cs_s9a_transfers_out.dta                  -> s9a_transfers_out                               68,175 rows x   25 vars
23:52:50 01_clean INFO read EICV7_CS_cs_s9b_transfers_in.dta                   -> s9b_transfers_in                                33,353 rows x   22 vars
23:52:51 01_clean INFO read EICV7_CS_cs_s9c_other_expenditure.dta              -> s9c_other_expenditure                          198,588 rows x   13 vars
23:52:51 01_clean INFO read EICV7_CS_cs_s9d1_direct_support.dta                -> s9d1_direct_support                             15,056 rows x   37 vars
23:52:51 01_clean INFO read EICV7_CS_cs_s9d2_classic_public_work.dta           -> s9d2_classic_public_work                        15,054 rows x   40 vars
23:52:51 01_clean INFO read EICV7_CS_cs_s9d3_expanded_public_work.dta          -> s9d3_expanded_public_work                       15,055 rows x   41 vars
23:52:51 01_clean INFO read EICV7_CS_cs_s9d4_nsds.dta                          -> s9d4_nsds                                       15,057 rows x   46 vars
23:52:51 01_clean INFO read EICV7_CS_cs_s9d5_financial_services.dta            -> s9d5_financial_services                         15,054 rows x   23 vars
23:52:52 01_clean INFO read EICV7_CS_cs_s9e_other_income.dta                   -> s9e_other_income                               397,176 rows x   15 vars
23:52:52 01_clean INFO    joined eicv7_poverty_file                            100.00% of base rows matched, 25 columns added, identical copies dropped: ['cluster', 'prov', 'dist', 'urban', 'wt', 'pop_wt'], differing copies kept as _eicv7_poverty_file: ['quintile', 'pov_jan', 'poverty', 'epov_jan']
23:52:52 01_clean INFO PASS  EICV7_CS: hhid unique in household base (15,054 households)
23:52:52 01_clean INFO PASS  EICV7_CS: prov complete in household key table
23:52:52 01_clean INFO PASS  EICV7_CS: dist complete in household key table
23:52:52 01_clean INFO PASS  EICV7_CS: urban complete in household key table
23:52:52 01_clean INFO PASS  EICV7_CS: cluster complete in household key table
23:52:52 01_clean INFO PASS  EICV7_CS: wt complete in household key table
23:52:52 01_clean INFO PASS  EICV7_CS: province codes 1-5
23:52:52 01_clean INFO PASS  EICV7_CS: 30 districts on the 11-57 scheme
23:52:52 01_clean INFO PASS  EICV7_CS: household weight > 0
23:52:52 01_clean INFO wrote EICV_EICV7_CS_eicv7_poverty_file_clean.dta  (15,054 rows x 37 vars, 2.9 MB)
23:52:52 01_clean INFO destring s7a2q5a (1468 values)
23:52:52 01_clean INFO wrote EICV_EICV7_CS_s01_s5_s7_household_clean.dta  (15,054 rows x 117 vars, 3.1 MB)
23:52:53 01_clean INFO wrote EICV_EICV7_CS_s0_s1_s2_s3_s4_s6a_s6b_s6c_person_clean.dta  (62,110 rows x 162 vars, 15.0 MB)
23:52:53 01_clean INFO wrote EICV_EICV7_CS_s10a1_a2_credits_clean.dta  (20,509 rows x 25 vars, 1.2 MB)
23:52:54 01_clean INFO wrote EICV_EICV7_CS_s10b_durables_clean.dta  (406,458 rows x 24 vars, 27.7 MB)
23:52:55 01_clean INFO wrote EICV_EICV7_CS_s10c_savings_clean.dta  (43,810 rows x 24 vars, 2.6 MB)
23:52:55 01_clean INFO wrote EICV_EICV7_CS_s5f_access_to_services_clean.dta  (225,810 rows x 27 vars, 14.5 MB)
23:52:59 01_clean INFO wrote EICV_EICV7_CS_s8a1_expenditure_clean.dta  (1,159,158 rows x 22 vars, 71.9 MB)
23:53:02 01_clean INFO wrote EICV_EICV7_CS_s8a2_expenditure_clean.dta  (978,382 rows x 22 vars, 60.7 MB)
23:53:03 01_clean INFO wrote EICV_EICV7_CS_s8a3_expenditure_clean.dta  (346,220 rows x 26 vars, 25.6 MB)
23:53:16 01_clean INFO wrote EICV_EICV7_CS_s8b_food_expenditure_consumption_clean.dta  (2,227,992 rows x 73 vars, 588.2 MB)
23:53:17 01_clean INFO wrote EICV_EICV7_CS_s8c_food_away_from_home_clean.dta  (62,110 rows x 77 vars, 9.1 MB)
23:53:17 01_clean INFO wrote EICV_EICV7_CS_s9a_transfers_out_clean.dta  (68,175 rows x 30 vars, 5.0 MB)
23:53:17 01_clean INFO wrote EICV_EICV7_CS_s9b_transfers_in_clean.dta  (33,353 rows x 27 vars, 2.2 MB)
23:53:18 01_clean INFO wrote EICV_EICV7_CS_s9c_other_expenditure_clean.dta  (198,588 rows x 18 vars, 10.9 MB)
23:53:18 01_clean INFO wrote EICV_EICV7_CS_s9d1_direct_support_clean.dta  (15,056 rows x 42 vars, 1.4 MB)
23:53:18 01_clean INFO wrote EICV_EICV7_CS_s9d2_classic_public_work_clean.dta  (15,054 rows x 45 vars, 1.5 MB)
23:53:18 01_clean INFO wrote EICV_EICV7_CS_s9d3_expanded_public_work_clean.dta  (15,055 rows x 46 vars, 1.5 MB)
23:53:18 01_clean INFO wrote EICV_EICV7_CS_s9d4_nsds_clean.dta  (15,057 rows x 51 vars, 1.5 MB)
23:53:18 01_clean INFO wrote EICV_EICV7_CS_s9d5_financial_services_clean.dta  (15,054 rows x 28 vars, 1.0 MB)
23:53:19 01_clean INFO wrote EICV_EICV7_CS_s9e_other_income_clean.dta  (397,176 rows x 20 vars, 23.8 MB)
23:53:19 01_clean INFO module levels: {'eicv7_poverty_file': 'household', 's01_s5_s7_household': 'household', 's0_s1_s2_s3_s4_s6a_s6b_s6c_person': 'person', 's10a1_a2_credits': 'multi', 's10b_durables': 'multi', 's10c_savings': 'multi', 's5f_access_to_services': 'multi', 's8a1_expenditure': 'multi', 's8a2_expenditure': 'multi', 's8a3_expenditure': 'multi', 's8b_food_expenditure_consumption': 'multi', 's8c_food_away_from_home': 'person', 's9a_transfers_out': 'multi', 's9b_transfers_in': 'multi', 's9c_other_expenditure': 'multi', 's9d1_direct_support': 'multi', 's9d2_classic_public_work': 'household', 's9d3_expanded_public_work': 'multi', 's9d4_nsds': 'multi', 's9d5_financial_services': 'household', 's9e_other_income': 'multi'}
23:53:19 01_clean INFO    joined s8c_food_away_from_home                       100.00% of base rows matched, 60 columns added, identical copies dropped: ['strata_id', 'epov_jan', 'pov_jan', 'poverty', 'quintile']
23:53:19 01_clean INFO PASS  EICV7_CS: (hhid, pid) unique in the person file
23:53:19 01_clean INFO PASS  EICV7_CS: wt present and > 0 on every person row
23:53:19 01_clean INFO PASS  EICV7_CS: sex in {1,2}
23:53:19 01_clean INFO EICV7_CS person file: 62,110 rows x 222 vars; weighted persons = 13,549,457
23:53:21 01_clean INFO wrote EICV_EICV7_CS_person_clean.dta  (62,110 rows x 222 vars, 20.9 MB)
23:53:21 01_clean INFO    joined s9d2_classic_public_work                      100.00% of base rows matched, 32 columns added, identical copies dropped: ['strata_id'], differing copies kept as _s9d2_classic_public_work: ['quintile', 'pov_jan', 'poverty', 'epov_jan']
23:53:21 01_clean INFO    joined s9d5_financial_services                       100.00% of base rows matched, 15 columns added, identical copies dropped: ['strata_id'], differing copies kept as _s9d5_financial_services: ['s9d1q1', 'quintile', 'pov_jan', 'poverty', 'epov_jan']
23:53:21 01_clean INFO PASS  EICV7_CS: one head (s1q2 == 1) per household: 100.0000%
23:53:21 01_clean INFO PASS  EICV7_CS: hhid unique in the household file (15,054 households)
23:53:21 01_clean INFO PASS  EICV7_CS: sum of hhsize == person rows
23:53:21 01_clean INFO EICV7_CS household file: 15,054 rows x 192 vars; weighted households = 3,289,819
23:53:21 01_clean INFO wrote EICV_EICV7_CS_household_clean.dta  (15,054 rows x 192 vars, 6.4 MB)
23:53:21 01_clean INFO all hard checks passed (0 soft warnings)
23:53:21 01_clean INFO ================ EICV7_VUP ================
23:53:21 01_clean INFO read EICV7_VUP_vup_s01_s5_s7_household.dta              -> s01_s5_s7_household                              3,771 rows x  112 vars
23:53:22 01_clean INFO read EICV7_VUP_vup_s0_s1_s2_s3_s4_s6a_s6b_s6c_person.dta -> s0_s1_s2_s3_s4_s6a_s6b_s6c_person               15,039 rows x  157 vars
23:53:22 01_clean INFO name collision 'Province' vs 'province' -> renaming 'Province' to 'province_2'
23:53:22 01_clean INFO read EICV7_VUP_vup_s10a1_a2_credits.dta                 -> s10a1_a2_credits                                 5,404 rows x   21 vars
23:53:22 01_clean INFO name collision 'Province' vs 'province' -> renaming 'Province' to 'province_2'
23:53:22 01_clean INFO read EICV7_VUP_vup_s10b_durables.dta                    -> s10b_durables                                  101,817 rows x   20 vars
23:53:22 01_clean INFO name collision 'Province' vs 'province' -> renaming 'Province' to 'province_2'
23:53:22 01_clean INFO read EICV7_VUP_vup_s10c_savings.dta                     -> s10c_savings                                    10,777 rows x   20 vars
23:53:22 01_clean INFO name collision 'Province' vs 'province' -> renaming 'Province' to 'province_2'
23:53:22 01_clean INFO read EICV7_VUP_vup_s5f_access_to_services.dta           -> s5f_access_to_services                          56,565 rows x   23 vars
23:53:23 01_clean INFO read EICV7_VUP_vup_s8a1_expenditure.dta                 -> s8a1_expenditure                               290,367 rows x   17 vars
23:53:23 01_clean INFO read EICV7_VUP_vup_s8a2_expenditure.dta                 -> s8a2_expenditure                               245,115 rows x   17 vars
23:53:23 01_clean INFO read EICV7_VUP_vup_s8a3_expenditure.dta                 -> s8a3_expenditure                                86,623 rows x   21 vars
23:53:25 01_clean INFO read EICV7_VUP_vup_s8b_food_expenditure_consumption.dta -> s8b_food_expenditure_consumption               558,108 rows x   64 vars
23:53:25 01_clean INFO read EICV7_VUP_vup_s8c_food_away_from_home.dta          -> s8c_food_away_from_home                         15,039 rows x   68 vars
23:53:25 01_clean INFO read EICV7_VUP_vup_s9a_transfers_out.dta                -> s9a_transfers_out                               16,256 rows x   25 vars
23:53:25 01_clean INFO read EICV7_VUP_vup_s9b_transfers_in.dta                 -> s9b_transfers_in                                 9,313 rows x   23 vars
23:53:25 01_clean INFO read EICV7_VUP_vup_s9c_other_expenditure.dta            -> s9c_other_expenditure                           49,439 rows x   13 vars
23:53:25 01_clean INFO read EICV7_VUP_vup_s9d1_direct_support.dta              -> s9d1_direct_support                              1,003 rows x   37 vars
23:53:25 01_clean INFO read EICV7_VUP_vup_s9d2_classic_public_work.dta         -> s9d2_classic_public_work                           925 rows x   40 vars
23:53:25 01_clean INFO name collision 'Province' vs 'province' -> renaming 'Province' to 'province_2'
23:53:25 01_clean INFO read EICV7_VUP_vup_s9d3_expanded_public_work.dta        -> s9d3_expanded_public_work                          796 rows x   42 vars
23:53:25 01_clean INFO name collision 'Province' vs 'province' -> renaming 'Province' to 'province_2'
23:53:25 01_clean INFO read EICV7_VUP_vup_s9d4_nsds.dta                        -> s9d4_nsds                                          675 rows x   41 vars
23:53:25 01_clean INFO name collision 'Province' vs 'province' -> renaming 'Province' to 'province_2'
23:53:25 01_clean INFO read EICV7_VUP_vup_s9d5_financial_services.dta          -> s9d5_financial_services                            592 rows x   23 vars
23:53:25 01_clean INFO name collision 'Province' vs 'province' -> renaming 'Province' to 'province_2'
23:53:25 01_clean INFO read EICV7_VUP_vup_s9e_other_income.dta                 -> s9e_other_income                                98,878 rows x   16 vars
23:53:25 01_clean INFO PASS  EICV7_VUP: hhid unique in household base (3,771 households)
23:53:25 01_clean INFO PASS  EICV7_VUP: prov complete in household key table
23:53:25 01_clean INFO PASS  EICV7_VUP: dist complete in household key table
23:53:25 01_clean INFO PASS  EICV7_VUP: urban complete in household key table
23:53:25 01_clean INFO PASS  EICV7_VUP: cluster complete in household key table
23:53:25 01_clean INFO PASS  EICV7_VUP: wt complete in household key table
23:53:25 01_clean INFO PASS  EICV7_VUP: province codes 1-5
23:53:25 01_clean INFO PASS  EICV7_VUP: 30 districts on the 11-57 scheme
23:53:25 01_clean INFO PASS  EICV7_VUP: household weight > 0
23:53:25 01_clean INFO destring s7a2q5a (852 values)
23:53:25 01_clean INFO wrote EICV_EICV7_VUP_s01_s5_s7_household_clean.dta  (3,771 rows x 117 vars, 0.8 MB)
23:53:26 01_clean INFO wrote EICV_EICV7_VUP_s0_s1_s2_s3_s4_s6a_s6b_s6c_person_clean.dta  (15,039 rows x 162 vars, 3.6 MB)
23:53:26 01_clean INFO wrote EICV_EICV7_VUP_s10a1_a2_credits_clean.dta  (5,404 rows x 26 vars, 0.4 MB)
23:53:26 01_clean INFO wrote EICV_EICV7_VUP_s10b_durables_clean.dta  (101,817 rows x 25 vars, 7.1 MB)
23:53:26 01_clean INFO wrote EICV_EICV7_VUP_s10c_savings_clean.dta  (10,777 rows x 25 vars, 0.7 MB)
23:53:26 01_clean INFO wrote EICV_EICV7_VUP_s5f_access_to_services_clean.dta  (56,565 rows x 28 vars, 3.8 MB)
23:53:27 01_clean INFO wrote EICV_EICV7_VUP_s8a1_expenditure_clean.dta  (290,367 rows x 22 vars, 18.3 MB)
23:53:28 01_clean INFO wrote EICV_EICV7_VUP_s8a2_expenditure_clean.dta  (245,115 rows x 22 vars, 15.5 MB)
23:53:28 01_clean INFO wrote EICV_EICV7_VUP_s8a3_expenditure_clean.dta  (86,623 rows x 26 vars, 6.5 MB)
23:53:31 01_clean INFO wrote EICV_EICV7_VUP_s8b_food_expenditure_consumption_clean.dta  (558,108 rows x 69 vars, 143.5 MB)
23:53:32 01_clean INFO wrote EICV_EICV7_VUP_s8c_food_away_from_home_clean.dta  (15,039 rows x 73 vars, 2.1 MB)
23:53:32 01_clean INFO wrote EICV_EICV7_VUP_s9a_transfers_out_clean.dta  (16,256 rows x 30 vars, 1.2 MB)
23:53:32 01_clean INFO wrote EICV_EICV7_VUP_s9b_transfers_in_clean.dta  (9,313 rows x 28 vars, 0.6 MB)
23:53:32 01_clean INFO wrote EICV_EICV7_VUP_s9c_other_expenditure_clean.dta  (49,439 rows x 18 vars, 2.8 MB)
23:53:32 01_clean INFO wrote EICV_EICV7_VUP_s9d1_direct_support_clean.dta  (1,003 rows x 42 vars, 0.2 MB)
23:53:32 01_clean INFO wrote EICV_EICV7_VUP_s9d2_classic_public_work_clean.dta  (925 rows x 45 vars, 0.1 MB)
23:53:32 01_clean INFO wrote EICV_EICV7_VUP_s9d3_expanded_public_work_clean.dta  (796 rows x 47 vars, 0.1 MB)
23:53:32 01_clean INFO wrote EICV_EICV7_VUP_s9d4_nsds_clean.dta  (675 rows x 46 vars, 0.1 MB)
23:53:32 01_clean INFO wrote EICV_EICV7_VUP_s9d5_financial_services_clean.dta  (592 rows x 28 vars, 0.1 MB)
23:53:32 01_clean INFO wrote EICV_EICV7_VUP_s9e_other_income_clean.dta  (98,878 rows x 21 vars, 6.1 MB)
23:53:32 01_clean INFO module levels: {'s01_s5_s7_household': 'household', 's0_s1_s2_s3_s4_s6a_s6b_s6c_person': 'person', 's10a1_a2_credits': 'multi', 's10b_durables': 'multi', 's10c_savings': 'multi', 's5f_access_to_services': 'multi', 's8a1_expenditure': 'multi', 's8a2_expenditure': 'multi', 's8a3_expenditure': 'multi', 's8b_food_expenditure_consumption': 'multi', 's8c_food_away_from_home': 'person', 's9a_transfers_out': 'multi', 's9b_transfers_in': 'multi', 's9c_other_expenditure': 'multi', 's9d1_direct_support': 'person', 's9d2_classic_public_work': 'person', 's9d3_expanded_public_work': 'person', 's9d4_nsds': 'household', 's9d5_financial_services': 'person', 's9e_other_income': 'multi'}
23:53:32 01_clean INFO    joined s8c_food_away_from_home                       100.00% of base rows matched, 60 columns added, identical copies dropped: ['strata_id']
23:53:32 01_clean INFO    joined s9d1_direct_support                             6.67% of base rows matched, 25 columns added, identical copies dropped: ['quintile', 'pov_jan', 'poverty', 'epov_jan', 'strata_id']
23:53:32 01_clean INFO    joined s9d2_classic_public_work                        6.15% of base rows matched, 27 columns added, identical copies dropped: ['s9d1q1', 'quintile', 'pov_jan', 'poverty', 'epov_jan', 'strata_id']
23:53:32 01_clean INFO    joined s9d3_expanded_public_work                       5.29% of base rows matched, 29 columns added, identical copies dropped: ['s9d1q1', 'quintile', 'pov_jan', 'poverty', 'epov_jan', 'strata_id']
23:53:32 01_clean INFO    joined s9d5_financial_services                         3.94% of base rows matched, 9 columns added, identical copies dropped: ['province_2', 's9d1q1', 'quintile', 'pov_jan', 'poverty', 'epov_jan', 'strata_id']
23:53:32 01_clean INFO PASS  EICV7_VUP: (hhid, pid) unique in the person file
23:53:32 01_clean INFO PASS  EICV7_VUP: wt present and > 0 on every person row
23:53:32 01_clean INFO PASS  EICV7_VUP: sex in {1,2}
23:53:32 01_clean INFO EICV7_VUP person file: 15,039 rows x 312 vars; weighted persons = 1,591,579
23:53:33 01_clean INFO wrote EICV_EICV7_VUP_person_clean.dta  (15,039 rows x 312 vars, 7.6 MB)
23:53:33 01_clean INFO    joined s9d4_nsds                                      17.90% of base rows matched, 29 columns added, identical copies dropped: ['quintile', 'pov_jan', 'poverty', 'epov_jan', 'strata_id']
23:53:33 01_clean INFO PASS  EICV7_VUP: one head (s1q2 == 1) per household: 100.0000%
23:53:33 01_clean INFO PASS  EICV7_VUP: hhid unique in the household file (3,771 households)
23:53:33 01_clean INFO PASS  EICV7_VUP: sum of hhsize == person rows
23:53:33 01_clean INFO EICV7_VUP household file: 3,771 rows x 149 vars; weighted households = 390,878
23:53:33 01_clean INFO wrote EICV_EICV7_VUP_household_clean.dta  (3,771 rows x 149 vars, 1.0 MB)
23:53:33 01_clean INFO all hard checks passed (0 soft warnings)
23:53:33 01_clean INFO 01_clean done for ['EICV1', 'EICV2', 'EICV3', 'EICV3_4_Panel', 'EICV4_CS', 'EICV4_VUP', 'EICV5_CS', 'EICV5_VUP', 'EICV7_CS', 'EICV7_VUP']
23:53:34 02_merge INFO ==== 02_merge | run 20260904-234822 | python 3.13.5 | pandas 2.2.3 | pyreadstat 1.3.4
23:53:34 02_merge INFO ---------------- EICV_pooled_person.dta (['EICV1', 'EICV2', 'EICV3', 'EICV4_CS', 'EICV5_CS', 'EICV7_CS'])
23:53:35 02_merge INFO   loaded EICV1      EICV_EICV1_person_clean.dta                                32,153 rows x  438
23:53:37 02_merge INFO   loaded EICV2      EICV_EICV2_person_clean.dta                                34,785 rows x  207
23:53:38 02_merge INFO   loaded EICV3      EICV_EICV3_person_clean.dta                                68,398 rows x  207
23:53:40 02_merge INFO   loaded EICV4_CS   EICV_EICV4_CS_person_clean.dta                             66,081 rows x  141
23:53:41 02_merge INFO   loaded EICV5_CS   EICV_EICV5_CS_person_clean.dta                             64,314 rows x  120
23:53:43 02_merge INFO   loaded EICV7_CS   EICV_EICV7_CS_person_clean.dta                             62,110 rows x  222
23:53:43 02_merge INFO   VERSIONS poverty: {'poverty': ['EICV5_CS', 'EICV7_CS'], 'poverty_v2': ['EICV3', 'EICV4_CS'], 'poverty_v3': ['EICV2']}
23:53:43 02_merge INFO   VERSIONS quintile: {'quintile': ['EICV3', 'EICV4_CS', 'EICV5_CS'], 'quintile_v2': ['EICV7_CS']}
23:53:43 02_merge INFO   VERSIONS s1q10: {'s1q10': ['EICV3', 'EICV5_CS'], 's1q10_v2': ['EICV2', 'EICV4_CS'], 's1q10_v3': ['EICV7_CS'], 's1q10_v4': ['EICV1']}
23:53:43 02_merge INFO   VERSIONS s1q11: {'s1q11': ['EICV3', 'EICV4_CS', 'EICV5_CS'], 's1q11_v2': ['EICV1', 'EICV7_CS'], 's1q11_v3': ['EICV2']}
23:53:43 02_merge INFO   VERSIONS s1q12: {'s1q12': ['EICV3', 'EICV4_CS', 'EICV5_CS'], 's1q12_v2': ['EICV7_CS'], 's1q12_v3': ['EICV2'], 's1q12_v4': ['EICV1']}
23:53:43 02_merge INFO   VERSIONS s1q13: {'s1q13': ['EICV3', 'EICV4_CS', 'EICV7_CS'], 's1q13_v2': ['EICV1', 'EICV2'], 's1q13_v3': ['EICV5_CS']}
23:53:43 02_merge INFO   VERSIONS s1q14: {'s1q14': ['EICV3', 'EICV4_CS', 'EICV5_CS'], 's1q14_v2': ['EICV1', 'EICV7_CS']}
23:53:43 02_merge INFO   VERSIONS s1q15: {'s1q15': ['EICV5_CS'], 's1q15_v2': ['EICV4_CS'], 's1q15_v3': ['EICV1']}
23:53:43 02_merge INFO   VERSIONS s1q16: {'s1q16': ['EICV5_CS'], 's1q16_v2': ['EICV1']}
23:53:43 02_merge INFO   VERSIONS s1q4: {'s1q4': ['EICV3', 'EICV4_CS', 'EICV5_CS', 'EICV7_CS'], 's1q4_v2': ['EICV1', 'EICV2']}
23:53:43 02_merge INFO   VERSIONS s1q5: {'s1q5': ['EICV2', 'EICV3', 'EICV4_CS', 'EICV5_CS'], 's1q5_v2': ['EICV1']}
23:53:43 02_merge INFO   VERSIONS s1q6: {'s1q6': ['EICV2', 'EICV3', 'EICV4_CS', 'EICV5_CS', 'EICV7_CS'], 's1q6_v2': ['EICV1']}
23:53:43 02_merge INFO   VERSIONS s1q7: {'s1q7': ['EICV2', 'EICV3', 'EICV4_CS', 'EICV5_CS'], 's1q7_v2': ['EICV7_CS'], 's1q7_v3': ['EICV1']}
23:53:43 02_merge INFO   VERSIONS s1q8: {'s1q8': ['EICV2', 'EICV3', 'EICV4_CS', 'EICV5_CS', 'EICV7_CS'], 's1q8_v2': ['EICV1']}
23:53:43 02_merge INFO   VERSIONS s1q9: {'s1q9': ['EICV2', 'EICV3', 'EICV4_CS', 'EICV5_CS'], 's1q9_v2': ['EICV7_CS'], 's1q9_v3': ['EICV1']}
23:53:43 02_merge INFO   VERSIONS s2aq1: {'s2aq1': ['EICV1', 'EICV2'], 's2aq1_v2': ['EICV3']}
23:53:43 02_merge INFO   VERSIONS s2aq10: {'s2aq10': ['EICV3'], 's2aq10_v2': ['EICV1']}
23:53:43 02_merge INFO   VERSIONS s2aq11: {'s2aq11': ['EICV3'], 's2aq11_v2': ['EICV2'], 's2aq11_v3': ['EICV1']}
23:53:43 02_merge INFO   VERSIONS s2aq12: {'s2aq12': ['EICV2'], 's2aq12_v2': ['EICV1']}
23:53:43 02_merge INFO   VERSIONS s2aq13: {'s2aq13': ['EICV1', 'EICV2'], 's2aq13_v2': ['EICV3']}
23:53:43 02_merge INFO   VERSIONS s2aq14: {'s2aq14': ['EICV3'], 's2aq14_v2': ['EICV1']}
23:53:43 02_merge INFO   VERSIONS s2aq3: {'s2aq3': ['EICV3'], 's2aq3_v2': ['EICV2'], 's2aq3_v3': ['EICV1']}
23:53:43 02_merge INFO   VERSIONS s2aq4: {'s2aq4': ['EICV3'], 's2aq4_v2': ['EICV2'], 's2aq4_v3': ['EICV1']}
23:53:43 02_merge INFO   VERSIONS s2aq5: {'s2aq5': ['EICV2'], 's2aq5_v2': ['EICV1']}
23:53:43 02_merge INFO   VERSIONS s2aq6: {'s2aq6': ['EICV3'], 's2aq6_v2': ['EICV2'], 's2aq6_v3': ['EICV1']}
23:53:43 02_merge INFO   VERSIONS s2aq7: {'s2aq7': ['EICV1', 'EICV3'], 's2aq7_v2': ['EICV2']}
23:53:43 02_merge INFO   VERSIONS s2aq8: {'s2aq8': ['EICV3'], 's2aq8_v2': ['EICV1']}
23:53:43 02_merge INFO   VERSIONS s2aq9a: {'s2aq9a': ['EICV3'], 's2aq9a_v2': ['EICV1']}
23:53:43 02_merge INFO   VERSIONS s2aq9b: {'s2aq9b': ['EICV3'], 's2aq9b_v2': ['EICV1']}
23:53:43 02_merge INFO   VERSIONS s2bq10: {'s2bq10': ['EICV2'], 's2bq10_v2': ['EICV1']}
23:53:43 02_merge INFO   VERSIONS s2bq11: {'s2bq11': ['EICV2'], 's2bq11_v2': ['EICV1']}
23:53:43 02_merge INFO   VERSIONS s2bq12: {'s2bq12': ['EICV2'], 's2bq12_v2': ['EICV1']}
23:53:43 02_merge INFO   VERSIONS s2bq14: {'s2bq14': ['EICV2'], 's2bq14_v2': ['EICV1']}
23:53:43 02_merge INFO   VERSIONS s2bq15: {'s2bq15': ['EICV2'], 's2bq15_v2': ['EICV1']}
23:53:43 02_merge INFO   VERSIONS s2bq16: {'s2bq16': ['EICV2'], 's2bq16_v2': ['EICV1']}
23:53:43 02_merge INFO   VERSIONS s2bq18: {'s2bq18': ['EICV2'], 's2bq18_v2': ['EICV1']}
23:53:43 02_merge INFO   VERSIONS s2bq19: {'s2bq19': ['EICV2'], 's2bq19_v2': ['EICV1']}
23:53:43 02_merge INFO   VERSIONS s2bq2: {'s2bq2': ['EICV2'], 's2bq2_v2': ['EICV1']}
23:53:43 02_merge INFO   VERSIONS s2bq20: {'s2bq20': ['EICV2'], 's2bq20_v2': ['EICV1']}
23:53:43 02_merge INFO   VERSIONS s2bq21: {'s2bq21': ['EICV2'], 's2bq21_v2': ['EICV1']}
23:53:43 02_merge INFO   VERSIONS s2bq4: {'s2bq4': ['EICV2'], 's2bq4_v2': ['EICV1']}
23:53:43 02_merge INFO   VERSIONS s2bq5: {'s2bq5': ['EICV2'], 's2bq5_v2': ['EICV1']}
23:53:43 02_merge INFO   VERSIONS s2bq6: {'s2bq6': ['EICV2'], 's2bq6_v2': ['EICV1']}
23:53:43 02_merge INFO   VERSIONS s2bq8: {'s2bq8': ['EICV2'], 's2bq8_v2': ['EICV1']}
23:53:43 02_merge INFO   VERSIONS s2bq9: {'s2bq9': ['EICV2'], 's2bq9_v2': ['EICV1']}
23:53:43 02_merge INFO   VERSIONS s2cq1: {'s2cq1': ['EICV2'], 's2cq1_v2': ['EICV1']}
23:53:43 02_merge INFO   VERSIONS s2cq10: {'s2cq10': ['EICV2'], 's2cq10_v2': ['EICV1']}
23:53:43 02_merge INFO   VERSIONS s2cq11: {'s2cq11': ['EICV2'], 's2cq11_v2': ['EICV1']}
23:53:43 02_merge INFO   VERSIONS s2cq12: {'s2cq12': ['EICV2'], 's2cq12_v2': ['EICV1']}
23:53:43 02_merge INFO   VERSIONS s2cq14: {'s2cq14': ['EICV2'], 's2cq14_v2': ['EICV1']}
23:53:43 02_merge INFO   VERSIONS s2cq2: {'s2cq2': ['EICV3'], 's2cq2_v2': ['EICV2'], 's2cq2_v3': ['EICV1']}
23:53:43 02_merge INFO   VERSIONS s2cq3: {'s2cq3': ['EICV3'], 's2cq3_v2': ['EICV2'], 's2cq3_v3': ['EICV1']}
23:53:43 02_merge INFO   VERSIONS s2cq4: {'s2cq4': ['EICV3'], 's2cq4_v2': ['EICV2'], 's2cq4_v3': ['EICV1']}
23:53:43 02_merge INFO   VERSIONS s2cq5: {'s2cq5': ['EICV3'], 's2cq5_v2': ['EICV2'], 's2cq5_v3': ['EICV1']}
23:53:43 02_merge INFO   VERSIONS s2cq7: {'s2cq7': ['EICV3'], 's2cq7_v2': ['EICV2'], 's2cq7_v3': ['EICV1']}
23:53:43 02_merge INFO   VERSIONS s2cq8: {'s2cq8': ['EICV3'], 's2cq8_v2': ['EICV2']}
23:53:43 02_merge INFO   VERSIONS s2cq9: {'s2cq9': ['EICV3'], 's2cq9_v2': ['EICV2'], 's2cq9_v3': ['EICV1']}
23:53:43 02_merge INFO   VERSIONS s3aq1: {'s3aq1': ['EICV1', 'EICV2'], 's3aq1_v2': ['EICV3']}
23:53:43 02_merge INFO   VERSIONS s3aq10: {'s3aq10': ['EICV2', 'EICV3'], 's3aq10_v2': ['EICV1']}
23:53:43 02_merge INFO   VERSIONS s3aq11: {'s3aq11': ['EICV3'], 's3aq11_v2': ['EICV2'], 's3aq11_v3': ['EICV1']}
23:53:43 02_merge INFO   VERSIONS s3aq13: {'s3aq13': ['EICV2', 'EICV3'], 's3aq13_v2': ['EICV1']}
23:53:43 02_merge INFO   VERSIONS s3aq14: {'s3aq14': ['EICV2', 'EICV3'], 's3aq14_v2': ['EICV1']}
23:53:43 02_merge INFO   VERSIONS s3aq15: {'s3aq15': ['EICV3'], 's3aq15_v2': ['EICV2']}
23:53:43 02_merge INFO   VERSIONS s3aq16: {'s3aq16': ['EICV2', 'EICV3'], 's3aq16_v2': ['EICV1']}
23:53:43 02_merge INFO   VERSIONS s3aq17: {'s3aq17': ['EICV2', 'EICV3'], 's3aq17_v2': ['EICV1']}
23:53:43 02_merge INFO   VERSIONS s3aq18: {'s3aq18': ['EICV2', 'EICV3'], 's3aq18_v2': ['EICV1']}
23:53:43 02_merge INFO   VERSIONS s3aq19: {'s3aq19': ['EICV2', 'EICV3'], 's3aq19_v2': ['EICV1']}
23:53:43 02_merge INFO   VERSIONS s3aq2: {'s3aq2': ['EICV3'], 's3aq2_v2': ['EICV2'], 's3aq2_v3': ['EICV1']}
23:53:43 02_merge INFO   VERSIONS s3aq20: {'s3aq20': ['EICV2', 'EICV3'], 's3aq20_v2': ['EICV1']}
23:53:43 02_merge INFO   VERSIONS s3aq21: {'s3aq21': ['EICV3'], 's3aq21_v2': ['EICV2'], 's3aq21_v3': ['EICV1']}
23:53:43 02_merge INFO   VERSIONS s3aq22: {'s3aq22': ['EICV2', 'EICV3'], 's3aq22_v2': ['EICV1']}
23:53:43 02_merge INFO   VERSIONS s3aq23: {'s3aq23': ['EICV2', 'EICV3'], 's3aq23_v2': ['EICV1']}
23:53:43 02_merge INFO   VERSIONS s3aq24: {'s3aq24': ['EICV3'], 's3aq24_v2': ['EICV2'], 's3aq24_v3': ['EICV1']}
23:53:43 02_merge INFO   VERSIONS s3aq25: {'s3aq25': ['EICV2', 'EICV3'], 's3aq25_v2': ['EICV1']}
23:53:43 02_merge INFO   VERSIONS s3aq27: {'s3aq27': ['EICV3'], 's3aq27_v2': ['EICV2']}
23:53:43 02_merge INFO   VERSIONS s3aq4: {'s3aq4': ['EICV2', 'EICV3'], 's3aq4_v2': ['EICV1']}
23:53:43 02_merge INFO   VERSIONS s3aq5: {'s3aq5': ['EICV2', 'EICV3'], 's3aq5_v2': ['EICV1']}
23:53:43 02_merge INFO   VERSIONS s3aq6: {'s3aq6': ['EICV2', 'EICV3'], 's3aq6_v2': ['EICV1']}
23:53:43 02_merge INFO   VERSIONS s3aq8: {'s3aq8': ['EICV3'], 's3aq8_v2': ['EICV2'], 's3aq8_v3': ['EICV1']}
23:53:43 02_merge INFO   VERSIONS s3aq9: {'s3aq9': ['EICV3'], 's3aq9_v2': ['EICV2'], 's3aq9_v3': ['EICV1']}
23:53:43 02_merge INFO   VERSIONS s3bq1: {'s3bq1': ['EICV1', 'EICV2'], 's3bq1_v2': ['EICV3']}
23:53:43 02_merge INFO   VERSIONS s3bq10: {'s3bq10': ['EICV2'], 's3bq10_v2': ['EICV1']}
23:53:43 02_merge INFO   VERSIONS s3bq11: {'s3bq11': ['EICV2'], 's3bq11_v2': ['EICV1']}
23:53:43 02_merge INFO   VERSIONS s3bq12: {'s3bq12': ['EICV2'], 's3bq12_v2': ['EICV1']}
23:53:43 02_merge INFO   VERSIONS s3bq3: {'s3bq3': ['EICV3'], 's3bq3_v2': ['EICV1']}
23:53:43 02_merge INFO   VERSIONS s3bq4a: {'s3bq4a': ['EICV3'], 's3bq4a_v2': ['EICV2'], 's3bq4a_v3': ['EICV1']}
23:53:43 02_merge INFO   VERSIONS s3bq4b: {'s3bq4b': ['EICV3'], 's3bq4b_v2': ['EICV2'], 's3bq4b_v3': ['EICV1']}
23:53:43 02_merge INFO   VERSIONS s3bq5a: {'s3bq5a': ['EICV3'], 's3bq5a_v2': ['EICV1']}
23:53:43 02_merge INFO   VERSIONS s3bq5b: {'s3bq5b': ['EICV3'], 's3bq5b_v2': ['EICV1']}
23:53:43 02_merge INFO   VERSIONS s3bq6: {'s3bq6': ['EICV3'], 's3bq6_v2': ['EICV2'], 's3bq6_v3': ['EICV1']}
23:53:43 02_merge INFO   VERSIONS s3bq7: {'s3bq7': ['EICV3'], 's3bq7_v2': ['EICV2'], 's3bq7_v3': ['EICV1']}
23:53:43 02_merge INFO   VERSIONS s3bq8: {'s3bq8': ['EICV2', 'EICV3'], 's3bq8_v2': ['EICV1']}
23:53:43 02_merge INFO   VERSIONS s3cq4a: {'s3cq4a': ['EICV2'], 's3cq4a_v2': ['EICV1']}
23:53:43 02_merge INFO   VERSIONS s3cq4c: {'s3cq4c': ['EICV2'], 's3cq4c_v2': ['EICV1']}
23:53:43 02_merge INFO   VERSIONS s3cq4d: {'s3cq4d': ['EICV2'], 's3cq4d_v2': ['EICV1']}
23:53:43 02_merge INFO   VERSIONS s3cq7: {'s3cq7': ['EICV2'], 's3cq7_v2': ['EICV1']}
23:53:43 02_merge INFO   VERSIONS s3cq8: {'s3cq8': ['EICV2'], 's3cq8_v2': ['EICV1']}
23:53:43 02_merge INFO   VERSIONS s3q10: {'s3q10': ['EICV7_CS'], 's3q10_v2': ['EICV5_CS']}
23:53:43 02_merge INFO   VERSIONS s3q11: {'s3q11': ['EICV7_CS'], 's3q11_v2': ['EICV5_CS']}
23:53:43 02_merge INFO   VERSIONS s3q2: {'s3q2': ['EICV5_CS', 'EICV7_CS'], 's3q2_v2': ['EICV4_CS']}
23:53:43 02_merge INFO   VERSIONS s3q3: {'s3q3': ['EICV4_CS', 'EICV7_CS'], 's3q3_v2': ['EICV5_CS']}
23:53:43 02_merge INFO   VERSIONS s3q4: {'s3q4': ['EICV7_CS'], 's3q4_v2': ['EICV5_CS'], 's3q4_v3': ['EICV4_CS']}
23:53:43 02_merge INFO   VERSIONS s3q5: {'s3q5': ['EICV5_CS', 'EICV7_CS'], 's3q5_v2': ['EICV4_CS']}
23:53:43 02_merge INFO   VERSIONS s3q6: {'s3q6': ['EICV4_CS', 'EICV7_CS'], 's3q6_v2': ['EICV5_CS']}
23:53:43 02_merge INFO   VERSIONS s3q7: {'s3q7': ['EICV5_CS', 'EICV7_CS'], 's3q7_v2': ['EICV4_CS']}
23:53:43 02_merge INFO   VERSIONS s4aq1: {'s4aq1': ['EICV4_CS', 'EICV5_CS', 'EICV7_CS'], 's4aq1_v2': ['EICV3'], 's4aq1_v3': ['EICV1']}
23:53:43 02_merge INFO   VERSIONS s4aq10: {'s4aq10': ['EICV4_CS', 'EICV5_CS'], 's4aq10_v2': ['EICV7_CS']}
23:53:43 02_merge INFO   VERSIONS s4aq11g: {'s4aq11g': ['EICV5_CS'], 's4aq11g_v2': ['EICV4_CS']}
23:53:43 02_merge INFO   VERSIONS s4aq12: {'s4aq12': ['EICV5_CS'], 's4aq12_v2': ['EICV4_CS']}
23:53:43 02_merge INFO   VERSIONS s4aq15: {'s4aq15': ['EICV4_CS', 'EICV5_CS'], 's4aq15_v2': ['EICV7_CS']}
23:53:43 02_merge INFO   VERSIONS s4aq16: {'s4aq16': ['EICV4_CS', 'EICV5_CS'], 's4aq16_v2': ['EICV7_CS']}
23:53:43 02_merge INFO   VERSIONS s4aq17: {'s4aq17': ['EICV4_CS', 'EICV5_CS'], 's4aq17_v2': ['EICV7_CS']}
23:53:43 02_merge INFO   VERSIONS s4aq2: {'s4aq2': ['EICV4_CS', 'EICV5_CS', 'EICV7_CS'], 's4aq2_v2': ['EICV3'], 's4aq2_v3': ['EICV1']}
23:53:43 02_merge INFO   VERSIONS s4aq3: {'s4aq3': ['EICV4_CS', 'EICV5_CS', 'EICV7_CS'], 's4aq3_v2': ['EICV1']}
23:53:43 02_merge INFO   VERSIONS s4aq4: {'s4aq4': ['EICV3'], 's4aq4_v2': ['EICV1']}
23:53:43 02_merge INFO   VERSIONS s4aq5: {'s4aq5': ['EICV4_CS', 'EICV5_CS'], 's4aq5_v2': ['EICV3'], 's4aq5_v3': ['EICV1']}
23:53:43 02_merge INFO   VERSIONS s4aq6: {'s4aq6': ['EICV3'], 's4aq6_v2': ['EICV1']}
23:53:43 02_merge INFO   VERSIONS s4aq6c: {'s4aq6c': ['EICV7_CS'], 's4aq6c_v2': ['EICV5_CS']}
23:53:43 02_merge INFO   VERSIONS s4aq7: {'s4aq7': ['EICV1', 'EICV5_CS', 'EICV7_CS'], 's4aq7_v2': ['EICV4_CS'], 's4aq7_v3': ['EICV3']}
23:53:43 02_merge INFO   VERSIONS s4aq8: {'s4aq8': ['EICV4_CS', 'EICV7_CS'], 's4aq8_v2': ['EICV1', 'EICV5_CS'], 's4aq8_v3': ['EICV3']}
23:53:43 02_merge INFO   VERSIONS s4aq9: {'s4aq9': ['EICV4_CS', 'EICV5_CS'], 's4aq9_v2': ['EICV7_CS'], 's4aq9_v3': ['EICV1']}
23:53:43 02_merge INFO   VERSIONS s4bq1: {'s4bq1': ['EICV5_CS', 'EICV7_CS'], 's4bq1_v2': ['EICV4_CS'], 's4bq1_v3': ['EICV3'], 's4bq1_v4': ['EICV1']}
23:53:43 02_merge INFO   VERSIONS s4bq10: {'s4bq10': ['EICV7_CS'], 's4bq10_v2': ['EICV3']}
23:53:43 02_merge INFO   VERSIONS s4bq11: {'s4bq11': ['EICV7_CS'], 's4bq11_v2': ['EICV1']}
23:53:43 02_merge INFO   VERSIONS s4bq13a: {'s4bq13a': ['EICV7_CS'], 's4bq13a_v2': ['EICV1']}
23:53:43 02_merge INFO   VERSIONS s4bq13b: {'s4bq13b': ['EICV7_CS'], 's4bq13b_v2': ['EICV1']}
23:53:43 02_merge INFO   VERSIONS s4bq15: {'s4bq15': ['EICV7_CS'], 's4bq15_v2': ['EICV1']}
23:53:43 02_merge INFO   VERSIONS s4bq16: {'s4bq16': ['EICV7_CS'], 's4bq16_v2': ['EICV1']}
23:53:43 02_merge INFO   VERSIONS s4bq17: {'s4bq17': ['EICV7_CS'], 's4bq17_v2': ['EICV1']}
23:53:43 02_merge INFO   VERSIONS s4bq19: {'s4bq19': ['EICV7_CS'], 's4bq19_v2': ['EICV1']}
23:53:43 02_merge INFO   VERSIONS s4bq2: {'s4bq2': ['EICV5_CS', 'EICV7_CS'], 's4bq2_v2': ['EICV4_CS'], 's4bq2_v3': ['EICV3'], 's4bq2_v4': ['EICV1']}
23:53:43 02_merge INFO   VERSIONS s4bq20: {'s4bq20': ['EICV7_CS'], 's4bq20_v2': ['EICV1']}
23:53:43 02_merge INFO   VERSIONS s4bq22: {'s4bq22': ['EICV7_CS'], 's4bq22_v2': ['EICV1']}
23:53:43 02_merge INFO   VERSIONS s4bq23a: {'s4bq23a': ['EICV7_CS'], 's4bq23a_v2': ['EICV1']}
23:53:43 02_merge INFO   VERSIONS s4bq23b: {'s4bq23b': ['EICV7_CS'], 's4bq23b_v2': ['EICV1']}
23:53:43 02_merge INFO   VERSIONS s4bq25: {'s4bq25': ['EICV7_CS'], 's4bq25_v2': ['EICV1']}
23:53:43 02_merge INFO   VERSIONS s4bq26: {'s4bq26': ['EICV7_CS'], 's4bq26_v2': ['EICV1']}
23:53:43 02_merge INFO   VERSIONS s4bq3: {'s4bq3': ['EICV5_CS', 'EICV7_CS'], 's4bq3_v2': ['EICV4_CS']}
23:53:43 02_merge INFO   VERSIONS s4bq3a: {'s4bq3a': ['EICV3'], 's4bq3a_v2': ['EICV1']}
23:53:43 02_merge INFO   VERSIONS s4bq3b: {'s4bq3b': ['EICV3'], 's4bq3b_v2': ['EICV1']}
23:53:43 02_merge INFO   VERSIONS s4bq4: {'s4bq4': ['EICV4_CS', 'EICV5_CS', 'EICV7_CS'], 's4bq4_v2': ['EICV3'], 's4bq4_v3': ['EICV1']}
23:53:43 02_merge INFO   VERSIONS s4bq5: {'s4bq5': ['EICV7_CS'], 's4bq5_v2': ['EICV5_CS'], 's4bq5_v3': ['EICV4_CS'], 's4bq5_v4': ['EICV3'], 's4bq5_v5': ['EICV1']}
23:53:43 02_merge INFO   VERSIONS s4bq6: {'s4bq6': ['EICV7_CS'], 's4bq6_v2': ['EICV5_CS'], 's4bq6_v3': ['EICV4_CS'], 's4bq6_v4': ['EICV3'], 's4bq6_v5': ['EICV1']}
23:53:43 02_merge INFO   VERSIONS s4bq7: {'s4bq7': ['EICV7_CS'], 's4bq7_v2': ['EICV5_CS'], 's4bq7_v3': ['EICV4_CS'], 's4bq7_v4': ['EICV3']}
23:53:43 02_merge INFO   VERSIONS s4bq7a: {'s4bq7a': ['EICV5_CS'], 's4bq7a_v2': ['EICV1']}
23:53:43 02_merge INFO   VERSIONS s4bq8: {'s4bq8': ['EICV4_CS', 'EICV7_CS'], 's4bq8_v2': ['EICV3'], 's4bq8_v3': ['EICV1']}
23:53:43 02_merge INFO   VERSIONS s4bq9: {'s4bq9': ['EICV7_CS'], 's4bq9_v2': ['EICV1']}
23:53:43 02_merge INFO   VERSIONS s4bq9a: {'s4bq9a': ['EICV5_CS'], 's4bq9a_v2': ['EICV3']}
23:53:43 02_merge INFO   VERSIONS s4bq9b: {'s4bq9b': ['EICV5_CS'], 's4bq9b_v2': ['EICV3']}
23:53:43 02_merge INFO   VERSIONS s4bq9c: {'s4bq9c': ['EICV5_CS'], 's4bq9c_v2': ['EICV3']}
23:53:43 02_merge INFO   VERSIONS s4bq9d: {'s4bq9d': ['EICV5_CS'], 's4bq9d_v2': ['EICV3']}
23:53:43 02_merge INFO   VERSIONS s4bq9e: {'s4bq9e': ['EICV5_CS'], 's4bq9e_v2': ['EICV3']}
23:53:43 02_merge INFO   VERSIONS s4bq9f: {'s4bq9f': ['EICV5_CS'], 's4bq9f_v2': ['EICV3']}
23:53:43 02_merge INFO   VERSIONS s4bq9g: {'s4bq9g': ['EICV5_CS'], 's4bq9g_v2': ['EICV3']}
23:53:43 02_merge INFO   VERSIONS s4bq9h: {'s4bq9h': ['EICV5_CS'], 's4bq9h_v2': ['EICV3']}
23:53:43 02_merge INFO   VERSIONS s6aq1: {'s6aq1': ['EICV3', 'EICV5_CS'], 's6aq1_v2': ['EICV2']}
23:53:43 02_merge INFO   VERSIONS s6aq2: {'s6aq2': ['EICV5_CS', 'EICV7_CS'], 's6aq2_v2': ['EICV3', 'EICV4_CS'], 's6aq2_v3': ['EICV2']}
23:53:43 02_merge INFO   VERSIONS s6aq3: {'s6aq3': ['EICV3', 'EICV4_CS'], 's6aq3_v2': ['EICV7_CS'], 's6aq3_v3': ['EICV5_CS'], 's6aq3_v4': ['EICV2']}
23:53:43 02_merge INFO   VERSIONS s6aq4: {'s6aq4': ['EICV3', 'EICV4_CS', 'EICV5_CS'], 's6aq4_v2': ['EICV2', 'EICV7_CS']}
23:53:43 02_merge INFO   VERSIONS s6aq5: {'s6aq5': ['EICV3', 'EICV4_CS', 'EICV5_CS'], 's6aq5_v2': ['EICV7_CS'], 's6aq5_v3': ['EICV2']}
23:53:43 02_merge INFO   VERSIONS s6aq6: {'s6aq6': ['EICV3', 'EICV5_CS'], 's6aq6_v2': ['EICV7_CS'], 's6aq6_v3': ['EICV4_CS'], 's6aq6_v4': ['EICV2']}
23:53:43 02_merge INFO   VERSIONS s6aq7: {'s6aq7': ['EICV7_CS'], 's6aq7_v2': ['EICV3']}
23:53:43 02_merge INFO   VERSIONS s6aq8: {'s6aq8': ['EICV4_CS', 'EICV5_CS'], 's6aq8_v2': ['EICV7_CS']}
23:53:43 02_merge INFO   VERSIONS s6aq9: {'s6aq9': ['EICV7_CS'], 's6aq9_v2': ['EICV5_CS']}
23:53:43 02_merge INFO   VERSIONS s6bq1: {'s6bq1': ['EICV2', 'EICV3'], 's6bq1_v2': ['EICV7_CS']}
23:53:43 02_merge INFO   VERSIONS s6bq2: {'s6bq2': ['EICV2', 'EICV3'], 's6bq2_v2': ['EICV7_CS']}
23:53:43 02_merge INFO   VERSIONS s6bq3: {'s6bq3': ['EICV7_CS'], 's6bq3_v2': ['EICV3'], 's6bq3_v3': ['EICV2']}
23:53:43 02_merge INFO   VERSIONS s6bq4: {'s6bq4': ['EICV2', 'EICV3'], 's6bq4_v2': ['EICV7_CS']}
23:53:43 02_merge INFO   VERSIONS s6bq5: {'s6bq5': ['EICV7_CS'], 's6bq5_v2': ['EICV3'], 's6bq5_v3': ['EICV2']}
23:53:43 02_merge INFO   VERSIONS s6bq6a: {'s6bq6a': ['EICV3'], 's6bq6a_v2': ['EICV2']}
23:53:43 02_merge INFO   VERSIONS s6bq6b: {'s6bq6b': ['EICV3'], 's6bq6b_v2': ['EICV2']}
23:53:43 02_merge INFO   VERSIONS s6bq7: {'s6bq7': ['EICV2', 'EICV3'], 's6bq7_v2': ['EICV7_CS']}
23:53:43 02_merge INFO   VERSIONS s6bq8: {'s6bq8': ['EICV2', 'EICV3'], 's6bq8_v2': ['EICV7_CS']}
23:53:43 02_merge INFO   VERSIONS s6bq9a: {'s6bq9a': ['EICV7_CS'], 's6bq9a_v2': ['EICV2']}
23:53:43 02_merge INFO   VERSIONS s6bq9b: {'s6bq9b': ['EICV7_CS'], 's6bq9b_v2': ['EICV2']}
23:53:43 02_merge INFO   VERSIONS s6cq1: {'s6cq1': ['EICV7_CS'], 's6cq1_v2': ['EICV2']}
23:53:43 02_merge INFO   VERSIONS s6cq10: {'s6cq10': ['EICV7_CS'], 's6cq10_v2': ['EICV2']}
23:53:43 02_merge INFO   VERSIONS s6cq2: {'s6cq2': ['EICV7_CS'], 's6cq2_v2': ['EICV2']}
23:53:43 02_merge INFO   VERSIONS s6cq3: {'s6cq3': ['EICV7_CS'], 's6cq3_v2': ['EICV2']}
23:53:43 02_merge INFO   VERSIONS s6cq4: {'s6cq4': ['EICV7_CS'], 's6cq4_v2': ['EICV2']}
23:53:43 02_merge INFO   VERSIONS s6cq5: {'s6cq5': ['EICV7_CS'], 's6cq5_v2': ['EICV2']}
23:53:43 02_merge INFO   VERSIONS s6cq6: {'s6cq6': ['EICV7_CS'], 's6cq6_v2': ['EICV2']}
23:53:43 02_merge INFO   VERSIONS s6cq7: {'s6cq7': ['EICV7_CS'], 's6cq7_v2': ['EICV2']}
23:53:43 02_merge INFO   VERSIONS s6cq8: {'s6cq8': ['EICV7_CS'], 's6cq8_v2': ['EICV2']}
23:53:43 02_merge INFO   VERSIONS s6cq9: {'s6cq9': ['EICV7_CS'], 's6cq9_v2': ['EICV2']}
23:53:43 02_merge INFO   VERSIONS s6eq1: {'s6eq1': ['EICV5_CS'], 's6eq1_v2': ['EICV4_CS']}
23:53:43 02_merge INFO   VERSIONS s6eq2: {'s6eq2': ['EICV5_CS'], 's6eq2_v2': ['EICV4_CS']}
23:53:43 02_merge INFO   VERSIONS s6eq3: {'s6eq3': ['EICV5_CS'], 's6eq3_v2': ['EICV4_CS']}
23:53:43 02_merge INFO   VERSIONS s6eq4: {'s6eq4': ['EICV5_CS'], 's6eq4_v2': ['EICV4_CS'], 's6eq4_v3': ['EICV2']}
23:53:43 02_merge INFO   VERSIONS s6eq5: {'s6eq5': ['EICV5_CS'], 's6eq5_v2': ['EICV4_CS']}
23:53:43 02_merge INFO   VERSIONS s6eq6: {'s6eq6': ['EICV5_CS'], 's6eq6_v2': ['EICV4_CS']}
23:53:43 02_merge INFO   VERSIONS secocc: {'secocc': ['EICV2'], 'secocc_v2': ['EICV1']}
23:53:43 02_merge INFO   VERSIONS secsubs: {'secsubs': ['EICV2'], 'secsubs_v2': ['EICV1']}
23:53:43 02_merge INFO   VERSIONS subsistence: {'subsistence': ['EICV2'], 'subsistence_v2': ['EICV1']}
23:54:06 02_merge INFO PASS  EICV_pooled_person.dta: pooled rows == sum of wave rows
23:54:06 02_merge INFO PASS  EICV_pooled_person.dta: EICV1 sum wt preserved
23:54:06 02_merge INFO PASS  EICV_pooled_person.dta: EICV2 sum wt preserved
23:54:06 02_merge INFO PASS  EICV_pooled_person.dta: EICV3 sum wt preserved
23:54:06 02_merge INFO PASS  EICV_pooled_person.dta: EICV4_CS sum wt preserved
23:54:06 02_merge INFO PASS  EICV_pooled_person.dta: EICV5_CS sum wt preserved
23:54:06 02_merge INFO PASS  EICV_pooled_person.dta: EICV7_CS sum wt preserved
23:54:11 02_merge INFO wrote EICV_pooled_person.dta  (327,841 rows x 1080 vars, 531.4 MB)
23:54:11 02_merge INFO ---------------- EICV_pooled_person_vup.dta (['EICV4_VUP', 'EICV5_VUP', 'EICV7_VUP'])
23:54:11 02_merge INFO   loaded EICV4_VUP  EICV_EICV4_VUP_person_clean.dta                            10,606 rows x  130
23:54:12 02_merge INFO   loaded EICV5_VUP  EICV_EICV5_VUP_person_clean.dta                             6,596 rows x  148
23:54:12 02_merge INFO   loaded EICV7_VUP  EICV_EICV7_VUP_person_clean.dta                            15,039 rows x  312
23:54:12 02_merge INFO   VERSIONS poverty: {'poverty': ['EICV7_VUP'], 'poverty_v2': ['EICV4_VUP']}
23:54:12 02_merge INFO   VERSIONS quintile: {'quintile': ['EICV7_VUP'], 'quintile_v2': ['EICV4_VUP']}
23:54:12 02_merge INFO   VERSIONS s1q10: {'s1q10': ['EICV7_VUP'], 's1q10_v2': ['EICV5_VUP'], 's1q10_v3': ['EICV4_VUP']}
23:54:12 02_merge INFO   VERSIONS s1q11: {'s1q11': ['EICV4_VUP', 'EICV5_VUP'], 's1q11_v2': ['EICV7_VUP']}
23:54:12 02_merge INFO   VERSIONS s1q12: {'s1q12': ['EICV4_VUP', 'EICV5_VUP'], 's1q12_v2': ['EICV7_VUP']}
23:54:12 02_merge INFO   VERSIONS s1q13: {'s1q13': ['EICV4_VUP', 'EICV7_VUP'], 's1q13_v2': ['EICV5_VUP']}
23:54:12 02_merge INFO   VERSIONS s1q14: {'s1q14': ['EICV4_VUP', 'EICV5_VUP'], 's1q14_v2': ['EICV7_VUP']}
23:54:12 02_merge INFO   VERSIONS s1q15: {'s1q15': ['EICV5_VUP'], 's1q15_v2': ['EICV4_VUP']}
23:54:12 02_merge INFO   VERSIONS s1q7: {'s1q7': ['EICV4_VUP', 'EICV5_VUP'], 's1q7_v2': ['EICV7_VUP']}
23:54:12 02_merge INFO   VERSIONS s1q9: {'s1q9': ['EICV4_VUP', 'EICV5_VUP'], 's1q9_v2': ['EICV7_VUP']}
23:54:12 02_merge INFO   VERSIONS s2q1: {'s2q1': ['EICV5_VUP'], 's2q1_v2': ['EICV4_VUP']}
23:54:12 02_merge INFO   VERSIONS s3q10: {'s3q10': ['EICV7_VUP'], 's3q10_v2': ['EICV5_VUP']}
23:54:12 02_merge INFO   VERSIONS s3q11: {'s3q11': ['EICV7_VUP'], 's3q11_v2': ['EICV5_VUP']}
23:54:12 02_merge INFO   VERSIONS s3q2: {'s3q2': ['EICV5_VUP', 'EICV7_VUP'], 's3q2_v2': ['EICV4_VUP']}
23:54:12 02_merge INFO   VERSIONS s3q3: {'s3q3': ['EICV4_VUP', 'EICV7_VUP'], 's3q3_v2': ['EICV5_VUP']}
23:54:12 02_merge INFO   VERSIONS s3q4: {'s3q4': ['EICV7_VUP'], 's3q4_v2': ['EICV5_VUP'], 's3q4_v3': ['EICV4_VUP']}
23:54:12 02_merge INFO   VERSIONS s3q5: {'s3q5': ['EICV5_VUP', 'EICV7_VUP'], 's3q5_v2': ['EICV4_VUP']}
23:54:12 02_merge INFO   VERSIONS s3q6: {'s3q6': ['EICV4_VUP', 'EICV7_VUP'], 's3q6_v2': ['EICV5_VUP']}
23:54:12 02_merge INFO   VERSIONS s3q7: {'s3q7': ['EICV5_VUP', 'EICV7_VUP'], 's3q7_v2': ['EICV4_VUP']}
23:54:12 02_merge INFO   VERSIONS s4aq10: {'s4aq10': ['EICV4_VUP', 'EICV5_VUP'], 's4aq10_v2': ['EICV7_VUP']}
23:54:12 02_merge INFO   VERSIONS s4aq11g: {'s4aq11g': ['EICV5_VUP'], 's4aq11g_v2': ['EICV4_VUP']}
23:54:12 02_merge INFO   VERSIONS s4aq12: {'s4aq12': ['EICV5_VUP'], 's4aq12_v2': ['EICV4_VUP']}
23:54:12 02_merge INFO   VERSIONS s4aq15: {'s4aq15': ['EICV4_VUP', 'EICV5_VUP'], 's4aq15_v2': ['EICV7_VUP']}
23:54:12 02_merge INFO   VERSIONS s4aq16: {'s4aq16': ['EICV4_VUP', 'EICV5_VUP'], 's4aq16_v2': ['EICV7_VUP']}
23:54:12 02_merge INFO   VERSIONS s4aq17: {'s4aq17': ['EICV4_VUP', 'EICV5_VUP'], 's4aq17_v2': ['EICV7_VUP']}
23:54:12 02_merge INFO   VERSIONS s4aq6c: {'s4aq6c': ['EICV7_VUP'], 's4aq6c_v2': ['EICV5_VUP']}
23:54:12 02_merge INFO   VERSIONS s4aq9: {'s4aq9': ['EICV4_VUP', 'EICV5_VUP'], 's4aq9_v2': ['EICV7_VUP']}
23:54:12 02_merge INFO   VERSIONS s4bq1: {'s4bq1': ['EICV5_VUP', 'EICV7_VUP'], 's4bq1_v2': ['EICV4_VUP']}
23:54:12 02_merge INFO   VERSIONS s4bq2: {'s4bq2': ['EICV5_VUP', 'EICV7_VUP'], 's4bq2_v2': ['EICV4_VUP']}
23:54:12 02_merge INFO   VERSIONS s4bq3: {'s4bq3': ['EICV5_VUP', 'EICV7_VUP'], 's4bq3_v2': ['EICV4_VUP']}
23:54:12 02_merge INFO   VERSIONS s4bq5: {'s4bq5': ['EICV7_VUP'], 's4bq5_v2': ['EICV5_VUP'], 's4bq5_v3': ['EICV4_VUP']}
23:54:12 02_merge INFO   VERSIONS s4bq6: {'s4bq6': ['EICV7_VUP'], 's4bq6_v2': ['EICV5_VUP'], 's4bq6_v3': ['EICV4_VUP']}
23:54:12 02_merge INFO   VERSIONS s4bq7: {'s4bq7': ['EICV7_VUP'], 's4bq7_v2': ['EICV5_VUP'], 's4bq7_v3': ['EICV4_VUP']}
23:54:12 02_merge INFO   VERSIONS s6aq2: {'s6aq2': ['EICV5_VUP', 'EICV7_VUP'], 's6aq2_v2': ['EICV4_VUP']}
23:54:12 02_merge INFO   VERSIONS s6aq3: {'s6aq3': ['EICV7_VUP'], 's6aq3_v2': ['EICV5_VUP'], 's6aq3_v3': ['EICV4_VUP']}
23:54:12 02_merge INFO   VERSIONS s6aq4: {'s6aq4': ['EICV4_VUP', 'EICV5_VUP'], 's6aq4_v2': ['EICV7_VUP']}
23:54:12 02_merge INFO   VERSIONS s6aq5: {'s6aq5': ['EICV4_VUP', 'EICV5_VUP'], 's6aq5_v2': ['EICV7_VUP']}
23:54:12 02_merge INFO   VERSIONS s6aq6: {'s6aq6': ['EICV4_VUP', 'EICV5_VUP'], 's6aq6_v2': ['EICV7_VUP']}
23:54:12 02_merge INFO   VERSIONS s6aq8: {'s6aq8': ['EICV4_VUP', 'EICV5_VUP'], 's6aq8_v2': ['EICV7_VUP']}
23:54:12 02_merge INFO   VERSIONS s6aq9: {'s6aq9': ['EICV7_VUP'], 's6aq9_v2': ['EICV5_VUP']}
23:54:12 02_merge INFO   VERSIONS s6eq1: {'s6eq1': ['EICV5_VUP'], 's6eq1_v2': ['EICV4_VUP']}
23:54:12 02_merge INFO   VERSIONS s6eq2: {'s6eq2': ['EICV5_VUP'], 's6eq2_v2': ['EICV4_VUP']}
23:54:12 02_merge INFO   VERSIONS s6eq3: {'s6eq3': ['EICV5_VUP'], 's6eq3_v2': ['EICV4_VUP']}
23:54:12 02_merge INFO   VERSIONS s6eq4: {'s6eq4': ['EICV5_VUP'], 's6eq4_v2': ['EICV4_VUP']}
23:54:12 02_merge INFO   VERSIONS s6eq5: {'s6eq5': ['EICV5_VUP'], 's6eq5_v2': ['EICV4_VUP']}
23:54:12 02_merge INFO   VERSIONS s6eq6: {'s6eq6': ['EICV5_VUP'], 's6eq6_v2': ['EICV4_VUP']}
23:54:13 02_merge INFO PASS  EICV_pooled_person_vup.dta: pooled rows == sum of wave rows
23:54:13 02_merge INFO PASS  EICV_pooled_person_vup.dta: EICV4_VUP sum wt preserved
23:54:13 02_merge INFO PASS  EICV_pooled_person_vup.dta: EICV5_VUP sum wt preserved
23:54:13 02_merge INFO PASS  EICV_pooled_person_vup.dta: EICV7_VUP sum wt preserved
23:54:14 02_merge INFO wrote EICV_pooled_person_vup.dta  (32,241 rows x 480 vars, 25.5 MB)
23:54:14 02_merge INFO ---------------- EICV_pooled_household.dta (['EICV1', 'EICV2', 'EICV3', 'EICV4_CS', 'EICV5_CS', 'EICV7_CS'])
23:54:14 02_merge INFO   loaded EICV1      EICV_EICV1_household_clean.dta                              6,420 rows x  220
23:54:14 02_merge INFO   loaded EICV2      EICV_EICV2_household_clean.dta                              6,900 rows x  110
23:54:15 02_merge INFO   loaded EICV3      EICV_EICV3_household_clean.dta                             14,308 rows x  165
23:54:15 02_merge INFO   loaded EICV4_CS   EICV_EICV4_CS_household_clean.dta                          14,419 rows x  209
23:54:15 02_merge INFO   loaded EICV5_CS   EICV_EICV5_CS_household_clean.dta                          14,580 rows x  208
23:54:16 02_merge INFO   loaded EICV7_CS   EICV_EICV7_CS_household_clean.dta                          15,054 rows x  192
23:54:16 02_merge INFO   VERSIONS ae: {'ae': ['EICV3', 'EICV5_CS', 'EICV7_CS'], 'ae_v2': ['EICV4_CS']}
23:54:16 02_merge INFO   VERSIONS exp10: {'exp10': ['EICV3', 'EICV4_CS', 'EICV5_CS'], 'exp10_v2': ['EICV7_CS']}
23:54:16 02_merge INFO   VERSIONS exp11: {'exp11': ['EICV3', 'EICV4_CS', 'EICV5_CS'], 'exp11_v2': ['EICV7_CS']}
23:54:16 02_merge INFO   VERSIONS exp2: {'exp2': ['EICV7_CS'], 'exp2_v2': ['EICV3']}
23:54:16 02_merge INFO   VERSIONS exp3: {'exp3': ['EICV7_CS'], 'exp3_v2': ['EICV3']}
23:54:16 02_merge INFO   VERSIONS exp4: {'exp4': ['EICV3', 'EICV4_CS', 'EICV5_CS'], 'exp4_v2': ['EICV7_CS']}
23:54:16 02_merge INFO   VERSIONS exp5: {'exp5': ['EICV3', 'EICV4_CS', 'EICV5_CS'], 'exp5_v2': ['EICV7_CS']}
23:54:16 02_merge INFO   VERSIONS exp6: {'exp6': ['EICV3', 'EICV4_CS', 'EICV5_CS'], 'exp6_v2': ['EICV7_CS']}
23:54:16 02_merge INFO   VERSIONS exp7: {'exp7': ['EICV3', 'EICV4_CS', 'EICV5_CS'], 'exp7_v2': ['EICV7_CS']}
23:54:16 02_merge INFO   VERSIONS exp8: {'exp8': ['EICV3', 'EICV4_CS', 'EICV5_CS'], 'exp8_v2': ['EICV7_CS']}
23:54:16 02_merge INFO   VERSIONS exp9: {'exp9': ['EICV3', 'EICV4_CS', 'EICV5_CS'], 'exp9_v2': ['EICV7_CS']}
23:54:16 02_merge INFO   VERSIONS id1: {'id1': ['EICV3', 'EICV4_CS'], 'id1_v2': ['EICV2'], 'id1_v3': ['EICV1']}
23:54:16 02_merge INFO   VERSIONS member: {'member': ['EICV3', 'EICV7_CS'], 'member_v2': ['EICV5_CS'], 'member_v3': ['EICV4_CS']}
23:54:16 02_merge INFO   VERSIONS poverty: {'poverty': ['EICV5_CS', 'EICV7_CS'], 'poverty_v2': ['EICV3', 'EICV4_CS']}
23:54:16 02_merge INFO   VERSIONS poverty_s10a1_credits: {'poverty_s10a1_credits': ['EICV5_CS'], 'poverty_s10a1_credits_v2': ['EICV4_CS']}
23:54:16 02_merge INFO   VERSIONS poverty_s7a2_livestock: {'poverty_s7a2_livestock': ['EICV5_CS'], 'poverty_s7a2_livestock_v2': ['EICV4_CS']}
23:54:16 02_merge INFO   VERSIONS poverty_s7b1_land_agriculture: {'poverty_s7b1_land_agriculture': ['EICV5_CS'], 'poverty_s7b1_land_agricultur_v2': ['EICV4_CS']}
23:54:16 02_merge INFO   VERSIONS quintile: {'quintile': ['EICV1', 'EICV3', 'EICV4_CS', 'EICV5_CS'], 'quintile_v2': ['EICV7_CS']}
23:54:16 02_merge INFO   VERSIONS s0q10: {'s0q10': ['EICV2'], 's0q10_v2': ['EICV1']}
23:54:16 02_merge INFO   VERSIONS s0q14: {'s0q14': ['EICV2'], 's0q14_v2': ['EICV1']}
23:54:16 02_merge INFO   VERSIONS s0q15: {'s0q15': ['EICV2'], 's0q15_v2': ['EICV1']}
23:54:16 02_merge INFO   VERSIONS s10aq1: {'s10aq1': ['EICV5_CS'], 's10aq1_v2': ['EICV4_CS']}
23:54:16 02_merge INFO   VERSIONS s10aq3: {'s10aq3': ['EICV5_CS'], 's10aq3_v2': ['EICV4_CS']}
23:54:16 02_merge INFO   VERSIONS s11aq1: {'s11aq1': ['EICV2', 'EICV3'], 's11aq1_v2': ['EICV1']}
23:54:16 02_merge INFO   VERSIONS s11aq2: {'s11aq2': ['EICV3'], 's11aq2_v2': ['EICV2']}
23:54:16 02_merge INFO   VERSIONS s11aq3: {'s11aq3': ['EICV3'], 's11aq3_v2': ['EICV2']}
23:54:16 02_merge INFO   VERSIONS s5aq10: {'s5aq10': ['EICV3', 'EICV4_CS', 'EICV5_CS'], 's5aq10_v2': ['EICV2']}
23:54:16 02_merge INFO   VERSIONS s5aq3: {'s5aq3': ['EICV2', 'EICV3', 'EICV7_CS'], 's5aq3_v2': ['EICV4_CS', 'EICV5_CS']}
23:54:16 02_merge INFO   VERSIONS s5aq4: {'s5aq4': ['EICV2', 'EICV4_CS', 'EICV5_CS'], 's5aq4_v2': ['EICV3']}
23:54:16 02_merge INFO   VERSIONS s5aq5: {'s5aq5': ['EICV4_CS', 'EICV5_CS'], 's5aq5_v2': ['EICV7_CS'], 's5aq5_v3': ['EICV3'], 's5aq5_v4': ['EICV2']}
23:54:16 02_merge INFO   VERSIONS s5aq6: {'s5aq6': ['EICV4_CS', 'EICV5_CS'], 's5aq6_v2': ['EICV7_CS'], 's5aq6_v3': ['EICV3']}
23:54:16 02_merge INFO   VERSIONS s5aq7: {'s5aq7': ['EICV7_CS'], 's5aq7_v2': ['EICV2']}
23:54:16 02_merge INFO   VERSIONS s5aq8: {'s5aq8': ['EICV3', 'EICV4_CS'], 's5aq8_v2': ['EICV7_CS'], 's5aq8_v3': ['EICV5_CS'], 's5aq8_v4': ['EICV2']}
23:54:16 02_merge INFO   VERSIONS s5aq9: {'s5aq9': ['EICV3', 'EICV4_CS', 'EICV5_CS'], 's5aq9_v2': ['EICV2']}
23:54:16 02_merge INFO   VERSIONS s5bq1: {'s5bq1': ['EICV4_CS', 'EICV5_CS'], 's5bq1_v2': ['EICV7_CS'], 's5bq1_v3': ['EICV3'], 's5bq1_v4': ['EICV2']}
23:54:16 02_merge INFO   VERSIONS s5bq2: {'s5bq2': ['EICV4_CS', 'EICV5_CS'], 's5bq2_v2': ['EICV2']}
23:54:16 02_merge INFO   VERSIONS s5bq2a: {'s5bq2a': ['EICV7_CS'], 's5bq2a_v2': ['EICV3']}
23:54:16 02_merge INFO   VERSIONS s5bq3a: {'s5bq3a': ['EICV3', 'EICV4_CS', 'EICV5_CS'], 's5bq3a_v2': ['EICV7_CS']}
23:54:16 02_merge INFO   VERSIONS s5bq4a: {'s5bq4a': ['EICV3', 'EICV4_CS', 'EICV5_CS'], 's5bq4a_v2': ['EICV2']}
23:54:16 02_merge INFO   VERSIONS s5bq5: {'s5bq5': ['EICV4_CS', 'EICV5_CS'], 's5bq5_v2': ['EICV3'], 's5bq5_v3': ['EICV2']}
23:54:16 02_merge INFO   VERSIONS s5bq6: {'s5bq6': ['EICV7_CS'], 's5bq6_v2': ['EICV2']}
23:54:16 02_merge INFO   VERSIONS s5bq6a: {'s5bq6a': ['EICV4_CS', 'EICV5_CS'], 's5bq6a_v2': ['EICV3']}
23:54:16 02_merge INFO   VERSIONS s5bq7: {'s5bq7': ['EICV3', 'EICV4_CS', 'EICV5_CS'], 's5bq7_v2': ['EICV7_CS'], 's5bq7_v3': ['EICV2']}
23:54:16 02_merge INFO   VERSIONS s5bq8: {'s5bq8': ['EICV3', 'EICV4_CS', 'EICV5_CS'], 's5bq8_v2': ['EICV7_CS']}
23:54:16 02_merge INFO   VERSIONS s5bq9: {'s5bq9': ['EICV7_CS'], 's5bq9_v2': ['EICV3'], 's5bq9_v3': ['EICV2']}
23:54:16 02_merge INFO   VERSIONS s5cq10: {'s5cq10': ['EICV4_CS', 'EICV5_CS', 'EICV7_CS'], 's5cq10_v2': ['EICV3'], 's5cq10_v3': ['EICV2']}
23:54:16 02_merge INFO   VERSIONS s5cq11: {'s5cq11': ['EICV4_CS', 'EICV5_CS', 'EICV7_CS'], 's5cq11_v2': ['EICV3'], 's5cq11_v3': ['EICV2']}
23:54:16 02_merge INFO   VERSIONS s5cq12: {'s5cq12': ['EICV4_CS', 'EICV5_CS'], 's5cq12_v2': ['EICV7_CS'], 's5cq12_v3': ['EICV3']}
23:54:16 02_merge INFO   VERSIONS s5cq13: {'s5cq13': ['EICV4_CS', 'EICV5_CS'], 's5cq13_v2': ['EICV7_CS'], 's5cq13_v3': ['EICV3']}
23:54:16 02_merge INFO   VERSIONS s5cq14: {'s5cq14': ['EICV4_CS', 'EICV5_CS'], 's5cq14_v2': ['EICV7_CS'], 's5cq14_v3': ['EICV3']}
23:54:16 02_merge INFO   VERSIONS s5cq15: {'s5cq15': ['EICV4_CS', 'EICV5_CS'], 's5cq15_v2': ['EICV7_CS'], 's5cq15_v3': ['EICV3']}
23:54:16 02_merge INFO   VERSIONS s5cq16: {'s5cq16': ['EICV4_CS', 'EICV5_CS', 'EICV7_CS'], 's5cq16_v2': ['EICV3']}
23:54:16 02_merge INFO   VERSIONS s5cq17: {'s5cq17': ['EICV4_CS', 'EICV5_CS'], 's5cq17_v2': ['EICV7_CS'], 's5cq17_v3': ['EICV3']}
23:54:16 02_merge INFO   VERSIONS s5cq18: {'s5cq18': ['EICV4_CS', 'EICV5_CS'], 's5cq18_v2': ['EICV7_CS'], 's5cq18_v3': ['EICV3']}
23:54:16 02_merge INFO   VERSIONS s5cq19: {'s5cq19': ['EICV4_CS', 'EICV5_CS'], 's5cq19_v2': ['EICV7_CS'], 's5cq19_v3': ['EICV3']}
23:54:16 02_merge INFO   VERSIONS s5cq2: {'s5cq2': ['EICV3', 'EICV4_CS'], 's5cq2_v2': ['EICV5_CS']}
23:54:16 02_merge INFO   VERSIONS s5cq20: {'s5cq20': ['EICV4_CS', 'EICV5_CS'], 's5cq20_v2': ['EICV7_CS']}
23:54:16 02_merge INFO   VERSIONS s5cq20b: {'s5cq20b': ['EICV7_CS'], 's5cq20b_v2': ['EICV3']}
23:54:16 02_merge INFO   VERSIONS s5cq20c: {'s5cq20c': ['EICV7_CS'], 's5cq20c_v2': ['EICV3']}
23:54:16 02_merge INFO   VERSIONS s5cq21: {'s5cq21': ['EICV4_CS', 'EICV5_CS'], 's5cq21_v2': ['EICV7_CS']}
23:54:16 02_merge INFO   VERSIONS s5cq23: {'s5cq23': ['EICV7_CS'], 's5cq23_v2': ['EICV5_CS'], 's5cq23_v3': ['EICV4_CS']}
23:54:16 02_merge INFO   VERSIONS s5cq24: {'s5cq24': ['EICV4_CS', 'EICV5_CS'], 's5cq24_v2': ['EICV7_CS']}
23:54:16 02_merge INFO   VERSIONS s5cq25: {'s5cq25': ['EICV4_CS', 'EICV5_CS'], 's5cq25_v2': ['EICV7_CS']}
23:54:16 02_merge INFO   VERSIONS s5cq26: {'s5cq26': ['EICV4_CS', 'EICV5_CS'], 's5cq26_v2': ['EICV7_CS']}
23:54:16 02_merge INFO   VERSIONS s5cq27: {'s5cq27': ['EICV4_CS', 'EICV5_CS'], 's5cq27_v2': ['EICV7_CS']}
23:54:16 02_merge INFO   VERSIONS s5cq2a: {'s5cq2a': ['EICV7_CS'], 's5cq2a_v2': ['EICV2']}
23:54:16 02_merge INFO   VERSIONS s5cq2b: {'s5cq2b': ['EICV7_CS'], 's5cq2b_v2': ['EICV2']}
23:54:16 02_merge INFO   VERSIONS s5cq3: {'s5cq3': ['EICV4_CS', 'EICV5_CS', 'EICV7_CS'], 's5cq3_v2': ['EICV2']}
23:54:16 02_merge INFO   VERSIONS s5cq4: {'s5cq4': ['EICV4_CS', 'EICV5_CS'], 's5cq4_v2': ['EICV2']}
23:54:16 02_merge INFO   VERSIONS s5cq4a: {'s5cq4a': ['EICV7_CS'], 's5cq4a_v2': ['EICV3']}
23:54:16 02_merge INFO   VERSIONS s5cq4b: {'s5cq4b': ['EICV7_CS'], 's5cq4b_v2': ['EICV3']}
23:54:16 02_merge INFO   VERSIONS s5cq5: {'s5cq5': ['EICV4_CS', 'EICV5_CS', 'EICV7_CS'], 's5cq5_v2': ['EICV2', 'EICV3']}
23:54:16 02_merge INFO   VERSIONS s5cq6: {'s5cq6': ['EICV4_CS', 'EICV5_CS'], 's5cq6_v2': ['EICV3'], 's5cq6_v3': ['EICV2']}
23:54:16 02_merge INFO   VERSIONS s5cq7: {'s5cq7': ['EICV4_CS', 'EICV5_CS', 'EICV7_CS'], 's5cq7_v2': ['EICV3']}
23:54:16 02_merge INFO   VERSIONS s5cq8: {'s5cq8': ['EICV4_CS', 'EICV5_CS'], 's5cq8_v2': ['EICV7_CS'], 's5cq8_v3': ['EICV3'], 's5cq8_v4': ['EICV2']}
23:54:16 02_merge INFO   VERSIONS s5cq9: {'s5cq9': ['EICV3'], 's5cq9_v2': ['EICV2']}
23:54:16 02_merge INFO   VERSIONS s5dq2: {'s5dq2': ['EICV3', 'EICV4_CS', 'EICV5_CS', 'EICV7_CS'], 's5dq2_v2': ['EICV2']}
23:54:16 02_merge INFO   VERSIONS s5dq3: {'s5dq3': ['EICV3', 'EICV4_CS', 'EICV5_CS', 'EICV7_CS'], 's5dq3_v2': ['EICV2']}
23:54:16 02_merge INFO   VERSIONS s7a2q1: {'s7a2q1': ['EICV4_CS', 'EICV5_CS'], 's7a2q1_v2': ['EICV7_CS']}
23:54:16 02_merge INFO   VERSIONS s7a2q3: {'s7a2q3': ['EICV4_CS', 'EICV5_CS'], 's7a2q3_v2': ['EICV7_CS']}
23:54:16 02_merge INFO   VERSIONS s7a2q7: {'s7a2q7': ['EICV4_CS', 'EICV5_CS'], 's7a2q7_v2': ['EICV7_CS']}
23:54:16 02_merge INFO   VERSIONS s8bq1: {'s8bq1': ['EICV2'], 's8bq1_v2': ['EICV1']}
23:54:16 02_merge INFO   VERSIONS s8bq12: {'s8bq12': ['EICV2'], 's8bq12_v2': ['EICV1']}
23:54:16 02_merge INFO   VERSIONS s8bq14: {'s8bq14': ['EICV2'], 's8bq14_v2': ['EICV1']}
23:54:16 02_merge INFO   VERSIONS s8bq16: {'s8bq16': ['EICV2'], 's8bq16_v2': ['EICV1']}
23:54:16 02_merge INFO   VERSIONS s8bq17: {'s8bq17': ['EICV2'], 's8bq17_v2': ['EICV1']}
23:54:16 02_merge INFO   VERSIONS s8bq4: {'s8bq4': ['EICV2'], 's8bq4_v2': ['EICV1']}
23:54:16 02_merge INFO   VERSIONS s8bq6: {'s8bq6': ['EICV2'], 's8bq6_v2': ['EICV1']}
23:54:16 02_merge INFO   VERSIONS s8bq9: {'s8bq9': ['EICV2'], 's8bq9_v2': ['EICV1']}
23:54:16 02_merge INFO   VERSIONS s9cq10: {'s9cq10': ['EICV5_CS'], 's9cq10_v2': ['EICV4_CS']}
23:54:16 02_merge INFO   VERSIONS s9cq11: {'s9cq11': ['EICV5_CS'], 's9cq11_v2': ['EICV4_CS']}
23:54:16 02_merge INFO   VERSIONS s9cq12: {'s9cq12': ['EICV5_CS'], 's9cq12_v2': ['EICV4_CS']}
23:54:16 02_merge INFO   VERSIONS s9cq2: {'s9cq2': ['EICV5_CS'], 's9cq2_v2': ['EICV4_CS']}
23:54:16 02_merge INFO   VERSIONS s9cq3: {'s9cq3': ['EICV5_CS'], 's9cq3_v2': ['EICV4_CS']}
23:54:16 02_merge INFO   VERSIONS s9cq5: {'s9cq5': ['EICV5_CS'], 's9cq5_v2': ['EICV4_CS']}
23:54:16 02_merge INFO   VERSIONS s9cq6: {'s9cq6': ['EICV5_CS'], 's9cq6_v2': ['EICV4_CS']}
23:54:16 02_merge INFO   VERSIONS s9cq7: {'s9cq7': ['EICV5_CS'], 's9cq7_v2': ['EICV4_CS']}
23:54:16 02_merge INFO   VERSIONS s9cq8: {'s9cq8': ['EICV5_CS'], 's9cq8_v2': ['EICV4_CS']}
23:54:16 02_merge INFO   VERSIONS s9cq9: {'s9cq9': ['EICV5_CS'], 's9cq9_v2': ['EICV4_CS']}
23:54:19 02_merge INFO PASS  EICV_pooled_household.dta: pooled rows == sum of wave rows
23:54:19 02_merge INFO PASS  EICV_pooled_household.dta: EICV1 sum wt preserved
23:54:19 02_merge INFO PASS  EICV_pooled_household.dta: EICV2 sum wt preserved
23:54:19 02_merge INFO PASS  EICV_pooled_household.dta: EICV3 sum wt preserved
23:54:19 02_merge INFO PASS  EICV_pooled_household.dta: EICV4_CS sum wt preserved
23:54:19 02_merge INFO PASS  EICV_pooled_household.dta: EICV5_CS sum wt preserved
23:54:19 02_merge INFO PASS  EICV_pooled_household.dta: EICV7_CS sum wt preserved
23:54:21 02_merge INFO wrote EICV_pooled_household.dta  (71,681 rows x 817 vars, 117.9 MB)
23:54:21 02_merge INFO ---------------- EICV_pooled_household_vup.dta (['EICV5_VUP', 'EICV7_VUP'])
23:54:21 02_merge INFO   loaded EICV5_VUP  EICV_EICV5_VUP_household_clean.dta                          1,644 rows x  201
23:54:21 02_merge INFO   loaded EICV7_VUP  EICV_EICV7_VUP_household_clean.dta                          3,771 rows x  149
23:54:21 02_merge INFO   VERSIONS s5aq3: {'s5aq3': ['EICV7_VUP'], 's5aq3_v2': ['EICV5_VUP']}
23:54:21 02_merge INFO   VERSIONS s5aq5: {'s5aq5': ['EICV7_VUP'], 's5aq5_v2': ['EICV5_VUP']}
23:54:21 02_merge INFO   VERSIONS s5aq6: {'s5aq6': ['EICV7_VUP'], 's5aq6_v2': ['EICV5_VUP']}
23:54:21 02_merge INFO   VERSIONS s5aq8: {'s5aq8': ['EICV7_VUP'], 's5aq8_v2': ['EICV5_VUP']}
23:54:21 02_merge INFO   VERSIONS s5bq1: {'s5bq1': ['EICV7_VUP'], 's5bq1_v2': ['EICV5_VUP']}
23:54:21 02_merge INFO   VERSIONS s5bq3a: {'s5bq3a': ['EICV7_VUP'], 's5bq3a_v2': ['EICV5_VUP']}
23:54:21 02_merge INFO   VERSIONS s5bq7: {'s5bq7': ['EICV7_VUP'], 's5bq7_v2': ['EICV5_VUP']}
23:54:21 02_merge INFO   VERSIONS s5bq8: {'s5bq8': ['EICV7_VUP'], 's5bq8_v2': ['EICV5_VUP']}
23:54:21 02_merge INFO   VERSIONS s5cq12: {'s5cq12': ['EICV7_VUP'], 's5cq12_v2': ['EICV5_VUP']}
23:54:21 02_merge INFO   VERSIONS s5cq13: {'s5cq13': ['EICV7_VUP'], 's5cq13_v2': ['EICV5_VUP']}
23:54:21 02_merge INFO   VERSIONS s5cq14: {'s5cq14': ['EICV7_VUP'], 's5cq14_v2': ['EICV5_VUP']}
23:54:21 02_merge INFO   VERSIONS s5cq15: {'s5cq15': ['EICV7_VUP'], 's5cq15_v2': ['EICV5_VUP']}
23:54:21 02_merge INFO   VERSIONS s5cq17: {'s5cq17': ['EICV7_VUP'], 's5cq17_v2': ['EICV5_VUP']}
23:54:21 02_merge INFO   VERSIONS s5cq18: {'s5cq18': ['EICV7_VUP'], 's5cq18_v2': ['EICV5_VUP']}
23:54:21 02_merge INFO   VERSIONS s5cq19: {'s5cq19': ['EICV7_VUP'], 's5cq19_v2': ['EICV5_VUP']}
23:54:21 02_merge INFO   VERSIONS s5cq20: {'s5cq20': ['EICV7_VUP'], 's5cq20_v2': ['EICV5_VUP']}
23:54:21 02_merge INFO   VERSIONS s5cq21: {'s5cq21': ['EICV7_VUP'], 's5cq21_v2': ['EICV5_VUP']}
23:54:21 02_merge INFO   VERSIONS s5cq23: {'s5cq23': ['EICV7_VUP'], 's5cq23_v2': ['EICV5_VUP']}
23:54:21 02_merge INFO   VERSIONS s5cq24: {'s5cq24': ['EICV7_VUP'], 's5cq24_v2': ['EICV5_VUP']}
23:54:21 02_merge INFO   VERSIONS s5cq25: {'s5cq25': ['EICV7_VUP'], 's5cq25_v2': ['EICV5_VUP']}
23:54:21 02_merge INFO   VERSIONS s5cq26: {'s5cq26': ['EICV7_VUP'], 's5cq26_v2': ['EICV5_VUP']}
23:54:21 02_merge INFO   VERSIONS s5cq27: {'s5cq27': ['EICV7_VUP'], 's5cq27_v2': ['EICV5_VUP']}
23:54:21 02_merge INFO   VERSIONS s5cq8: {'s5cq8': ['EICV7_VUP'], 's5cq8_v2': ['EICV5_VUP']}
23:54:21 02_merge INFO   VERSIONS s7a2q2: {'s7a2q2': ['EICV7_VUP'], 's7a2q2_v2': ['EICV5_VUP']}
23:54:21 02_merge INFO   VERSIONS s7a2q3: {'s7a2q3': ['EICV7_VUP'], 's7a2q3_v2': ['EICV5_VUP']}
23:54:21 02_merge INFO   VERSIONS s7a2q7: {'s7a2q7': ['EICV7_VUP'], 's7a2q7_v2': ['EICV5_VUP']}
23:54:21 02_merge INFO PASS  EICV_pooled_household_vup.dta: pooled rows == sum of wave rows
23:54:21 02_merge INFO PASS  EICV_pooled_household_vup.dta: EICV5_VUP sum wt preserved
23:54:21 02_merge INFO PASS  EICV_pooled_household_vup.dta: EICV7_VUP sum wt preserved
23:54:21 02_merge INFO wrote EICV_pooled_household_vup.dta  (5,415 rows x 316 vars, 2.9 MB)
23:54:21 02_merge INFO ---------------- EICV_pooled_agri_expenditure.dta (['EICV1', 'EICV2', 'EICV3', 'EICV4_CS', 'EICV4_VUP', 'EICV5_CS', 'EICV5_VUP'])
23:54:21 02_merge INFO   loaded EICV1      EICV_EICV1_s8_farm_expense_clean.dta                       77,556 rows x   21
23:54:22 02_merge INFO   loaded EICV2      EICV_EICV2_s8g_ag_expense_clean.dta                        78,190 rows x   21
23:54:22 02_merge INFO   loaded EICV3      EICV_EICV3_s08g_inputs_clean.dta                          205,664 rows x   19
23:54:23 02_merge INFO   loaded EICV4_CS   EICV_EICV4_CS_s7g_expenditure_agriculture_clean.dta       230,704 rows x   25
23:54:23 02_merge INFO   loaded EICV4_VUP  EICV_EICV4_VUP_s7g_expenditure_agriculture_clean.dta       39,360 rows x   21
23:54:24 02_merge INFO   loaded EICV5_CS   EICV_EICV5_CS_s7g_expenditure_agriculture_clean.dta       233,232 rows x   17
23:54:24 02_merge INFO   loaded EICV5_VUP  EICV_EICV5_VUP_s7g_expenditure_agriculture_clean.dta       26,288 rows x   17
23:54:24 02_merge INFO   VERSIONS poverty: {'poverty': ['EICV3', 'EICV4_CS'], 'poverty_v2': ['EICV5_CS']}
23:54:24 02_merge INFO   VERSIONS s8gq3: {'s8gq3': ['EICV3'], 's8gq3_v2': ['EICV2']}
23:54:24 02_merge INFO   VERSIONS s8gq4: {'s8gq4': ['EICV3'], 's8gq4_v2': ['EICV2']}
23:54:24 02_merge INFO   VERSIONS s8gq6: {'s8gq6': ['EICV3'], 's8gq6_v2': ['EICV2']}
23:54:27 02_merge INFO PASS  EICV_pooled_agri_expenditure.dta: pooled rows == sum of wave rows
23:54:27 02_merge INFO PASS  EICV_pooled_agri_expenditure.dta: EICV1 sum wt preserved
23:54:27 02_merge INFO PASS  EICV_pooled_agri_expenditure.dta: EICV2 sum wt preserved
23:54:27 02_merge INFO PASS  EICV_pooled_agri_expenditure.dta: EICV3 sum wt preserved
23:54:27 02_merge INFO PASS  EICV_pooled_agri_expenditure.dta: EICV4_CS sum wt preserved
23:54:27 02_merge INFO PASS  EICV_pooled_agri_expenditure.dta: EICV4_VUP sum wt preserved
23:54:27 02_merge INFO PASS  EICV_pooled_agri_expenditure.dta: EICV5_CS sum wt preserved
23:54:27 02_merge INFO PASS  EICV_pooled_agri_expenditure.dta: EICV5_VUP sum wt preserved
23:54:30 02_merge INFO wrote EICV_pooled_agri_expenditure.dta  (890,994 rows x 53 vars, 128.3 MB)
23:54:30 02_merge INFO ---------------- EICV_pooled_agri_income.dta (['EICV4_CS', 'EICV4_VUP', 'EICV5_CS', 'EICV5_VUP'])
23:54:31 02_merge INFO   loaded EICV4_CS   EICV_EICV4_CS_s7f_income_agriculture_clean.dta            173,028 rows x   26
23:54:31 02_merge INFO   loaded EICV4_VUP  EICV_EICV4_VUP_s7f_income_agriculture_clean.dta            29,520 rows x   22
23:54:31 02_merge INFO   loaded EICV5_CS   EICV_EICV5_CS_s7f_income_agriculture_clean.dta            174,936 rows x   18
23:54:31 02_merge INFO   loaded EICV5_VUP  EICV_EICV5_VUP_s7f_income_agriculture_clean.dta            19,728 rows x   18
23:54:31 02_merge INFO   VERSIONS poverty: {'poverty': ['EICV5_CS'], 'poverty_v2': ['EICV4_CS']}
23:54:32 02_merge INFO PASS  EICV_pooled_agri_income.dta: pooled rows == sum of wave rows
23:54:32 02_merge INFO PASS  EICV_pooled_agri_income.dta: EICV4_CS sum wt preserved
23:54:32 02_merge INFO PASS  EICV_pooled_agri_income.dta: EICV4_VUP sum wt preserved
23:54:32 02_merge INFO PASS  EICV_pooled_agri_income.dta: EICV5_CS sum wt preserved
23:54:32 02_merge INFO PASS  EICV_pooled_agri_income.dta: EICV5_VUP sum wt preserved
23:54:34 02_merge INFO wrote EICV_pooled_agri_income.dta  (397,212 rows x 31 vars, 40.5 MB)
23:54:34 02_merge INFO ---------------- EICV_pooled_agri_processing.dta (['EICV1', 'EICV2', 'EICV3', 'EICV4_CS', 'EICV4_VUP', 'EICV5_CS', 'EICV5_VUP'])
23:54:34 02_merge INFO   loaded EICV1      EICV_EICV1_s8_farm_processing_clean.dta                    14,389 rows x   33
23:54:34 02_merge INFO   loaded EICV2      EICV_EICV2_s8h_ag_process_clean.dta                        11,937 rows x   34
23:54:34 02_merge INFO   loaded EICV3      EICV_EICV3_s08h_processing_clean.dta                       32,981 rows x   30
23:54:34 02_merge INFO   loaded EICV4_CS   EICV_EICV4_CS_s7h_transformation_agriculture_clean.dta     53,549 rows x   32
23:54:34 02_merge INFO   loaded EICV4_VUP  EICV_EICV4_VUP_s7h_transformation_agriculture_clean.dta     9,021 rows x   28
23:54:34 02_merge INFO   loaded EICV5_CS   EICV_EICV5_CS_s7h_transformation_agriculture_clean.dta     45,266 rows x   28
23:54:34 02_merge INFO   loaded EICV5_VUP  EICV_EICV5_VUP_s7h_transformation_agriculture_clean.dta     5,300 rows x   29
23:54:34 02_merge INFO   VERSIONS poverty: {'poverty': ['EICV3', 'EICV4_CS'], 'poverty_v2': ['EICV5_CS']}
23:54:34 02_merge INFO   VERSIONS s7hq3b: {'s7hq3b': ['EICV5_CS', 'EICV5_VUP'], 's7hq3b_v2': ['EICV4_CS', 'EICV4_VUP']}
23:54:34 02_merge INFO   VERSIONS s7hq7: {'s7hq7': ['EICV5_CS', 'EICV5_VUP'], 's7hq7_v2': ['EICV4_CS', 'EICV4_VUP']}
23:54:34 02_merge INFO   VERSIONS s7hq8a: {'s7hq8a': ['EICV5_CS', 'EICV5_VUP'], 's7hq8a_v2': ['EICV4_CS', 'EICV4_VUP']}
23:54:34 02_merge INFO   VERSIONS s7hq8b: {'s7hq8b': ['EICV5_CS', 'EICV5_VUP'], 's7hq8b_v2': ['EICV4_CS', 'EICV4_VUP']}
23:54:34 02_merge INFO   VERSIONS s7hq9a: {'s7hq9a': ['EICV5_CS', 'EICV5_VUP'], 's7hq9a_v2': ['EICV4_CS', 'EICV4_VUP']}
23:54:34 02_merge INFO   VERSIONS s7hq9b: {'s7hq9b': ['EICV5_CS', 'EICV5_VUP'], 's7hq9b_v2': ['EICV4_CS', 'EICV4_VUP']}
23:54:34 02_merge INFO   VERSIONS s8hq2: {'s8hq2': ['EICV3'], 's8hq2_v2': ['EICV2']}
23:54:34 02_merge INFO   VERSIONS s8hq4a: {'s8hq4a': ['EICV3'], 's8hq4a_v2': ['EICV2']}
23:54:34 02_merge INFO   VERSIONS s8hq4b: {'s8hq4b': ['EICV3'], 's8hq4b_v2': ['EICV2']}
23:54:34 02_merge INFO   VERSIONS s8hq4c: {'s8hq4c': ['EICV3'], 's8hq4c_v2': ['EICV2']}
23:54:34 02_merge INFO   VERSIONS s8hq5b: {'s8hq5b': ['EICV3'], 's8hq5b_v2': ['EICV2']}
23:54:34 02_merge INFO   VERSIONS s8hq5c: {'s8hq5c': ['EICV3'], 's8hq5c_v2': ['EICV2']}
23:54:34 02_merge INFO   VERSIONS s8hq6: {'s8hq6': ['EICV3'], 's8hq6_v2': ['EICV2']}
23:54:34 02_merge INFO   VERSIONS s8hq7: {'s8hq7': ['EICV3'], 's8hq7_v2': ['EICV2']}
23:54:34 02_merge INFO   VERSIONS s8hq9: {'s8hq9': ['EICV3'], 's8hq9_v2': ['EICV2']}
23:54:35 02_merge INFO PASS  EICV_pooled_agri_processing.dta: pooled rows == sum of wave rows
23:54:35 02_merge INFO PASS  EICV_pooled_agri_processing.dta: EICV1 sum wt preserved
23:54:35 02_merge INFO PASS  EICV_pooled_agri_processing.dta: EICV2 sum wt preserved
23:54:35 02_merge INFO PASS  EICV_pooled_agri_processing.dta: EICV3 sum wt preserved
23:54:35 02_merge INFO PASS  EICV_pooled_agri_processing.dta: EICV4_CS sum wt preserved
23:54:35 02_merge INFO PASS  EICV_pooled_agri_processing.dta: EICV4_VUP sum wt preserved
23:54:35 02_merge INFO PASS  EICV_pooled_agri_processing.dta: EICV5_CS sum wt preserved
23:54:35 02_merge INFO PASS  EICV_pooled_agri_processing.dta: EICV5_VUP sum wt preserved
23:54:36 02_merge INFO wrote EICV_pooled_agri_processing.dta  (172,443 rows x 106 vars, 45.3 MB)
23:54:36 02_merge INFO ---------------- EICV_pooled_credits.dta (['EICV1', 'EICV2', 'EICV3', 'EICV4_CS', 'EICV4_VUP', 'EICV5_CS', 'EICV5_VUP', 'EICV7_CS', 'EICV7_VUP'])
23:54:36 02_merge INFO   loaded EICV1      EICV_EICV1_s12_credit_clean.dta                             7,178 rows x   26
23:54:36 02_merge INFO   loaded EICV2      EICV_EICV2_s11a_credit_clean.dta                            5,509 rows x   24
23:54:36 02_merge INFO   loaded EICV3      EICV_EICV3_s11a2_credit_clean.dta                          22,781 rows x   22
23:54:36 02_merge INFO   loaded EICV4_CS   EICV_EICV4_CS_s10a2_credits_clean.dta                      20,974 rows x   30
23:54:36 02_merge INFO   loaded EICV4_VUP  EICV_EICV4_VUP_s10a2_credits_clean.dta                      3,907 rows x   26
23:54:37 02_merge INFO   loaded EICV5_CS   EICV_EICV5_CS_s10a2_listing_of_credits_clean.dta           15,800 rows x   24
23:54:37 02_merge INFO   loaded EICV5_VUP  EICV_EICV5_VUP_s10a2_listing_of_credits_clean.dta           1,968 rows x   23
23:54:37 02_merge INFO   loaded EICV7_CS   EICV_EICV7_CS_s10a1_a2_credits_clean.dta                   20,509 rows x   25
23:54:37 02_merge INFO   loaded EICV7_VUP  EICV_EICV7_VUP_s10a1_a2_credits_clean.dta                   5,404 rows x   26
23:54:37 02_merge INFO   VERSIONS poverty: {'poverty': ['EICV5_CS', 'EICV7_CS', 'EICV7_VUP'], 'poverty_v2': ['EICV3', 'EICV4_CS']}
23:54:37 02_merge INFO   VERSIONS quintile: {'quintile': ['EICV3', 'EICV4_CS', 'EICV5_CS'], 'quintile_v2': ['EICV7_CS', 'EICV7_VUP']}
23:54:37 02_merge INFO   VERSIONS s10aq10: {'s10aq10': ['EICV5_CS', 'EICV5_VUP'], 's10aq10_v2': ['EICV4_CS', 'EICV4_VUP']}
23:54:37 02_merge INFO   VERSIONS s10aq12: {'s10aq12': ['EICV5_CS', 'EICV5_VUP'], 's10aq12_v2': ['EICV4_CS', 'EICV4_VUP']}
23:54:37 02_merge INFO   VERSIONS s10aq6: {'s10aq6': ['EICV4_CS', 'EICV4_VUP', 'EICV5_CS', 'EICV5_VUP'], 's10aq6_v2': ['EICV7_CS', 'EICV7_VUP']}
23:54:37 02_merge INFO   VERSIONS s10aq8: {'s10aq8': ['EICV4_CS', 'EICV4_VUP', 'EICV5_CS', 'EICV5_VUP'], 's10aq8_v2': ['EICV7_CS', 'EICV7_VUP']}
23:54:37 02_merge INFO   VERSIONS s10aq9: {'s10aq9': ['EICV4_CS', 'EICV4_VUP', 'EICV5_CS', 'EICV5_VUP'], 's10aq9_v2': ['EICV7_CS', 'EICV7_VUP']}
23:54:37 02_merge INFO   VERSIONS s11aq12: {'s11aq12': ['EICV3'], 's11aq12_v2': ['EICV2']}
23:54:37 02_merge INFO   VERSIONS s11aq13: {'s11aq13': ['EICV3'], 's11aq13_v2': ['EICV2']}
23:54:37 02_merge INFO   VERSIONS s11aq9: {'s11aq9': ['EICV3'], 's11aq9_v2': ['EICV2']}
23:54:37 02_merge INFO PASS  EICV_pooled_credits.dta: pooled rows == sum of wave rows
23:54:37 02_merge INFO PASS  EICV_pooled_credits.dta: EICV1 sum wt preserved
23:54:37 02_merge INFO PASS  EICV_pooled_credits.dta: EICV2 sum wt preserved
23:54:37 02_merge INFO PASS  EICV_pooled_credits.dta: EICV3 sum wt preserved
23:54:37 02_merge INFO PASS  EICV_pooled_credits.dta: EICV4_CS sum wt preserved
23:54:37 02_merge INFO PASS  EICV_pooled_credits.dta: EICV4_VUP sum wt preserved
23:54:37 02_merge INFO PASS  EICV_pooled_credits.dta: EICV5_CS sum wt preserved
23:54:37 02_merge INFO PASS  EICV_pooled_credits.dta: EICV5_VUP sum wt preserved
23:54:37 02_merge INFO PASS  EICV_pooled_credits.dta: EICV7_CS sum wt preserved
23:54:37 02_merge INFO PASS  EICV_pooled_credits.dta: EICV7_VUP sum wt preserved
23:54:38 02_merge INFO wrote EICV_pooled_credits.dta  (104,030 rows x 82 vars, 18.6 MB)
23:54:38 02_merge INFO ---------------- EICV_pooled_crop_large.dta (['EICV2', 'EICV3', 'EICV4_CS', 'EICV4_VUP', 'EICV5_CS', 'EICV5_VUP'])
23:54:38 02_merge INFO   loaded EICV2      EICV_EICV2_s8d_ag_production1_clean.dta                    18,251 rows x   34
23:54:38 02_merge INFO   loaded EICV3      EICV_EICV3_s08d_croplarge_clean.dta                        46,621 rows x   30
23:54:38 02_merge INFO   loaded EICV4_CS   EICV_EICV4_CS_s7d_large_crop_clean.dta                     44,453 rows x   32
23:54:38 02_merge INFO   loaded EICV4_VUP  EICV_EICV4_VUP_s7d_large_crop_clean.dta                     7,606 rows x   28
23:54:38 02_merge INFO   loaded EICV5_CS   EICV_EICV5_CS_s7d_large_crop_clean.dta                     38,326 rows x   20
23:54:38 02_merge INFO   loaded EICV5_VUP  EICV_EICV5_VUP_s7d_large_crop_clean.dta                     4,613 rows x   22
23:54:38 02_merge INFO   VERSIONS crop: {'crop': ['EICV5_CS'], 'crop_v2': ['EICV3']}
23:54:38 02_merge INFO   VERSIONS poverty: {'poverty': ['EICV3', 'EICV4_CS'], 'poverty_v2': ['EICV5_CS']}
23:54:38 02_merge INFO   VERSIONS s7dq2: {'s7dq2': ['EICV4_CS', 'EICV4_VUP'], 's7dq2_v2': ['EICV5_VUP']}
23:54:38 02_merge INFO   VERSIONS s7dq5: {'s7dq5': ['EICV5_CS', 'EICV5_VUP'], 's7dq5_v2': ['EICV4_CS', 'EICV4_VUP']}
23:54:38 02_merge INFO   VERSIONS s7dq7: {'s7dq7': ['EICV5_CS', 'EICV5_VUP'], 's7dq7_v2': ['EICV4_CS', 'EICV4_VUP']}
23:54:38 02_merge INFO   VERSIONS s8dq14: {'s8dq14': ['EICV3'], 's8dq14_v2': ['EICV2']}
23:54:38 02_merge INFO   VERSIONS s8dq15: {'s8dq15': ['EICV3'], 's8dq15_v2': ['EICV2']}
23:54:38 02_merge INFO   VERSIONS s8dq17: {'s8dq17': ['EICV3'], 's8dq17_v2': ['EICV2']}
23:54:38 02_merge INFO   VERSIONS s8dq7: {'s8dq7': ['EICV3'], 's8dq7_v2': ['EICV2']}
23:54:39 02_merge INFO PASS  EICV_pooled_crop_large.dta: pooled rows == sum of wave rows
23:54:39 02_merge INFO PASS  EICV_pooled_crop_large.dta: EICV2 sum wt preserved
23:54:39 02_merge INFO PASS  EICV_pooled_crop_large.dta: EICV3 sum wt preserved
23:54:39 02_merge INFO PASS  EICV_pooled_crop_large.dta: EICV4_CS sum wt preserved
23:54:39 02_merge INFO PASS  EICV_pooled_crop_large.dta: EICV4_VUP sum wt preserved
23:54:39 02_merge INFO PASS  EICV_pooled_crop_large.dta: EICV5_CS sum wt preserved
23:54:39 02_merge INFO PASS  EICV_pooled_crop_large.dta: EICV5_VUP sum wt preserved
23:54:40 02_merge INFO wrote EICV_pooled_crop_large.dta  (159,870 rows x 72 vars, 35.7 MB)
23:54:40 02_merge INFO ---------------- EICV_pooled_crop_small.dta (['EICV2', 'EICV3', 'EICV4_CS', 'EICV4_VUP', 'EICV5_CS', 'EICV5_VUP'])
23:54:40 02_merge INFO   loaded EICV2      EICV_EICV2_s8e_ag_production2_clean.dta                    44,385 rows x   33
23:54:40 02_merge INFO   loaded EICV3      EICV_EICV3_s08e_cropsmall_clean.dta                       121,882 rows x   29
23:54:41 02_merge INFO   loaded EICV4_CS   EICV_EICV4_CS_s7e_small_crop_clean.dta                    145,711 rows x   35
23:54:41 02_merge INFO   loaded EICV4_VUP  EICV_EICV4_VUP_s7e_small_crop_clean.dta                    25,271 rows x   31
23:54:41 02_merge INFO   loaded EICV5_CS   EICV_EICV5_CS_s7e_small_crop_clean.dta                    118,099 rows x   26
23:54:42 02_merge INFO   loaded EICV5_VUP  EICV_EICV5_VUP_s7e_small_crop_clean.dta                    14,136 rows x   27
23:54:42 02_merge INFO   VERSIONS poverty: {'poverty': ['EICV3', 'EICV4_CS'], 'poverty_v2': ['EICV5_CS']}
23:54:42 02_merge INFO   VERSIONS s7eq5: {'s7eq5': ['EICV5_CS', 'EICV5_VUP'], 's7eq5_v2': ['EICV4_CS', 'EICV4_VUP']}
23:54:42 02_merge INFO   VERSIONS s7eq6a: {'s7eq6a': ['EICV5_CS', 'EICV5_VUP'], 's7eq6a_v2': ['EICV4_CS', 'EICV4_VUP']}
23:54:42 02_merge INFO   VERSIONS s7eq8: {'s7eq8': ['EICV5_CS', 'EICV5_VUP'], 's7eq8_v2': ['EICV4_CS', 'EICV4_VUP']}
23:54:42 02_merge INFO   VERSIONS s7eq9: {'s7eq9': ['EICV5_CS', 'EICV5_VUP'], 's7eq9_v2': ['EICV4_CS', 'EICV4_VUP']}
23:54:42 02_merge INFO   VERSIONS s8eq10: {'s8eq10': ['EICV3'], 's8eq10_v2': ['EICV2']}
23:54:42 02_merge INFO   VERSIONS s8eq11: {'s8eq11': ['EICV3'], 's8eq11_v2': ['EICV2']}
23:54:42 02_merge INFO   VERSIONS s8eq12: {'s8eq12': ['EICV3'], 's8eq12_v2': ['EICV2']}
23:54:42 02_merge INFO   VERSIONS s8eq6: {'s8eq6': ['EICV3'], 's8eq6_v2': ['EICV2']}
23:54:42 02_merge INFO   VERSIONS s8eq9: {'s8eq9': ['EICV3'], 's8eq9_v2': ['EICV2']}
23:54:44 02_merge INFO PASS  EICV_pooled_crop_small.dta: pooled rows == sum of wave rows
23:54:44 02_merge INFO PASS  EICV_pooled_crop_small.dta: EICV2 sum wt preserved
23:54:44 02_merge INFO PASS  EICV_pooled_crop_small.dta: EICV3 sum wt preserved
23:54:44 02_merge INFO PASS  EICV_pooled_crop_small.dta: EICV4_CS sum wt preserved
23:54:44 02_merge INFO PASS  EICV_pooled_crop_small.dta: EICV4_VUP sum wt preserved
23:54:44 02_merge INFO PASS  EICV_pooled_crop_small.dta: EICV5_CS sum wt preserved
23:54:44 02_merge INFO PASS  EICV_pooled_crop_small.dta: EICV5_VUP sum wt preserved
23:54:46 02_merge INFO wrote EICV_pooled_crop_small.dta  (469,484 rows x 82 vars, 109.9 MB)
23:54:46 02_merge INFO ---------------- EICV_pooled_durables.dta (['EICV1', 'EICV2', 'EICV3', 'EICV4_CS', 'EICV4_VUP', 'EICV5_CS', 'EICV5_VUP', 'EICV7_CS', 'EICV7_VUP'])
23:54:46 02_merge INFO   loaded EICV1      EICV_EICV1_s12_durables_clean.dta                         147,637 rows x   25
23:54:47 02_merge INFO   loaded EICV2      EICV_EICV2_s11b_durables_clean.dta                        186,300 rows x   26
23:54:48 02_merge INFO   loaded EICV3      EICV_EICV3_s11b_durables_clean.dta                        400,624 rows x   27
23:54:50 02_merge INFO   loaded EICV4_CS   EICV_EICV4_CS_s10b_goods_clean.dta                        389,313 rows x   33
23:54:50 02_merge INFO   loaded EICV4_VUP  EICV_EICV4_VUP_s10b_goods_clean.dta                        66,420 rows x   29
23:54:52 02_merge INFO   loaded EICV5_CS   EICV_EICV5_CS_s10b2_durable_household_goods_clean.dta     364,350 rows x   27
23:54:52 02_merge INFO   loaded EICV5_VUP  EICV_EICV5_VUP_s10b2_durable_household_goods_clean.dta     41,100 rows x   28
23:54:53 02_merge INFO   loaded EICV7_CS   EICV_EICV7_CS_s10b_durables_clean.dta                     406,458 rows x   24
23:54:53 02_merge INFO   loaded EICV7_VUP  EICV_EICV7_VUP_s10b_durables_clean.dta                    101,817 rows x   25
23:54:53 02_merge INFO   VERSIONS pov_jan: {'pov_jan': ['EICV7_VUP'], 'pov_jan_v2': ['EICV7_CS']}
23:54:53 02_merge INFO   VERSIONS poverty: {'poverty': ['EICV5_CS', 'EICV7_CS', 'EICV7_VUP'], 'poverty_v2': ['EICV3', 'EICV4_CS']}
23:54:53 02_merge INFO   VERSIONS quintile: {'quintile': ['EICV3', 'EICV4_CS', 'EICV5_CS'], 'quintile_v2': ['EICV7_CS', 'EICV7_VUP']}
23:54:53 02_merge INFO   VERSIONS s10bq1: {'s10bq1': ['EICV7_CS', 'EICV7_VUP'], 's10bq1_v2': ['EICV4_CS', 'EICV4_VUP']}
23:54:53 02_merge INFO   VERSIONS s10bq2: {'s10bq2': ['EICV7_CS', 'EICV7_VUP'], 's10bq2_v2': ['EICV4_CS', 'EICV4_VUP']}
23:55:06 02_merge INFO PASS  EICV_pooled_durables.dta: pooled rows == sum of wave rows
23:55:06 02_merge INFO PASS  EICV_pooled_durables.dta: EICV1 sum wt preserved
23:55:06 02_merge INFO PASS  EICV_pooled_durables.dta: EICV2 sum wt preserved
23:55:06 02_merge INFO PASS  EICV_pooled_durables.dta: EICV3 sum wt preserved
23:55:06 02_merge INFO PASS  EICV_pooled_durables.dta: EICV4_CS sum wt preserved
23:55:06 02_merge INFO PASS  EICV_pooled_durables.dta: EICV4_VUP sum wt preserved
23:55:06 02_merge INFO PASS  EICV_pooled_durables.dta: EICV5_CS sum wt preserved
23:55:06 02_merge INFO PASS  EICV_pooled_durables.dta: EICV5_VUP sum wt preserved
23:55:06 02_merge INFO PASS  EICV_pooled_durables.dta: EICV7_CS sum wt preserved
23:55:06 02_merge INFO PASS  EICV_pooled_durables.dta: EICV7_VUP sum wt preserved
23:55:16 02_merge INFO wrote EICV_pooled_durables.dta  (2,104,019 rows x 98 vars, 587.1 MB)
23:55:16 02_merge INFO ---------------- EICV_pooled_enterprise.dta (['EICV1', 'EICV2', 'EICV3'])
23:55:16 02_merge INFO   loaded EICV1      EICV_EICV1_s10_enter_1_clean.dta                            6,560 rows x   35
23:55:16 02_merge INFO   loaded EICV2      EICV_EICV2_s7_enterprise_clean.dta                          2,516 rows x   42
23:55:17 02_merge INFO   loaded EICV3      EICV_EICV3_s07_enterprise_clean.dta                        61,405 rows x   45
23:55:17 02_merge INFO   VERSIONS s7aq4: {'s7aq4': ['EICV3'], 's7aq4_v2': ['EICV2']}
23:55:17 02_merge INFO   VERSIONS s7aq5a: {'s7aq5a': ['EICV3'], 's7aq5a_v2': ['EICV2']}
23:55:17 02_merge INFO   VERSIONS s7aq5b: {'s7aq5b': ['EICV3'], 's7aq5b_v2': ['EICV2']}
23:55:17 02_merge INFO   VERSIONS s7aq5c: {'s7aq5c': ['EICV3'], 's7aq5c_v2': ['EICV2']}
23:55:17 02_merge INFO   VERSIONS s7bq11: {'s7bq11': ['EICV3'], 's7bq11_v2': ['EICV2']}
23:55:17 02_merge INFO   VERSIONS s7bq12: {'s7bq12': ['EICV3'], 's7bq12_v2': ['EICV2']}
23:55:17 02_merge INFO   VERSIONS s7bq13: {'s7bq13': ['EICV3'], 's7bq13_v2': ['EICV2']}
23:55:17 02_merge INFO   VERSIONS s7bq14: {'s7bq14': ['EICV3'], 's7bq14_v2': ['EICV2']}
23:55:17 02_merge INFO   VERSIONS s7bq16: {'s7bq16': ['EICV3'], 's7bq16_v2': ['EICV2']}
23:55:17 02_merge INFO   VERSIONS s7bq2: {'s7bq2': ['EICV3'], 's7bq2_v2': ['EICV2']}
23:55:17 02_merge INFO   VERSIONS s7bq3m: {'s7bq3m': ['EICV3'], 's7bq3m_v2': ['EICV2']}
23:55:17 02_merge INFO   VERSIONS s7bq5: {'s7bq5': ['EICV3'], 's7bq5_v2': ['EICV2']}
23:55:17 02_merge INFO   VERSIONS s7bq7: {'s7bq7': ['EICV3'], 's7bq7_v2': ['EICV2']}
23:55:17 02_merge INFO   VERSIONS s7bq8: {'s7bq8': ['EICV3'], 's7bq8_v2': ['EICV2']}
23:55:17 02_merge INFO   VERSIONS s7bq9: {'s7bq9': ['EICV3'], 's7bq9_v2': ['EICV2']}
23:55:17 02_merge INFO PASS  EICV_pooled_enterprise.dta: pooled rows == sum of wave rows
23:55:17 02_merge INFO PASS  EICV_pooled_enterprise.dta: EICV1 sum wt preserved
23:55:17 02_merge INFO PASS  EICV_pooled_enterprise.dta: EICV2 sum wt preserved
23:55:17 02_merge INFO PASS  EICV_pooled_enterprise.dta: EICV3 sum wt preserved
23:55:17 02_merge INFO wrote EICV_pooled_enterprise.dta  (70,481 rows x 93 vars, 12.8 MB)
23:55:18 02_merge INFO ---------------- EICV_pooled_equipment.dta (['EICV1', 'EICV2', 'EICV3'])
23:55:18 02_merge INFO   loaded EICV1      EICV_EICV1_s8_farm_assets_clean.dta                       101,757 rows x   25
23:55:18 02_merge INFO   loaded EICV2      EICV_EICV2_s8b_ag_assets_clean.dta                         82,342 rows x   25
23:55:19 02_merge INFO   loaded EICV3      EICV_EICV3_s08b2_equipment_clean.dta                      201,870 rows x   23
23:55:19 02_merge INFO   VERSIONS s8b2q11: {'s8b2q11': ['EICV3'], 's8b2q11_v2': ['EICV2']}
23:55:19 02_merge INFO   VERSIONS s8b2q3: {'s8b2q3': ['EICV3'], 's8b2q3_v2': ['EICV2']}
23:55:19 02_merge INFO   VERSIONS s8b2q4: {'s8b2q4': ['EICV3'], 's8b2q4_v2': ['EICV2']}
23:55:19 02_merge INFO   VERSIONS s8b2q5: {'s8b2q5': ['EICV3'], 's8b2q5_v2': ['EICV2']}
23:55:20 02_merge INFO PASS  EICV_pooled_equipment.dta: pooled rows == sum of wave rows
23:55:20 02_merge INFO PASS  EICV_pooled_equipment.dta: EICV1 sum wt preserved
23:55:20 02_merge INFO PASS  EICV_pooled_equipment.dta: EICV2 sum wt preserved
23:55:20 02_merge INFO PASS  EICV_pooled_equipment.dta: EICV3 sum wt preserved
23:55:21 02_merge INFO wrote EICV_pooled_equipment.dta  (385,969 rows x 45 vars, 43.3 MB)
23:55:21 02_merge INFO ---------------- EICV_pooled_expenditure_annual.dta (['EICV2', 'EICV3', 'EICV4_CS', 'EICV4_VUP', 'EICV5_CS', 'EICV5_VUP', 'EICV7_CS', 'EICV7_VUP'])
23:55:23 02_merge INFO   loaded EICV2      EICV_EICV2_s9a1_nfood_annual_clean.dta                    469,200 rows x   18
23:55:26 02_merge INFO   loaded EICV3      EICV_EICV3_s09a1_consnonfood_clean.dta                  1,273,412 rows x   17
23:55:30 02_merge INFO   loaded EICV4_CS   EICV_EICV4_CS_s8a1_expenditure_clean.dta                  994,911 rows x   28
23:55:30 02_merge INFO   loaded EICV4_VUP  EICV_EICV4_VUP_s8a1_expenditure_clean.dta                 169,740 rows x   24
23:55:33 02_merge INFO   loaded EICV5_CS   EICV_EICV5_CS_s8a1_expenditure_clean.dta                1,006,020 rows x   19
23:55:34 02_merge INFO   loaded EICV5_VUP  EICV_EICV5_VUP_s8a1_expenditure_clean.dta                 113,436 rows x   20
23:55:37 02_merge INFO   loaded EICV7_CS   EICV_EICV7_CS_s8a1_expenditure_clean.dta                1,159,158 rows x   22
23:55:38 02_merge INFO   loaded EICV7_VUP  EICV_EICV7_VUP_s8a1_expenditure_clean.dta                 290,367 rows x   22
23:55:38 02_merge INFO   VERSIONS item: {'item': ['EICV3'], 'item_v2': ['EICV2']}
23:55:38 02_merge INFO   VERSIONS poverty: {'poverty': ['EICV5_CS', 'EICV7_CS', 'EICV7_VUP'], 'poverty_v2': ['EICV3', 'EICV4_CS']}
23:55:38 02_merge INFO   VERSIONS quintile: {'quintile': ['EICV3', 'EICV4_CS', 'EICV5_CS'], 'quintile_v2': ['EICV7_CS', 'EICV7_VUP']}
23:55:38 02_merge INFO   VERSIONS s8a1q0: {'s8a1q0': ['EICV4_CS', 'EICV4_VUP', 'EICV5_CS', 'EICV5_VUP'], 's8a1q0_v2': ['EICV7_CS', 'EICV7_VUP']}
23:55:38 02_merge INFO   VERSIONS s8a1q4: {'s8a1q4': ['EICV7_CS', 'EICV7_VUP'], 's8a1q4_v2': ['EICV5_CS', 'EICV5_VUP'], 's8a1q4_v3': ['EICV4_CS', 'EICV4_VUP']}
23:55:38 02_merge INFO   VERSIONS s9a1q3: {'s9a1q3': ['EICV3'], 's9a1q3_v2': ['EICV2']}
23:55:55 02_merge INFO PASS  EICV_pooled_expenditure_annual.dta: pooled rows == sum of wave rows
23:55:56 02_merge INFO PASS  EICV_pooled_expenditure_annual.dta: EICV2 sum wt preserved
23:55:56 02_merge INFO PASS  EICV_pooled_expenditure_annual.dta: EICV3 sum wt preserved
23:55:56 02_merge INFO PASS  EICV_pooled_expenditure_annual.dta: EICV4_CS sum wt preserved
23:55:56 02_merge INFO PASS  EICV_pooled_expenditure_annual.dta: EICV4_VUP sum wt preserved
23:55:56 02_merge INFO PASS  EICV_pooled_expenditure_annual.dta: EICV5_CS sum wt preserved
23:55:56 02_merge INFO PASS  EICV_pooled_expenditure_annual.dta: EICV5_VUP sum wt preserved
23:55:56 02_merge INFO PASS  EICV_pooled_expenditure_annual.dta: EICV7_CS sum wt preserved
23:55:56 02_merge INFO PASS  EICV_pooled_expenditure_annual.dta: EICV7_VUP sum wt preserved
23:56:18 02_merge INFO wrote EICV_pooled_expenditure_annual.dta  (5,476,244 rows x 52 vars, 772.2 MB)
23:56:19 02_merge INFO ---------------- EICV_pooled_expenditure_frequent.dta (['EICV2', 'EICV3', 'EICV4_CS', 'EICV4_VUP', 'EICV5_CS', 'EICV5_VUP', 'EICV7_CS', 'EICV7_VUP'])
23:56:20 02_merge INFO   loaded EICV2      EICV_EICV2_s9a3_nfood_freq_clean.dta                      303,600 rows x   28
23:56:23 02_merge INFO   loaded EICV3      EICV_EICV3_s09a3_consnonfood_clean.dta                    543,704 rows x   27
23:56:26 02_merge INFO   loaded EICV4_CS   EICV_EICV4_CS_s8a3_expenditure_clean.dta                  533,503 rows x   37
23:56:26 02_merge INFO   loaded EICV4_VUP  EICV_EICV4_VUP_s8a3_expenditure_clean.dta                  91,020 rows x   33
23:56:28 02_merge INFO   loaded EICV5_CS   EICV_EICV5_CS_s8a3_expenditure_clean.dta                  539,460 rows x   29
23:56:28 02_merge INFO   loaded EICV5_VUP  EICV_EICV5_VUP_s8a3_expenditure_clean.dta                  60,828 rows x   30
23:56:29 02_merge INFO   loaded EICV7_CS   EICV_EICV7_CS_s8a3_expenditure_clean.dta                  346,220 rows x   26
23:56:30 02_merge INFO   loaded EICV7_VUP  EICV_EICV7_VUP_s8a3_expenditure_clean.dta                  86,623 rows x   26
23:56:30 02_merge INFO   VERSIONS item: {'item': ['EICV3'], 'item_v2': ['EICV2']}
23:56:30 02_merge INFO   VERSIONS poverty: {'poverty': ['EICV5_CS', 'EICV7_CS', 'EICV7_VUP'], 'poverty_v2': ['EICV3', 'EICV4_CS']}
23:56:30 02_merge INFO   VERSIONS quintile: {'quintile': ['EICV3', 'EICV4_CS', 'EICV5_CS'], 'quintile_v2': ['EICV7_CS', 'EICV7_VUP']}
23:56:30 02_merge INFO   VERSIONS s8a3q0: {'s8a3q0': ['EICV4_CS', 'EICV4_VUP', 'EICV5_CS', 'EICV5_VUP'], 's8a3q0_v2': ['EICV7_CS', 'EICV7_VUP']}
23:56:30 02_merge INFO   VERSIONS s8a3q13: {'s8a3q13': ['EICV5_CS', 'EICV5_VUP'], 's8a3q13_v2': ['EICV4_CS', 'EICV4_VUP']}
23:56:30 02_merge INFO   VERSIONS s8a3q2: {'s8a3q2': ['EICV4_CS', 'EICV4_VUP', 'EICV5_CS', 'EICV5_VUP'], 's8a3q2_v2': ['EICV7_CS', 'EICV7_VUP']}
23:56:30 02_merge INFO   VERSIONS s8a3q3: {'s8a3q3': ['EICV5_CS', 'EICV5_VUP', 'EICV7_CS', 'EICV7_VUP'], 's8a3q3_v2': ['EICV4_CS', 'EICV4_VUP']}
23:56:30 02_merge INFO   VERSIONS s8a3q4: {'s8a3q4': ['EICV4_CS', 'EICV4_VUP', 'EICV5_CS', 'EICV5_VUP'], 's8a3q4_v2': ['EICV7_CS', 'EICV7_VUP']}
23:56:30 02_merge INFO   VERSIONS s8a3q5: {'s8a3q5': ['EICV4_CS', 'EICV4_VUP', 'EICV5_CS', 'EICV5_VUP'], 's8a3q5_v2': ['EICV7_CS', 'EICV7_VUP']}
23:56:30 02_merge INFO   VERSIONS s8a3q6: {'s8a3q6': ['EICV4_CS', 'EICV4_VUP', 'EICV5_CS', 'EICV5_VUP'], 's8a3q6_v2': ['EICV7_CS', 'EICV7_VUP']}
23:56:42 02_merge INFO PASS  EICV_pooled_expenditure_frequent.dta: pooled rows == sum of wave rows
23:56:42 02_merge INFO PASS  EICV_pooled_expenditure_frequent.dta: EICV2 sum wt preserved
23:56:42 02_merge INFO PASS  EICV_pooled_expenditure_frequent.dta: EICV3 sum wt preserved
23:56:42 02_merge INFO PASS  EICV_pooled_expenditure_frequent.dta: EICV4_CS sum wt preserved
23:56:42 02_merge INFO PASS  EICV_pooled_expenditure_frequent.dta: EICV4_VUP sum wt preserved
23:56:42 02_merge INFO PASS  EICV_pooled_expenditure_frequent.dta: EICV5_CS sum wt preserved
23:56:42 02_merge INFO PASS  EICV_pooled_expenditure_frequent.dta: EICV5_VUP sum wt preserved
23:56:42 02_merge INFO PASS  EICV_pooled_expenditure_frequent.dta: EICV7_CS sum wt preserved
23:56:42 02_merge INFO PASS  EICV_pooled_expenditure_frequent.dta: EICV7_VUP sum wt preserved
23:56:54 02_merge INFO wrote EICV_pooled_expenditure_frequent.dta  (2,504,958 rows x 77 vars, 636.3 MB)
23:56:54 02_merge INFO ---------------- EICV_pooled_expenditure_monthly.dta (['EICV2', 'EICV3', 'EICV4_CS', 'EICV4_VUP', 'EICV5_CS', 'EICV5_VUP', 'EICV7_CS', 'EICV7_VUP'])
23:56:55 02_merge INFO   loaded EICV2      EICV_EICV2_s9a2_nfood_month_clean.dta                     213,900 rows x   18
23:56:56 02_merge INFO   loaded EICV3      EICV_EICV3_s09a2_consnonfood_clean.dta                    672,476 rows x   17
23:56:59 02_merge INFO   loaded EICV4_CS   EICV_EICV4_CS_s8a2_expenditure_clean.dta                  793,045 rows x   28
23:57:00 02_merge INFO   loaded EICV4_VUP  EICV_EICV4_VUP_s8a2_expenditure_clean.dta                 135,300 rows x   24
23:57:02 02_merge INFO   loaded EICV5_CS   EICV_EICV5_CS_s8a2_expenditure_clean.dta                  801,900 rows x   19
23:57:02 02_merge INFO   loaded EICV5_VUP  EICV_EICV5_VUP_s8a2_expenditure_clean.dta                  90,366 rows x   20
23:57:05 02_merge INFO   loaded EICV7_CS   EICV_EICV7_CS_s8a2_expenditure_clean.dta                  978,382 rows x   22
23:57:06 02_merge INFO   loaded EICV7_VUP  EICV_EICV7_VUP_s8a2_expenditure_clean.dta                 245,115 rows x   22
23:57:06 02_merge INFO   VERSIONS item: {'item': ['EICV3'], 'item_v2': ['EICV2']}
23:57:06 02_merge INFO   VERSIONS poverty: {'poverty': ['EICV5_CS', 'EICV7_CS', 'EICV7_VUP'], 'poverty_v2': ['EICV3', 'EICV4_CS']}
23:57:06 02_merge INFO   VERSIONS quintile: {'quintile': ['EICV3', 'EICV4_CS', 'EICV5_CS'], 'quintile_v2': ['EICV7_CS', 'EICV7_VUP']}
23:57:06 02_merge INFO   VERSIONS s8a2q0: {'s8a2q0': ['EICV4_CS', 'EICV4_VUP', 'EICV5_CS', 'EICV5_VUP'], 's8a2q0_v2': ['EICV7_CS', 'EICV7_VUP']}
23:57:06 02_merge INFO   VERSIONS s8a2q4: {'s8a2q4': ['EICV7_CS', 'EICV7_VUP'], 's8a2q4_v2': ['EICV5_CS', 'EICV5_VUP'], 's8a2q4_v3': ['EICV4_CS', 'EICV4_VUP']}
23:57:06 02_merge INFO   VERSIONS s9a2q3: {'s9a2q3': ['EICV3'], 's9a2q3_v2': ['EICV2']}
23:57:18 02_merge INFO PASS  EICV_pooled_expenditure_monthly.dta: pooled rows == sum of wave rows
23:57:19 02_merge INFO PASS  EICV_pooled_expenditure_monthly.dta: EICV2 sum wt preserved
23:57:19 02_merge INFO PASS  EICV_pooled_expenditure_monthly.dta: EICV3 sum wt preserved
23:57:19 02_merge INFO PASS  EICV_pooled_expenditure_monthly.dta: EICV4_CS sum wt preserved
23:57:19 02_merge INFO PASS  EICV_pooled_expenditure_monthly.dta: EICV4_VUP sum wt preserved
23:57:19 02_merge INFO PASS  EICV_pooled_expenditure_monthly.dta: EICV5_CS sum wt preserved
23:57:19 02_merge INFO PASS  EICV_pooled_expenditure_monthly.dta: EICV5_VUP sum wt preserved
23:57:19 02_merge INFO PASS  EICV_pooled_expenditure_monthly.dta: EICV7_CS sum wt preserved
23:57:19 02_merge INFO PASS  EICV_pooled_expenditure_monthly.dta: EICV7_VUP sum wt preserved
23:57:34 02_merge INFO wrote EICV_pooled_expenditure_monthly.dta  (3,930,484 rows x 52 vars, 558.2 MB)
23:57:35 02_merge INFO ---------------- EICV_pooled_food.dta (['EICV1', 'EICV2', 'EICV3', 'EICV4_CS', 'EICV4_VUP', 'EICV5_CS', 'EICV5_VUP', 'EICV7_CS', 'EICV7_VUP'])
23:57:39 02_merge INFO   loaded EICV1      EICV_EICV1_s9_expen_food_clean.dta                        879,539 rows x   47
23:57:40 02_merge INFO   loaded EICV2      EICV_EICV2_s9b_food_clean.dta                             105,444 rows x   36
23:57:47 02_merge INFO   loaded EICV3      EICV_EICV3_s09b_consfood_clean.dta                      2,103,276 rows x   27
23:57:59 02_merge INFO   loaded EICV4_CS   EICV_EICV4_CS_s8b_expenditure_clean.dta                 2,119,593 rows x   37
23:58:01 02_merge INFO   loaded EICV4_VUP  EICV_EICV4_VUP_s8b_expenditure_clean.dta                  361,620 rows x   33
23:58:09 02_merge INFO   loaded EICV5_CS   EICV_EICV5_CS_s8b_expenditure_clean.dta                 2,187,000 rows x   29
23:58:10 02_merge INFO   loaded EICV5_VUP  EICV_EICV5_VUP_s8b_expenditure_clean.dta                  246,600 rows x   30
23:58:23 02_merge INFO   loaded EICV7_CS   EICV_EICV7_CS_s8b_food_expenditure_consumption_clean.dta 2,227,992 rows x   73
23:58:26 02_merge INFO   loaded EICV7_VUP  EICV_EICV7_VUP_s8b_food_expenditure_consumption_clean.dta   558,108 rows x   69
23:58:26 02_merge INFO   VERSIONS item: {'item': ['EICV3'], 'item_v2': ['EICV2']}
23:58:26 02_merge INFO   VERSIONS poverty: {'poverty': ['EICV5_CS', 'EICV7_CS'], 'poverty_v2': ['EICV3', 'EICV4_CS']}
23:58:26 02_merge INFO   VERSIONS quintile: {'quintile': ['EICV1', 'EICV3', 'EICV4_CS', 'EICV5_CS'], 'quintile_v2': ['EICV7_CS']}
23:58:26 02_merge INFO   VERSIONS s8bq0: {'s8bq0': ['EICV4_CS', 'EICV4_VUP', 'EICV5_CS', 'EICV5_VUP'], 's8bq0_v2': ['EICV7_CS', 'EICV7_VUP']}
23:58:26 02_merge INFO   VERSIONS s8bq13: {'s8bq13': ['EICV5_CS', 'EICV5_VUP'], 's8bq13_v2': ['EICV4_CS', 'EICV4_VUP']}
23:58:26 02_merge INFO   VERSIONS s8bq3: {'s8bq3': ['EICV5_CS', 'EICV5_VUP'], 's8bq3_v2': ['EICV4_CS', 'EICV4_VUP']}
00:00:18 02_merge INFO PASS  EICV_pooled_food.dta: pooled rows == sum of wave rows
00:00:18 02_merge INFO PASS  EICV_pooled_food.dta: EICV1 sum wt preserved
00:00:18 02_merge INFO PASS  EICV_pooled_food.dta: EICV2 sum wt preserved
00:00:19 02_merge INFO PASS  EICV_pooled_food.dta: EICV3 sum wt preserved
00:00:19 02_merge INFO PASS  EICV_pooled_food.dta: EICV4_CS sum wt preserved
00:00:19 02_merge INFO PASS  EICV_pooled_food.dta: EICV4_VUP sum wt preserved
00:00:19 02_merge INFO PASS  EICV_pooled_food.dta: EICV5_CS sum wt preserved
00:00:19 02_merge INFO PASS  EICV_pooled_food.dta: EICV5_VUP sum wt preserved
00:00:20 02_merge INFO PASS  EICV_pooled_food.dta: EICV7_CS sum wt preserved
00:00:20 02_merge INFO PASS  EICV_pooled_food.dta: EICV7_VUP sum wt preserved
00:01:41 02_merge INFO wrote EICV_pooled_food.dta  (10,789,172 rows x 168 vars, 5826.3 MB)
00:01:44 02_merge INFO ---------------- EICV_pooled_jobs.dta (['EICV2', 'EICV3', 'EICV4_CS', 'EICV5_CS', 'EICV5_VUP'])
00:01:44 02_merge INFO   loaded EICV2      EICV_EICV2_s6d_employ_roster_clean.dta                     23,213 rows x   39
00:01:44 02_merge INFO   loaded EICV3      EICV_EICV3_s06cdef_jobs_clean.dta                          61,405 rows x   70
00:01:45 02_merge INFO   loaded EICV4_CS   EICV_EICV4_CS_s6b_employement_6c_salaried_s6d_business_clean.dta    59,616 rows x   76
00:01:46 02_merge INFO   loaded EICV5_CS   EICV_EICV5_CS_s6b_employement_6c_salaried_s6d_business_clean.dta    89,373 rows x   57
00:01:46 02_merge INFO   loaded EICV5_VUP  EICV_EICV5_VUP_s6b_employement_6c_salaried_s6d_business_clean.dta     9,180 rows x   57
00:01:46 02_merge INFO   VERSIONS poverty: {'poverty': ['EICV3', 'EICV4_CS'], 'poverty_v2': ['EICV5_CS']}
00:01:46 02_merge INFO   VERSIONS s6bq3b: {'s6bq3b': ['EICV5_VUP'], 's6bq3b_v2': ['EICV5_CS'], 's6bq3b_v3': ['EICV4_CS']}
00:01:46 02_merge INFO   VERSIONS s6bq5: {'s6bq5': ['EICV5_CS', 'EICV5_VUP'], 's6bq5_v2': ['EICV4_CS']}
00:01:46 02_merge INFO   VERSIONS s6bq7: {'s6bq7': ['EICV5_CS', 'EICV5_VUP'], 's6bq7_v2': ['EICV4_CS']}
00:01:46 02_merge INFO   VERSIONS s6bq8: {'s6bq8': ['EICV5_CS', 'EICV5_VUP'], 's6bq8_v2': ['EICV4_CS']}
00:01:46 02_merge INFO   VERSIONS s6cq18: {'s6cq18': ['EICV5_CS', 'EICV5_VUP'], 's6cq18_v2': ['EICV4_CS']}
00:01:46 02_merge INFO   VERSIONS s6cq20: {'s6cq20': ['EICV5_CS', 'EICV5_VUP'], 's6cq20_v2': ['EICV4_CS']}
00:01:46 02_merge INFO   VERSIONS s6cq22: {'s6cq22': ['EICV5_CS', 'EICV5_VUP'], 's6cq22_v2': ['EICV4_CS']}
00:01:46 02_merge INFO   VERSIONS s6cq23a: {'s6cq23a': ['EICV5_CS', 'EICV5_VUP'], 's6cq23a_v2': ['EICV4_CS']}
00:01:46 02_merge INFO   VERSIONS s6dq30: {'s6dq30': ['EICV5_CS', 'EICV5_VUP'], 's6dq30_v2': ['EICV4_CS']}
00:01:46 02_merge INFO   VERSIONS s6dq31: {'s6dq31': ['EICV5_CS', 'EICV5_VUP'], 's6dq31_v2': ['EICV4_CS']}
00:01:46 02_merge INFO   VERSIONS s6dq4: {'s6dq4': ['EICV3'], 's6dq4_v2': ['EICV2']}
00:01:46 02_merge INFO   VERSIONS s6dq7: {'s6dq7': ['EICV3'], 's6dq7_v2': ['EICV2']}
00:01:49 02_merge INFO PASS  EICV_pooled_jobs.dta: pooled rows == sum of wave rows
00:01:49 02_merge INFO PASS  EICV_pooled_jobs.dta: EICV2 sum wt preserved
00:01:49 02_merge INFO PASS  EICV_pooled_jobs.dta: EICV3 sum wt preserved
00:01:49 02_merge INFO PASS  EICV_pooled_jobs.dta: EICV4_CS sum wt preserved
00:01:49 02_merge INFO PASS  EICV_pooled_jobs.dta: EICV5_CS sum wt preserved
00:01:49 02_merge INFO PASS  EICV_pooled_jobs.dta: EICV5_VUP sum wt preserved
00:01:50 02_merge INFO wrote EICV_pooled_jobs.dta  (242,787 rows x 192 vars, 84.2 MB)
00:01:51 02_merge INFO ---------------- EICV_pooled_land.dta (['EICV4_CS', 'EICV4_VUP', 'EICV5_CS', 'EICV5_VUP'])
00:01:52 02_merge INFO   loaded EICV4_CS   EICV_EICV4_CS_s7b2_land_agriculture_clean.dta             242,644 rows x   31
00:01:52 02_merge INFO   loaded EICV4_VUP  EICV_EICV4_VUP_s7b2_land_agriculture_clean.dta             43,090 rows x   27
00:01:52 02_merge INFO   loaded EICV5_CS   EICV_EICV5_CS_s7b2_land_agriculture_clean.dta             233,046 rows x   23
00:01:53 02_merge INFO   loaded EICV5_VUP  EICV_EICV5_VUP_s7b2_land_agriculture_clean.dta             27,198 rows x   23
00:01:53 02_merge INFO   VERSIONS poverty: {'poverty': ['EICV5_CS'], 'poverty_v2': ['EICV4_CS']}
00:01:54 02_merge INFO PASS  EICV_pooled_land.dta: pooled rows == sum of wave rows
00:01:54 02_merge INFO PASS  EICV_pooled_land.dta: EICV4_CS sum wt preserved
00:01:54 02_merge INFO PASS  EICV_pooled_land.dta: EICV4_VUP sum wt preserved
00:01:54 02_merge INFO PASS  EICV_pooled_land.dta: EICV5_CS sum wt preserved
00:01:54 02_merge INFO PASS  EICV_pooled_land.dta: EICV5_VUP sum wt preserved
00:01:56 02_merge INFO wrote EICV_pooled_land.dta  (545,978 rows x 36 vars, 57.9 MB)
00:01:56 02_merge INFO ---------------- EICV_pooled_livestock.dta (['EICV1', 'EICV2', 'EICV3', 'EICV4_CS', 'EICV4_VUP', 'EICV5_CS', 'EICV5_VUP'])
00:01:56 02_merge INFO   loaded EICV1      EICV_EICV1_s8_livestock_clean.dta                          31,907 rows x   30
00:01:56 02_merge INFO   loaded EICV2      EICV_EICV2_s8a1_livestock_clean.dta                        37,936 rows x   31
00:01:56 02_merge INFO   loaded EICV3      EICV_EICV3_s08a1_livestock_clean.dta                       78,432 rows x   29
00:01:57 02_merge INFO   loaded EICV4_CS   EICV_EICV4_CS_s7a1_livestock_clean.dta                     80,877 rows x   38
00:01:57 02_merge INFO   loaded EICV4_VUP  EICV_EICV4_VUP_s7a1_livestock_clean.dta                    14,479 rows x   34
00:01:57 02_merge INFO   loaded EICV5_CS   EICV_EICV5_CS_s7a1_livestock_clean.dta                     89,633 rows x   29
00:01:57 02_merge INFO   loaded EICV5_VUP  EICV_EICV5_VUP_s7a1_livestock_clean.dta                    11,867 rows x   29
00:01:57 02_merge INFO   VERSIONS poverty: {'poverty': ['EICV3', 'EICV4_CS'], 'poverty_v2': ['EICV5_CS']}
00:01:57 02_merge INFO   VERSIONS s7aq10: {'s7aq10': ['EICV4_CS', 'EICV4_VUP'], 's7aq10_v2': ['EICV5_CS']}
00:01:57 02_merge INFO   VERSIONS s7aq11: {'s7aq11': ['EICV4_CS', 'EICV4_VUP'], 's7aq11_v2': ['EICV5_CS']}
00:01:57 02_merge INFO   VERSIONS s7aq6: {'s7aq6': ['EICV4_CS', 'EICV4_VUP'], 's7aq6_v2': ['EICV5_CS']}
00:01:57 02_merge INFO   VERSIONS s7aq7: {'s7aq7': ['EICV4_CS', 'EICV4_VUP'], 's7aq7_v2': ['EICV5_CS']}
00:01:57 02_merge INFO   VERSIONS s7aq8: {'s7aq8': ['EICV4_CS', 'EICV4_VUP'], 's7aq8_v2': ['EICV5_CS']}
00:01:57 02_merge INFO   VERSIONS s7aq9: {'s7aq9': ['EICV4_CS', 'EICV4_VUP'], 's7aq9_v2': ['EICV5_CS']}
00:01:57 02_merge INFO   VERSIONS s8aq10: {'s8aq10': ['EICV2'], 's8aq10_v2': ['EICV1']}
00:01:57 02_merge INFO   VERSIONS s8aq12: {'s8aq12': ['EICV2'], 's8aq12_v2': ['EICV1']}
00:01:57 02_merge INFO   VERSIONS s8aq16: {'s8aq16': ['EICV2'], 's8aq16_v2': ['EICV1']}
00:01:57 02_merge INFO   VERSIONS s8aq2: {'s8aq2': ['EICV2'], 's8aq2_v2': ['EICV1']}
00:01:57 02_merge INFO   VERSIONS s8aq3: {'s8aq3': ['EICV2'], 's8aq3_v2': ['EICV1']}
00:01:57 02_merge INFO   VERSIONS s8aq4: {'s8aq4': ['EICV2'], 's8aq4_v2': ['EICV1']}
00:01:57 02_merge INFO   VERSIONS s8aq5: {'s8aq5': ['EICV2'], 's8aq5_v2': ['EICV1']}
00:01:57 02_merge INFO   VERSIONS s8aq6: {'s8aq6': ['EICV2'], 's8aq6_v2': ['EICV1']}
00:01:57 02_merge INFO   VERSIONS s8aq7: {'s8aq7': ['EICV2'], 's8aq7_v2': ['EICV1']}
00:01:57 02_merge INFO   VERSIONS s8aq9: {'s8aq9': ['EICV2'], 's8aq9_v2': ['EICV1']}
00:02:00 02_merge INFO PASS  EICV_pooled_livestock.dta: pooled rows == sum of wave rows
00:02:00 02_merge INFO PASS  EICV_pooled_livestock.dta: EICV1 sum wt preserved
00:02:00 02_merge INFO PASS  EICV_pooled_livestock.dta: EICV2 sum wt preserved
00:02:00 02_merge INFO PASS  EICV_pooled_livestock.dta: EICV3 sum wt preserved
00:02:00 02_merge INFO PASS  EICV_pooled_livestock.dta: EICV4_CS sum wt preserved
00:02:00 02_merge INFO PASS  EICV_pooled_livestock.dta: EICV4_VUP sum wt preserved
00:02:00 02_merge INFO PASS  EICV_pooled_livestock.dta: EICV5_CS sum wt preserved
00:02:00 02_merge INFO PASS  EICV_pooled_livestock.dta: EICV5_VUP sum wt preserved
00:02:01 02_merge INFO wrote EICV_pooled_livestock.dta  (345,131 rows x 119 vars, 94.7 MB)
00:02:01 02_merge INFO ---------------- EICV_pooled_livestock_expenditure.dta (['EICV1', 'EICV2', 'EICV3', 'EICV4_CS', 'EICV4_VUP', 'EICV5_CS', 'EICV5_VUP'])
00:02:02 02_merge INFO   loaded EICV1      EICV_EICV1_s8_livestock_expense_clean.dta                  43,692 rows x   25
00:02:02 02_merge INFO   loaded EICV2      EICV_EICV2_s8a3_livestock_expenditure_clean.dta            42,678 rows x   22
00:02:02 02_merge INFO   loaded EICV3      EICV_EICV3_s08a4_livestock_clean.dta                       98,040 rows x   23
00:02:03 02_merge INFO   loaded EICV4_CS   EICV_EICV4_CS_s7a4_livestock_clean.dta                    109,359 rows x   28
00:02:03 02_merge INFO   loaded EICV4_VUP  EICV_EICV4_VUP_s7a4_livestock_clean.dta                    19,630 rows x   24
00:02:03 02_merge INFO   loaded EICV5_CS   EICV_EICV5_CS_s7a4_livestock_clean.dta                     98,582 rows x   20
00:02:03 02_merge INFO   loaded EICV5_VUP  EICV_EICV5_VUP_s7a4_livestock_clean.dta                    12,495 rows x   20
00:02:03 02_merge INFO   VERSIONS poverty: {'poverty': ['EICV3', 'EICV4_CS'], 'poverty_v2': ['EICV5_CS']}
00:02:03 02_merge INFO   VERSIONS s8aq21: {'s8aq21': ['EICV2'], 's8aq21_v2': ['EICV1']}
00:02:03 02_merge INFO   VERSIONS s8aq23: {'s8aq23': ['EICV2'], 's8aq23_v2': ['EICV1']}
00:02:03 02_merge INFO   VERSIONS s8aq24: {'s8aq24': ['EICV2'], 's8aq24_v2': ['EICV1']}
00:02:03 02_merge INFO   VERSIONS s8aq26: {'s8aq26': ['EICV2'], 's8aq26_v2': ['EICV1']}
00:02:05 02_merge INFO PASS  EICV_pooled_livestock_expenditure.dta: pooled rows == sum of wave rows
00:02:05 02_merge INFO PASS  EICV_pooled_livestock_expenditure.dta: EICV1 sum wt preserved
00:02:05 02_merge INFO PASS  EICV_pooled_livestock_expenditure.dta: EICV2 sum wt preserved
00:02:05 02_merge INFO PASS  EICV_pooled_livestock_expenditure.dta: EICV3 sum wt preserved
00:02:05 02_merge INFO PASS  EICV_pooled_livestock_expenditure.dta: EICV4_CS sum wt preserved
00:02:05 02_merge INFO PASS  EICV_pooled_livestock_expenditure.dta: EICV4_VUP sum wt preserved
00:02:05 02_merge INFO PASS  EICV_pooled_livestock_expenditure.dta: EICV5_CS sum wt preserved
00:02:05 02_merge INFO PASS  EICV_pooled_livestock_expenditure.dta: EICV5_VUP sum wt preserved
00:02:06 02_merge INFO wrote EICV_pooled_livestock_expenditure.dta  (424,476 rows x 65 vars, 72.6 MB)
00:02:06 02_merge INFO ---------------- EICV_pooled_livestock_products.dta (['EICV1', 'EICV2', 'EICV3', 'EICV4_CS', 'EICV4_VUP', 'EICV5_CS', 'EICV5_VUP'])
00:02:07 02_merge INFO   loaded EICV1      EICV_EICV1_s8_livestock_products_clean.dta                 29,128 rows x   17
00:02:07 02_merge INFO   loaded EICV2      EICV_EICV2_s8a2_livestock_products_clean.dta               33,194 rows x   18
00:02:07 02_merge INFO   loaded EICV3      EICV_EICV3_s08a3_livestock_clean.dta                       68,628 rows x   20
00:02:07 02_merge INFO   loaded EICV4_CS   EICV_EICV4_CS_s7a3_livestock_clean.dta                     80,877 rows x   29
00:02:07 02_merge INFO   loaded EICV4_VUP  EICV_EICV4_VUP_s7a3_livestock_clean.dta                    14,479 rows x   25
00:02:07 02_merge INFO   loaded EICV5_CS   EICV_EICV5_CS_s7a3_livestock_clean.dta                     80,658 rows x   22
00:02:07 02_merge INFO   loaded EICV5_VUP  EICV_EICV5_VUP_s7a3_livestock_clean.dta                    10,224 rows x   22
00:02:07 02_merge INFO   VERSIONS poverty: {'poverty': ['EICV3', 'EICV4_CS'], 'poverty_v2': ['EICV5_CS']}
00:02:07 02_merge INFO   VERSIONS s8aq18: {'s8aq18': ['EICV2'], 's8aq18_v2': ['EICV1']}
00:02:07 02_merge INFO   VERSIONS s8aq19: {'s8aq19': ['EICV2'], 's8aq19_v2': ['EICV1']}
00:02:08 02_merge INFO PASS  EICV_pooled_livestock_products.dta: pooled rows == sum of wave rows
00:02:08 02_merge INFO PASS  EICV_pooled_livestock_products.dta: EICV1 sum wt preserved
00:02:08 02_merge INFO PASS  EICV_pooled_livestock_products.dta: EICV2 sum wt preserved
00:02:08 02_merge INFO PASS  EICV_pooled_livestock_products.dta: EICV3 sum wt preserved
00:02:08 02_merge INFO PASS  EICV_pooled_livestock_products.dta: EICV4_CS sum wt preserved
00:02:08 02_merge INFO PASS  EICV_pooled_livestock_products.dta: EICV4_VUP sum wt preserved
00:02:08 02_merge INFO PASS  EICV_pooled_livestock_products.dta: EICV5_CS sum wt preserved
00:02:08 02_merge INFO PASS  EICV_pooled_livestock_products.dta: EICV5_VUP sum wt preserved
00:02:10 02_merge INFO wrote EICV_pooled_livestock_products.dta  (317,188 rows x 55 vars, 54.0 MB)
00:02:10 02_merge INFO ---------------- EICV_pooled_other_expenditure.dta (['EICV3', 'EICV4_CS', 'EICV5_CS', 'EICV5_VUP', 'EICV7_CS', 'EICV7_VUP'])
00:02:10 02_merge INFO   loaded EICV3      EICV_EICV3_s10e_otherexp_clean.dta                        171,696 rows x   15
00:02:11 02_merge INFO   loaded EICV4_CS   EICV_EICV4_CS_s9e_other_expenditure_clean.dta             187,447 rows x   24
00:02:11 02_merge INFO   loaded EICV5_CS   EICV_EICV5_CS_s9e_other_expenditure_clean.dta             189,468 rows x   16
00:02:11 02_merge INFO   loaded EICV5_VUP  EICV_EICV5_VUP_s9e_other_expenditure_clean.dta             21,333 rows x   16
00:02:12 02_merge INFO   loaded EICV7_CS   EICV_EICV7_CS_s9c_other_expenditure_clean.dta             198,588 rows x   18
00:02:12 02_merge INFO   loaded EICV7_VUP  EICV_EICV7_VUP_s9c_other_expenditure_clean.dta             49,439 rows x   18
00:02:12 02_merge INFO   VERSIONS poverty: {'poverty': ['EICV5_CS', 'EICV7_CS', 'EICV7_VUP'], 'poverty_v2': ['EICV3', 'EICV4_CS']}
00:02:12 02_merge INFO   VERSIONS quintile: {'quintile': ['EICV3', 'EICV4_CS', 'EICV5_CS'], 'quintile_v2': ['EICV7_CS', 'EICV7_VUP']}
00:02:14 02_merge INFO PASS  EICV_pooled_other_expenditure.dta: pooled rows == sum of wave rows
00:02:14 02_merge INFO PASS  EICV_pooled_other_expenditure.dta: EICV3 sum wt preserved
00:02:14 02_merge INFO PASS  EICV_pooled_other_expenditure.dta: EICV4_CS sum wt preserved
00:02:14 02_merge INFO PASS  EICV_pooled_other_expenditure.dta: EICV5_CS sum wt preserved
00:02:14 02_merge INFO PASS  EICV_pooled_other_expenditure.dta: EICV5_VUP sum wt preserved
00:02:14 02_merge INFO PASS  EICV_pooled_other_expenditure.dta: EICV7_CS sum wt preserved
00:02:14 02_merge INFO PASS  EICV_pooled_other_expenditure.dta: EICV7_VUP sum wt preserved
00:02:16 02_merge INFO wrote EICV_pooled_other_expenditure.dta  (817,971 rows x 36 vars, 90.8 MB)
00:02:17 02_merge INFO ---------------- EICV_pooled_other_income.dta (['EICV2', 'EICV3', 'EICV4_CS', 'EICV5_CS', 'EICV5_VUP', 'EICV7_CS', 'EICV7_VUP'])
00:02:17 02_merge INFO   loaded EICV2      EICV_EICV2_s10c_misc_clean.dta                            172,500 rows x   17
00:02:18 02_merge INFO   loaded EICV3      EICV_EICV3_s10c_otherinc_clean.dta                        314,776 rows x   16
00:02:19 02_merge INFO   loaded EICV4_CS   EICV_EICV4_CS_s9d_other_income_clean.dta                  288,380 rows x   26
00:02:20 02_merge INFO   loaded EICV5_CS   EICV_EICV5_CS_s9d_other_income_clean.dta                  306,060 rows x   18
00:02:20 02_merge INFO   loaded EICV5_VUP  EICV_EICV5_VUP_s9d_other_income_clean.dta                  34,463 rows x   18
00:02:21 02_merge INFO   loaded EICV7_CS   EICV_EICV7_CS_s9e_other_income_clean.dta                  397,176 rows x   20
00:02:21 02_merge INFO   loaded EICV7_VUP  EICV_EICV7_VUP_s9e_other_income_clean.dta                  98,878 rows x   21
00:02:21 02_merge INFO   VERSIONS poverty: {'poverty': ['EICV5_CS', 'EICV7_CS', 'EICV7_VUP'], 'poverty_v2': ['EICV3', 'EICV4_CS']}
00:02:21 02_merge INFO   VERSIONS quintile: {'quintile': ['EICV3', 'EICV4_CS', 'EICV5_CS'], 'quintile_v2': ['EICV7_CS', 'EICV7_VUP']}
00:02:25 02_merge INFO PASS  EICV_pooled_other_income.dta: pooled rows == sum of wave rows
00:02:26 02_merge INFO PASS  EICV_pooled_other_income.dta: EICV2 sum wt preserved
00:02:26 02_merge INFO PASS  EICV_pooled_other_income.dta: EICV3 sum wt preserved
00:02:26 02_merge INFO PASS  EICV_pooled_other_income.dta: EICV4_CS sum wt preserved
00:02:26 02_merge INFO PASS  EICV_pooled_other_income.dta: EICV5_CS sum wt preserved
00:02:26 02_merge INFO PASS  EICV_pooled_other_income.dta: EICV5_VUP sum wt preserved
00:02:26 02_merge INFO PASS  EICV_pooled_other_income.dta: EICV7_CS sum wt preserved
00:02:26 02_merge INFO PASS  EICV_pooled_other_income.dta: EICV7_VUP sum wt preserved
00:02:31 02_merge INFO wrote EICV_pooled_other_income.dta  (1,612,233 rows x 47 vars, 224.1 MB)
00:02:31 02_merge INFO ---------------- EICV_pooled_own_consumption.dta (['EICV2', 'EICV3', 'EICV4_CS', 'EICV4_VUP', 'EICV5_CS', 'EICV5_VUP'])
00:02:31 02_merge INFO   loaded EICV2      EICV_EICV2_s9d_ex_owncons_clean.dta                        40,425 rows x   32
00:02:36 02_merge INFO   loaded EICV3      EICV_EICV3_s09c_consownfood_clean.dta                   1,414,994 rows x   28
00:02:42 02_merge INFO   loaded EICV4_CS   EICV_EICV4_CS_s8c_farming_clean.dta                     1,347,319 rows x   38
00:02:43 02_merge INFO   loaded EICV4_VUP  EICV_EICV4_VUP_s8c_farming_clean.dta                      242,560 rows x   34
00:02:49 02_merge INFO   loaded EICV5_CS   EICV_EICV5_CS_s8c_farming_clean.dta                     1,472,580 rows x   30
00:02:49 02_merge INFO   loaded EICV5_VUP  EICV_EICV5_VUP_s8c_farming_clean.dta                      166,044 rows x   31
00:02:49 02_merge INFO   VERSIONS item: {'item': ['EICV3'], 'item_v2': ['EICV2']}
00:02:49 02_merge INFO   VERSIONS poverty: {'poverty': ['EICV3', 'EICV4_CS'], 'poverty_v2': ['EICV5_CS']}
00:02:49 02_merge INFO   VERSIONS s8cq0: {'s8cq0': ['EICV5_CS', 'EICV5_VUP'], 's8cq0_v2': ['EICV4_CS', 'EICV4_VUP']}
00:02:49 02_merge INFO   VERSIONS s8cq13: {'s8cq13': ['EICV5_CS', 'EICV5_VUP'], 's8cq13_v2': ['EICV4_CS', 'EICV4_VUP']}
00:02:49 02_merge INFO   VERSIONS s8cq14: {'s8cq14': ['EICV5_CS', 'EICV5_VUP'], 's8cq14_v2': ['EICV4_CS', 'EICV4_VUP']}
00:02:49 02_merge INFO   VERSIONS s8cq3: {'s8cq3': ['EICV5_CS', 'EICV5_VUP'], 's8cq3_v2': ['EICV4_CS', 'EICV4_VUP']}
00:03:04 02_merge INFO PASS  EICV_pooled_own_consumption.dta: pooled rows == sum of wave rows
00:03:05 02_merge INFO PASS  EICV_pooled_own_consumption.dta: EICV2 sum wt preserved
00:03:05 02_merge INFO PASS  EICV_pooled_own_consumption.dta: EICV3 sum wt preserved
00:03:05 02_merge INFO PASS  EICV_pooled_own_consumption.dta: EICV4_CS sum wt preserved
00:03:05 02_merge INFO PASS  EICV_pooled_own_consumption.dta: EICV4_VUP sum wt preserved
00:03:05 02_merge INFO PASS  EICV_pooled_own_consumption.dta: EICV5_CS sum wt preserved
00:03:05 02_merge INFO PASS  EICV_pooled_own_consumption.dta: EICV5_VUP sum wt preserved
00:03:32 02_merge INFO wrote EICV_pooled_own_consumption.dta  (4,683,922 rows x 84 vars, 2056.3 MB)
00:03:33 02_merge INFO ---------------- EICV_pooled_parcels.dta (['EICV1', 'EICV2', 'EICV3', 'EICV4_CS', 'EICV4_VUP', 'EICV5_CS', 'EICV5_VUP'])
00:03:33 02_merge INFO   loaded EICV1      EICV_EICV1_s8_farm_plot_details_clean.dta                  17,071 rows x   31
00:03:33 02_merge INFO   loaded EICV2      EICV_EICV2_s8c_ag_plots_clean.dta                          22,258 rows x   31
00:03:33 02_merge INFO   loaded EICV3      EICV_EICV3_s08c_parcels_clean.dta                          59,016 rows x   33
00:03:34 02_merge INFO   loaded EICV4_CS   EICV_EICV4_CS_s7c_parcels_clean.dta                        53,535 rows x   41
00:03:34 02_merge INFO   loaded EICV4_VUP  EICV_EICV4_VUP_s7c_parcels_clean.dta                        8,157 rows x   37
00:03:34 02_merge INFO   loaded EICV5_CS   EICV_EICV5_CS_s7c_parcels_clean.dta                        42,837 rows x   34
00:03:34 02_merge INFO   loaded EICV5_VUP  EICV_EICV5_VUP_s7c_parcels_clean.dta                        4,629 rows x   36
00:03:34 02_merge INFO   VERSIONS poverty: {'poverty': ['EICV3', 'EICV4_CS'], 'poverty_v2': ['EICV5_CS']}
00:03:34 02_merge INFO   VERSIONS s7cq10: {'s7cq10': ['EICV5_CS', 'EICV5_VUP'], 's7cq10_v2': ['EICV4_CS', 'EICV4_VUP']}
00:03:34 02_merge INFO   VERSIONS s7cq11: {'s7cq11': ['EICV5_CS', 'EICV5_VUP'], 's7cq11_v2': ['EICV4_CS', 'EICV4_VUP']}
00:03:34 02_merge INFO   VERSIONS s7cq12: {'s7cq12': ['EICV5_CS', 'EICV5_VUP'], 's7cq12_v2': ['EICV4_CS', 'EICV4_VUP']}
00:03:34 02_merge INFO   VERSIONS s7cq13: {'s7cq13': ['EICV5_CS', 'EICV5_VUP'], 's7cq13_v2': ['EICV4_CS', 'EICV4_VUP']}
00:03:34 02_merge INFO   VERSIONS s7cq14: {'s7cq14': ['EICV5_CS', 'EICV5_VUP'], 's7cq14_v2': ['EICV4_CS', 'EICV4_VUP']}
00:03:34 02_merge INFO   VERSIONS s7cq15: {'s7cq15': ['EICV5_CS', 'EICV5_VUP'], 's7cq15_v2': ['EICV4_CS', 'EICV4_VUP']}
00:03:34 02_merge INFO   VERSIONS s7cq17: {'s7cq17': ['EICV5_CS', 'EICV5_VUP'], 's7cq17_v2': ['EICV4_CS', 'EICV4_VUP']}
00:03:34 02_merge INFO   VERSIONS s7cq6: {'s7cq6': ['EICV5_CS', 'EICV5_VUP'], 's7cq6_v2': ['EICV4_CS', 'EICV4_VUP']}
00:03:34 02_merge INFO   VERSIONS s7cq7: {'s7cq7': ['EICV5_CS', 'EICV5_VUP'], 's7cq7_v2': ['EICV4_CS', 'EICV4_VUP']}
00:03:34 02_merge INFO   VERSIONS s7cq8: {'s7cq8': ['EICV5_CS', 'EICV5_VUP'], 's7cq8_v2': ['EICV4_CS', 'EICV4_VUP']}
00:03:34 02_merge INFO   VERSIONS s7cq9: {'s7cq9': ['EICV5_CS', 'EICV5_VUP'], 's7cq9_v2': ['EICV4_CS', 'EICV4_VUP']}
00:03:34 02_merge INFO   VERSIONS s8cq1: {'s8cq1': ['EICV3'], 's8cq1_v2': ['EICV1']}
00:03:34 02_merge INFO   VERSIONS s8cq10: {'s8cq10': ['EICV3'], 's8cq10_v2': ['EICV2'], 's8cq10_v3': ['EICV1']}
00:03:34 02_merge INFO   VERSIONS s8cq11: {'s8cq11': ['EICV3'], 's8cq11_v2': ['EICV1']}
00:03:34 02_merge INFO   VERSIONS s8cq12: {'s8cq12': ['EICV3'], 's8cq12_v2': ['EICV1']}
00:03:34 02_merge INFO   VERSIONS s8cq13a: {'s8cq13a': ['EICV3'], 's8cq13a_v2': ['EICV1']}
00:03:34 02_merge INFO   VERSIONS s8cq13b: {'s8cq13b': ['EICV3'], 's8cq13b_v2': ['EICV1']}
00:03:34 02_merge INFO   VERSIONS s8cq13c: {'s8cq13c': ['EICV3'], 's8cq13c_v2': ['EICV1']}
00:03:34 02_merge INFO   VERSIONS s8cq14: {'s8cq14': ['EICV3'], 's8cq14_v2': ['EICV1']}
00:03:34 02_merge INFO   VERSIONS s8cq2: {'s8cq2': ['EICV3'], 's8cq2_v2': ['EICV2'], 's8cq2_v3': ['EICV1']}
00:03:34 02_merge INFO   VERSIONS s8cq3: {'s8cq3': ['EICV2'], 's8cq3_v2': ['EICV1']}
00:03:34 02_merge INFO   VERSIONS s8cq4: {'s8cq4': ['EICV1', 'EICV3'], 's8cq4_v2': ['EICV2']}
00:03:34 02_merge INFO   VERSIONS s8cq5: {'s8cq5': ['EICV2', 'EICV3'], 's8cq5_v2': ['EICV1']}
00:03:34 02_merge INFO   VERSIONS s8cq6: {'s8cq6': ['EICV2', 'EICV3'], 's8cq6_v2': ['EICV1']}
00:03:34 02_merge INFO   VERSIONS s8cq7: {'s8cq7': ['EICV2', 'EICV3'], 's8cq7_v2': ['EICV1']}
00:03:34 02_merge INFO   VERSIONS s8cq8: {'s8cq8': ['EICV2', 'EICV3'], 's8cq8_v2': ['EICV1']}
00:03:34 02_merge INFO   VERSIONS s8cq9: {'s8cq9': ['EICV3'], 's8cq9_v2': ['EICV1']}
00:03:36 02_merge INFO PASS  EICV_pooled_parcels.dta: pooled rows == sum of wave rows
00:03:36 02_merge INFO PASS  EICV_pooled_parcels.dta: EICV1 sum wt preserved
00:03:36 02_merge INFO PASS  EICV_pooled_parcels.dta: EICV2 sum wt preserved
00:03:36 02_merge INFO PASS  EICV_pooled_parcels.dta: EICV3 sum wt preserved
00:03:36 02_merge INFO PASS  EICV_pooled_parcels.dta: EICV4_CS sum wt preserved
00:03:36 02_merge INFO PASS  EICV_pooled_parcels.dta: EICV4_VUP sum wt preserved
00:03:36 02_merge INFO PASS  EICV_pooled_parcels.dta: EICV5_CS sum wt preserved
00:03:36 02_merge INFO PASS  EICV_pooled_parcels.dta: EICV5_VUP sum wt preserved
00:03:37 02_merge INFO wrote EICV_pooled_parcels.dta  (207,503 rows x 118 vars, 53.2 MB)
00:03:37 02_merge INFO ---------------- EICV_pooled_savings.dta (['EICV1', 'EICV2', 'EICV3', 'EICV4_CS', 'EICV4_VUP', 'EICV5_CS', 'EICV5_VUP', 'EICV7_CS', 'EICV7_VUP'])
00:03:37 02_merge INFO   loaded EICV1      EICV_EICV1_s12_saving_clean.dta                             6,733 rows x   24
00:03:37 02_merge INFO   loaded EICV2      EICV_EICV2_s11c_savings_clean.dta                           4,333 rows x   24
00:03:37 02_merge INFO   loaded EICV3      EICV_EICV3_s11c_savings_clean.dta                          14,461 rows x   23
00:03:37 02_merge INFO   loaded EICV4_CS   EICV_EICV4_CS_s10c_savings_clean.dta                       24,413 rows x   30
00:03:37 02_merge INFO   loaded EICV4_VUP  EICV_EICV4_VUP_s10c_savings_clean.dta                       4,759 rows x   26
00:03:37 02_merge INFO   loaded EICV5_CS   EICV_EICV5_CS_s10c1_savings_clean.dta                      38,142 rows x   21
00:03:37 02_merge INFO   loaded EICV5_VUP  EICV_EICV5_VUP_s10c1_savings_clean.dta                      6,099 rows x   21
00:03:38 02_merge INFO   loaded EICV7_CS   EICV_EICV7_CS_s10c_savings_clean.dta                       43,810 rows x   24
00:03:38 02_merge INFO   loaded EICV7_VUP  EICV_EICV7_VUP_s10c_savings_clean.dta                      10,777 rows x   25
00:03:38 02_merge INFO   VERSIONS poverty: {'poverty': ['EICV5_CS', 'EICV7_CS', 'EICV7_VUP'], 'poverty_v2': ['EICV3', 'EICV4_CS']}
00:03:38 02_merge INFO   VERSIONS quintile: {'quintile': ['EICV3', 'EICV4_CS', 'EICV5_CS'], 'quintile_v2': ['EICV7_CS', 'EICV7_VUP']}
00:03:38 02_merge INFO   VERSIONS s10cq6: {'s10cq6': ['EICV4_CS', 'EICV4_VUP', 'EICV5_CS'], 's10cq6_v2': ['EICV7_CS', 'EICV7_VUP']}
00:03:38 02_merge INFO   VERSIONS s10cq7: {'s10cq7': ['EICV4_CS', 'EICV4_VUP', 'EICV5_CS'], 's10cq7_v2': ['EICV7_CS', 'EICV7_VUP']}
00:03:38 02_merge INFO   VERSIONS s11cq4: {'s11cq4': ['EICV3'], 's11cq4_v2': ['EICV2']}
00:03:38 02_merge INFO   VERSIONS s11cq5: {'s11cq5': ['EICV3'], 's11cq5_v2': ['EICV2']}
00:03:38 02_merge INFO   VERSIONS s11cq6: {'s11cq6': ['EICV3'], 's11cq6_v2': ['EICV2']}
00:03:38 02_merge INFO   VERSIONS s11cq8: {'s11cq8': ['EICV3'], 's11cq8_v2': ['EICV2']}
00:03:38 02_merge INFO   VERSIONS s11cq9: {'s11cq9': ['EICV3'], 's11cq9_v2': ['EICV2']}
00:03:38 02_merge INFO PASS  EICV_pooled_savings.dta: pooled rows == sum of wave rows
00:03:38 02_merge INFO PASS  EICV_pooled_savings.dta: EICV1 sum wt preserved
00:03:38 02_merge INFO PASS  EICV_pooled_savings.dta: EICV2 sum wt preserved
00:03:38 02_merge INFO PASS  EICV_pooled_savings.dta: EICV3 sum wt preserved
00:03:38 02_merge INFO PASS  EICV_pooled_savings.dta: EICV4_CS sum wt preserved
00:03:38 02_merge INFO PASS  EICV_pooled_savings.dta: EICV4_VUP sum wt preserved
00:03:38 02_merge INFO PASS  EICV_pooled_savings.dta: EICV5_CS sum wt preserved
00:03:38 02_merge INFO PASS  EICV_pooled_savings.dta: EICV5_VUP sum wt preserved
00:03:38 02_merge INFO PASS  EICV_pooled_savings.dta: EICV7_CS sum wt preserved
00:03:38 02_merge INFO PASS  EICV_pooled_savings.dta: EICV7_VUP sum wt preserved
00:03:39 02_merge INFO wrote EICV_pooled_savings.dta  (153,527 rows x 84 vars, 31.8 MB)
00:03:39 02_merge INFO ---------------- EICV_pooled_services.dta (['EICV2', 'EICV3', 'EICV4_CS', 'EICV4_VUP', 'EICV5_CS', 'EICV5_VUP', 'EICV7_CS', 'EICV7_VUP'])
00:03:39 02_merge INFO   loaded EICV2      EICV_EICV2_s5e_services_clean.dta                          62,100 rows x   22
00:03:40 02_merge INFO   loaded EICV3      EICV_EICV3_s05e_services_clean.dta                        200,312 rows x   21
00:03:41 02_merge INFO   loaded EICV4_CS   EICV_EICV4_CS_s5e_access_to_services_clean.dta            216,285 rows x   29
00:03:41 02_merge INFO   loaded EICV4_VUP  EICV_EICV4_VUP_s5e_access_to_services_clean.dta            36,900 rows x   31
00:03:42 02_merge INFO   loaded EICV5_CS   EICV_EICV5_CS_s5f_access_to_services_clean.dta            218,700 rows x   24
00:03:42 02_merge INFO   loaded EICV5_VUP  EICV_EICV5_VUP_s5f_access_to_services_clean.dta            24,660 rows x   25
00:03:43 02_merge INFO   loaded EICV7_CS   EICV_EICV7_CS_s5f_access_to_services_clean.dta            225,810 rows x   27
00:03:44 02_merge INFO   loaded EICV7_VUP  EICV_EICV7_VUP_s5f_access_to_services_clean.dta            56,565 rows x   28
00:03:44 02_merge INFO   VERSIONS poverty: {'poverty': ['EICV5_CS', 'EICV7_CS', 'EICV7_VUP'], 'poverty_v2': ['EICV3', 'EICV4_CS', 'EICV4_VUP']}
00:03:44 02_merge INFO   VERSIONS quintile: {'quintile': ['EICV3', 'EICV4_CS', 'EICV4_VUP', 'EICV5_CS'], 'quintile_v2': ['EICV7_CS', 'EICV7_VUP']}
00:03:44 02_merge INFO   VERSIONS s5eq2: {'s5eq2': ['EICV3', 'EICV4_CS', 'EICV4_VUP'], 's5eq2_v2': ['EICV2']}
00:03:44 02_merge INFO   VERSIONS s5eq4: {'s5eq4': ['EICV2', 'EICV4_CS', 'EICV4_VUP'], 's5eq4_v2': ['EICV3']}
00:03:44 02_merge INFO   VERSIONS s5eq5: {'s5eq5': ['EICV4_CS', 'EICV4_VUP'], 's5eq5_v2': ['EICV3'], 's5eq5_v3': ['EICV2']}
00:03:44 02_merge INFO type conflict quintile: numeric in some waves, numeric-looking text in others -> numeric
00:03:44 02_merge WARNING type conflict s5eq0d: numeric in some waves, free text in others -> kept as text
00:03:48 02_merge INFO PASS  EICV_pooled_services.dta: pooled rows == sum of wave rows
00:03:48 02_merge INFO PASS  EICV_pooled_services.dta: EICV2 sum wt preserved
00:03:48 02_merge INFO PASS  EICV_pooled_services.dta: EICV3 sum wt preserved
00:03:48 02_merge INFO PASS  EICV_pooled_services.dta: EICV4_CS sum wt preserved
00:03:48 02_merge INFO PASS  EICV_pooled_services.dta: EICV4_VUP sum wt preserved
00:03:48 02_merge INFO PASS  EICV_pooled_services.dta: EICV5_CS sum wt preserved
00:03:48 02_merge INFO PASS  EICV_pooled_services.dta: EICV5_VUP sum wt preserved
00:03:48 02_merge INFO PASS  EICV_pooled_services.dta: EICV7_CS sum wt preserved
00:03:48 02_merge INFO PASS  EICV_pooled_services.dta: EICV7_VUP sum wt preserved
00:03:52 02_merge INFO wrote EICV_pooled_services.dta  (1,041,332 rows x 67 vars, 158.3 MB)
00:03:53 02_merge INFO ---------------- EICV_pooled_tontine.dta (['EICV5_CS', 'EICV5_VUP'])
00:03:53 02_merge INFO   loaded EICV5_CS   EICV_EICV5_CS_s10c2_tontine_clean.dta                      42,252 rows x   18
00:03:53 02_merge INFO   loaded EICV5_VUP  EICV_EICV5_VUP_s10c2_tontine_clean.dta                      4,577 rows x   19
00:03:53 02_merge INFO PASS  EICV_pooled_tontine.dta: pooled rows == sum of wave rows
00:03:53 02_merge INFO PASS  EICV_pooled_tontine.dta: EICV5_CS sum wt preserved
00:03:53 02_merge INFO PASS  EICV_pooled_tontine.dta: EICV5_VUP sum wt preserved
00:03:53 02_merge INFO wrote EICV_pooled_tontine.dta  (46,829 rows x 26 vars, 3.6 MB)
00:03:53 02_merge INFO ---------------- EICV_pooled_transfers_in.dta (['EICV1', 'EICV2', 'EICV3', 'EICV4_CS', 'EICV4_VUP', 'EICV5_CS', 'EICV5_VUP', 'EICV7_CS', 'EICV7_VUP'])
00:03:53 02_merge INFO   loaded EICV1      EICV_EICV1_s11_tran_in_clean.dta                           11,692 rows x   25
00:03:53 02_merge INFO   loaded EICV2      EICV_EICV2_s10b_transfer_in_clean.dta                      16,494 rows x   25
00:03:53 02_merge INFO   loaded EICV3      EICV_EICV3_s10b_transfersin_clean.dta                      89,947 rows x   25
00:03:54 02_merge INFO   loaded EICV4_CS   EICV_EICV4_CS_s9b_transfers_in_clean.dta                   80,723 rows x   33
00:03:54 02_merge INFO   loaded EICV4_VUP  EICV_EICV4_VUP_s9b_transfers_in_clean.dta                  14,652 rows x   29
00:03:55 02_merge INFO   loaded EICV5_CS   EICV_EICV5_CS_s9b_transfers_in_clean.dta                   89,487 rows x   27
00:03:55 02_merge INFO   loaded EICV5_VUP  EICV_EICV5_VUP_s9b_transfers_in_clean.dta                  10,844 rows x   28
00:03:55 02_merge INFO   loaded EICV7_CS   EICV_EICV7_CS_s9b_transfers_in_clean.dta                   33,353 rows x   27
00:03:55 02_merge INFO   loaded EICV7_VUP  EICV_EICV7_VUP_s9b_transfers_in_clean.dta                   9,313 rows x   28
00:03:55 02_merge INFO   VERSIONS pov_jan: {'pov_jan': ['EICV7_VUP'], 'pov_jan_v2': ['EICV7_CS']}
00:03:55 02_merge INFO   VERSIONS poverty: {'poverty': ['EICV5_CS', 'EICV7_CS', 'EICV7_VUP'], 'poverty_v2': ['EICV3', 'EICV4_CS']}
00:03:55 02_merge INFO   VERSIONS quintile: {'quintile': ['EICV3', 'EICV4_CS', 'EICV5_CS'], 'quintile_v2': ['EICV7_CS', 'EICV7_VUP']}
00:03:55 02_merge INFO   VERSIONS s10bq10: {'s10bq10': ['EICV3'], 's10bq10_v2': ['EICV2']}
00:03:55 02_merge INFO   VERSIONS s10bq7: {'s10bq7': ['EICV3'], 's10bq7_v2': ['EICV2']}
00:03:55 02_merge INFO   VERSIONS s10bq8: {'s10bq8': ['EICV3'], 's10bq8_v2': ['EICV2']}
00:03:55 02_merge INFO   VERSIONS s10bq9: {'s10bq9': ['EICV3'], 's10bq9_v2': ['EICV2']}
00:03:55 02_merge INFO   VERSIONS s9bq0: {'s9bq0': ['EICV5_CS', 'EICV5_VUP', 'EICV7_CS'], 's9bq0_v2': ['EICV7_VUP']}
00:03:55 02_merge INFO   VERSIONS s9bq10: {'s9bq10': ['EICV4_CS', 'EICV4_VUP', 'EICV5_CS', 'EICV5_VUP'], 's9bq10_v2': ['EICV7_CS', 'EICV7_VUP']}
00:03:55 02_merge INFO   VERSIONS s9bq3: {'s9bq3': ['EICV4_CS', 'EICV4_VUP', 'EICV5_CS', 'EICV5_VUP'], 's9bq3_v2': ['EICV7_CS', 'EICV7_VUP']}
00:03:55 02_merge INFO   VERSIONS s9bq4: {'s9bq4': ['EICV4_CS', 'EICV4_VUP', 'EICV5_CS', 'EICV5_VUP'], 's9bq4_v2': ['EICV7_CS', 'EICV7_VUP']}
00:03:55 02_merge INFO   VERSIONS s9bq5: {'s9bq5': ['EICV4_CS', 'EICV4_VUP', 'EICV5_CS', 'EICV5_VUP'], 's9bq5_v2': ['EICV7_CS', 'EICV7_VUP']}
00:03:55 02_merge INFO   VERSIONS s9bq6: {'s9bq6': ['EICV4_CS', 'EICV4_VUP', 'EICV5_CS', 'EICV5_VUP'], 's9bq6_v2': ['EICV7_CS', 'EICV7_VUP']}
00:03:55 02_merge INFO   VERSIONS s9bq7: {'s9bq7': ['EICV4_CS', 'EICV4_VUP', 'EICV5_CS', 'EICV5_VUP'], 's9bq7_v2': ['EICV7_CS', 'EICV7_VUP']}
00:03:55 02_merge INFO   VERSIONS s9bq8: {'s9bq8': ['EICV4_CS', 'EICV4_VUP', 'EICV5_CS', 'EICV5_VUP'], 's9bq8_v2': ['EICV7_CS', 'EICV7_VUP']}
00:03:55 02_merge INFO   VERSIONS s9bq9: {'s9bq9': ['EICV4_CS', 'EICV4_VUP', 'EICV5_CS', 'EICV5_VUP'], 's9bq9_v2': ['EICV7_CS', 'EICV7_VUP']}
00:03:57 02_merge INFO PASS  EICV_pooled_transfers_in.dta: pooled rows == sum of wave rows
00:03:57 02_merge INFO PASS  EICV_pooled_transfers_in.dta: EICV1 sum wt preserved
00:03:57 02_merge INFO PASS  EICV_pooled_transfers_in.dta: EICV2 sum wt preserved
00:03:57 02_merge INFO PASS  EICV_pooled_transfers_in.dta: EICV3 sum wt preserved
00:03:57 02_merge INFO PASS  EICV_pooled_transfers_in.dta: EICV4_CS sum wt preserved
00:03:57 02_merge INFO PASS  EICV_pooled_transfers_in.dta: EICV4_VUP sum wt preserved
00:03:57 02_merge INFO PASS  EICV_pooled_transfers_in.dta: EICV5_CS sum wt preserved
00:03:57 02_merge INFO PASS  EICV_pooled_transfers_in.dta: EICV5_VUP sum wt preserved
00:03:57 02_merge INFO PASS  EICV_pooled_transfers_in.dta: EICV7_CS sum wt preserved
00:03:57 02_merge INFO PASS  EICV_pooled_transfers_in.dta: EICV7_VUP sum wt preserved
00:03:58 02_merge INFO wrote EICV_pooled_transfers_in.dta  (356,505 rows x 91 vars, 77.1 MB)
00:03:58 02_merge INFO ---------------- EICV_pooled_transfers_out.dta (['EICV1', 'EICV2', 'EICV3', 'EICV4_CS', 'EICV4_VUP', 'EICV5_CS', 'EICV5_VUP', 'EICV7_CS', 'EICV7_VUP'])
00:03:59 02_merge INFO   loaded EICV1      EICV_EICV1_s11_tran_out_clean.dta                          12,788 rows x   25
00:03:59 02_merge INFO   loaded EICV2      EICV_EICV2_s10a_transfer_out_clean.dta                     19,197 rows x   25
00:03:59 02_merge INFO   loaded EICV3      EICV_EICV3_s10a_transfersout_clean.dta                     98,521 rows x   24
00:03:59 02_merge INFO   loaded EICV4_CS   EICV_EICV4_CS_s9a_transfers_out_clean.dta                  84,413 rows x   33
00:03:59 02_merge INFO   loaded EICV4_VUP  EICV_EICV4_VUP_s9a_transfers_out_clean.dta                 13,140 rows x   29
00:04:00 02_merge INFO   loaded EICV5_CS   EICV_EICV5_CS_s9a_transfers_out_clean.dta                  85,640 rows x   27
00:04:00 02_merge INFO   loaded EICV5_VUP  EICV_EICV5_VUP_s9a_transfers_out_clean.dta                  8,592 rows x   28
00:04:00 02_merge INFO   loaded EICV7_CS   EICV_EICV7_CS_s9a_transfers_out_clean.dta                  68,175 rows x   30
00:04:00 02_merge INFO   loaded EICV7_VUP  EICV_EICV7_VUP_s9a_transfers_out_clean.dta                 16,256 rows x   30
00:04:00 02_merge INFO   VERSIONS poverty: {'poverty': ['EICV5_CS', 'EICV7_CS', 'EICV7_VUP'], 'poverty_v2': ['EICV3', 'EICV4_CS']}
00:04:00 02_merge INFO   VERSIONS quintile: {'quintile': ['EICV3', 'EICV4_CS', 'EICV5_CS'], 'quintile_v2': ['EICV7_CS', 'EICV7_VUP']}
00:04:00 02_merge INFO   VERSIONS s10aq10: {'s10aq10': ['EICV3'], 's10aq10_v2': ['EICV2']}
00:04:00 02_merge INFO   VERSIONS s10aq8: {'s10aq8': ['EICV3'], 's10aq8_v2': ['EICV2']}
00:04:00 02_merge INFO   VERSIONS s10aq9: {'s10aq9': ['EICV3'], 's10aq9_v2': ['EICV2']}
00:04:00 02_merge INFO   VERSIONS s9aq0: {'s9aq0': ['EICV7_CS', 'EICV7_VUP'], 's9aq0_v2': ['EICV5_CS', 'EICV5_VUP']}
00:04:02 02_merge INFO PASS  EICV_pooled_transfers_out.dta: pooled rows == sum of wave rows
00:04:02 02_merge INFO PASS  EICV_pooled_transfers_out.dta: EICV1 sum wt preserved
00:04:02 02_merge INFO PASS  EICV_pooled_transfers_out.dta: EICV2 sum wt preserved
00:04:02 02_merge INFO PASS  EICV_pooled_transfers_out.dta: EICV3 sum wt preserved
00:04:02 02_merge INFO PASS  EICV_pooled_transfers_out.dta: EICV4_CS sum wt preserved
00:04:02 02_merge INFO PASS  EICV_pooled_transfers_out.dta: EICV4_VUP sum wt preserved
00:04:02 02_merge INFO PASS  EICV_pooled_transfers_out.dta: EICV5_CS sum wt preserved
00:04:02 02_merge INFO PASS  EICV_pooled_transfers_out.dta: EICV5_VUP sum wt preserved
00:04:02 02_merge INFO PASS  EICV_pooled_transfers_out.dta: EICV7_CS sum wt preserved
00:04:02 02_merge INFO PASS  EICV_pooled_transfers_out.dta: EICV7_VUP sum wt preserved
00:04:04 02_merge INFO wrote EICV_pooled_transfers_out.dta  (406,722 rows x 79 vars, 81.8 MB)
00:04:04 02_merge INFO wrote EICV3_4_panel_link.dta  (8,310 rows x 38 vars, 1.6 MB)
00:04:04 02_merge INFO wrote EICV5_vup_panel_link.dta  (5,171 rows x 41 vars, 1.1 MB)
00:04:04 02_merge INFO all hard checks passed (0 soft warnings)
00:04:04 02_merge INFO 02_merge done
00:04:05 03_checks INFO ==== 03_checks | run 20260904-234822 | python 3.13.5 | pandas 2.2.3 | pyreadstat 1.3.4
00:04:07 03_checks INFO 
# EICV checks report

Generated by 03_checks.py.

## A. Python pooled person file vs old Stata outputs (3 Jul 2026; EICV1/2 were not processed then)

| section | statistic | Python | reference | result |
|---|---|---:|---:|---|
| A | EICV3 person rows | 68,398 | 68,398 | PASS |
| A | EICV3 sum wt (persons) | 10,762,085 | 10,762,085 | PASS |
| A | EICV3 households | 14,308 | 14,308 | PASS |
| A | EICV3 male | 32,490 | 32,490 | PASS |
| A | EICV3 female | 35,908 | 35,908 | PASS |
| A | EICV4_CS person rows | 66,081 | 66,081 | PASS |
| A | EICV4_CS sum wt (persons) | 11,432,047 | 11,432,047 | PASS |
| A | EICV4_CS households | 14,419 | 14,419 | PASS |
| A | EICV4_CS male | 31,544 | 31,544 | PASS |
| A | EICV4_CS female | 34,537 | 34,537 | PASS |
| A | EICV5_CS person rows | 64,314 | 64,314 | PASS |
| A | EICV5_CS sum wt (persons) | 11,893,443 | 11,893,443 | PASS |
| A | EICV5_CS households | 14,580 | 14,580 | PASS |
| A | EICV5_CS male | 30,778 | 30,778 | PASS |
| A | EICV5_CS female | 33,536 | 33,536 | PASS |
| A | EICV7_CS person rows | 62,110 | 62,110 | PASS |
| A | EICV7_CS sum wt (persons) | 13,549,457 | 13,549,457 | PASS |
| A | EICV7_CS households | 15,054 | 15,054 | PASS |
| A | EICV7_CS male | 29,675 | 29,675 | PASS |
| A | EICV7_CS female | 32,435 | 32,435 | PASS |

## B. Stata 17 recomputation from the written .dta files

| section | statistic | Python | Stata | result |
|---|---|---:|---:|---|
| B | EICV1 person rows | 32,153 | 32,153 | PASS |
| B | EICV1 sum wt | 7,979,930 | 7,979,930 | PASS |
| B | EICV1 male | 14,928 | 14,928 | PASS |
| B | EICV1 female | 17,225 | 17,225 | PASS |
| B | EICV1 households (person file) | 6,420 | 6,420 | PASS |
| B | EICV2 person rows | 34,785 | 34,785 | PASS |
| B | EICV2 sum wt | 9,491,397 | 9,491,397 | PASS |
| B | EICV2 male | 16,528 | 16,528 | PASS |
| B | EICV2 female | 18,257 | 18,257 | PASS |
| B | EICV2 households (person file) | 6,900 | 6,900 | PASS |
| B | EICV3 person rows | 68,398 | 68,398 | PASS |
| B | EICV3 sum wt | 10,762,085 | 10,762,085 | PASS |
| B | EICV3 male | 32,490 | 32,490 | PASS |
| B | EICV3 female | 35,908 | 35,908 | PASS |
| B | EICV3 households (person file) | 14,308 | 14,308 | PASS |
| B | EICV4_CS person rows | 66,081 | 66,081 | PASS |
| B | EICV4_CS sum wt | 11,432,047 | 11,432,047 | PASS |
| B | EICV4_CS male | 31,544 | 31,544 | PASS |
| B | EICV4_CS female | 34,537 | 34,537 | PASS |
| B | EICV4_CS households (person file) | 14,419 | 14,419 | PASS |
| B | EICV5_CS person rows | 64,314 | 64,314 | PASS |
| B | EICV5_CS sum wt | 11,893,443 | 11,893,443 | PASS |
| B | EICV5_CS male | 30,778 | 30,778 | PASS |
| B | EICV5_CS female | 33,536 | 33,536 | PASS |
| B | EICV5_CS households (person file) | 14,580 | 14,580 | PASS |
| B | EICV7_CS person rows | 62,110 | 62,110 | PASS |
| B | EICV7_CS sum wt | 13,549,457 | 13,549,457 | PASS |
| B | EICV7_CS male | 29,675 | 29,675 | PASS |
| B | EICV7_CS female | 32,435 | 32,435 | PASS |
| B | EICV7_CS households (person file) | 15,054 | 15,054 | PASS |
| B | EICV1 households (household file) | 6,420 | 6,420 | PASS |
| B | EICV1 sum hhsize | 32,153 | 32,153 | PASS |
| B | EICV1 sum household weight | 1,610,147 | 1,610,147 | PASS |
| B | EICV2 households (household file) | 6,900 | 6,900 | PASS |
| B | EICV2 sum hhsize | 34,785 | 34,785 | PASS |
| B | EICV2 sum household weight | 1,892,069 | 1,892,069 | PASS |
| B | EICV3 households (household file) | 14,308 | 14,308 | PASS |
| B | EICV3 sum hhsize | 68,398 | 68,398 | PASS |
| B | EICV3 sum household weight | 2,252,844 | 2,252,844 | PASS |
| B | EICV4_CS households (household file) | 14,419 | 14,419 | PASS |
| B | EICV4_CS sum hhsize | 66,081 | 66,081 | PASS |
| B | EICV4_CS sum household weight | 2,493,044 | 2,493,044 | PASS |
| B | EICV5_CS households (household file) | 14,580 | 14,580 | PASS |
| B | EICV5_CS sum hhsize | 64,314 | 64,314 | PASS |
| B | EICV5_CS sum household weight | 2,708,212 | 2,708,212 | PASS |
| B | EICV7_CS households (household file) | 15,054 | 15,054 | PASS |
| B | EICV7_CS sum hhsize | 62,110 | 62,110 | PASS |
| B | EICV7_CS sum household weight | 3,289,819 | 3,289,819 | PASS |

## C. Weighted poverty headcount (%) vs NISR published rates

| section | statistic | Python | published | result |
|---|---|---:|---:|---|
| C | EICV1 households interviewed (documentation) | 6,420 | 6,450 | PASS |
| C | EICV2 households interviewed (documentation) | 6,900 | 6,900 | PASS |
| C | EICV4_CS households interviewed (documentation) | 14,419 | 14,419 | PASS |
| C | EICV5_CS households interviewed (documentation) | 14,580 | 14,580 | PASS |
| C | EICV7_CS households interviewed (documentation) | 15,054 | 15,054 | PASS |
| C | EICV7_CS person rows (DDI: 62,110) | 62,110 | 62,110 | PASS |
| C | EICV3 poverty headcount (poverty_eicv3_povertyfile_jan201, pop_wt-weighted) | 46.04 | 46.00 | PASS |
| C | EICV4_CS poverty headcount (pov, pop_wt-weighted) | 39.12 | 39.10 | PASS |
| C | EICV5_CS poverty headcount (pov_jan, pop_wt-weighted) | 38.22 | 38.20 | PASS |
| C | EICV7_CS poverty headcount (pov_jan_eicv7_poverty_file, pop_wt-weighted) | 27.37 | 27.40 | PASS |

## D. Household / person consistency

| section | statistic | Python | reference | result |
|---|---|---:|---:|---|
| D | EICV1 sum hhsize == person rows | 32,153 | 32,153 | PASS |
| D | EICV1 households == distinct hhid in person file | 6,420 | 6,420 | PASS |
| D | EICV1 household rows unique | 6,420 | 6,420 | PASS |
| D | EICV2 sum hhsize == person rows | 34,785 | 34,785 | PASS |
| D | EICV2 households == distinct hhid in person file | 6,900 | 6,900 | PASS |
| D | EICV2 household rows unique | 6,900 | 6,900 | PASS |
| D | EICV3 sum hhsize == person rows | 68,398 | 68,398 | PASS |
| D | EICV3 households == distinct hhid in person file | 14,308 | 14,308 | PASS |
| D | EICV3 household rows unique | 14,308 | 14,308 | PASS |
| D | EICV4_CS sum hhsize == person rows | 66,081 | 66,081 | PASS |
| D | EICV4_CS households == distinct hhid in person file | 14,419 | 14,419 | PASS |
| D | EICV4_CS household rows unique | 14,419 | 14,419 | PASS |
| D | EICV5_CS sum hhsize == person rows | 64,314 | 64,314 | PASS |
| D | EICV5_CS households == distinct hhid in person file | 14,580 | 14,580 | PASS |
| D | EICV5_CS household rows unique | 14,580 | 14,580 | PASS |
| D | EICV7_CS sum hhsize == person rows | 62,110 | 62,110 | PASS |
| D | EICV7_CS households == distinct hhid in person file | 15,054 | 15,054 | PASS |
| D | EICV7_CS household rows unique | 15,054 | 15,054 | PASS |

**All checks passed.**
00:04:07 03_checks INFO 03_checks done
00:04:07 04_codebook INFO ==== 04_codebook | run 20260904-234822 | python 3.13.5 | pandas 2.2.3 | pyreadstat 1.3.4
00:12:03 04_codebook INFO wrote CODEBOOK.md and codebook_*.csv for 33 files
00:12:03 04_codebook INFO README.txt updated (/Users/matteo/Library/CloudStorage/Dropbox/1-Ongoing Projects/Rwanda - TRS/data/Publicly-Available-NISR/Household-Living-Conditions-EICV/README.txt)
