scope,wave,native,clean_name,clean_label,native_label
pooled:AHS_pooled_person.dta,"2017,2020,2024",age,ahs_age,AHS: Age in completed years,Age in years
pooled:AHS_pooled_person.dta,2020,agribus_n,ahs_agribusiness_activities_n,AHS 2020: Number of agribusiness activities of the household,Agribusiness activities (in numbers) been involved by HH members
pooled:AHS_pooled_person.dta,"2017,2024",cluster,ahs_cluster,AHS 2017-2024: Sampling cluster or village identifier,Sampling segment / cluster (as shipped)
pooled:AHS_pooled_person.dta,"2017,2020,2024",dist,ahs_district,"AHS: District, NISR code 11-57","District (11-57, NISR current codes)"
pooled:AHS_pooled_person.dta,"2017,2020,2024",hhid,ahs_household_id,AHS: Household identifier,Household id (unique within wave)
pooled:AHS_pooled_person.dta,"2017,2020,2024",pid,ahs_person_id,AHS: Person number within the household,Person number within the household
pooled:AHS_pooled_person.dta,"2017,2020,2024",prov,ahs_province,"AHS: Province, NISR code 1-5","Province (1-5, NISR codes)"
pooled:AHS_pooled_person.dta,2020,s0q10,ahs_ubudehe_category_hh_belongs,AHS 2020: Ubudehe category the household belongs in,0.10 Ubudehe category the household belongs in
pooled:AHS_pooled_person.dta,2020,s0q12,ahs_respondent_household_head,AHS 2020: Is the respondent the Household head,0.12 Is the respondent the Household head
pooled:AHS_pooled_person.dta,2020,s0q15,ahs_relation_resp_household_head,AHS 2020: Relationship of respondent to the Household head,0.15 Relationship of respondent to the Household head
pooled:AHS_pooled_person.dta,2020,s0q16_1,ahs_agri_activity_household_1,AHS 2020: Agricultural activity of the Household,0.16.1 Agricultural activity of the Household
pooled:AHS_pooled_person.dta,2020,s0q16_2,ahs_agri_activity_household_2,AHS 2020: Agricultural activity of the Household,0.16.2 Agricultural activity of the Household
pooled:AHS_pooled_person.dta,2020,s0q16_3,ahs_agri_activity_household_3,AHS 2020: Agricultural activity of the Household,0.16.3 Agricultural activity of the Household
pooled:AHS_pooled_person.dta,2020,s0q16_4,ahs_agri_activity_household_4,AHS 2020: Agricultural activity of the Household,0.16.4 Agricultural activity of the Household
pooled:AHS_pooled_person.dta,2020,s0q17,ahs_agri_livelihood_activity_hh,AHS 2020: Is agriculture the main livelihood activity of your household?,0.17 Is agriculture the main livelihood activity of your household?
pooled:AHS_pooled_person.dta,2020,s0q18,ahs_non_agri_activity_support_hh,AHS 2020: Other non-agricultural activity which support your household,0.18 What is the other non-agricultural activity which  support your household?
pooled:AHS_pooled_person.dta,2017,s0q3,ahs_stratum,AHS 2017: Sampling stratum,0.3 Stratum
pooled:AHS_pooled_person.dta,2017,s0q4,ahs_segment,AHS 2017: Segment,0.4 Segment
pooled:AHS_pooled_person.dta,2020,s0q7,ahs_household_number,AHS 2020: Household number,0.7 Household number
pooled:AHS_pooled_person.dta,2020,s0q9,ahs_marital_household_head,AHS 2020: Marital status of Household Head,0.9 Marital status of Household Head
pooled:AHS_pooled_person.dta,2020,s1q1,ahs_total_number_household,AHS 2020: Total number of household members,1.1 Total number of household members
pooled:AHS_pooled_person.dta,2024,s1q10,ahs_resident_hh_period_2024,AHS 2024: Will be resident in the household during the period of enumeration,Will be resident in the household during the period of enumeration
pooled:AHS_pooled_person.dta,2017,s1q10_v2,ahs_avg_hours_day_hh_worked_2017,AHS 2017: Average number of Hours/day that the household member worked per day,1.10 Average number of Hours/day that the household member worked per day in Sea
pooled:AHS_pooled_person.dta,2020,s1q10_1,ahs_involved_agribusiness_1,AHS 2020: Member name involved in any of the following agribusiness activities,1.10.1 [member name] involved in any of the following agribusiness activities
pooled:AHS_pooled_person.dta,2020,s1q10_2,ahs_involved_agribusiness_2,AHS 2020: Member name involved in any of the following agribusiness activities,1.10.2 [member name] involved in any of the following agribusiness activities
pooled:AHS_pooled_person.dta,2024,s1q11,ahs_prim_n_reason_absence_2024,AHS 2024: Primary n reason for absence during enumeration,primary n reason for absence during enumeration
pooled:AHS_pooled_person.dta,2017,s1q11_v2,ahs_days_hh_worked_sept_2017,AHS 2017: Number of days that the household member worked in Sept -16,1.11 Number of days that the household member worked in Sept -16
pooled:AHS_pooled_person.dta,2024,s1q12,ahs_father_alive_2024,AHS 2024: Father still alive,Father still alive
pooled:AHS_pooled_person.dta,2017,s1q12_v2,ahs_days_hh_worked_oct_2017,AHS 2017: Number of days that the household member worked in Oct-16,1.12 Number of days that the household member worked in Oct-16
pooled:AHS_pooled_person.dta,2024,s1q13,ahs_mother_alive_2024,AHS 2024: Mother still alive,Mother still alive
pooled:AHS_pooled_person.dta,2017,s1q13_v2,ahs_days_hh_worked_nov_2017,AHS 2017: Number of days that the household member worked in Nov-16,1.13 Number of days that the household member worked in Nov-16
pooled:AHS_pooled_person.dta,2024,s1q14,ahs_household_membership_2024,AHS 2024: Household membership,Household membership
pooled:AHS_pooled_person.dta,2017,s1q14_v2,ahs_days_hh_worked_dec_2017,AHS 2017: Number of days that the household member worked in Dec-16,1.14 Number of days that the household member worked in Dec-16
pooled:AHS_pooled_person.dta,2017,s1q15,ahs_days_household_worked_jan,AHS 2017: Number of days that the household member worked in Jan-17,1.15 Number of days that the household member worked in Jan-17
pooled:AHS_pooled_person.dta,2017,s1q16,ahs_avg_hours_day_hh_worked_day,AHS 2017: Average number of Hours/day that the household member worked per day,1.16 Average number of Hours/day that the household member worked per day in Sea
pooled:AHS_pooled_person.dta,2017,s1q17,ahs_days_household_worked_feb,AHS 2017: Number of days that the household member worked in Feb -17,1.17 Number of days that the household member worked in Feb  -17
pooled:AHS_pooled_person.dta,2017,s1q18,ahs_days_household_worked_march,AHS 2017: Number of days that the household member worked in March -17,1.18 Number of days that the household member worked in March  -17
pooled:AHS_pooled_person.dta,2017,s1q19,ahs_days_household_worked_april,AHS 2017: Number of days that the household member worked in April -17,1.19 Number of days that the household member worked in April  -17
pooled:AHS_pooled_person.dta,2024,s1q2,ahs_relation_head_household_2024,AHS 2024: Relation with the head of household,Relation with the head of household
pooled:AHS_pooled_person.dta,2017,s1q2_v2,ahs_household_names_2017,AHS 2017: Household member names,1.2 Household member names
pooled:AHS_pooled_person.dta,2017,s1q20,ahs_days_household_worked_may,AHS 2017: Number of days that the household member worked in May -17,1.20 Number of days that the household member worked in May -17
pooled:AHS_pooled_person.dta,2017,s1q21,ahs_days_household_worked_jun,AHS 2017: Number of days that the household member worked in Jun-17,1.21 Number of days that the household member worked in Jun-17
pooled:AHS_pooled_person.dta,2017,s1q3,ahs_relationship_household_head,AHS 2017: What is the member relationship with the household Head?,1.3 What is the member relationship with the household Head?
pooled:AHS_pooled_person.dta,2024,s1q3m,ahs_age_months,AHS 2024: Age (Months),Age (Months)
pooled:AHS_pooled_person.dta,2024,s1q4,ahs_marital_status_2024,AHS 2024: Marital status,Marital status
pooled:AHS_pooled_person.dta,2020,s1q4_v2,ahs_hh_relation_hh_head_2020,AHS 2020: What is the household member's relationship with the household Head?,1.4 What is the household member's relationship with the household Head?
pooled:AHS_pooled_person.dta,2024,s1q5a,ahs_country_birth,AHS 2024: Country of birth,country of birth
pooled:AHS_pooled_person.dta,2024,s1q5b,ahs_district_birth,AHS 2024: District of birth,District of birth
pooled:AHS_pooled_person.dta,2024,s1q6,ahs_nationality_2024,AHS 2024: Nationality,Nationality
pooled:AHS_pooled_person.dta,2017,s1q6_v2,ahs_child_schooled_2017,AHS 2017: Did this child schooled?,1.6 Did this child schooled?
pooled:AHS_pooled_person.dta,2024,s1q7,ahs_months_away_household_2024,"AHS 2024: How many months has been away from this household, past 12 months",how many months has been away from this household during past 12 months
pooled:AHS_pooled_person.dta,2020,s1q7_v2,ahs_highest_educ_attained_2020,AHS 2020: Highest level of education attained by the the name of household,1.7 Highest level of education attained by the [the name of household member]
pooled:AHS_pooled_person.dta,2017,s1q7_v3,ahs_highest_educ_attained_2017,AHS 2017: Highest level of education attained by the household member,1.7 What is the highest level of education attained by the household member?
pooled:AHS_pooled_person.dta,2024,s1q7a,ahs_absent_12_months,AHS 2024: Absent during the past 12 months,Absent during past 12 months
pooled:AHS_pooled_person.dta,2024,s1q8,ahs_prim_reason_absence_hh_2024,AHS 2024: Primary reason of absence from household in the last 12 months,primary  reason of absence from household in the last 12 months
pooled:AHS_pooled_person.dta,2020,s1q8_v2,ahs_economic_activity_hh_2020,AHS 2020: What is the main economic activity of the name of household member,1.8 What is the main economic activity of [the name of household member]
pooled:AHS_pooled_person.dta,2017,s1q8_v3,ahs_economic_activity_hh_2017,AHS 2017: What is the main economic activity of household member?,1.8 What is the main economic activity of household member?
pooled:AHS_pooled_person.dta,2024,s1q9,ahs_resident_another_hh_2024,AHS 2024: Resident of another household in the last 12 months,Resident of another household in the last 12 months
pooled:AHS_pooled_person.dta,2020,s1q9_v2,ahs_engaged_agric_activ_2020,AHS 2020: Member name engaged in agric. activities in 2019/2020 agric. year,1.9 [member name] engaged in agric. activities in 2019/2020 agric. year
pooled:AHS_pooled_person.dta,2017,s1q9_v3,ahs_farming_activ_located_2017,AHS 2017: Where the farming activity is located?,1.9 Where the farming activity is located?
pooled:AHS_pooled_person.dta,2024,s2q2,ahs_always_lived_district,AHS 2024: Always lived in the district,Always lived in the district
pooled:AHS_pooled_person.dta,2024,s2q3m,ahs_duration_last_move_months,AHS 2024: Duration since last move (months),Duration since last move (months)
pooled:AHS_pooled_person.dta,2024,s2q3y,ahs_duration_last_move_years,AHS 2024: Duration since last move (years),Duration since last move (years)
pooled:AHS_pooled_person.dta,2024,s2q4a,ahs_country_lived_prior_place,AHS 2024: Country lived prior to current place,country  lived prior to current place
pooled:AHS_pooled_person.dta,2024,s2q4b,ahs_district_lived_prior_place,AHS 2024: District lived prior to current place,District lived prior to current place
pooled:AHS_pooled_person.dta,2024,s2q5,ahs_place_lived_prior_place,AHS 2024: Kind of place lived prior to current place,Kind of place lived prior to current place
pooled:AHS_pooled_person.dta,2024,s2q6,ahs_duration_lived_previuos,AHS 2024: Duration lived in the previuos location years,Duration lived in the previuos location years
pooled:AHS_pooled_person.dta,2024,s2q7,ahs_primary_reason_moving,AHS 2024: Primary reason for moving,Primary reason for moving
pooled:AHS_pooled_person.dta,2024,s2q8,ahs_move_alone_other_household,AHS 2024: Move alone or with other members of your household,Move alone or with other members of your household
pooled:AHS_pooled_person.dta,2024,s3q10,ahs_difficulty_remembering,AHS 2024: Difficulty in remembering or concentrating,Difficulty in remembering or concentrating
pooled:AHS_pooled_person.dta,2024,s3q11,ahs_difficulty_communicating,AHS 2024: Difficulty communicating,Difficulty communicating
pooled:AHS_pooled_person.dta,2024,s3q12,ahs_difficulty_self_care_washing,AHS 2024: Difficulty in self-care (such as: washing all over or dressing),Difficulty in self-care (such as: washing all over or dressing)
pooled:AHS_pooled_person.dta,2024,s3q2,ahs_covered_health_insurance,AHS 2024: In the last 12 Months was covered by any health insurance?,In the last 12 Months was covered by any health insurance?
pooled:AHS_pooled_person.dta,2024,s3q3,ahs_main_health_insurance_carry,AHS 2024: Main health insurance carry,Main health insurance carry
pooled:AHS_pooled_person.dta,2024,s3q4,ahs_suffer_illness_injury,AHS 2024: Suffer from an illness or injury over the last 4weeks,Suffer from an illness or injury over the last 4weeks
pooled:AHS_pooled_person.dta,2024,s3q5,ahs_medical_consultation,AHS 2024: Medical consultation in the over last 4 weeks,Medical consultation in the over last 4 weeks
pooled:AHS_pooled_person.dta,2024,s3q5a,ahs_why_not_consult_medical,AHS 2024: Why not consult any Medical profession,why not consult any Medical profession
pooled:AHS_pooled_person.dta,2024,s3q6,ahs_reason_medical_consultation,AHS 2024: Main reason for medical consultation,Main reason for medical consultation
pooled:AHS_pooled_person.dta,2024,s3q7,ahs_difficulty_seeing,AHS 2024: Difficulty in seeing,Difficulty in seeing
pooled:AHS_pooled_person.dta,2024,s3q8,ahs_difficulty_hearing,AHS 2024: Difficulty hearing,Difficulty hearing
pooled:AHS_pooled_person.dta,2024,s3q9,ahs_difficulty_moving,AHS 2024: Difficulty in moving,Difficulty in moving
pooled:AHS_pooled_person.dta,2024,s4aq1,ahs_school_organized_learning,AHS 2024: Ever been to school or organized learning,Ever been to school or organized learning
pooled:AHS_pooled_person.dta,2024,s4aq10,ahs_reason_delaying_start_school,AHS 2024: Reason for delaying start the school?,Reason for delaying start the school?
pooled:AHS_pooled_person.dta,2024,s4aq11,ahs_type_school,AHS 2024: Type of school,Type of school
pooled:AHS_pooled_person.dta,2024,s4aq14a,ahs_registration_school_fees,AHS 2024: Registration and school fees,Registration and school fees
pooled:AHS_pooled_person.dta,2024,s4aq14b,ahs_parent_contributions,AHS 2024: Parent contributions,Parent contributions
pooled:AHS_pooled_person.dta,2024,s4aq14c,ahs_school_uniforms,AHS 2024: School uniforms,School uniforms
pooled:AHS_pooled_person.dta,2024,s4aq14d,ahs_books_school_supplies,AHS 2024: Books and school supplies,Books and school supplies
pooled:AHS_pooled_person.dta,2024,s4aq14e,ahs_transport_school,AHS 2024: Transport to and from school,Transport to and from school
pooled:AHS_pooled_person.dta,2024,s4aq14f,ahs_room_board_board,AHS 2024: Room and board (or board only),Room and board (or board only)
pooled:AHS_pooled_person.dta,2024,s4aq14g,ahs_other_schooling_expenditures,AHS 2024: Other schooling expenditures,Other schooling expenditures
pooled:AHS_pooled_person.dta,2024,s4aq14h,ahs_educ_expenses_non,AHS 2024: Total education expenses (non-distributed option),Total education expenses (non-distributed option)
pooled:AHS_pooled_person.dta,2024,s4aq1a,ahs_reason_never_attended_school,AHS 2024: Main reason of never attended school,Main reason of never attended school
pooled:AHS_pooled_person.dta,2024,s4aq2,ahs_highest_class_succesfully,AHS 2024: Highest class succesfully attended in school,Highest class succesfully attended in school
pooled:AHS_pooled_person.dta,2024,s4aq20,ahs_reason_leaving_school,AHS 2024: Reason for leaving school,Reason for leaving school
pooled:AHS_pooled_person.dta,2024,s4aq2a,ahs_years_school_complete,AHS 2024: Years of school complete successfully at that level?,years of school  complete successfully at that level?
pooled:AHS_pooled_person.dta,2024,s4aq3,ahs_highest_diploma_certificate,AHS 2024: Highest diploma/certificate/ degree you have ever obtained,Highest diploma/certificate/ degree you have ever obtained
pooled:AHS_pooled_person.dta,2024,s4aq6a,ahs_class_attended_2024,AHS 2024: Class attended in 2022/2023,Class attended in 2022/2023
pooled:AHS_pooled_person.dta,2024,s4aq6b,ahs_class_attended_2024_s4aq6b,AHS 2024: Class attended in 2023/2024,Class attended in 2023/2024
pooled:AHS_pooled_person.dta,2024,s4aq6c,ahs_class_attended_2024_s4aq6c,AHS 2024: Class attended in 2024/2025,Class attended in 2024/2025
pooled:AHS_pooled_person.dta,2024,s4aq6d,ahs_cause_repeat_class,AHS 2024: Cause of repeat the 2023 class in 2024,Cause of repeat the 2023 class in 2024
pooled:AHS_pooled_person.dta,2024,s4aq7,ahs_attended_school,AHS 2024: Attended school in the last 12 months,Attended school in the last 12 months
pooled:AHS_pooled_person.dta,2024,s4aq8,ahs_highest_education_attended,AHS 2024: Highest level of education attended in last 12 months,Highest level of education attended in last 12 months
pooled:AHS_pooled_person.dta,2024,s4aq8a,ahs_highest_class_attended,AHS 2024: Highest class attended in last 12 months,Highest class attended in last 12 months
pooled:AHS_pooled_person.dta,2024,s4aq8b,ahs_boarding_school,AHS 2024: Boarding School,Boarding School
pooled:AHS_pooled_person.dta,2024,s4aq9,ahs_age_studying_reported_class,AHS 2024: Age when studying in the Reported class,Age when studying in the Reported class
pooled:AHS_pooled_person.dta,2024,s4bq1,ahs_attended_vocational_training,AHS 2024: Attended any vocational training,attended any vocational training
pooled:AHS_pooled_person.dta,2024,s4bq10,ahs_type_phone_own,AHS 2024: Type of phone do you own?,type of phone do you own?
pooled:AHS_pooled_person.dta,2024,s4bq11,ahs_reasons_not_having,AHS 2024: Reasons for not having a smartphone,reasons for not having a smartphone
pooled:AHS_pooled_person.dta,2024,s4bq12,ahs_why_not_mobile_telephone,AHS 2024: Why does not have a mobile telephone,Why does not have a mobile telephone
pooled:AHS_pooled_person.dta,2024,s4bq13a,ahs_own_computer,AHS 2024: Own a computer,Own a computer
pooled:AHS_pooled_person.dta,2024,s4bq13b,ahs_computer_literacy,AHS 2024: Computer literacy,Computer literacy
pooled:AHS_pooled_person.dta,2024,s4bq13c,ahs_often_use_computer,AHS 2024: How often did use a computer in the last three months?,How often did use a computer in the last three months?
pooled:AHS_pooled_person.dta,2024,s4bq14a,ahs_copying_moving_file_folder,AHS 2024: Copying or moving a file or a folder,Copying or moving a file or a folder
pooled:AHS_pooled_person.dta,2024,s4bq14b,ahs_using_copy_paste_tools,AHS 2024: Using copy and paste tools to duplicate or move information,Using copy and paste tools to duplicate or move information
pooled:AHS_pooled_person.dta,2024,s4bq14c,ahs_sending_mails_attached_files,AHS 2024: Sending e-mails with attached files,Sending e-mails with attached files
pooled:AHS_pooled_person.dta,2024,s4bq14d,ahs_using_basic_arithmetic,AHS 2024: Using basic arithmetic formula in a spreadsheet,Using basic arithmetic formula in a spreadsheet
pooled:AHS_pooled_person.dta,2024,s4bq14e,ahs_connecting_installing_new,AHS 2024: Connecting and installing new devices,Connecting and installing new devices
pooled:AHS_pooled_person.dta,2024,s4bq14f,ahs_finding_downloading,"AHS 2024: Finding, downloading, installing and configuring software","Finding, downloading, installing and configuring software"
pooled:AHS_pooled_person.dta,2024,s4bq14g,ahs_creating_electronic,AHS 2024: Creating electronic presentations with presentation software,Creating electronic presentations with presentation software
pooled:AHS_pooled_person.dta,2024,s4bq14h,ahs_transferring_files_computer,AHS 2024: Transferring files between a computer and other devices,Transferring files between a computer and other devices
pooled:AHS_pooled_person.dta,2024,s4bq14i,ahs_writing_computer_program,AHS 2024: Writing a computer program using a specialized programming language,Writing a computer program using a specialized programming language
pooled:AHS_pooled_person.dta,2024,s4bq15,ahs_used_internet,AHS 2024: Used of internet in the last 3 months,Used of internet in the last 3 months
pooled:AHS_pooled_person.dta,2024,s4bq16,ahs_reason_not_using_internet,AHS 2024: Reason for not using internet in the last three months?,Reason for not using internet in the last three months?
pooled:AHS_pooled_person.dta,2024,s4bq17,ahs_often_use_internet,AHS 2024: How often did use the internet in the last three months?,How often did use the internet in the last three months?
pooled:AHS_pooled_person.dta,2024,s4bq18,ahs_use_internet_finding_info,AHS 2024: Use of the internet for finding information about goods,Use of the internet in the last three months for finding information about goods
pooled:AHS_pooled_person.dta,2024,s4bq19,ahs_use_internet_reading,AHS 2024: Use of internet for reading or downloading online news,Use of internet in the last three months for reading or downloading online news/
pooled:AHS_pooled_person.dta,2024,s4bq2,ahs_expense_training_including,"AHS 2024: Expense of this training including fees, expenses and accommodation","Expense of this training including fees, expenses and accommodation"
pooled:AHS_pooled_person.dta,2024,s4bq20,ahs_use_internet_obtaining_info,AHS 2024: Use of the internet for obtaining information from webs,Use of the internet in the last three months for obtaining information from webs
pooled:AHS_pooled_person.dta,2024,s4bq21,ahs_use_internet_seeking_health,"AHS 2024: Use of the internet for seeking health information, last three months",Use of the internet in the last three months for seeking health information
pooled:AHS_pooled_person.dta,2024,s4bq22,ahs_use_internet_social_media,AHS 2024: Use of internet on social media in the last 3 months,Use of internet on social media in the last 3 months
pooled:AHS_pooled_person.dta,2024,s4bq23,ahs_able_apply_digital_skills,AHS 2024: Able to apply any of the following digital skills,able to apply any of the following digital skills
pooled:AHS_pooled_person.dta,2024,s4bq23a,ahs_use_ussd_access_svc_info,AHS 2024: Use only USSD code to access E-services or information,Use only USSD code  to access E-services or information
pooled:AHS_pooled_person.dta,2024,s4bq23b,ahs_use_application_based_system,AHS 2024: Use application based system to access E-services or information,Use application based system  to access E-services or information
pooled:AHS_pooled_person.dta,2024,s4bq23c,ahs_use_mobile_financial_svc,AHS 2024: Use mobile financial services(MOMO/AIRTEL MONEY/MOCASH/PUSH AND PULL),Use mobile financial services(MOMO/AIRTEL MONEY/MOCASH/PUSH AND PULL)
pooled:AHS_pooled_person.dta,2024,s4bq23d,ahs_use_social_media_whatsapp,AHS 2024: Use any social media (whatsapp or facebook,"Use any social media (whatsapp or facebook, or instagram or youtube or twitter"
pooled:AHS_pooled_person.dta,2024,s4bq23e,ahs_access_info_through_web,AHS 2024: Access information through web browser,Access information through web browser
pooled:AHS_pooled_person.dta,2024,s4bq23f,ahs_access_irembo_services,AHS 2024: Access IREMBO services,Access IREMBO services
pooled:AHS_pooled_person.dta,2024,s4bq23g,ahs_use_commerce_plaforms,AHS 2024: Use any E-commerce plaforms,Use any E-commerce plaforms
pooled:AHS_pooled_person.dta,2024,s4bq23h,ahs_access_learning_platforms,AHS 2024: Access E-learning platforms,Access E-learning platforms
pooled:AHS_pooled_person.dta,2024,s4bq25,ahs_use_internet,AHS 2024: Use the internet from in the last 3 months,Use the internet from  in the last 3 months
pooled:AHS_pooled_person.dta,2024,s4bq26,ahs_device_used_accessing_social,AHS 2024: Type of device used in accessing social media in the last three months,Type of device used in accessing social media in the last three months
pooled:AHS_pooled_person.dta,2024,s4bq3,ahs_attended_literacy_course,AHS 2024: Have you attended a literacy course?,Have you attended a literacy course?
pooled:AHS_pooled_person.dta,2024,s4bq4,ahs_able_read_simple_note,AHS 2024: Able to read a simple note,Able to read a simple note
pooled:AHS_pooled_person.dta,2024,s4bq5,ahs_read_proposed_sentence,AHS 2024: Can read proposed a sentence,Can read proposed a sentence
pooled:AHS_pooled_person.dta,2024,s4bq6,ahs_able_simple_note,AHS 2024: Able to write a simple note,Able to write a simple note
pooled:AHS_pooled_person.dta,2024,s4bq7,ahs_able_written_calculation,AHS 2024: Able to do a written calculation,Able to do a written calculation
pooled:AHS_pooled_person.dta,2024,s4bq8,ahs_mobile_telephone,AHS 2024: Have a mobile telephone,Have a mobile telephone
pooled:AHS_pooled_person.dta,2024,s4bq9,ahs_phone_functionalities_owned,AHS 2024: Phone functionalities. Owned by,Phone functionalities. Owned by ...
pooled:AHS_pooled_person.dta,2024,s6aq10,ahs_main_reason_not_working,AHS 2024: Main reason not working over the last 7 days,Main reason not working over the last 7 days
pooled:AHS_pooled_person.dta,2024,s6aq11,ahs_receiving_income_economic,AHS 2024: Receiving an income from their economic activity during absence?,Receiving an income from his/her economic activity during absence?
pooled:AHS_pooled_person.dta,2024,s6aq12,ahs_work_period_less_months,AHS 2024: To work for a period less than 3 months?,to work for a period less than 3 months?
pooled:AHS_pooled_person.dta,2024,s6aq2,ahs_worked_own_farm_payment,AHS 2024: Worked on own farm no payment,Worked on own farm no payment
pooled:AHS_pooled_person.dta,2024,s6aq3,ahs_products_obtained_agri_activ,AHS 2024: Products obtained from this agricultural activity for,products obtained from this agricultural  activity for
pooled:AHS_pooled_person.dta,2024,s6aq4,ahs_carry_agricultural_activity,AHS 2024: Carry out any agricultural activity,Carry out any agricultural activity
pooled:AHS_pooled_person.dta,2024,s6aq5,ahs_worked_salary_wages_non_farm,AHS 2024: Worked for salary or wages in non-farm sector,Worked for salary or wages in non-farm sector
pooled:AHS_pooled_person.dta,2024,s6aq6,ahs_run_non_farm_biz_cash_profit,AHS 2024: Run a non-farm business for cash or profit,Run a non-farm business for cash or profit
pooled:AHS_pooled_person.dta,2024,s6aq7,ahs_worked_non_fam_business,AHS 2024: Worked in a non-fam business,Worked in a non-fam business
pooled:AHS_pooled_person.dta,2024,s6aq8,ahs_work_unpaid_trainee_wkr,AHS 2024: Work as an unpaid trainee worker or as a volunteer worker in any,work as an unpaid trainee worker or as a volunteer worker in any economic activi
pooled:AHS_pooled_person.dta,2024,s6aq9,ahs_economic_activ_job_biz_agri,AHS 2024: Any economic activity from which the person was tempo,"any economic activity (job, business or agriculture) from which he/she was tempo"
pooled:AHS_pooled_person.dta,2024,s6bq1,ahs_hours_work_week,AHS 2024: Hours usually work in the all economic activities over a week,Hours usually work in the all economic activities over a week
pooled:AHS_pooled_person.dta,2024,s6bq2,ahs_hours_work_economic_2024,AHS 2024: Hours actually work in all economic activities last 7 days,Hours  actually work in all economic activities last 7 days
pooled:AHS_pooled_person.dta,2024,s6bq3a,ahs_isco_description_table,AHS 2024: ISCO code description from table,ISCO code description from table
pooled:AHS_pooled_person.dta,2024,s6bq5,ahs_institutional_sector,AHS 2024: 's institutional sector of the main economic activity,What is [NAME]?s institutional sector of the main economic activity?
pooled:AHS_pooled_person.dta,2024,s6bq6,ahs_perform_economic_activ,AHS 2024: Perform this main economic activity overnight from 6pm to 6 am?,perform this main economic activity overnight from 6pm to 6 am?
pooled:AHS_pooled_person.dta,2024,s6bq7,ahs_status_economic_activity,AHS 2024: What is the person's status in economic activity,What is [NAME]?s status in economic activity
pooled:AHS_pooled_person.dta,2024,s6bq8,ahs_nature_economic_activ,AHS 2024: Nature of ??'s? economic activity contract?,nature of ???s? economic activity contract?
pooled:AHS_pooled_person.dta,2024,s6bq9a,ahs_earn_main_job_amount,AHS 2024: Usually earn in this main job (Amount),usually earn in this main job (Amount)
pooled:AHS_pooled_person.dta,2024,s6bq9b,ahs_earn_main_job_unit,AHS 2024: Usually earn in this main job (Unit),usually earn in this main job (Unit)
pooled:AHS_pooled_person.dta,2024,s6cq10,ahs_hours_cooking,AHS 2024: How many hours did spend cooking over the last 7 days?,How many hours did spend cooking over the last 7 days?
pooled:AHS_pooled_person.dta,2024,s6cq11,ahs_time_household_chores_laund,AHS 2024: Did spend any time on other household chores such as laund,"Over the last 7 days, did spend any time on other household chores such as laund"
pooled:AHS_pooled_person.dta,2024,s6cq12,ahs_hours_other_household_chores,"AHS 2024: How many hours did spend on other household chores, last 7 days",How many hours did spend on other household chores over the last 7 days?
pooled:AHS_pooled_person.dta,2024,s6cq2,ahs_number_hours_fetching_water,AHS 2024: Number of hours spend fetching water over the last 7 days,Number of hours spend fetching water over the last 7 days
pooled:AHS_pooled_person.dta,2024,s6cq3,ahs_forage_firewood_household,"AHS 2024: Over the last 7 days, forage for firewood for the household","Over the last 7 days,   forage for firewood for the household"
pooled:AHS_pooled_person.dta,2024,s6cq4,ahs_hours_foraging_wood,AHS 2024: How many hours spend foraging for wood over the last 7 days,How many hours    spend foraging for wood over the last 7 days
pooled:AHS_pooled_person.dta,2024,s6cq5,ahs_searching_fodder_grazing_hh,"AHS 2024: Searching for fodder or grazing for the household's anima, last 7 days","Over the last 7 days, searching for  fodder or grazing for the household?s anima"
pooled:AHS_pooled_person.dta,2024,s6cq6,ahs_hours_caring_searching,"AHS 2024: How many hours spend caring for or searching for fodder, last 7 days",How many hours spend  caring for or searching for fodder over the last 7 days?
pooled:AHS_pooled_person.dta,2024,s6cq7,ahs_go_market_household_shopping,"AHS 2024: Did go to the market for the household for shopping, last 7 days","Over the last 7 days, did go to the market for the household for shopping?"
pooled:AHS_pooled_person.dta,2024,s6cq8,ahs_hours_going_market_shopping,"AHS 2024: Hours did spend going to market for shopping (to and fr, last 7 days",How many hours did spend going to market for shopping the last 7 days (to and fr
pooled:AHS_pooled_person.dta,2024,s6cq9,ahs_cook_household,"AHS 2024: Over the last 7 days, did cook for the household?","Over the last 7 days, did cook for the household?"
pooled:AHS_pooled_person.dta,"2017,2020,2024",sample,ahs_sample,AHS: Sample: sampled household or LSF large-scale-farmer supplement,"CS = sampled agricultural household; LSF = large-scale-farmer supplement record (2020: 2,345 list-frame farms with weight 1; 2024: 1,939 such records) -- not part of the household sample"
pooled:AHS_pooled_person.dta,"2017,2020,2024",sex,ahs_sex,"AHS: Sex: 1 male, 2 female","Sex (1 male, 2 female)"
pooled:AHS_pooled_person.dta,"2017,2020,2024",survey,ahs_survey,AHS: Source survey,Source survey
pooled:AHS_pooled_person.dta,"2017,2020,2024",wave,ahs_wave,AHS: Wave identifier,Wave (survey year)
pooled:AHS_pooled_person.dta,"2017,2020,2024",wt,ahs_weight,AHS: Sampling weight,"Household weight carried by every row (sums to persons in the person file, to households in the household file; repeated per record in module files)"
pooled:AHS_pooled_person.dta,"2017,2020,2024",wt_hh,ahs_household_weight,AHS: Household weight,Household weight repeated on every row of this file -- sums to the number of households ONLY in the household file (one row per household)
pooled:AHS_pooled_person.dta,"2017,2020,2024",year,ahs_year,AHS: Survey year,Survey year
pooled:AHS_pooled_household.dta,2020,agricactivities_n,ahs_agri_activities_n,AHS 2020: Number of agricultural activities of the household,Agricultural activities (in numbers) of the Household
pooled:AHS_pooled_household.dta,"2017,2024",cluster,ahs_cluster,AHS 2017-2024: Sampling cluster or village identifier,Sampling segment / cluster (as shipped)
pooled:AHS_pooled_household.dta,2017,cropping,ahs_household_cropping,AHS 2017: Household engaged in cropping,households who engaged in cropping in one of seasons
pooled:AHS_pooled_household.dta,2020,crops_grown,ahs_crops_grown_n,AHS 2020: Number of crops grown by the household,Crops (in numbers) grown by the household
pooled:AHS_pooled_household.dta,2020,crops_improved,ahs_crops_improved_seeds_n,AHS 2020: Number of crops grown with improved seeds,Crops (in numbers) on which improved seeds have been used
pooled:AHS_pooled_household.dta,2020,crops_stored,ahs_crops_stored_n,AHS 2020: Number of crops stored by the household,Crops (in numbers) stored by the household
pooled:AHS_pooled_household.dta,"2017,2020,2024",dist,ahs_district,"AHS: District, NISR code 11-57","District (11-57, NISR current codes)"
pooled:AHS_pooled_household.dta,2017,dummy_cropping_b,ahs_cropping_season_b,AHS 2017: Household engaged in cropping in season B,household       engaged in      cropping        in      season  B
pooled:AHS_pooled_household.dta,"2017,2020,2024",head_age,ahs_head_age,AHS: Age of the household head,Age of household head (s1q2 == 1)
pooled:AHS_pooled_household.dta,"2017,2020,2024",head_sex,ahs_head_sex,AHS: Sex of the household head,Sex of household head (s1q2 == 1)
pooled:AHS_pooled_household.dta,2020,hh_members,ahs_members_improved_seeds,AHS 2020: Household members who used improved seeds,HH members (in numbers) who used improved seeds
pooled:AHS_pooled_household.dta,2020,hh_members2,ahs_members_inorganic_fert,AHS 2020: Household members who used inorganic fertilisers,HH members (in numbers) who used inorganic fertilizers
pooled:AHS_pooled_household.dta,"2017,2020,2024",hhid,ahs_household_id,AHS: Household identifier,Household id (unique within wave)
pooled:AHS_pooled_household.dta,"2017,2020,2024",hhsize,ahs_household_size,AHS: Household size (persons in the roster),Household size (persons in the roster)
pooled:AHS_pooled_household.dta,2020,honey_produce,ahs_honey_produced,"AHS 2020: Honey produced, no label shipped",
pooled:AHS_pooled_household.dta,2020,measures_n,ahs_soil_measures_n,AHS 2020: Number of soil protection measures used,Soil protection measures (in numbers) your household used
pooled:AHS_pooled_household.dta,2020,nmber_vegs,ahs_vegetables_grown_n,AHS 2020: Number of vegetables grown by the household,Vegetables (in numbers) grown by the household
pooled:AHS_pooled_household.dta,"2017,2020,2024",prov,ahs_province,"AHS: Province, NISR code 1-5","Province (1-5, NISR codes)"
pooled:AHS_pooled_household.dta,2017,s0q0,ahs_household_segment,AHS 2017: Household segment identifier,0.0 Is there any household in the segment?
pooled:AHS_pooled_household.dta,2020,s0q10,ahs_ubudehe_category_hh_2020,AHS 2020: Which Ubudehe category does the household belong in,0.10 Which Ubudehe category does the household belong in
pooled:AHS_pooled_household.dta,2017,s0q10_v2,ahs_names_resp_not_hh_head_2017,AHS 2017: Names of the respondent if not the Household head,0.10 Names of the respondent if not the Household head
pooled:AHS_pooled_household.dta,2020,s0q11,ahs_contact_household_head_2020,AHS 2020: Contact of Household Head,0.11 Contact of Household Head
pooled:AHS_pooled_household.dta,2017,s0q11_v2,ahs_contact_resp_not_hh_2017,AHS 2017: Contact of the respondent if not the Household head,0.11 Contact of the respondent if not the Household head
pooled:AHS_pooled_household.dta,2020,s0q12,ahs_resp_household_head_2020,AHS 2020: Is the respondent the Household head,0.12 Is the respondent the Household head
pooled:AHS_pooled_household.dta,2017,s0q12_v2,ahs_relation_household_head_2017,AHS 2017: Relationship to the Household head,0.12 Relationship to the Household head
pooled:AHS_pooled_household.dta,2024,s0q13,ahs_relation_resp_hh_head_2024,AHS 2024: 13 Relationship of respondent to the Household head,0. 13 Relationship of respondent to the Household head
pooled:AHS_pooled_household.dta,2017,s0q13_v2,ahs_agri_activity_household_2017,AHS 2017: What is the agricultural activity of the Household?,0.13 What is the agricultural activity of the Household?
pooled:AHS_pooled_household.dta,2024,s0q14,ahs_livelihood_activity_hh_2024,AHS 2024: The main livelihood activity of your household,0.14 The main livelihood activity of your household
pooled:AHS_pooled_household.dta,2017,s0q14_v2,ahs_hh_belonging_agri_coop_2017,AHS 2017: Is any member of the Household belonging to any agricultural,0.14 Is any member of the Household belonging to any agricultural cooperative?
pooled:AHS_pooled_household.dta,2024,s0q15,ahs_agri_activity_household_2024,AHS 2024: What is the agricultural activity of the Household?,0.15 What is the agricultural activity of the Household?
pooled:AHS_pooled_household.dta,2020,s0q15_v2,ahs_relation_resp_hh_head_2020,AHS 2020: Relationship of respondent to the Household head,0.15 Relationship of respondent to the Household head
pooled:AHS_pooled_household.dta,2017,s0q15_v3,ahs_agri_coop_association_2017,AHS 2017: Which type of Agriculture cooperative or association?,0.15 Which type of Agriculture cooperative or association?
pooled:AHS_pooled_household.dta,2020,s0q15_section_2_2,ahs_relation_resp_section_2_2,AHS 2020: Relationship of respondent to the Household head,0.15 Relationship of respondent to the Household head
pooled:AHS_pooled_household.dta,2020,s0q15_section_3_2,ahs_relation_resp_section_3_2,AHS 2020: Relationship of respondent to the Household head,0.15 Relationship of respondent to the Household head
pooled:AHS_pooled_household.dta,2020,s0q15_section_4,ahs_relation_resp_section_4,AHS 2020: Relationship of respondent to the Household head,0.15 Relationship of respondent to the Household head
pooled:AHS_pooled_household.dta,2020,s0q15_section_7_3,ahs_relation_resp_section_7_3,AHS 2020: Relationship of respondent to the Household head,0.15 Relationship of respondent to the Household head
pooled:AHS_pooled_household.dta,2024,s0q16,ahs_agricultural_activities_2024,AHS 2024: No agricultural activities,0.16 No agricultural activities
pooled:AHS_pooled_household.dta,2017,s0q16_v2,ahs_total_number_household_2017,AHS 2017: Total Number of Household members,0.16 Total Number of Household members
pooled:AHS_pooled_household.dta,2020,s0q16_1,ahs_agri_activity_hh_activity1,AHS 2020: What is the agricultural activity of the Household?(activity1),What is the agricultural activity of the Household?(activity1)
pooled:AHS_pooled_household.dta,2020,s0q16_2,ahs_agri_activity_household_2,AHS 2020: Agricultural activity of the Household,0.16.2 Agricultural activity of the Household
pooled:AHS_pooled_household.dta,2020,s0q16_2_section_2_2,ahs_agri_activity_section_2_2,AHS 2020: Agricultural activity of the Household,0.16.2 Agricultural activity of the Household
pooled:AHS_pooled_household.dta,2020,s0q16_2_section_3_2,ahs_agri_activity_section_3_2,AHS 2020: What is the agricultural activity of the Household?(activity2),What is the agricultural activity of the Household?(activity2)
pooled:AHS_pooled_household.dta,2020,s0q16_2_section_4,ahs_agri_activity_hh_section_4,AHS 2020: What is the agricultural activity of the Household?(activity2),What is the agricultural activity of the Household?(activity2)
pooled:AHS_pooled_household.dta,2020,s0q16_2_section_7_3,ahs_agri_activity_section_7_3,AHS 2020: What is the agricultural activity of the Household?(activity2),What is the agricultural activity of the Household?(activity2)
pooled:AHS_pooled_household.dta,2020,s0q16_3,ahs_agri_activity_household_3,AHS 2020: Agricultural activity of the Household,0.16.3 Agricultural activity of the Household
pooled:AHS_pooled_household.dta,2020,s0q16_3_section_2_2,ahs_agri_activity_s0q163sect,AHS 2020: Agricultural activity of the Household,0.16.3 Agricultural activity of the Household
pooled:AHS_pooled_household.dta,2020,s0q16_3_section_3_2,ahs_agri_activity_s0q163sect_2,AHS 2020: What is the agricultural activity of the Household?(activity3),What is the agricultural activity of the Household?(activity3)
pooled:AHS_pooled_household.dta,2020,s0q16_3_section_4,ahs_agri_activity_hh_s0q163sect,AHS 2020: What is the agricultural activity of the Household?(activity3),What is the agricultural activity of the Household?(activity3)
pooled:AHS_pooled_household.dta,2020,s0q16_3_section_7_3,ahs_agri_activity_s0q163sect_3,AHS 2020: What is the agricultural activity of the Household?(activity3),What is the agricultural activity of the Household?(activity3)
pooled:AHS_pooled_household.dta,2020,s0q16_4,ahs_agri_activity_household_4,AHS 2020: Agricultural activity of the Household,0.16.4 Agricultural activity of the Household
pooled:AHS_pooled_household.dta,2020,s0q16_4_section_2_2,ahs_agri_activity_s0q164sect,AHS 2020: Agricultural activity of the Household,0.16.4 Agricultural activity of the Household
pooled:AHS_pooled_household.dta,2020,s0q16_4_section_3_2,ahs_agri_activity_s0q164sect_2,AHS 2020: What is the agricultural activity of the Household?(activity4),What is the agricultural activity of the Household?(activity4)
pooled:AHS_pooled_household.dta,2020,s0q16_4_section_4,ahs_agri_activity_hh_s0q164sect,AHS 2020: What is the agricultural activity of the Household?(activity4),What is the agricultural activity of the Household?(activity4)
pooled:AHS_pooled_household.dta,2020,s0q16_4_section_7_3,ahs_agri_activity_s0q164sect_3,AHS 2020: What is the agricultural activity of the Household?(activity4),What is the agricultural activity of the Household?(activity4)
pooled:AHS_pooled_household.dta,2020,s0q17,ahs_agri_livelihood_activ_2020,AHS 2020: Is agriculture the main livelihood activity of your household,0.17 Is agriculture the main livelihood activity of your household
pooled:AHS_pooled_household.dta,2017,s0q17_v2,ahs_date_interview_2017,AHS 2017: Date of interview,0.17 Date of interview
pooled:AHS_pooled_household.dta,2020,s0q17_section_2_2,ahs_agri_livelihood_section_2_2,AHS 2020: Is agriculture the main livelihood activity of your household,0.17 Is agriculture the main livelihood activity of your household
pooled:AHS_pooled_household.dta,2020,s0q17_section_3_2,ahs_agri_livelihood_section_3_2,AHS 2020: Is agriculture the main livelihood activity of your household,0.17 Is agriculture the main livelihood activity of your household
pooled:AHS_pooled_household.dta,2020,s0q17_section_4,ahs_agri_livelihood_section_4,AHS 2020: Is agriculture the main livelihood activity of your household,0.17 Is agriculture the main livelihood activity of your household
pooled:AHS_pooled_household.dta,2020,s0q17_section_7_3,ahs_agri_livelihood_section_7_3,AHS 2020: Is agriculture the main livelihood activity of your household,0.17 Is agriculture the main livelihood activity of your household
pooled:AHS_pooled_household.dta,2020,s0q18,ahs_non_agri_activ_support_2020,AHS 2020: Other non-agricultural activity which support your household,0.18 What is the other non-agricultural activity which  support your household
pooled:AHS_pooled_household.dta,2017,s0q18_v2,ahs_enumerator_2017,AHS 2017: Enumerator code,0.18 Enumerator code
pooled:AHS_pooled_household.dta,2017,s0q19,ahs_team_leader,AHS 2017: Team Leader code,0.19 Team Leader code
pooled:AHS_pooled_household.dta,2017,s0q20,ahs_regional_supervisor,AHS 2017: Regional supervisor name,0.20 Regional supervisor name
pooled:AHS_pooled_household.dta,2017,s0q21,ahs_control_results,AHS 2017: Control results,0.21 Control results
pooled:AHS_pooled_household.dta,2017,s0q3,ahs_stratum,AHS 2017: Sampling stratum,0.3 Stratum
pooled:AHS_pooled_household.dta,2017,s0q4,ahs_segment,AHS 2017: Segment,0.4 Segment
pooled:AHS_pooled_household.dta,2017,s0q5,ahs_house_number,AHS 2017: House number,0.5 House number
pooled:AHS_pooled_household.dta,2017,s0q6,ahs_household_number,AHS 2017: Household Number,0.6 Household Number
pooled:AHS_pooled_household.dta,2020,s0q7,ahs_household_number_2020,AHS 2020: Household number,0.7 Household number
pooled:AHS_pooled_household.dta,2017,s0q7_v2,ahs_names_household_head_2017,AHS 2017: Names of Household head,0.7 Names of Household head
pooled:AHS_pooled_household.dta,2017,s0q8,ahs_contact_household_head,AHS 2017: Contact of Household head,0.8 Contact of Household head
pooled:AHS_pooled_household.dta,2020,s0q9,ahs_marital_household_head_2020,AHS 2020: Marital status of Household Head,0.9 Marital status of Household Head
pooled:AHS_pooled_household.dta,2017,s0q9_v2,ahs_resp_household_head_2017,AHS 2017: Is the respondent the Household head?,0.9 Is the respondent the Household head?
pooled:AHS_pooled_household.dta,2020,s1q1,ahs_total_number_household,AHS 2020: Total number of household members,1.1 Total number of household members
pooled:AHS_pooled_household.dta,2020,s1q10,ahs_engaged_agri_activities,AHS 2020: Has member name been engaged in agricultural activities during last,Has  [member name] been engaged in agricultural activities during last 2019/2020
pooled:AHS_pooled_household.dta,2020,s1q4,ahs_hh_relation_hh_head,AHS 2020: What is the household member's relationship with the household Head?,1.4 What is the household member?s relationship with the household Head?
pooled:AHS_pooled_household.dta,2020,s1q5,ahs_sex_household,AHS 2020: What is the sex of household member?,1.5 What is the sex of household member?
pooled:AHS_pooled_household.dta,2020,s1q6,ahs_age_household,AHS 2020: What is the age of household member?,1.6 What is the age of household member?
pooled:AHS_pooled_household.dta,2020,s1q7,ahs_highest_educ_attained_hh,AHS 2020: Highest level of education attained by the household member,1.7 What is the highest level of education attained by the household member?
pooled:AHS_pooled_household.dta,2020,s1q8,ahs_economic_activity_household,AHS 2020: What is the main economic activity of household member,1.8 What is the main economic activity of hh member
pooled:AHS_pooled_household.dta,2020,s1q9,ahs_engaged_agri_activ_agric,AHS 2020: Been engaged in agricultural activities during last 2019/2020 agric,1.9 Have you been engaged in agricultural activities during last 2019/2020 agric
pooled:AHS_pooled_household.dta,2017,s2q1,ahs_hh_land_used_dwelling_2017,AHS 2017: Did any member of your household own land used for dwelling during,2.1 Did any member of your household own land used for dwelling during Season A
pooled:AHS_pooled_household.dta,2017,s2q10,ahs_household_own_b_s2q10,AHS 2017: Did any member of your household own land used for cropping during,2.10 Did any member of your household own land used for cropping during Season B
pooled:AHS_pooled_household.dta,2017,s2q11,ahs_household_own_b_s2q11,AHS 2017: Did any member of your household own land used for grazing during,2.11 Did any member of your household own land used for grazing during Season B
pooled:AHS_pooled_household.dta,2017,s2q12,ahs_household_rented_fixed_am,AHS 2017: Did any member of your household rented land used for cropping for,2.12 Did any member of your household rented land used for cropping for fixed am
pooled:AHS_pooled_household.dta,2017,s2q13,ahs_household_rented_paid_ren,AHS 2017: Did any member of your household rented land used for cropping and,2.13 Did any member of your household rented land used for cropping and paid ren
pooled:AHS_pooled_household.dta,2020,s2q14,ahs_hh_grow_crops_agri_year_2020,AHS 2020: Did any member of your HH grow crops during 2019/2020 agricultural,2.14 Did any member of your HH grow crops during 2019/2020 agricultural year?
pooled:AHS_pooled_household.dta,2017,s2q14_v2,ahs_hh_rented_land_used_2017,AHS 2017: Did any member of your household rented land used for cropping,"2.14 Did any member of your household rented land used for cropping, for free du"
pooled:AHS_pooled_household.dta,2020,s2q15_1,ahs_crops_grown_1_2020,AHS 2020: Which crops that have been grown?,2.15.1 Which crops that have been grown?
pooled:AHS_pooled_household.dta,2017,s2q15_1_v2,ahs_major_crops_hh_grow_v2_2017,AHS 2017: Major 3 crops did your household grow during Season B 2017-Crop,2.15.1 What are major 3 crops did your household grow during Season B 2017-Crop
pooled:AHS_pooled_household.dta,2020,s2q15_10,ahs_crops_grown_10,AHS 2020: Which crops that have been grown?,2.15.10 Which crops that have been grown?
pooled:AHS_pooled_household.dta,2020,s2q15_2,ahs_crops_grown_2_2020,AHS 2020: Which crops that have been grown?,2.15.2 Which crops that have been grown?
pooled:AHS_pooled_household.dta,2017,s2q15_2_v2,ahs_major_crops_hh_s2q152v2,AHS 2017: 2 What are major 3 crops did your household grow during Season B,2.15. 2 What are major 3 crops did your household grow during Season B 2017-Crop
pooled:AHS_pooled_household.dta,2020,s2q15_3,ahs_crops_grown_3_2020,AHS 2020: Which crops that have been grown?,2.15.3 Which crops that have been grown?
pooled:AHS_pooled_household.dta,2017,s2q15_3_v2,ahs_major_crops_hh_s2q153v2,AHS 2017: Major 3 crops did your household grow during Season B 2017-Crop,2.15.3 What are major 3 crops did your household grow during Season B 2017-Crop
pooled:AHS_pooled_household.dta,2020,s2q15_4,ahs_crops_grown_4,AHS 2020: Which crops that have been grown?,2.15.4 Which crops that have been grown?
pooled:AHS_pooled_household.dta,2020,s2q15_5,ahs_crops_grown_5,AHS 2020: Which crops that have been grown?,2.15.5 Which crops that have been grown?
pooled:AHS_pooled_household.dta,2020,s2q15_6,ahs_crops_grown_6,AHS 2020: Which crops that have been grown?,2.15.6 Which crops that have been grown?
pooled:AHS_pooled_household.dta,2020,s2q15_7,ahs_crops_grown_7,AHS 2020: Which crops that have been grown?,2.15.7 Which crops that have been grown?
pooled:AHS_pooled_household.dta,2020,s2q15_8,ahs_crops_grown_8,AHS 2020: Which crops that have been grown?,2.15.8 Which crops that have been grown?
pooled:AHS_pooled_household.dta,2020,s2q15_9,ahs_crops_grown_9,AHS 2020: Which crops that have been grown?,2.15.9 Which crops that have been grown?
pooled:AHS_pooled_household.dta,2020,s2q15_v_1,ahs_vegetables_grown_v_1,AHS 2020: Which vegetables that have been grown?,2.15.v.1 Which vegetables that have been grown?
pooled:AHS_pooled_household.dta,2020,s2q15_v_10,ahs_vegetables_grown_v_10,AHS 2020: Which vegetables that have been grown?,2.15.v.10 Which vegetables that have been grown?
pooled:AHS_pooled_household.dta,2020,s2q15_v_2,ahs_vegetables_grown_v_2,AHS 2020: Which vegetables that have been grown?,2.15.v.2 Which vegetables that have been grown?
pooled:AHS_pooled_household.dta,2020,s2q15_v_3,ahs_vegetables_grown_v_3,AHS 2020: Which vegetables that have been grown?,2.15.v.3 Which vegetables that have been grown?
pooled:AHS_pooled_household.dta,2020,s2q15_v_4,ahs_vegetables_grown_v_4,AHS 2020: Which vegetables that have been grown?,2.15.v.4 Which vegetables that have been grown?
pooled:AHS_pooled_household.dta,2020,s2q15_v_5,ahs_vegetables_grown_v_5,AHS 2020: Which vegetables that have been grown?,2.15.v.5 Which vegetables that have been grown?
pooled:AHS_pooled_household.dta,2020,s2q15_v_6,ahs_vegetables_grown_v_6,AHS 2020: Which vegetables that have been grown?,2.15.v.6 Which vegetables that have been grown?
pooled:AHS_pooled_household.dta,2020,s2q15_v_7,ahs_vegetables_grown_v_7,AHS 2020: Which vegetables that have been grown?,2.15.v.7 Which vegetables that have been grown?
pooled:AHS_pooled_household.dta,2020,s2q15_v_8,ahs_vegetables_grown_v_8,AHS 2020: Which vegetables that have been grown?,2.15.v.8 Which vegetables that have been grown?
pooled:AHS_pooled_household.dta,2020,s2q15_v_9,ahs_vegetables_grown_v_9,AHS 2020: Which vegetables that have been grown?,2.15.v.9 Which vegetables that have been grown?
pooled:AHS_pooled_household.dta,2020,s2q16,ahs_hh_stored_crops_harvest,AHS 2020: Have your household stored your crops after harvest?,2.16 Have your household stored your crops after harvest?
pooled:AHS_pooled_household.dta,2017,s2q16_1,ahs_major_crops_duri,AHS 2017: 3 major crops would your household have preferred to grow duri,2.16.1 What are 3 major crops  would your household have preferred to grow  duri
pooled:AHS_pooled_household.dta,2017,s2q16_2,ahs_major_crops_duri_s2q162,AHS 2017: 3 major crops would your household have preferred to grow duri,2.16.2 What are 3 major crops  would your household have preferred to grow  duri
pooled:AHS_pooled_household.dta,2017,s2q16_3,ahs_major_crops_duri_s2q163,AHS 2017: 3 major crops would your household have preferred to grow duri,2.16.3 What are 3 major crops  would your household have preferred to grow  duri
pooled:AHS_pooled_household.dta,2020,s2q17_1,ahs_crops_stored_1,AHS 2020: Which crops have you stored?,2.17.1 Which crops have you stored?
pooled:AHS_pooled_household.dta,2020,s2q17_2,ahs_crops_stored_2,AHS 2020: Which crops have you stored?,2.17.2 Which crops have you stored?
pooled:AHS_pooled_household.dta,2020,s2q17_3,ahs_crops_stored_3,AHS 2020: Which crops have you stored?,2.17.3 Which crops have you stored?
pooled:AHS_pooled_household.dta,2020,s2q17_4,ahs_crops_stored_4,AHS 2020: Which crops have you stored?,2.17.4 Which crops have you stored?
pooled:AHS_pooled_household.dta,2020,s2q17_5,ahs_crops_stored_5,AHS 2020: Which crops have you stored?,2.17.5 Which crops have you stored?
pooled:AHS_pooled_household.dta,2020,s2q17_6,ahs_crops_stored_6,AHS 2020: Which crops have you stored?,2.17.6 Which crops have you stored?
pooled:AHS_pooled_household.dta,2020,s2q17_7,ahs_crops_stored_7,AHS 2020: Which crops have you stored?,2.17.7 Which crops have you stored?
pooled:AHS_pooled_household.dta,2020,s2q18,ahs_store_crop_produces,AHS 2020: Where did you store you crop produces?,2.18 Where did you store you crop produces?
pooled:AHS_pooled_household.dta,2020,s2q19,ahs_hh_used_improved_seeds_agric,AHS 2020: Any member of your HH used improved seeds during 2019/2020 agric. year,2.19 Any member of your HH used improved seeds during 2019/2020 agric. year?
pooled:AHS_pooled_household.dta,2017,s2q2,ahs_hh_land_used_cropping_2017,AHS 2017: Did any member of your household own land used for cropping during,2.2 Did any member of your household own land used for cropping during Season A
pooled:AHS_pooled_household.dta,2020,s2q20_1,ahs_crops_improved_seeds_used_1,AHS 2020: On which crops that improved seeds have been used ?,2.20.1 On which crops that improved seeds have been used ?
pooled:AHS_pooled_household.dta,2020,s2q20_2,ahs_crops_improved_seeds_used_2,AHS 2020: On which crops that improved seeds have been used ?,2.20.2 On which crops that improved seeds have been used ?
pooled:AHS_pooled_household.dta,2020,s2q20_3,ahs_crops_improved_seeds_used_3,AHS 2020: On which crops that improved seeds have been used ?,2.20.3 On which crops that improved seeds have been used ?
pooled:AHS_pooled_household.dta,2020,s2q20_4,ahs_crops_improved_seeds_used_4,AHS 2020: On which crops that improved seeds have been used ?,2.20.4 On which crops that improved seeds have been used ?
pooled:AHS_pooled_household.dta,2020,s2q21_1,ahs_household_used_improved_1,AHS 2020: Household member who used improved seed,2.21.1 Household member who used improved seed
pooled:AHS_pooled_household.dta,2020,s2q21_2,ahs_household_used_improved_2,AHS 2020: Household member who used improved seed,2.21.2 Household member who used improved seed
pooled:AHS_pooled_household.dta,2020,s2q21_3,ahs_household_used_improved_3,AHS 2020: Household member who used improved seed,2.21.3 Household member who used improved seed
pooled:AHS_pooled_household.dta,2020,s2q21_4,ahs_household_used_improved_4,AHS 2020: Household member who used improved seed,2.21.4 Household member who used improved seed
pooled:AHS_pooled_household.dta,2020,s2q21_5,ahs_household_used_improved_5,AHS 2020: Household member who used improved seed,2.21.5 Household member who used improved seed
pooled:AHS_pooled_household.dta,2020,s2q21_6,ahs_household_used_improved_6,AHS 2020: Household member who used improved seed,2.21.6 Household member who used improved seed
pooled:AHS_pooled_household.dta,2020,s2q22,ahs_hh_used_organic_fertilizers,AHS 2020: Any member of your HH used organic fertilizers in 2019/2020 agric.,2.22 Any member of your HH used organic fertilizers in 2019/2020 agric. year
pooled:AHS_pooled_household.dta,2020,s2q23,ahs_used_inorganic_hh_agric_year,AHS 2020: Any member of your HH used inorganic fertilizers in 2019/2020 agric.,2.23 Any member of your HH used inorganic fertilizers in 2019/2020 agric. year
pooled:AHS_pooled_household.dta,2020,s2q24_1,ahs_used_inorganic_household,AHS 2020: Household member who used inorganic fertilizers,2.24.1 Household member who used inorganic fertilizers
pooled:AHS_pooled_household.dta,2020,s2q24_2,ahs_used_inorganic_s2q242,AHS 2020: Household member who used inorganic fertilizers,2.24.2 Household member who used inorganic fertilizers
pooled:AHS_pooled_household.dta,2020,s2q24_3,ahs_used_inorganic_s2q243,AHS 2020: Household member who used inorganic fertilizers,2.24.3 Household member who used inorganic fertilizers
pooled:AHS_pooled_household.dta,2020,s2q24_4,ahs_used_inorganic_s2q244,AHS 2020: Household member who used inorganic fertilizers,2.24.4 Household member who used inorganic fertilizers
pooled:AHS_pooled_household.dta,2020,s2q24_5,ahs_used_inorganic_s2q245,AHS 2020: Household member who used inorganic fertilizers,2.24.5 Household member who used inorganic fertilizers
pooled:AHS_pooled_household.dta,2020,s2q24_6,ahs_used_inorganic_s2q246,AHS 2020: Household member who used inorganic fertilizers,2.24.6 Household member who used inorganic fertilizers
pooled:AHS_pooled_household.dta,2020,s2q25,ahs_source_inorganic_fertilizers,AHS 2020: Main Source of inorganic fertilizers,2.25 Main Source of inorganic fertilizers
pooled:AHS_pooled_household.dta,2020,s2q26,ahs_hh_used_pesticides_agri_year,AHS 2020: Any member of your HH used pesticides during 2019/2020 agricultural,2.26 Any member of your HH used pesticides during 2019/2020 agricultural year?
pooled:AHS_pooled_household.dta,2020,s2q27,ahs_hh_land_protected_against,AHS 2020: Does any member of your household has land protected against erosion?,2.27 Does any member of your household has land protected against erosion?
pooled:AHS_pooled_household.dta,2020,s2q28_1,ahs_soil_protection_measures_1,AHS 2020: Which soil protection measures has your household used?,2.28.1 Which soil protection measures has your household used?
pooled:AHS_pooled_household.dta,2020,s2q28_2,ahs_soil_protection_measures_2,AHS 2020: Which soil protection measures has your household used?,2.28.2 Which soil protection measures has your household used?
pooled:AHS_pooled_household.dta,2020,s2q28_3,ahs_soil_protection_measures_3,AHS 2020: Which soil protection measures has your household used?,2.28.3 Which soil protection measures has your household used?
pooled:AHS_pooled_household.dta,2020,s2q29,ahs_agroforestry_trees_hh_plots,AHS 2020: Are there any agroforestry trees in the household plots?,2.29 Are there any agroforestry trees in the household plots?
pooled:AHS_pooled_household.dta,2017,s2q3,ahs_hh_land_used_grazing_2017,AHS 2017: Did any member of your household own land used for grazing during,2.3 Did any member of your household own land used for grazing during Season A 2
pooled:AHS_pooled_household.dta,2020,s2q30,ahs_hh_practice_irrig_least,AHS 2020: Any HH member practice irrigation at least in 1 of the plots in 2017,2.30 Any HH member practice irrigation at least in 1 of the plots in 2017 agric.
pooled:AHS_pooled_household.dta,2020,s2q31,ahs_irrig_technique_used_plot,AHS 2020: What is the main irrigation technique have you used on this plot?,2.31 What is the main irrigation technique have you used on this plot?
pooled:AHS_pooled_household.dta,2020,s2q32,ahs_irrigation_tool_used,AHS 2020: What was the irrigation tool used?,2.32 What was the irrigation tool used?
pooled:AHS_pooled_household.dta,2020,s2q33,ahs_source_water_used_irrigation,AHS 2020: Source of water used for irrigation,2.33 Source of water used for irrigation
pooled:AHS_pooled_household.dta,2017,s2q4,ahs_household_rented_fixed,AHS 2017: Did any member of your household rented land used for cropping for,2.4 Did any     member of your household rented land used for cropping for fixed
pooled:AHS_pooled_household.dta,2017,s2q5,ahs_household_rented_paid_rent,AHS 2017: Did any member of your household rented land used for cropping and,2.5 Did any member of your household rented land used for cropping and paid rent
pooled:AHS_pooled_household.dta,2017,s2q6,ahs_household_rented_free_dur,AHS 2017: Did any member of your household rented land used for cropping,"2.6 Did any member of your household rented land used for cropping, for free dur"
pooled:AHS_pooled_household.dta,2017,s2q7_1,ahs_major_crops_hh_grow_crop1,AHS 2017: Major 3 crops did your household grow during Season A 2017-Crop 1,2.7.1 What are major 3 crops did your household grow during Season A 2017-Crop 1
pooled:AHS_pooled_household.dta,2017,s2q7_2,ahs_major_crops_hh_grow_crop2,AHS 2017: Major 3 crops did your household grow during Season A 2017-Crop 2,2.7.2 What are major 3 crops did your household grow during Season A 2017-Crop 2
pooled:AHS_pooled_household.dta,2017,s2q7_3,ahs_major_crops_hh_grow_crop3,AHS 2017: Major 3 crops did your household grow during Season A 2017-Crop 3,2.7.3 What are major 3 crops did your household grow during Season A 2017-Crop 3
pooled:AHS_pooled_household.dta,2017,s2q8_1,ahs_major_crops_durin,AHS 2017: 3 major crops would your household have preferred to grow durin,2.8.1 What are 3 major crops  would your household have preferred to grow  durin
pooled:AHS_pooled_household.dta,2017,s2q8_2,ahs_major_crops_durin_s2q82,AHS 2017: 3 major crops would your household have preferred to grow durin,2.8.2 What are 3 major crops  would your household have preferred to grow  durin
pooled:AHS_pooled_household.dta,2017,s2q8_3,ahs_major_crops_durin_s2q83,AHS 2017: 3 major crops would your household have preferred to grow durin,2.8.3 What are 3 major crops  would your household have preferred to grow  durin
pooled:AHS_pooled_household.dta,2017,s2q9,ahs_household_own_b,AHS 2017: Did any member of your household own land used for dwelling during,2.9 Did any member of your household own land used for dwelling during Season B
pooled:AHS_pooled_household.dta,2020,s3q10,ahs_cooperative_multiple_2020,AHS 2020: Type of cooperative (Multiple choice),3.10 Type of cooperative (Multiple choice)
pooled:AHS_pooled_household.dta,2020,s3q10_1,ahs_cooperative_multiple_1,AHS 2020: Type of cooperative (Multiple choice)?,3.10 Type of cooperative (Multiple choice)?
pooled:AHS_pooled_household.dta,2020,s3q10_2,ahs_cooperative_multiple_2,AHS 2020: Type of cooperative (Multiple choice)?,3.10 Type of cooperative (Multiple choice)?
pooled:AHS_pooled_household.dta,2020,s3q10_3,ahs_cooperative_multiple_3,AHS 2020: Type of cooperative (Multiple choice)?,3.10 Type of cooperative (Multiple choice)?
pooled:AHS_pooled_household.dta,2020,s3q11_1,ahs_types_svc_coop_1,AHS 2020: Types of services do you get from these cooperative/or associations,3.11 What types of services do you get from these cooperative/or associations?
pooled:AHS_pooled_household.dta,2020,s3q11_2,ahs_types_svc_coop_2,AHS 2020: Types of services do you get from these cooperative/or associations,3.11 What types of services do you get from these cooperative/or associations?
pooled:AHS_pooled_household.dta,2020,s3q11_3,ahs_types_svc_coop_3,AHS 2020: Types of services do you get from these cooperative/or associations,3.11 What types of services do you get from these cooperative/or associations?
pooled:AHS_pooled_household.dta,2020,s3q11_4,ahs_types_svc_coop_4,AHS 2020: Types of services do you get from these cooperative/or associations,3.11 What types of services do you get from these cooperative/or associations?
pooled:AHS_pooled_household.dta,2020,s3q12,ahs_kitchen_garden_home,AHS 2020: Do you have a kitchen garden at your home?,3.12 Do you have a kitchen garden at your home?
pooled:AHS_pooled_household.dta,2020,s3q13,ahs_reared_cow_recvd_girinka,AHS 2020: Was there any reared cow received from GIRINKA program in your,3.13 Was there any reared cow received from GIRINKA program in your household du
pooled:AHS_pooled_household.dta,2020,s3q14,ahs_source_cow_donated_girinka,AHS 2020: Source of cow donated from Girinka program,3.14 Source of cow donated from Girinka program
pooled:AHS_pooled_household.dta,2020,s3q15,ahs_hh_cow_provided_girinka,AHS 2020: Do your household still have cow provided by GIRINKA Program?,3.15 Do your household still have cow provided by GIRINKA Program?
pooled:AHS_pooled_household.dta,2020,s3q16,ahs_reason,AHS 2020: If 'No' what is the reason?,3.16 If 'No' what is the reason?
pooled:AHS_pooled_household.dta,2020,s3q17,ahs_reared_small_lvstk_goat_pig,AHS 2020: Was there any reared small livestock received from ne,"3.17 Was there any reared small livestock (goat, pig, chicken?) received from ne"
pooled:AHS_pooled_household.dta,2020,s3q18,ahs_type_small_livestock,AHS 2020: Type of small livestock,3.18 Type of small livestock
pooled:AHS_pooled_household.dta,2020,s3q19,ahs_source_small_lvstk_donated,AHS 2020: Source of small livestock donated from new Girinka program,3.19 Source of small livestock donated from new Girinka program
pooled:AHS_pooled_household.dta,2020,s3q20,ahs_recvd_support_fund_grant,AHS 2020: Received any support/ fund for grant for agricultural purpose duri,3.20 Have you received any support/ fund for grant for agricultural purpose duri
pooled:AHS_pooled_household.dta,2020,s3q21,ahs_types_support_fund_received,AHS 2020: What types of support/fund received,3.21 What types of support/fund received
pooled:AHS_pooled_household.dta,2020,s3q22,ahs_origin_support,AHS 2020: What is the origin of that support?,3.22 What is the origin of that support?
pooled:AHS_pooled_household.dta,2020,s3q5,ahs_hh_belong_twigire_muhinzi,AHS 2020: Does any household member belong to ? Twigire muhinzi/mworozi? group?,3.5 Does any household member belong to ?Twigire muhinzi/mworozi? group?
pooled:AHS_pooled_household.dta,2020,s3q5_1,ahs_number_males_1,AHS 2020: Number of Males,Number of Males
pooled:AHS_pooled_household.dta,2020,s3q5_2,ahs_number_females_2,AHS 2020: Number of Females,Number of Females
pooled:AHS_pooled_household.dta,2020,s3q6,ahs_hh_belong_farmer_field,AHS 2020: Does any household member belong to ? Farmer field school??,3.6 Does any household member belong to ?Farmer field school??
pooled:AHS_pooled_household.dta,2020,s3q6_1,ahs_number_males_1_s3q61,AHS 2020: Number of Males,Number of Males
pooled:AHS_pooled_household.dta,2020,s3q6_2,ahs_number_females_2_s3q62,AHS 2020: Number of Females,Number of Females
pooled:AHS_pooled_household.dta,2020,s3q7,ahs_hh_benefited_contract,AHS 2020: Is there any household member who benefited from contract farming,3.7 Is there any household member who benefited from contract farming during 201
pooled:AHS_pooled_household.dta,2020,s3q7_1,ahs_number_males_1_s3q71,AHS 2020: Number of Males,Number of Males
pooled:AHS_pooled_household.dta,2020,s3q7_2,ahs_number_females_2_s3q72,AHS 2020: Number of Females,Number of Females
pooled:AHS_pooled_household.dta,2020,s3q8,ahs_household_agri_insurance,AHS 2020: Is there any household member who took agriculture insurance during,3.8 Is there any household member who took agriculture insurance during 2019/202
pooled:AHS_pooled_household.dta,2020,s3q8_1,ahs_number_males_1_s3q81,AHS 2020: Number of Males,Number of Males
pooled:AHS_pooled_household.dta,2020,s3q8_2,ahs_number_females_2_s3q82,AHS 2020: Number of Females,Number of Females
pooled:AHS_pooled_household.dta,2020,s3q9,ahs_hh_belong_agri_cooperatives,AHS 2020: Does any member of this household belong to agricultural,3.9 Does any member of this household belong to agricultural cooperatives/Associ
pooled:AHS_pooled_household.dta,2020,s3q9_1,ahs_number_males_1_s3q91,AHS 2020: Number of Males,Number of Males
pooled:AHS_pooled_household.dta,2020,s3q9_2,ahs_number_females_2_s3q92,AHS 2020: Number of Females,Number of Females
pooled:AHS_pooled_household.dta,"2017,2020",s4q1,ahs_household_bank_account,AHS 2017-2020: Does any household member have any bank account?,4.1 Does any household member have any bank account?
pooled:AHS_pooled_household.dta,2017,s4q10,ahs_requested_loan3_approved,AHS 2017: Was the requested loan 3 approved?,4.10 Was the requested loan 3 approved?
pooled:AHS_pooled_household.dta,2020,s4q10_1,ahs_loan_requested_1,AHS 2020: From where the loan was requested?(1)?,4.10 From where the loan was requested?(1)?
pooled:AHS_pooled_household.dta,2020,s4q10_2,ahs_loan_requested_2,AHS 2020: From where the loan was requested?(2)?,4.10 From where the loan was requested?(2)?
pooled:AHS_pooled_household.dta,2020,s4q10_3,ahs_loan_requested_3,AHS 2020: From where the loan was requested?(3)?,4.10 From where the loan was requested?(3)?
pooled:AHS_pooled_household.dta,2020,s4q10_4,ahs_loan_requested_4,AHS 2020: From where the loan was requested?(4)?,4.10 From where the loan was requested?(4)?
pooled:AHS_pooled_household.dta,2020,s4q11,ahs_loans_requested_2020,AHS 2020: Among loans requested were there some of them rejected?,4.11 Among loans requested were there some of them rejected?
pooled:AHS_pooled_household.dta,2017,s4q11_v2,ahs_agri_loan3_requested_2017,AHS 2017: If the agricultural loan 3 was requested but not approved what was,4.11 If the agricultural loan 3 was requested but not approved what was the main
pooled:AHS_pooled_household.dta,2020,s4q12,ahs_loan_rejected_reason_2020,AHS 2020: If the loan was rejected what was the main reason?,4.12 If the loan was rejected what was the main reason?
pooled:AHS_pooled_household.dta,2017,s4q12_v2,ahs_recvd_fund_grant_agri_2017,AHS 2017: Received any fund for grant for agricultural purpose during 2016-2,4.12 Have you received any fund for grant for agricultural purpose during 2016-2
pooled:AHS_pooled_household.dta,2020,s4q13,ahs_main_use_rejected_loan_2020,AHS 2020: What was the main use of the rejected loan?,What was the main use of the rejected loan?
pooled:AHS_pooled_household.dta,2017,s4q13_v2,ahs_origin_grant_2017,AHS 2017: What is the origin of that grant?,4.13 What is the origin of that grant?
pooled:AHS_pooled_household.dta,2017,s4q2,ahs_household_request_loan,"AHS 2017: During 2016-2017, did any member of the household request a loan?","4.2 During 2016-2017, did any member of the household request a loan?"
pooled:AHS_pooled_household.dta,2020,s4q2_1,ahs_hh_codes_bank_account_1,AHS 2020: HH member codes of bank account holders in your household,4.2 HH member codes of bank account holders in your household
pooled:AHS_pooled_household.dta,2020,s4q2_2,ahs_hh_codes_bank_account_2,AHS 2020: HH member codes of bank account holders in your household,4.2 HH member codes of bank account holders in your household
pooled:AHS_pooled_household.dta,2020,s4q2_3,ahs_hh_codes_bank_account_3,AHS 2020: HH member codes of bank account holders in your household,4.2 HH member codes of bank account holders in your household
pooled:AHS_pooled_household.dta,2020,s4q2_4,ahs_hh_codes_bank_account_4,AHS 2020: HH member codes of bank account holders in your household,4.2 HH member codes of bank account holders in your household
pooled:AHS_pooled_household.dta,2020,s4q2_5,ahs_hh_codes_bank_account_5,AHS 2020: HH member codes of bank account holders in your household,4.2 HH member codes of bank account holders in your household
pooled:AHS_pooled_household.dta,2020,s4q2_6,ahs_codes_bank_account_holders_6,AHS 2020: Member codes of bank account holders in your household,4.2 member codes of bank account holders in your household
pooled:AHS_pooled_household.dta,2020,s4q2_7,ahs_hh_codes_bank_account_7,AHS 2020: HH member codes of bank account holders in your household,4.2 HH member codes of bank account holders in your household
pooled:AHS_pooled_household.dta,2020,s4q2_8,ahs_hh_codes_bank_account_8,AHS 2020: HH member codes of bank account holders in your household,4.2 HH member codes of bank account holders in your household
pooled:AHS_pooled_household.dta,2020,s4q2_9,ahs_hh_codes_bank_account_9,AHS 2020: HH member codes of bank account holders in your household,4.2 HH member codes of bank account holders in your household
pooled:AHS_pooled_household.dta,2017,s4q3,ahs_financial_institution_loan1,AHS 2017: From which type of financial Institution was the loan 1 requested?,4.3 From which type of financial Institution was the loan 1 requested?
pooled:AHS_pooled_household.dta,2020,s4q3_1,ahs_financial_instutition1_1,AHS 2020: What are main financial institution/s of bank holders(instutition1),4.3 What are main financial institution/s of bank holders(instutition1)
pooled:AHS_pooled_household.dta,2020,s4q3_2,ahs_financial_instutition1_2,AHS 2020: What are main financial institution/s of bank holders(instutition1)?,4.3 What are main financial institution/s of bank holders(instutition1)?
pooled:AHS_pooled_household.dta,2020,s4q3_3,ahs_financial_instutition1_3,AHS 2020: What are main financial institution/s of bank holders(instutition1)?,4.3 What are main financial institution/s of bank holders(instutition1)?
pooled:AHS_pooled_household.dta,2020,s4q3_4,ahs_financial_instutition1_4,AHS 2020: What are main financial institution/s of bank holders(instutition1)?,4.3 What are main financial institution/s of bank holders(instutition1)?
pooled:AHS_pooled_household.dta,2020,s4q4,ahs_hh_belonging_tontine_2020,AHS 2020: Is there any household member belonging to tontine/solidarity fund?,Is there any household member belonging to tontine/solidarity fund?
pooled:AHS_pooled_household.dta,2017,s4q4_v2,ahs_requested_loan1_2017,AHS 2017: Was the requested loan 1 approved?,4.4 Was the requested loan 1 approved?
pooled:AHS_pooled_household.dta,2020,s4q5,ahs_household_savings_2020,AHS 2020: Did any household member have savings during last 12 months?,4.5 Did any household member have savings during last 12 months?
pooled:AHS_pooled_household.dta,2017,s4q5_v2,ahs_agri_loan1_requested_2017,AHS 2017: If the agricultural loan 1 was requested but not approved what was,4.5 If the agricultural loan 1 was requested but not approved what was the main
pooled:AHS_pooled_household.dta,2017,s4q6,ahs_financial_institution_loan2,AHS 2017: From which type of financial Institution was the loan 2 requested?,4.6 From which type of financial Institution was the loan 2 requested?
pooled:AHS_pooled_household.dta,2020,s4q6_1,ahs_hh_codes_bank_account_s4q61,AHS 2020: HH member codes of bank account holders in your household,4.2 HH member codes of bank account holders in your household
pooled:AHS_pooled_household.dta,2020,s4q6_2,ahs_hh_codes_bank_account_s4q62,AHS 2020: HH member codes of bank account holders in your household,4.2 HH member codes of bank account holders in your household
pooled:AHS_pooled_household.dta,2020,s4q6_3,ahs_hh_codes_bank_account_s4q63,AHS 2020: HH member codes of bank account holders in your household,4.2 HH member codes of bank account holders in your household
pooled:AHS_pooled_household.dta,2020,s4q6_4,ahs_hh_codes_bank_account_s4q64,AHS 2020: HH member codes of bank account holders in your household,4.2 HH member codes of bank account holders in your household
pooled:AHS_pooled_household.dta,2020,s4q6_5,ahs_hh_codes_bank_account_s4q65,AHS 2020: HH member codes of bank account holders in your household,4.2 HH member codes of bank account holders in your household
pooled:AHS_pooled_household.dta,2020,s4q6_6,ahs_codes_bank_account_s4q66,AHS 2020: Member codes of bank account holders in your household,4.2 member codes of bank account holders in your household
pooled:AHS_pooled_household.dta,2020,s4q6_7,ahs_hh_codes_bank_account_s4q67,AHS 2020: HH member codes of bank account holders in your household,4.2 HH member codes of bank account holders in your household
pooled:AHS_pooled_household.dta,2020,s4q6_8,ahs_hh_codes_bank_account_s4q68,AHS 2020: HH member codes of bank account holders in your household,4.2 HH member codes of bank account holders in your household
pooled:AHS_pooled_household.dta,2020,s4q6_9,ahs_hh_codes_bank_account_s4q69,AHS 2020: HH member codes of bank account holders in your household,4.2 HH member codes of bank account holders in your household
pooled:AHS_pooled_household.dta,2017,s4q7,ahs_requested_loan2_approved,AHS 2017: Was the requested loan 2 approved?,4.7 Was the requested loan 2 approved?
pooled:AHS_pooled_household.dta,2020,s4q7_1,ahs_financial_institution_1,AHS 2020: What main financial institution/s in which savings were made(1)?,What main financial institution/s in which savings were made(1)?
pooled:AHS_pooled_household.dta,2020,s4q7_2,ahs_financial_institution_2,AHS 2020: What main financial institution/s in which savings were made(2)?,What main financial institution/s in which savings were made(2)?
pooled:AHS_pooled_household.dta,2020,s4q7_3,ahs_financial_institution_3,AHS 2020: What main financial institution/s in which savings were made(3)?,What main financial institution/s in which savings were made(3)?
pooled:AHS_pooled_household.dta,2020,s4q7_4,ahs_financial_institution_4,AHS 2020: What main financial institution/s in which savings were made(4)?,What main financial institution/s in which savings were made(4)?
pooled:AHS_pooled_household.dta,2020,s4q8,ahs_household_request_loan_2020,"AHS 2020: Did any member of your household request any loan, last 12 months",4.8 Did any member of your household request any loan during last 12 months?
pooled:AHS_pooled_household.dta,2017,s4q8_v2,ahs_agri_loan2_requested_2017,AHS 2017: If the agricultural loan 2 was requested but not approved what was,4.8 If the agricultural loan 2 was requested but not approved what was the main
pooled:AHS_pooled_household.dta,2017,s4q9,ahs_financial_institution_loan3,AHS 2017: From which type of financial Institution was the loan 3 requested?,4.9 From which type of financial Institution was the loan 3 requested?
pooled:AHS_pooled_household.dta,2020,s4q9_1,ahs_hh_codes_bank_account_s4q91,AHS 2020: HH member codes of bank account holders in your household,4.2 HH member codes of bank account holders in your household
pooled:AHS_pooled_household.dta,2020,s4q9_2,ahs_hh_codes_bank_account_s4q92,AHS 2020: HH member codes of bank account holders in your household,4.2 HH member codes of bank account holders in your household
pooled:AHS_pooled_household.dta,2020,s4q9_3,ahs_hh_codes_bank_account_s4q93,AHS 2020: HH member codes of bank account holders in your household,4.2 HH member codes of bank account holders in your household
pooled:AHS_pooled_household.dta,2020,s4q9_4,ahs_hh_codes_bank_account_s4q94,AHS 2020: HH member codes of bank account holders in your household,4.2 HH member codes of bank account holders in your household
pooled:AHS_pooled_household.dta,2020,s4q9_5,ahs_hh_codes_bank_account_s4q95,AHS 2020: HH member codes of bank account holders in your household,4.2 HH member codes of bank account holders in your household
pooled:AHS_pooled_household.dta,2020,s4q9_6,ahs_codes_bank_account_s4q96,AHS 2020: Member codes of bank account holders in your household,4.2 member codes of bank account holders in your household
pooled:AHS_pooled_household.dta,2020,s4q9_7,ahs_hh_codes_bank_account_s4q97,AHS 2020: HH member codes of bank account holders in your household,4.2 HH member codes of bank account holders in your household
pooled:AHS_pooled_household.dta,2017,s5q1_1,ahs_hh_use_organic_fert_least_1,AHS 2017: Did any member of your household use organic fertilizer at least in,5.1.1 Did any member of your household use organic fertilizer at least in one of
pooled:AHS_pooled_household.dta,2017,s5q1_10,ahs_quantity_organic_b_k,AHS 2017: Quantity of organic fertilizer used during agricultural Season B 2017,5.1.10.Quantity of organic fertilizer used  during agricultural Season B 2017 (K
pooled:AHS_pooled_household.dta,2017,s5q1_11,ahs_source_organic_fert_season_b,AHS 2017: Source of organic fertilizer Season B,5.1.11 Source of organic fertilizer Season B
pooled:AHS_pooled_household.dta,2017,s5q1_12,ahs_qty_bought_agri_season_b_kg,AHS 2017: Quantity purchased during agricultural Season B 2017 (Kg),5.1.12 Quantity purchased during agricultural Season B 2017 (Kg)
pooled:AHS_pooled_household.dta,2017,s5q1_13,ahs_amount_paid_sea,AHS 2017: Amount paid for purchasing the organic fertilizer during agricultural,5.1.13 Amount paid for purchasing the organic fertilizer during agricultural Sea
pooled:AHS_pooled_household.dta,2017,s5q1_14_1,ahs_method_used_b,AHS 2017: Method used for preparing manure Season B-Methode 1,5.1.14 Method used for preparing manure Season B-Methode 1
pooled:AHS_pooled_household.dta,2017,s5q1_14_2,ahs_method_used_b_s5q1142,AHS 2017: Method used for preparing manure Season B-Methode 2,5.1.14 Method used for preparing manure Season B-Methode 2
pooled:AHS_pooled_household.dta,2017,s5q1_14_3,ahs_method_used_b_s5q1143,AHS 2017: Method used for preparing manure Season B-Methode 3,5.1.14 Method used for preparing manure Season B-Methode 3
pooled:AHS_pooled_household.dta,2017,s5q1_15,ahs_quantity_used_organic_fert_h,AHS 2017: Is there any quantity of used organic fertilizer that any member of,5.1.15 Is there any quantity of used organic fertilizer that any member of the h
pooled:AHS_pooled_household.dta,2017,s5q1_16,ahs_hh_use_lime_gypsum_least_16,AHS 2017: Did any member of your household use lime or gypsum at least in one,5.1.16. Did any member of your household use lime or gypsum at least in one plot
pooled:AHS_pooled_household.dta,2017,s5q1_2,ahs_quantity_organic_kg,AHS 2017: Quantity of organic fertilizer used during agricultural Season A 2017,5.1.2.Quantity of organic fertilizer used  during agricultural Season A 2017 (Kg
pooled:AHS_pooled_household.dta,2017,s5q1_3,ahs_source_organic_fert_source1,AHS 2017: Source of organic fertilizer Season A-Source 1,5.1.3 Source of organic fertilizer Season A-Source 1
pooled:AHS_pooled_household.dta,2017,s5q1_4,ahs_qty_bought_agri_season_kg,AHS 2017: Quantity purchased during agricultural Season A 2017 (Kg),5.1.4 Quantity purchased during agricultural Season A 2017 (Kg)
pooled:AHS_pooled_household.dta,2017,s5q1_5,ahs_amount_paid_seas,AHS 2017: Amount paid for purchasing the organic fertilizer during agricultural,5.1.5 Amount paid for purchasing the organic fertilizer during agricultural Seas
pooled:AHS_pooled_household.dta,2017,s5q1_6_1,ahs_method_used_methode1_2017,AHS 2017: Method used for preparing manure Season A-Methode 1,5.1.6 Method used for preparing manure Season A-Methode 1
pooled:AHS_pooled_household.dta,2017,s5q1_6_2,ahs_method_used_methode2_2017,AHS 2017: Method used for preparing manure Season A-Methode 2,5.1.6 Method used for preparing manure Season A-Methode 2
pooled:AHS_pooled_household.dta,2017,s5q1_6_3,ahs_method_used_methode3_2017,AHS 2017: Method used for preparing manure Season A-Methode 3,5.1.6 Method used for preparing manure Season A-Methode 3
pooled:AHS_pooled_household.dta,2017,s5q1_7,ahs_qty_used_organic_fert_hh,AHS 2017: Quantity of used organic fertilizer that any member of the household,5.1.7 Quantity of used organic fertilizer that any member of the household recei
pooled:AHS_pooled_household.dta,2017,s5q1_8,ahs_hh_use_lime_gypsum_least_8,AHS 2017: Did any member of your household use lime or gypsum at least in one,5.1.8. Did any member of your household use lime or gypsum at least in one plot
pooled:AHS_pooled_household.dta,2017,s5q1_9,ahs_hh_use_organic_fert_least_9,AHS 2017: Did any member of your household use organic fertilizer at least in,5.1.9 Did any member of your household use organic fertilizer at least in one of
pooled:AHS_pooled_household.dta,2017,s5q2_1,ahs_hh_use_inorganic_fert_1,AHS 2017: Did any member of your household use inorganic fertilizer at least in,5.2.1 Did any member of your household use inorganic fertilizer at least in one
pooled:AHS_pooled_household.dta,2017,s5q2_10,ahs_quantity_used_fert_type2_10,AHS 2017: Quantity of used fertilizer Type 2,5.2.10 Quantity of used fertilizer_Type 2
pooled:AHS_pooled_household.dta,2017,s5q2_11,ahs_quantity_bought_fert_11,AHS 2017: Quantity of purchased fertilizer Type 2,5.2.11 Quantity of purchased fertilizer_Type 2
pooled:AHS_pooled_household.dta,2017,s5q2_12,ahs_price_inorganic_fert_12,AHS 2017: Price of inorganic fertilizer Type 1(RWF/Kg),5.2.12 Price of inorganic fertilizer_Type 1(RWF/Kg)
pooled:AHS_pooled_household.dta,2017,s5q2_13,ahs_source_used_source2_13,AHS 2017: Source of the used inorganic fertilizer-Source 2,5.2.13 Source of the used inorganic fertilizer-Source 2
pooled:AHS_pooled_household.dta,2017,s5q2_14,ahs_inorganic_fert_used_type3_14,AHS 2017: What was the type of inorganic fertilizer used? Type 3,5.2.14 What was the type of inorganic fertilizer used? Type 3
pooled:AHS_pooled_household.dta,2017,s5q2_15,ahs_measurement_unit_15,AHS 2017: Measurement unit,5.2.15 Measurement unit
pooled:AHS_pooled_household.dta,2017,s5q2_16,ahs_quantity_used_fert_type3_16,AHS 2017: Quantity of used fertilizer Type 3,5.2.16 Quantity of used fertilizer_Type 3
pooled:AHS_pooled_household.dta,2017,s5q2_17,ahs_quantity_bought_fert_17,AHS 2017: Quantity of purchased fertilizer Type 3,5.2.17 Quantity of purchased fertilizer_Type 3
pooled:AHS_pooled_household.dta,2017,s5q2_18,ahs_price_inorganic_fert_18,AHS 2017: Price of inorganic fertilizer Type 3(RWF/Kg),5.2.18 Price of inorganic fertilizer_Type 3(RWF/Kg)
pooled:AHS_pooled_household.dta,2017,s5q2_19,ahs_source_used_source3_19,AHS 2017: Source of the used inorganic fertilizer-Source 3,5.2.19 Source of the used inorganic fertilizer-Source 3
pooled:AHS_pooled_household.dta,2017,s5q2_2,ahs_inorganic_fert_used_type1_2,AHS 2017: What was the type of inorganic fertilizer used? Type 1,5.2.2 What was the type of inorganic fertilizer used? Type 1
pooled:AHS_pooled_household.dta,2017,s5q2_20,ahs_hh_use_inorganic_fert_20,AHS 2017: Did any member of your household use inorganic fertilizer at least in,5.2.20 Did any member of your household use inorganic fertilizer at least in one
pooled:AHS_pooled_household.dta,2017,s5q2_21,ahs_inorganic_fert_used_type1_21,AHS 2017: What was the type of inorganic fertilizer used? Type 1,5.2.21 What was the type of inorganic fertilizer used? Type 1
pooled:AHS_pooled_household.dta,2017,s5q2_22,ahs_measurement_unit_22,AHS 2017: Measurement unit,5.2.22 Measurement unit
pooled:AHS_pooled_household.dta,2017,s5q2_23,ahs_quantity_used_fert_type1_23,AHS 2017: Quantity of used fertilizer Type 1,5.2.23 Quantity of used fertilizer_Type 1
pooled:AHS_pooled_household.dta,2017,s5q2_24,ahs_quantity_bought_fert_24,AHS 2017: Quantity of purchased fertilizer Type 1,5.2.24 Quantity of purchased fertilizer_Type 1
pooled:AHS_pooled_household.dta,2017,s5q2_25,ahs_price_inorganic_fert_25,AHS 2017: Price of inorganic fertilizer Type 1(RWF/Kg),5.2.25 Price of inorganic fertilizer_Type 1(RWF/Kg)
pooled:AHS_pooled_household.dta,2017,s5q2_26,ahs_source_used_source1_26,AHS 2017: Source of the used inorganic fertilizer-Source 1,5.2.26 Source of the used inorganic fertilizer-Source 1
pooled:AHS_pooled_household.dta,2017,s5q2_27,ahs_inorganic_fert_used_type2_27,AHS 2017: What was the type of inorganic fertilizer used? Type 2,5.2.27 What was the type of inorganic fertilizer used? Type 2
pooled:AHS_pooled_household.dta,2017,s5q2_28,ahs_measurement_unit_28,AHS 2017: Measurement unit,5.2.28 Measurement unit
pooled:AHS_pooled_household.dta,2017,s5q2_29,ahs_quantity_used_fert_type2_29,AHS 2017: Quantity of used fertilizer Type 2,5.2.29 Quantity of used fertilizer_Type 2
pooled:AHS_pooled_household.dta,2017,s5q2_3,ahs_measurement_unit_3,AHS 2017: Measurement unit,5.2.3 Measurement unit
pooled:AHS_pooled_household.dta,2017,s5q2_30,ahs_quantity_bought_fert_30,AHS 2017: Quantity of purchased fertilizer Type 2,5.2.30 Quantity of purchased fertilizer_Type 2
pooled:AHS_pooled_household.dta,2017,s5q2_31,ahs_price_inorganic_fert_type2,AHS 2017: Price of inorganic fertilizer Type 2(RWF/Kg),5.2.31 Price of inorganic fertilizer_Type 2(RWF/Kg)
pooled:AHS_pooled_household.dta,2017,s5q2_32,ahs_source_used_source2_32,AHS 2017: Source of the used inorganic fertilizer-Source 2,5.2.32 Source of the used inorganic fertilizer-Source 2
pooled:AHS_pooled_household.dta,2017,s5q2_33,ahs_inorganic_fert_used_type3_33,AHS 2017: What was the type of inorganic fertilizer used? Type 3,5.2.33 What was the type of inorganic fertilizer used? Type 3
pooled:AHS_pooled_household.dta,2017,s5q2_34,ahs_measurement_unit_34,AHS 2017: Measurement unit,5.2.34 Measurement unit
pooled:AHS_pooled_household.dta,2017,s5q2_35,ahs_quantity_used_fert_type3_35,AHS 2017: Quantity of used fertilizer Type 3,5.2.35 Quantity of used fertilizer_Type 3
pooled:AHS_pooled_household.dta,2017,s5q2_36,ahs_quantity_bought_fert_36,AHS 2017: Quantity of purchased fertilizer Type 3,5.2.36 Quantity of purchased fertilizer_Type 3
pooled:AHS_pooled_household.dta,2017,s5q2_37,ahs_price_inorganic_fert_37,AHS 2017: Price of inorganic fertilizer Type 3(RWF/Kg),5.2.37 Price of inorganic fertilizer_Type 3(RWF/Kg)
pooled:AHS_pooled_household.dta,2017,s5q2_38,ahs_source_used_source3_38,AHS 2017: Source of the used inorganic fertilizer-Source 3,5.2.38 Source of the used inorganic fertilizer-Source 3
pooled:AHS_pooled_household.dta,2017,s5q2_4,ahs_quantity_used_fert_type1_4,AHS 2017: Quantity of used fertilizer Type 1,5.2.4 Quantity of used fertilizer_Type 1
pooled:AHS_pooled_household.dta,2017,s5q2_5,ahs_quantity_bought_fert_type1_5,AHS 2017: Quantity of purchased fertilizer Type 1,5.2.5 Quantity of purchased fertilizer_Type 1
pooled:AHS_pooled_household.dta,2017,s5q2_6,ahs_price_inorganic_fert_type1_6,AHS 2017: Price of inorganic fertilizer Type 1(RWF/Kg),5.2.6 Price of inorganic fertilizer_Type 1(RWF/Kg)
pooled:AHS_pooled_household.dta,2017,s5q2_7,ahs_source_used_source1_7,AHS 2017: Source of the used inorganic fertilizer-Source 1,5.2.7 Source of the used inorganic fertilizer-Source 1
pooled:AHS_pooled_household.dta,2017,s5q2_8,ahs_inorganic_fert_used_type2_8,AHS 2017: What was the type of inorganic fertilizer used? Type 2,5.2.8 What was the type of inorganic fertilizer used? Type 2
pooled:AHS_pooled_household.dta,2017,s5q2_9,ahs_measurement_unit_9,AHS 2017: Measurement unit,5.2.9 Measurement unit
pooled:AHS_pooled_household.dta,2017,s5q3_1,ahs_hh_applied_pesticide_least_1,AHS 2017: Did any member of your household applied pesticide at least in one of,5.3.1 Did any member of your household applied pesticide at least in one of the
pooled:AHS_pooled_household.dta,2017,s5q3_10,ahs_measurement_unit_10,AHS 2017: Measurement unit,5.3.10 Measurement unit
pooled:AHS_pooled_household.dta,2017,s5q3_11,ahs_used_qty_pest_used_type2_11,AHS 2017: Used Quantity of Pesticide used Type 2,5.3.11 Used Quantity of  Pesticide used_Type 2
pooled:AHS_pooled_household.dta,2017,s5q3_12,ahs_purchased_quantity_kg_12,AHS 2017: Purchased Quantity(Kg),5.3.12 Purchased Quantity(Kg)
pooled:AHS_pooled_household.dta,2017,s5q3_13,ahs_price_bought_pest_type2_13,AHS 2017: Price of purchased Pesticide Type 2 (RWF/Kg),5.3.13 Price of purchased Pesticide_Type 2 (RWF/Kg)
pooled:AHS_pooled_household.dta,2017,s5q3_14,ahs_source_pest_used_source2_14,AHS 2017: Source of pesticide used-Source 2,5.3.14 Source of pesticide used-Source 2
pooled:AHS_pooled_household.dta,2017,s5q3_15,ahs_purpose_applying_15,AHS 2017: What was the purpose of applying pesticide?,5.3.15 What was the purpose of applying pesticide?
pooled:AHS_pooled_household.dta,2017,s5q3_16,ahs_pesticide_used_type3_16,AHS 2017: Pesticide used Type 3,5.3.16 Pesticide used_Type 3
pooled:AHS_pooled_household.dta,2017,s5q3_17,ahs_measurement_unit_17,AHS 2017: Measurement unit,5.3.17 Measurement unit
pooled:AHS_pooled_household.dta,2017,s5q3_18,ahs_used_qty_pest_used_type3_18,AHS 2017: Used Quantity of Pesticide used Type 3,5.3.18 Used Quantity of  Pesticide used_Type 3
pooled:AHS_pooled_household.dta,2017,s5q3_19,ahs_purchased_quantity_kg_19,AHS 2017: Purchased Quantity(Kg),5.3.19 Purchased Quantity(Kg)
pooled:AHS_pooled_household.dta,2017,s5q3_2,ahs_pesticide_used_type1_2,AHS 2017: Pesticide used Type 1,5.3.2 Pesticide used_Type 1
pooled:AHS_pooled_household.dta,2017,s5q3_20,ahs_price_bought_pest_type3_20,AHS 2017: Price of purchased Pesticide Type 3 (RWF/Kg),5.3.20 Price of purchased Pesticide_Type 3 (RWF/Kg)
pooled:AHS_pooled_household.dta,2017,s5q3_21,ahs_source_pest_used_source3_21,AHS 2017: Source of pesticide used-Source 3,5.3.21 Source of pesticide used-Source 3
pooled:AHS_pooled_household.dta,2017,s5q3_22,ahs_purpose_applying_22,AHS 2017: What was the purpose of applying pesticide?,5.3.22 What was the purpose of applying pesticide?
pooled:AHS_pooled_household.dta,2017,s5q3_23,ahs_hh_applied_pesticide_23,AHS 2017: Did any member of your household applied pesticide at least in one of,5.3.23 Did any member of your household applied pesticide at least in one of the
pooled:AHS_pooled_household.dta,2017,s5q3_24,ahs_pesticide_used_type1_24,AHS 2017: Pesticide used Type 1,5.3.24 Pesticide used_Type 1
pooled:AHS_pooled_household.dta,2017,s5q3_25,ahs_measurement_unit_25,AHS 2017: Measurement unit,5.3.25 Measurement unit
pooled:AHS_pooled_household.dta,2017,s5q3_26,ahs_used_qty_pest_used_type1_26,AHS 2017: Used Quantity of Pesticide used Type 1,5.3.26 Used Quantity of  Pesticide used_Type 1
pooled:AHS_pooled_household.dta,2017,s5q3_27,ahs_purchased_quantity_kg_27,AHS 2017: Purchased Quantity(Kg),5.3.27 Purchased Quantity(Kg)
pooled:AHS_pooled_household.dta,2017,s5q3_28,ahs_price_bought_pest_type1_28,AHS 2017: Price of purchased Pesticide Type 1(RWF/Kg),5.3.28 Price of purchased Pesticide_Type 1(RWF/Kg)
pooled:AHS_pooled_household.dta,2017,s5q3_29,ahs_source_pest_used_source1_29,AHS 2017: Source of pesticide used-Source 1,5.3.29 Source of pesticide used-Source 1
pooled:AHS_pooled_household.dta,2017,s5q3_3,ahs_measurement_unit_3_s5q33,AHS 2017: Measurement unit,5.3.3 Measurement unit
pooled:AHS_pooled_household.dta,2017,s5q3_30,ahs_purpose_applying_30,AHS 2017: What was the purpose of applying pesticide?,5.3.30 What was the purpose of applying pesticide?
pooled:AHS_pooled_household.dta,2017,s5q3_31,ahs_pesticide_used_type2_31,AHS 2017: Pesticide used Type 2,5.3.31 Pesticide used_Type 2
pooled:AHS_pooled_household.dta,2017,s5q3_32,ahs_measurement_unit_32,AHS 2017: Measurement unit,5.3.32 Measurement unit
pooled:AHS_pooled_household.dta,2017,s5q3_33,ahs_used_qty_pest_used_type2_33,AHS 2017: Used Quantity of Pesticide used Type 2,5.3.33 Used Quantity of  Pesticide used_Type 2
pooled:AHS_pooled_household.dta,2017,s5q3_34,ahs_purchased_quantity_kg_34,AHS 2017: Purchased Quantity(Kg),5.3.34 Purchased Quantity(Kg)
pooled:AHS_pooled_household.dta,2017,s5q3_35,ahs_price_bought_pest_type2_35,AHS 2017: Price of purchased Pesticide Type 2 (RWF/Kg),5.3.35 Price of purchased Pesticide_Type 2 (RWF/Kg)
pooled:AHS_pooled_household.dta,2017,s5q3_36,ahs_source_pest_used_source2_36,AHS 2017: Source of pesticide used-Source 2,5.3.36 Source of pesticide used-Source 2
pooled:AHS_pooled_household.dta,2017,s5q3_37,ahs_purpose_applying_37,AHS 2017: What was the purpose of applying pesticide?,5.3.37 What was the purpose of applying pesticide?
pooled:AHS_pooled_household.dta,2017,s5q3_38,ahs_pesticide_used_type3_38,AHS 2017: Pesticide used Type 3,5.3.38 Pesticide used_Type 3
pooled:AHS_pooled_household.dta,2017,s5q3_39,ahs_measurement_unit_39,AHS 2017: Measurement unit,5.3.39 Measurement unit
pooled:AHS_pooled_household.dta,2017,s5q3_4,ahs_used_qty_pest_used_type1_4,AHS 2017: Used Quantity of Pesticide used Type 1,5.3.4 Used Quantity of  Pesticide used_Type 1
pooled:AHS_pooled_household.dta,2017,s5q3_40,ahs_used_qty_pest_used_type3_40,AHS 2017: Used Quantity of Pesticide used Type 3,5.3.40 Used Quantity of  Pesticide used_Type 3
pooled:AHS_pooled_household.dta,2017,s5q3_41,ahs_purchased_quantity_kg_41,AHS 2017: Purchased Quantity(Kg),5.3.41 Purchased Quantity(Kg)
pooled:AHS_pooled_household.dta,2017,s5q3_42,ahs_price_bought_pest_type3_42,AHS 2017: Price of purchased Pesticide Type 3 (RWF/Kg),5.3.42 Price of purchased Pesticide_Type 3 (RWF/Kg)
pooled:AHS_pooled_household.dta,2017,s5q3_43,ahs_source_pest_used_source3_43,AHS 2017: Source of pesticide used-Source 3,5.3.43 Source of pesticide used-Source 3
pooled:AHS_pooled_household.dta,2017,s5q3_44,ahs_purpose_applying_44,AHS 2017: What was the purpose of applying pesticide?,5.3.44 What was the purpose of applying pesticide?
pooled:AHS_pooled_household.dta,2017,s5q3_5,ahs_purchased_quantity_kg_5,AHS 2017: Purchased Quantity(Kg),5.3.5 Purchased Quantity(Kg)
pooled:AHS_pooled_household.dta,2017,s5q3_6,ahs_price_bought_pest_type1_6,AHS 2017: Price of purchased Pesticide Type 1(RWF/Kg),5.3.6 Price of purchased Pesticide_Type 1(RWF/Kg)
pooled:AHS_pooled_household.dta,2017,s5q3_7,ahs_source_pest_used_source1_7,AHS 2017: Source of pesticide used-Source 1,5.3.7 Source of pesticide used-Source 1
pooled:AHS_pooled_household.dta,2017,s5q3_8,ahs_purpose_applying_pesticide_8,AHS 2017: What was the purpose of applying pesticide?,5.3.8 What was the purpose of applying pesticide?
pooled:AHS_pooled_household.dta,2017,s5q3_9,ahs_pesticide_used_type2_9,AHS 2017: Pesticide used Type 2,5.3.9 Pesticide used_Type 2
pooled:AHS_pooled_household.dta,2017,s5q4_10_a,ahs_crops_planted_season_b_crop1,AHS 2017: Crops planted in season B-Crop 1,5.4.10 Crops planted in season B-Crop 1
pooled:AHS_pooled_household.dta,2017,s5q4_10_b,ahs_crops_planted_season_b_crop2,AHS 2017: Crops planted in season B-Crop 2,5.4.10 Crops planted in season B-Crop 2
pooled:AHS_pooled_household.dta,2017,s5q4_10_c,ahs_crops_planted_season_b_crop3,AHS 2017: Crops planted in season B-Crop 3,5.4.10 Crops planted in season B-Crop 3
pooled:AHS_pooled_household.dta,2017,s5q4_11_a,ahs_type_seeds_used_season_2017,AHS 2017: Type of seeds used season B,5.4.11 Type of seeds used season B
pooled:AHS_pooled_household.dta,2017,s5q4_11_b,ahs_type_seeds_used_s5q411b,AHS 2017: Type of seeds used season B,5.4.11 Type of seeds used season B
pooled:AHS_pooled_household.dta,2017,s5q4_11_c,ahs_type_seeds_used_s5q411c,AHS 2017: Type of seeds used season B,5.4.11 Type of seeds used season B
pooled:AHS_pooled_household.dta,2017,s5q4_12_a,ahs_qty_traditional_seeds_2017,AHS 2017: Quantity of traditional seeds sown ( Kg),5.4.12 Quantity of traditional seeds  sown  ( Kg)
pooled:AHS_pooled_household.dta,2017,s5q4_12_b,ahs_qty_traditional_s5q412b,AHS 2017: Quantity of traditional seeds sown ( Kg),5.4.12 Quantity of traditional seeds  sown  ( Kg)
pooled:AHS_pooled_household.dta,2017,s5q4_12_c,ahs_qty_traditional_s5q412c,AHS 2017: Quantity of traditional seeds sown ( Kg),5.4.12 Quantity of traditional seeds  sown  ( Kg)
pooled:AHS_pooled_household.dta,2017,s5q4_13_a,ahs_qty_traditional_s5q413a,AHS 2017: Quantity of traditional seeds bought ( Kg),5.4.13 Quantity of traditional seeds bought  ( Kg)
pooled:AHS_pooled_household.dta,2017,s5q4_13_b,ahs_qty_traditional_s5q413b,AHS 2017: Quantity of traditional seeds bought ( Kg),5.4.13 Quantity of traditional seeds bought  ( Kg)
pooled:AHS_pooled_household.dta,2017,s5q4_13_c,ahs_qty_traditional_s5q413c,AHS 2017: Quantity of traditional seeds bought ( Kg),5.4.13 Quantity of traditional seeds bought  ( Kg)
pooled:AHS_pooled_household.dta,2017,s5q4_14_a,ahs_amount_purchase_2017,AHS 2017: Amount spent for the purchase of traditional seeds ( RWF),5.4.14 Amount spent for the purchase of traditional seeds ( RWF)
pooled:AHS_pooled_household.dta,2017,s5q4_14_b,ahs_amount_purchase_2017_s5q414b,AHS 2017: Amount spent for the purchase of traditional seeds ( RWF),5.4.14 Amount spent for the purchase of traditional seeds ( RWF)
pooled:AHS_pooled_household.dta,2017,s5q4_14_c,ahs_amount_purchase_2017_s5q414c,AHS 2017: Amount spent for the purchase of traditional seeds ( RWF),5.4.14 Amount spent for the purchase of traditional seeds ( RWF)
pooled:AHS_pooled_household.dta,2017,s5q4_15_a,ahs_source_improved_seeds_2017,AHS 2017: Source of improved seeds/seedling,5.4.15 Source of improved seeds/seedling
pooled:AHS_pooled_household.dta,2017,s5q4_15_b,ahs_source_improved_s5q415b,AHS 2017: Source of improved seeds/seedling,5.4.15 Source of improved seeds/seedling
pooled:AHS_pooled_household.dta,2017,s5q4_15_c,ahs_source_improved_s5q415c,AHS 2017: Source of improved seeds/seedling,5.4.15 Source of improved seeds/seedling
pooled:AHS_pooled_household.dta,2017,s5q4_16_a,ahs_qty_improved_seeds_2017,AHS 2017: Quantity of improved seeds sown ( Kg),5.4.16 Quantity of improved seeds  sown  ( Kg)
pooled:AHS_pooled_household.dta,2017,s5q4_16_b,ahs_qty_improved_seeds_s5q416b,AHS 2017: Quantity of improved seeds sown ( Kg),5.4.16 Quantity of improved seeds  sown  ( Kg)
pooled:AHS_pooled_household.dta,2017,s5q4_16_c,ahs_qty_improved_seeds_s5q416c,AHS 2017: Quantity of improved seeds sown ( Kg),5.4.16 Quantity of improved seeds  sown  ( Kg)
pooled:AHS_pooled_household.dta,2017,s5q4_17_a,ahs_qty_improved_seeds_s5q417a,AHS 2017: Quantity of improved seeds bought ( Kg),5.4.17 Quantity of improved seeds bought  ( Kg)
pooled:AHS_pooled_household.dta,2017,s5q4_17_b,ahs_qty_improved_seeds_s5q417b,AHS 2017: Quantity of improved seeds bought ( Kg),5.4.17 Quantity of improved seeds bought  ( Kg)
pooled:AHS_pooled_household.dta,2017,s5q4_17_c,ahs_qty_improved_seeds_s5q417c,AHS 2017: Quantity of improved seeds bought ( Kg),5.4.17 Quantity of improved seeds bought  ( Kg)
pooled:AHS_pooled_household.dta,2017,s5q4_18_a,ahs_amount_purchase_2017_s5q418a,AHS 2017: Amount spent for the purchase of improved seeds ( RWF),5.4.18 Amount spent for the purchase of improved seeds ( RWF)
pooled:AHS_pooled_household.dta,2017,s5q4_18_b,ahs_amount_purchase_2017_s5q418b,AHS 2017: Amount spent for the purchase of improved seeds ( RWF),5.4.18 Amount spent for the purchase of improved seeds ( RWF)
pooled:AHS_pooled_household.dta,2017,s5q4_18_c,ahs_amount_purchase_2017_s5q418c,AHS 2017: Amount spent for the purchase of improved seeds ( RWF),5.4.18 Amount spent for the purchase of improved seeds ( RWF)
pooled:AHS_pooled_household.dta,2017,s5q4_1_a,ahs_crops_planted_season_crop1,AHS 2017: Crops planted in season A-Crop 1,5.4.1 Crops planted in season A-Crop 1
pooled:AHS_pooled_household.dta,2017,s5q4_1_b,ahs_crops_planted_season_crop2,AHS 2017: Crops planted in season A-Crop 2,5.4.1 Crops planted in season A-Crop 2
pooled:AHS_pooled_household.dta,2017,s5q4_1_c,ahs_crops_planted_season_crop3,AHS 2017: Crops planted in season A-Crop 3,5.4.1 Crops planted in season A-Crop 3
pooled:AHS_pooled_household.dta,2017,s5q4_2_a,ahs_type_seeds_used_s5q42a,AHS 2017: Type of seeds used season A,5.4.2 Type of seeds used season A
pooled:AHS_pooled_household.dta,2017,s5q4_2_b,ahs_type_seeds_used_s5q42b,AHS 2017: Type of seeds used season A,5.4.2 Type of seeds used season A
pooled:AHS_pooled_household.dta,2017,s5q4_2_c,ahs_type_seeds_used_s5q42c,AHS 2017: Type of seeds used season A,5.4.2 Type of seeds used season A
pooled:AHS_pooled_household.dta,2017,s5q4_3_a,ahs_qty_traditional_s5q43a,AHS 2017: Quantity of traditional seeds sown ( Kg),5.4.3 Quantity of traditional seeds  sown  ( Kg)
pooled:AHS_pooled_household.dta,2017,s5q4_3_b,ahs_qty_traditional_s5q43b,AHS 2017: Quantity of traditional seeds sown ( Kg),5.4.3 Quantity of traditional seeds  sown  ( Kg)
pooled:AHS_pooled_household.dta,2017,s5q4_3_c,ahs_qty_traditional_s5q43c,AHS 2017: Quantity of traditional seeds sown ( Kg),5.4.3 Quantity of traditional seeds  sown  ( Kg)
pooled:AHS_pooled_household.dta,2017,s5q4_4_a,ahs_qty_traditional_s5q44a,AHS 2017: Quantity of traditional seeds bought ( Kg),5.4.4 Quantity of traditional seeds bought  ( Kg)
pooled:AHS_pooled_household.dta,2017,s5q4_4_b,ahs_qty_traditional_s5q44b,AHS 2017: Quantity of traditional seeds bought ( Kg),5.4.4 Quantity of traditional seeds bought  ( Kg)
pooled:AHS_pooled_household.dta,2017,s5q4_4_c,ahs_qty_traditional_s5q44c,AHS 2017: Quantity of traditional seeds bought ( Kg),5.4.4 Quantity of traditional seeds bought  ( Kg)
pooled:AHS_pooled_household.dta,2017,s5q4_5_a,ahs_amount_purchase_2017_s5q45a,AHS 2017: Amount spent for the purchase of traditional seeds ( RWF),5.4.5 Amount spent for the purchase of traditional seeds ( RWF)
pooled:AHS_pooled_household.dta,2017,s5q4_5_b,ahs_amount_purchase_2017_s5q45b,AHS 2017: Amount spent for the purchase of traditional seeds ( RWF),5.4.5 Amount spent for the purchase of traditional seeds ( RWF)
pooled:AHS_pooled_household.dta,2017,s5q4_5_c,ahs_amount_purchase_2017_s5q45c,AHS 2017: Amount spent for the purchase of traditional seeds ( RWF),5.4.5 Amount spent for the purchase of traditional seeds ( RWF)
pooled:AHS_pooled_household.dta,2017,s5q4_6_a,ahs_qty_improved_seeds_s5q46a,AHS 2017: Quantity of improved seeds sown (Kg),5.4.6 Quantity of improved seeds sown (Kg)
pooled:AHS_pooled_household.dta,2017,s5q4_6_b,ahs_qty_improved_seeds_s5q46b,AHS 2017: Quantity of improved seeds sown (Kg),5.4.6 Quantity of improved seeds sown (Kg)
pooled:AHS_pooled_household.dta,2017,s5q4_6_c,ahs_qty_improved_seeds_s5q46c,AHS 2017: Quantity of improved seeds sown (Kg),5.4.6 Quantity of improved seeds sown (Kg)
pooled:AHS_pooled_household.dta,2017,s5q4_7_a,ahs_qty_improved_seed_2017,AHS 2017: Quantity of improved seed brought (Kg),5.4.7 Quantity of improved seed brought (Kg)
pooled:AHS_pooled_household.dta,2017,s5q4_7_b,ahs_qty_improved_seed_s5q47b,AHS 2017: Quantity of improved seed brought (Kg),5.4.7 Quantity of improved seed brought (Kg)
pooled:AHS_pooled_household.dta,2017,s5q4_7_c,ahs_qty_improved_seed_s5q47c,AHS 2017: Quantity of improved seed brought (Kg),5.4.7 Quantity of improved seed brought (Kg)
pooled:AHS_pooled_household.dta,2017,s5q4_8_a,ahs_amount_purchase_seeds_2017,AHS 2017: Amount spent to the purchase of seeds (RWF),5.4.8 Amount spent to the purchase of seeds (RWF)
pooled:AHS_pooled_household.dta,2017,s5q4_8_b,ahs_amount_purchase_s5q48b,AHS 2017: Amount spent to the purchase of seeds (RWF),5.4.8 Amount spent to the purchase of seeds (RWF)
pooled:AHS_pooled_household.dta,2017,s5q4_8_c,ahs_amount_purchase_s5q48c,AHS 2017: Amount spent to the purchase of seeds (RWF),5.4.8 Amount spent to the purchase of seeds (RWF)
pooled:AHS_pooled_household.dta,2017,s5q4_9_a,ahs_source_improved_s5q49a,AHS 2017: Source of improved seeds used,5.4.9 Source of improved seeds used
pooled:AHS_pooled_household.dta,2017,s5q4_9_b,ahs_source_improved_s5q49b,AHS 2017: Source of improved seeds used,5.4.9 Source of improved seeds used
pooled:AHS_pooled_household.dta,2017,s5q4_9_c,ahs_source_improved_s5q49c,AHS 2017: Source of improved seeds used,5.4.9 Source of improved seeds used
pooled:AHS_pooled_household.dta,2017,s6q1_1,ahs_hh_practice_erosion_control,AHS 2017: Did any member of your household practice any type of erosion control,6.1.1 Did any member of your household practice any type of erosion control meas
pooled:AHS_pooled_household.dta,2017,s6q1_2_1,ahs_soil_protection_measure1,AHS 2017: Soil protection measure-Measure 1,6.1.2.1 Soil protection measure-Measure 1
pooled:AHS_pooled_household.dta,2017,s6q1_2_2,ahs_soil_protection_measure2,AHS 2017: Soil protection measure-Measure 2,6.1.2.2 Soil protection measure-Measure 2
pooled:AHS_pooled_household.dta,2017,s6q1_2_3,ahs_soil_protection_measure3,AHS 2017: Soil protection measure-Measure 3,6.1.2.3 Soil protection measure-Measure 3
pooled:AHS_pooled_household.dta,2017,s6q1_3,ahs_soil_erosion_hh_land,AHS 2017: Is soil erosion on any of your household member's land increasing,6.1.3 Is soil erosion on any of your household member?s land increasing over tim
pooled:AHS_pooled_household.dta,2017,s6q1_4_1,ahs_main_form_erosion_form_2017,AHS 2017: Main form of erosion -Form 1,6.1.4.1 Main form of erosion -Form 1
pooled:AHS_pooled_household.dta,2017,s6q1_4_2,ahs_main_form_erosion_s6q142,AHS 2017: Main form of erosion -Form 2,6.1.4.2 Main form of erosion -Form 2
pooled:AHS_pooled_household.dta,2017,s6q1_4_3,ahs_main_form_erosion_s6q143,AHS 2017: Main form of erosion -Form 3,6.1.4.3 Main form of erosion -Form 3
pooled:AHS_pooled_household.dta,2017,s6q1_5_0,ahs_limitation_applying_soil,AHS 2017: Are there any limitation in applying soil protection?,6.1.5.0 Are there any limitation in applying soil protection?
pooled:AHS_pooled_household.dta,2017,s6q1_5_1,ahs_limitations_applying_2017,AHS 2017: Limitations in applying soil protection-Limitation 1,6.1.5.1 Limitations in applying soil protection-Limitation 1
pooled:AHS_pooled_household.dta,2017,s6q1_5_1_a,ahs_other_limitation_a,AHS 2017: Other Limitation specify-1,6.1.5.1-A-Other Limitation specify-1
pooled:AHS_pooled_household.dta,2017,s6q1_5_1_b,ahs_other_limitation_b,AHS 2017: Other Limitation specify-2,6.1.5.1-A-Other Limitation specify-2
pooled:AHS_pooled_household.dta,2017,s6q1_5_1_c,ahs_other_limitation_c,AHS 2017: Other Limitation specify-3,6.1.5.1-A-Other Limitation specify-3
pooled:AHS_pooled_household.dta,2017,s6q1_5_2,ahs_limitations_applying_s6q152,AHS 2017: Limitations in applying soil protection-Limitation 2,6.1.5.2 Limitations in applying soil protection-Limitation 2
pooled:AHS_pooled_household.dta,2017,s6q1_5_3,ahs_limitations_applying_s6q153,AHS 2017: Limitations in applying soil protection-Limitation 3,6.1.5.3 Limitations in applying soil protection-Limitation 3
pooled:AHS_pooled_household.dta,2017,s6q2_1,ahs_hh_practice_irrig_technique,AHS 2017: Household practice any irrigation technique?,6.2.1 Household practice any irrigation technique?
pooled:AHS_pooled_household.dta,2017,s6q2_2_1,ahs_irrigation_technics_2017,AHS 2017: Which irrigation technics -Technic 1,6.2.2.1 Which irrigation technics -Technic 1
pooled:AHS_pooled_household.dta,2017,s6q2_2_2,ahs_irrigation_technics_s6q222,AHS 2017: Which irrigation technics- Technic 2,6.2.2.2 Which irrigation technics- Technic 2
pooled:AHS_pooled_household.dta,2017,s6q2_2_3,ahs_irrigation_technics_s6q223,AHS 2017: Which irrigation technics- Technic 3,6.2.2.3 Which irrigation technics- Technic 3
pooled:AHS_pooled_household.dta,2017,s6q2_3_1,ahs_source_water_used_source1,AHS 2017: Main source of water used for irrigation-Source 1,6.2.3.1 Main source of water used for irrigation-Source 1
pooled:AHS_pooled_household.dta,2017,s6q2_3_2,ahs_source_water_used_source2,AHS 2017: Main source of water used for irrigation-Source 2,6.2.3.2 Main source of water used for irrigation-Source 2
pooled:AHS_pooled_household.dta,2017,s6q2_3_3,ahs_source_water_used_source3,AHS 2017: Main source of water used for irrigation-Source 3,6.2.3.3 Main source of water used for irrigation-Source 3
pooled:AHS_pooled_household.dta,2017,s6q2_4,ahs_use_mechanical_equipment,AHS 2017: Use any mechanical equipment,6.2.4 Use any mechanical equipment
pooled:AHS_pooled_household.dta,2017,s6q2_5_1,ahs_mechanical_equip_used_2017,AHS 2017: Mechanical equipment used-Tech Equip 1,6.2.5.1 Mechanical equipment  used-Tech Equip 1
pooled:AHS_pooled_household.dta,2017,s6q2_5_2,ahs_mechanical_equip_s6q252,AHS 2017: Mechanical equipment used-Tech Equip 2,6.2.5.1 Mechanical equipment  used-Tech Equip 2
pooled:AHS_pooled_household.dta,2017,s6q2_5_3,ahs_mechanical_equip_s6q253,AHS 2017: Mechanical equipment used-Tech Equip 3,6.2.5.3 Mechanical equipment  used-Tech Equip 3
pooled:AHS_pooled_household.dta,2020,s7q3_1,ahs_bee_keeping,AHS 2020: Have you done bee keeping in last twelve months,7.3.1 Have you done bee keeping in last twelve months
pooled:AHS_pooled_household.dta,2020,s7q3_2,ahs_traditional_bee_hives_owned,AHS 2020: Number of traditional bee hives owned now,7.3.2 Number of traditional bee hives owned now
pooled:AHS_pooled_household.dta,2020,s7q3_3,ahs_modern_bee_hives_owned_now,AHS 2020: Number of modern bee hives owned now,7.3.3 Number of modern bee hives owned now
pooled:AHS_pooled_household.dta,2020,s7q3_4,ahs_qty_honey_produced,AHS 2020: Quantity of honey produced from traditional bee hives during 12,7.3.4 Quantity of honey produced from traditional bee hives during 12 last month
pooled:AHS_pooled_household.dta,2020,s7q3_5,ahs_qty_honey_produced_modern,"AHS 2020: Quantity of honey produced from modern bee hive during 12, last months",7.3.5 Quantity of honey produced from modern bee hive during 12 last months (kg)
pooled:AHS_pooled_household.dta,2020,s7q3_6,ahs_quantity_consumed_hh_kg,AHS 2020: Quantity consumed by your household during last 12 months (kg),7.3.6 Quantity consumed by your household during last 12 months (kg)
pooled:AHS_pooled_household.dta,2020,s7q3_7,ahs_quantity_sold_kg_kg,AHS 2020: Quantity sold during last 12 months (kg) (Kg),7.3.7 Quantity sold during last 12 months (kg) (Kg)
pooled:AHS_pooled_household.dta,2020,s7q3_8,ahs_average_selling_price_kg_rwf,AHS 2020: Average selling price per kg (RWF),7.3.8  Average selling price per kg (Rwf)
pooled:AHS_pooled_household.dta,2020,s7q3_9,ahs_quantity_used_other_way_kg,AHS 2020: Quantity used in any other way during last 12 months (kg)?,7.3.9 Quantity used in any other way during last 12 months (kg)?
pooled:AHS_pooled_household.dta,2024,s8q1,ahs_aware_environmental_risks,AHS 2024: Aware of the environmental risks associated with the excessive use o,8.1 Are you aware of the environmental risks associated with the excessive use o
pooled:AHS_pooled_household.dta,2024,s8q2,ahs_hh_specific_measures,AHS 2024: Take specific measures to mitigate the environmental risk,8.2 Did your household take specific measures to mitigate the environmental risk
pooled:AHS_pooled_household.dta,2024,s8q3,ahs_specific_measures_mitigate,AHS 2024: Among the following specific measures to mitigate the environmental,8.3 Among the following specific measures to mitigate the environmental risks as
pooled:AHS_pooled_household.dta,2024,s8q4,ahs_aware_environmental_health,AHS 2024: Aware of the environmental and health risks associated with the use,8.4 Are you aware of the environmental and health risks associated with the use
pooled:AHS_pooled_household.dta,2024,s8q5,ahs_season_measures_hh_adopt,"AHS 2024: In this season, which of the following measures did your household","8.5 In this season, which of the following measures did your household adopt to"
pooled:AHS_pooled_household.dta,2024,s8q6,ahs_avoid_environ_related_risk,"AHS 2024: To avoid environment-related risk, which of the following measures","8.6 To avoid environment-related risk, which of the following measures did your"
pooled:AHS_pooled_household.dta,"2017,2020,2024",sample,ahs_sample,AHS: Sample: sampled household or LSF large-scale-farmer supplement,"CS = sampled agricultural household; LSF = large-scale-farmer supplement record (2020: 2,345 list-frame farms with weight 1; 2024: 1,939 such records) -- not part of the household sample"
pooled:AHS_pooled_household.dta,"2017,2020,2024",survey,ahs_survey,AHS: Source survey,Source survey
pooled:AHS_pooled_household.dta,"2017,2020,2024",wave,ahs_wave,AHS: Wave identifier,Wave (survey year)
pooled:AHS_pooled_household.dta,"2017,2020,2024",wt,ahs_weight,AHS: Sampling weight,"Household weight carried by every row (sums to persons in the person file, to households in the household file; repeated per record in module files)"
pooled:AHS_pooled_household.dta,"2017,2020,2024",wt_hh,ahs_household_weight,AHS: Household weight,Household weight repeated on every row of this file -- sums to the number of households ONLY in the household file (one row per household)
pooled:AHS_pooled_household.dta,"2017,2020,2024",year,ahs_year,AHS: Survey year,Survey year
pooled:AHS_pooled_animal_inputs.dta,2017,cluster,ahs_cluster,AHS 2017: Sampling cluster or village identifier,Sampling segment / cluster (as shipped)
pooled:AHS_pooled_animal_inputs.dta,"2017,2020",dist,ahs_district,"AHS: District, NISR code 11-57","District (11-57, NISR current codes)"
pooled:AHS_pooled_animal_inputs.dta,"2017,2020",hhid,ahs_household_id,AHS: Household identifier,Household id (unique within wave)
pooled:AHS_pooled_animal_inputs.dta,2020,owner,ahs_owner,AHS 2020: Owner,owner
pooled:AHS_pooled_animal_inputs.dta,"2017,2020",prov,ahs_province,"AHS: Province, NISR code 1-5","Province (1-5, NISR codes)"
pooled:AHS_pooled_animal_inputs.dta,2020,s0q10,ahs_ubudehe_category_hh_belongs,AHS 2020: Ubudehe category the household belongs in,0.10 Ubudehe category the household belongs in
pooled:AHS_pooled_animal_inputs.dta,2020,s0q12,ahs_respondent_household_head,AHS 2020: Is the respondent the Household head,0.12 Is the respondent the Household head
pooled:AHS_pooled_animal_inputs.dta,2020,s0q15,ahs_relation_resp_household_head,AHS 2020: Relationship of respondent to the Household head,0.15 Relationship of respondent to the Household head
pooled:AHS_pooled_animal_inputs.dta,2020,s0q16_1,ahs_agri_activity_household_1,AHS 2020: Agricultural activity of the Household,0.16.1 Agricultural activity of the Household
pooled:AHS_pooled_animal_inputs.dta,2020,s0q16_2,ahs_agri_activity_household_2,AHS 2020: Agricultural activity of the Household,0.16.2 Agricultural activity of the Household
pooled:AHS_pooled_animal_inputs.dta,2020,s0q16_3,ahs_agri_activity_household_3,AHS 2020: Agricultural activity of the Household,0.16.3 Agricultural activity of the Household
pooled:AHS_pooled_animal_inputs.dta,2020,s0q16_4,ahs_agri_activity_household_4,AHS 2020: Agricultural activity of the Household,0.16.4 Agricultural activity of the Household
pooled:AHS_pooled_animal_inputs.dta,2020,s0q17,ahs_agri_livelihood_activity_hh,AHS 2020: Agriculture is the main livelihood activity of your household,0.17 Agriculture is the main livelihood activity of your household
pooled:AHS_pooled_animal_inputs.dta,2020,s0q18,ahs_non_agri_activ_supporting_hh,AHS 2020: The other non-agricultural activity supporting your household,0.18 The other non-agricultural activity supporting your household
pooled:AHS_pooled_animal_inputs.dta,2017,s0q3,ahs_stratum,AHS 2017: Sampling stratum,0.3 Stratum
pooled:AHS_pooled_animal_inputs.dta,2017,s0q4,ahs_segment,AHS 2017: Segment,0.4 Segment
pooled:AHS_pooled_animal_inputs.dta,2020,s0q7,ahs_household_number,AHS 2020: Household number,0.7 Household number
pooled:AHS_pooled_animal_inputs.dta,2020,s0q9,ahs_marital_household_head,AHS 2020: Marital status of Household Head,0.9 Marital status of Household Head
pooled:AHS_pooled_animal_inputs.dta,2017,s11q1,ahs_animal_category,AHS 2017: Animal category,11.1 Animal category
pooled:AHS_pooled_animal_inputs.dta,2017,s11q10,ahs_amount_purchasing_new_fences,"AHS 2017: Amount spent on purchasing new fences, sheds","11.10 Amount spent on purchasing new fences, sheds"
pooled:AHS_pooled_animal_inputs.dta,2017,s11q11,ahs_amount_purchasing_pesticides,AHS 2017: Amount spent on purchasing Pesticides used to protect animal from,"11.11 Amount spent on purchasing Pesticides used to protect animal from insects,"
pooled:AHS_pooled_animal_inputs.dta,2017,s11q12,ahs_amount_farm_maint_2017,AHS 2017: Amount spent on farm maintenance activities,11.12 Amount spent on farm maintenance activities
pooled:AHS_pooled_animal_inputs.dta,2017,s11q13,ahs_amount_purchasing_payment,AHS 2017: Amount spent on purchasing payment of Shepherds,11.13 Amount spent on purchasing payment of Shepherds
pooled:AHS_pooled_animal_inputs.dta,2017,s11q14,ahs_purchasing_expenditures,AHS 2017: Purchasing Other expenditures,11.14 purchasing Other expenditures
pooled:AHS_pooled_animal_inputs.dta,2017,s11q2,ahs_amount_rent_land_2017,AHS 2017: Amount spent on rent for land grazing,11.2 Amount spent on rent for land grazing
pooled:AHS_pooled_animal_inputs.dta,2017,s11q3,ahs_amount_purchasing_2017,AHS 2017: Amount spent on purchasing fodder crop,11.3 Amount spent on purchasing fodder crop
pooled:AHS_pooled_animal_inputs.dta,2017,s11q4,ahs_amount_purchasing_feed,AHS 2017: Amount spent on purchasing feed,11.4 Amount spent on purchasing feed
pooled:AHS_pooled_animal_inputs.dta,2017,s11q5,ahs_amount_purchasing_salt_2017,AHS 2017: Amount spent on purchasing salt and minerals,11.5 Amount spent on purchasing salt and minerals
pooled:AHS_pooled_animal_inputs.dta,2017,s11q6,ahs_amount_purchasing_2017_s11q6,AHS 2017: Amount spent on purchasing artificial insemination,11.6 Amount spent on purchasing artificial insemination
pooled:AHS_pooled_animal_inputs.dta,2017,s11q7,ahs_amount_purchasing_medecine,"AHS 2017: Amount spent on purchasing vaccines,dips,sprays and medecine","11.7 Amount spent on purchasing vaccines,dips,sprays and medecine"
pooled:AHS_pooled_animal_inputs.dta,2017,s11q8,ahs_amount_purchasing_2017_s11q8,AHS 2017: Amount spent on purchasing veterinary services,11.8 Amount spent on purchasing veterinary services
pooled:AHS_pooled_animal_inputs.dta,2017,s11q9,ahs_amount_purchasing_repairs,"AHS 2017: Amount spent on purchasing repairs of fencing, sheds","11.9 Amount spent on purchasing repairs of fencing, sheds"
pooled:AHS_pooled_animal_inputs.dta,2020,s5q2,ahs_animal_reared,AHS 2020: Animal reared in last 12 months,5.2 Animal reared in last 12 months
pooled:AHS_pooled_animal_inputs.dta,2020,s5q2_o,ahs_other_animal_reared,AHS 2020: Other animal reared in last 12 months,5.2 Other animal reared in last 12 months
pooled:AHS_pooled_animal_inputs.dta,2020,s5q3,ahs_number_animals_reared_now,AHS 2020: Number of animals reared now,5.3. Number of animals reared now
pooled:AHS_pooled_animal_inputs.dta,2020,s9q10,ahs_amount_farm_maint_2020,AHS 2020: Amount spent on farm maintenance activities,9.10 Amount spent on farm maintenance activities
pooled:AHS_pooled_animal_inputs.dta,2020,s9q11,ahs_amount_payment_shepherds,AHS 2020: Amount spent on payment of shepherds,9.11 Amount spent on payment of shepherds
pooled:AHS_pooled_animal_inputs.dta,2020,s9q12,ahs_other_expenditures,AHS 2020: Other expenditures,9.12 Other expenditures
pooled:AHS_pooled_animal_inputs.dta,2020,s9q2,ahs_amount_rent_kraal_renting,AHS 2020: Amount spent on rent for land grazing/kraal/renting animal shelter,9.2 Amount spent on rent for land grazing/kraal/renting animal shelter
pooled:AHS_pooled_animal_inputs.dta,2020,s9q3,ahs_amount_purchasing_2020,AHS 2020: Amount spent on purchasing fodder crop,9.3 Amount spent on purchasing fodder crop
pooled:AHS_pooled_animal_inputs.dta,2020,s9q4,ahs_amount_purchasing_feeds,AHS 2020: Amount spent on purchasing feeds/water,9.4 Amount spent on purchasing feeds/water
pooled:AHS_pooled_animal_inputs.dta,2020,s9q5,ahs_amount_purchasing_salt_2020,AHS 2020: Amount spent on purchasing salt and minerals,9.5 Amount spent on purchasing salt and minerals
pooled:AHS_pooled_animal_inputs.dta,2020,s9q6,ahs_amount_purchasing_2020_s9q6,AHS 2020: Amount spent on purchasing artificial insemination,9.6 Amount spent on purchasing artificial insemination
pooled:AHS_pooled_animal_inputs.dta,2020,s9q7,ahs_amount_purchasing_medicine,"AHS 2020: Amount spent on purchasing vaccines, dips, sprays and medicine","9.7 Amount spent on purchasing vaccines, dips, sprays and medicine"
pooled:AHS_pooled_animal_inputs.dta,2020,s9q8,ahs_amount_purchasing_2020_s9q8,AHS 2020: Amount spent on purchasing veterinary services,9.8 Amount spent on purchasing veterinary services
pooled:AHS_pooled_animal_inputs.dta,2020,s9q9,ahs_amount_setting_new_fences,AHS 2020: Amount spent on setting new fences/sheds or repairs of fencing/sheds,9.9 Amount spent on setting new fences/sheds or repairs of fencing/sheds
pooled:AHS_pooled_animal_inputs.dta,"2017,2020",sample,ahs_sample,AHS: Sample: sampled household or LSF large-scale-farmer supplement,"CS = sampled agricultural household; LSF = large-scale-farmer supplement record (2020: 2,345 list-frame farms with weight 1; 2024: 1,939 such records) -- not part of the household sample"
pooled:AHS_pooled_animal_inputs.dta,"2017,2020",survey,ahs_survey,AHS: Source survey,Source survey
pooled:AHS_pooled_animal_inputs.dta,"2017,2020",wave,ahs_wave,AHS: Wave identifier,Wave (survey year)
pooled:AHS_pooled_animal_inputs.dta,"2017,2020",wt,ahs_weight,AHS: Sampling weight,"Household weight carried by every row (sums to persons in the person file, to households in the household file; repeated per record in module files)"
pooled:AHS_pooled_animal_inputs.dta,"2017,2020",wt_hh,ahs_household_weight,AHS: Household weight,Household weight repeated on every row of this file -- sums to the number of households ONLY in the household file (one row per household)
pooled:AHS_pooled_animal_inputs.dta,"2017,2020",year,ahs_year,AHS: Survey year,Survey year
pooled:AHS_pooled_credits.dta,"2017,2024",cluster,ahs_cluster,AHS 2017-2024: Sampling cluster or village identifier,Sampling segment / cluster (as shipped)
pooled:AHS_pooled_credits.dta,"2017,2020,2024",dist,ahs_district,"AHS: District, NISR code 11-57","District (11-57, NISR current codes)"
pooled:AHS_pooled_credits.dta,"2017,2020,2024",hhid,ahs_household_id,AHS: Household identifier,Household id (unique within wave)
pooled:AHS_pooled_credits.dta,2024,loan,ahs_household_requested_loan,AHS 2024: Does any household member requested any loan?,does any household member requested any loan?
pooled:AHS_pooled_credits.dta,2024,pid,ahs_person_id,AHS 2024: Person number within the household,Person number within the household
pooled:AHS_pooled_credits.dta,"2017,2020,2024",prov,ahs_province,"AHS: Province, NISR code 1-5","Province (1-5, NISR codes)"
pooled:AHS_pooled_credits.dta,2020,s0q10,ahs_ubudehe_category_hh_belong,AHS 2020: Which Ubudehe category does the household belong in,0.10 Which Ubudehe category does the household belong in
pooled:AHS_pooled_credits.dta,2020,s0q12,ahs_respondent_household_head,AHS 2020: Is the respondent the Household head,0.12 Is the respondent the Household head
pooled:AHS_pooled_credits.dta,2020,s0q15,ahs_relation_resp_household_head,AHS 2020: Relationship of respondent to the Household head,0.15 Relationship of respondent to the Household head
pooled:AHS_pooled_credits.dta,2020,s0q16_1,ahs_agri_activity_hh_activity1,AHS 2020: What is the agricultural activity of the Household?(activity1),What is the agricultural activity of the Household?(activity1)
pooled:AHS_pooled_credits.dta,2020,s0q16_2,ahs_agri_activity_hh_activity2,AHS 2020: What is the agricultural activity of the Household?(activity2),What is the agricultural activity of the Household?(activity2)
pooled:AHS_pooled_credits.dta,2020,s0q16_3,ahs_agri_activity_hh_activity3,AHS 2020: What is the agricultural activity of the Household?(activity3),What is the agricultural activity of the Household?(activity3)
pooled:AHS_pooled_credits.dta,2020,s0q16_4,ahs_agri_activity_hh_activity4,AHS 2020: What is the agricultural activity of the Household?(activity4),What is the agricultural activity of the Household?(activity4)
pooled:AHS_pooled_credits.dta,2020,s0q17,ahs_agri_livelihood_activity_hh,AHS 2020: Is agriculture the main livelihood activity of your household,0.17 Is agriculture the main livelihood activity of your household
pooled:AHS_pooled_credits.dta,2020,s0q18,ahs_non_agri_activity_support_hh,AHS 2020: Other non-agricultural activity which support your household,0.18 What is the other non-agricultural activity which  support your household
pooled:AHS_pooled_credits.dta,2017,s0q3,ahs_stratum,AHS 2017: Sampling stratum,0.3 Stratum
pooled:AHS_pooled_credits.dta,2017,s0q4,ahs_segment,AHS 2017: Segment,0.4 Segment
pooled:AHS_pooled_credits.dta,2020,s0q7,ahs_household_number,AHS 2020: Household number,0.7 Household number
pooled:AHS_pooled_credits.dta,2020,s0q9,ahs_marital_household_head,AHS 2020: Marital status of Household Head,0.9 Marital status of Household Head
pooled:AHS_pooled_credits.dta,2024,s10aq1,ahs_household_tried_obtain_loan,AHS 2024: Household member tried to obtain a loan,Household member tried to obtain a loan
pooled:AHS_pooled_credits.dta,2024,s10aq2,ahs_main_reason_why_loan_denied,AHS 2024: Main reason why loan was denied,Main reason why loan was denied
pooled:AHS_pooled_credits.dta,2024,s10aq3,ahs_household_owe_money,AHS 2024: Household members owe money,Household members owe money
pooled:AHS_pooled_credits.dta,2024,s10aq4,ahs_loan_id_number,AHS 2024: Loan Id Number,Loan Id Number
pooled:AHS_pooled_credits.dta,2024,s10aq6_other,ahs_other_origin_loan,AHS 2024: Specify Other origin of the loan,Specify Other origin  of the loan
pooled:AHS_pooled_credits.dta,2024,s10aq7,ahs_main_purpose_loan_2024,AHS 2024: Main purpose of loan,Main purpose of loan
pooled:AHS_pooled_credits.dta,2024,s10aq7_o,ahs_main_purpose_loan_o,AHS 2024: Main purpose of loan,Main purpose of loan
pooled:AHS_pooled_credits.dta,2024,s10q6,ahs_source_loan,AHS 2024: Source of loan,source of loan
pooled:AHS_pooled_credits.dta,"2017,2020",s4q1,ahs_household_bank_account,AHS 2017-2020: Does any household member have any bank account?,4.1 Does any household member have any bank account?
pooled:AHS_pooled_credits.dta,2017,s4q10,ahs_requested_loan3_approved,AHS 2017: Was the requested loan 3 approved?,4.10 Was the requested loan 3 approved?
pooled:AHS_pooled_credits.dta,2020,s4q10_1,ahs_loan_requested_1,AHS 2020: From where the loan was requested?(1)?,4.10 From where the loan was requested?(1)?
pooled:AHS_pooled_credits.dta,2020,s4q10_2,ahs_loan_requested_2,AHS 2020: From where the loan was requested?(2)?,4.10 From where the loan was requested?(2)?
pooled:AHS_pooled_credits.dta,2020,s4q10_3,ahs_loan_requested_3,AHS 2020: From where the loan was requested?(3)?,4.10 From where the loan was requested?(3)?
pooled:AHS_pooled_credits.dta,2020,s4q10_4,ahs_loan_requested_4,AHS 2020: From where the loan was requested?(4)?,4.10 From where the loan was requested?(4)?
pooled:AHS_pooled_credits.dta,2020,s4q11,ahs_loans_requested_2020,AHS 2020: Among loans requested were there some of them rejected?,4.11 Among loans requested were there some of them rejected?
pooled:AHS_pooled_credits.dta,2017,s4q11_v2,ahs_agri_loan3_requested_2017,AHS 2017: If the agricultural loan 3 was requested but not approved what was,4.11 If the agricultural loan 3 was requested but not approved what was the main
pooled:AHS_pooled_credits.dta,2020,s4q12,ahs_loan_rejected_reason_2020,AHS 2020: If the loan was rejected what was the main reason?,4.12 If the loan was rejected what was the main reason?
pooled:AHS_pooled_credits.dta,2017,s4q12_v2,ahs_recvd_fund_grant_agri_2017,AHS 2017: Received any fund for grant for agricultural purpose during 2016-2,4.12 Have you received any fund for grant for agricultural purpose during 2016-2
pooled:AHS_pooled_credits.dta,2020,s4q13,ahs_main_use_rejected_loan_2020,AHS 2020: What was the main use of the rejected loan?,What was the main use of the rejected loan?
pooled:AHS_pooled_credits.dta,2017,s4q13_v2,ahs_origin_grant_2017,AHS 2017: What is the origin of that grant?,4.13 What is the origin of that grant?
pooled:AHS_pooled_credits.dta,2017,s4q2,ahs_household_request_loan,"AHS 2017: During 2016-2017, did any member of the household request a loan?","4.2 During 2016-2017, did any member of the household request a loan?"
pooled:AHS_pooled_credits.dta,2020,s4q2_1,ahs_hh_codes_bank_account_1,AHS 2020: HH member codes of bank account holders in your household,4.2 HH member codes of bank account holders in your household
pooled:AHS_pooled_credits.dta,2020,s4q2_2,ahs_hh_codes_bank_account_2,AHS 2020: HH member codes of bank account holders in your household,4.2 HH member codes of bank account holders in your household
pooled:AHS_pooled_credits.dta,2020,s4q2_3,ahs_hh_codes_bank_account_3,AHS 2020: HH member codes of bank account holders in your household,4.2 HH member codes of bank account holders in your household
pooled:AHS_pooled_credits.dta,2020,s4q2_4,ahs_hh_codes_bank_account_4,AHS 2020: HH member codes of bank account holders in your household,4.2 HH member codes of bank account holders in your household
pooled:AHS_pooled_credits.dta,2020,s4q2_5,ahs_hh_codes_bank_account_5,AHS 2020: HH member codes of bank account holders in your household,4.2 HH member codes of bank account holders in your household
pooled:AHS_pooled_credits.dta,2020,s4q2_6,ahs_codes_bank_account_holders_6,AHS 2020: Member codes of bank account holders in your household,4.2 member codes of bank account holders in your household
pooled:AHS_pooled_credits.dta,2020,s4q2_7,ahs_hh_codes_bank_account_7,AHS 2020: HH member codes of bank account holders in your household,4.2 HH member codes of bank account holders in your household
pooled:AHS_pooled_credits.dta,2020,s4q2_8,ahs_hh_codes_bank_account_8,AHS 2020: HH member codes of bank account holders in your household,4.2 HH member codes of bank account holders in your household
pooled:AHS_pooled_credits.dta,2020,s4q2_9,ahs_hh_codes_bank_account_9,AHS 2020: HH member codes of bank account holders in your household,4.2 HH member codes of bank account holders in your household
pooled:AHS_pooled_credits.dta,2017,s4q3,ahs_financial_institution_loan1,AHS 2017: From which type of financial Institution was the loan 1 requested?,4.3 From which type of financial Institution was the loan 1 requested?
pooled:AHS_pooled_credits.dta,2020,s4q3_1,ahs_financial_instutition1_1,AHS 2020: What are main financial institution/s of bank holders(instutition1),4.3 What are main financial institution/s of bank holders(instutition1)
pooled:AHS_pooled_credits.dta,2020,s4q3_2,ahs_financial_instutition1_2,AHS 2020: What are main financial institution/s of bank holders(instutition1)?,4.3 What are main financial institution/s of bank holders(instutition1)?
pooled:AHS_pooled_credits.dta,2020,s4q3_3,ahs_financial_instutition1_3,AHS 2020: What are main financial institution/s of bank holders(instutition1)?,4.3 What are main financial institution/s of bank holders(instutition1)?
pooled:AHS_pooled_credits.dta,2020,s4q3_4,ahs_financial_instutition1_4,AHS 2020: What are main financial institution/s of bank holders(instutition1)?,4.3 What are main financial institution/s of bank holders(instutition1)?
pooled:AHS_pooled_credits.dta,2020,s4q4,ahs_hh_belonging_tontine_2020,AHS 2020: Is there any household member belonging to tontine/solidarity fund?,Is there any household member belonging to tontine/solidarity fund?
pooled:AHS_pooled_credits.dta,2017,s4q4_v2,ahs_requested_loan1_2017,AHS 2017: Was the requested loan 1 approved?,4.4 Was the requested loan 1 approved?
pooled:AHS_pooled_credits.dta,2020,s4q5,ahs_household_savings_2020,AHS 2020: Did any household member have savings during last 12 months?,4.5 Did any household member have savings during last 12 months?
pooled:AHS_pooled_credits.dta,2017,s4q5_v2,ahs_agri_loan1_requested_2017,AHS 2017: If the agricultural loan 1 was requested but not approved what was,4.5 If the agricultural loan 1 was requested but not approved what was the main
pooled:AHS_pooled_credits.dta,2017,s4q6,ahs_financial_institution_loan2,AHS 2017: From which type of financial Institution was the loan 2 requested?,4.6 From which type of financial Institution was the loan 2 requested?
pooled:AHS_pooled_credits.dta,2020,s4q6_1,ahs_hh_codes_bank_account_s4q61,AHS 2020: HH member codes of bank account holders in your household,4.2 HH member codes of bank account holders in your household
pooled:AHS_pooled_credits.dta,2020,s4q6_2,ahs_hh_codes_bank_account_s4q62,AHS 2020: HH member codes of bank account holders in your household,4.2 HH member codes of bank account holders in your household
pooled:AHS_pooled_credits.dta,2020,s4q6_3,ahs_hh_codes_bank_account_s4q63,AHS 2020: HH member codes of bank account holders in your household,4.2 HH member codes of bank account holders in your household
pooled:AHS_pooled_credits.dta,2020,s4q6_4,ahs_hh_codes_bank_account_s4q64,AHS 2020: HH member codes of bank account holders in your household,4.2 HH member codes of bank account holders in your household
pooled:AHS_pooled_credits.dta,2020,s4q6_5,ahs_hh_codes_bank_account_s4q65,AHS 2020: HH member codes of bank account holders in your household,4.2 HH member codes of bank account holders in your household
pooled:AHS_pooled_credits.dta,2020,s4q6_6,ahs_codes_bank_account_s4q66,AHS 2020: Member codes of bank account holders in your household,4.2 member codes of bank account holders in your household
pooled:AHS_pooled_credits.dta,2020,s4q6_7,ahs_hh_codes_bank_account_s4q67,AHS 2020: HH member codes of bank account holders in your household,4.2 HH member codes of bank account holders in your household
pooled:AHS_pooled_credits.dta,2020,s4q6_8,ahs_hh_codes_bank_account_s4q68,AHS 2020: HH member codes of bank account holders in your household,4.2 HH member codes of bank account holders in your household
pooled:AHS_pooled_credits.dta,2020,s4q6_9,ahs_hh_codes_bank_account_s4q69,AHS 2020: HH member codes of bank account holders in your household,4.2 HH member codes of bank account holders in your household
pooled:AHS_pooled_credits.dta,2017,s4q7,ahs_requested_loan2_approved,AHS 2017: Was the requested loan 2 approved?,4.7 Was the requested loan 2 approved?
pooled:AHS_pooled_credits.dta,2020,s4q7_1,ahs_financial_institution_1,AHS 2020: What main financial institution/s in which savings were made(1)?,What main financial institution/s in which savings were made(1)?
pooled:AHS_pooled_credits.dta,2020,s4q7_2,ahs_financial_institution_2,AHS 2020: What main financial institution/s in which savings were made(2)?,What main financial institution/s in which savings were made(2)?
pooled:AHS_pooled_credits.dta,2020,s4q7_3,ahs_financial_institution_3,AHS 2020: What main financial institution/s in which savings were made(3)?,What main financial institution/s in which savings were made(3)?
pooled:AHS_pooled_credits.dta,2020,s4q7_4,ahs_financial_institution_4,AHS 2020: What main financial institution/s in which savings were made(4)?,What main financial institution/s in which savings were made(4)?
pooled:AHS_pooled_credits.dta,2020,s4q8,ahs_household_request_loan_2020,"AHS 2020: Did any member of your household request any loan, last 12 months",4.8 Did any member of your household request any loan during last 12 months?
pooled:AHS_pooled_credits.dta,2017,s4q8_v2,ahs_agri_loan2_requested_2017,AHS 2017: If the agricultural loan 2 was requested but not approved what was,4.8 If the agricultural loan 2 was requested but not approved what was the main
pooled:AHS_pooled_credits.dta,2017,s4q9,ahs_financial_institution_loan3,AHS 2017: From which type of financial Institution was the loan 3 requested?,4.9 From which type of financial Institution was the loan 3 requested?
pooled:AHS_pooled_credits.dta,2020,s4q9_1,ahs_hh_codes_bank_account_s4q91,AHS 2020: HH member codes of bank account holders in your household,4.2 HH member codes of bank account holders in your household
pooled:AHS_pooled_credits.dta,2020,s4q9_2,ahs_hh_codes_bank_account_s4q92,AHS 2020: HH member codes of bank account holders in your household,4.2 HH member codes of bank account holders in your household
pooled:AHS_pooled_credits.dta,2020,s4q9_3,ahs_hh_codes_bank_account_s4q93,AHS 2020: HH member codes of bank account holders in your household,4.2 HH member codes of bank account holders in your household
pooled:AHS_pooled_credits.dta,2020,s4q9_4,ahs_hh_codes_bank_account_s4q94,AHS 2020: HH member codes of bank account holders in your household,4.2 HH member codes of bank account holders in your household
pooled:AHS_pooled_credits.dta,2020,s4q9_5,ahs_hh_codes_bank_account_s4q95,AHS 2020: HH member codes of bank account holders in your household,4.2 HH member codes of bank account holders in your household
pooled:AHS_pooled_credits.dta,2020,s4q9_6,ahs_codes_bank_account_s4q96,AHS 2020: Member codes of bank account holders in your household,4.2 member codes of bank account holders in your household
pooled:AHS_pooled_credits.dta,2020,s4q9_7,ahs_hh_codes_bank_account_s4q97,AHS 2020: HH member codes of bank account holders in your household,4.2 HH member codes of bank account holders in your household
pooled:AHS_pooled_credits.dta,"2017,2020,2024",sample,ahs_sample,AHS: Sample: sampled household or LSF large-scale-farmer supplement,"CS = sampled agricultural household; LSF = large-scale-farmer supplement record (2020: 2,345 list-frame farms with weight 1; 2024: 1,939 such records) -- not part of the household sample"
pooled:AHS_pooled_credits.dta,"2017,2020,2024",survey,ahs_survey,AHS: Source survey,Source survey
pooled:AHS_pooled_credits.dta,"2017,2020,2024",wave,ahs_wave,AHS: Wave identifier,Wave (survey year)
pooled:AHS_pooled_credits.dta,"2017,2020,2024",wt,ahs_weight,AHS: Sampling weight,"Household weight carried by every row (sums to persons in the person file, to households in the household file; repeated per record in module files)"
pooled:AHS_pooled_credits.dta,"2017,2020,2024",wt_hh,ahs_household_weight,AHS: Household weight,Household weight repeated on every row of this file -- sums to the number of households ONLY in the household file (one row per household)
pooled:AHS_pooled_credits.dta,"2017,2020,2024",year,ahs_year,AHS: Survey year,Survey year
pooled:AHS_pooled_eggs.dta,2024,_merge,ahs_matching_result_merge,AHS 2024: Matching result from merge,Matching result from merge
pooled:AHS_pooled_eggs.dta,2024,cluster,ahs_cluster,AHS 2024: Sampling cluster or village identifier,Sampling segment / cluster (as shipped)
pooled:AHS_pooled_eggs.dta,"2020,2024",dist,ahs_district,"AHS: District, NISR code 11-57","District (11-57, NISR current codes)"
pooled:AHS_pooled_eggs.dta,"2020,2024",hhid,ahs_household_id,AHS: Household identifier,Household id (unique within wave)
pooled:AHS_pooled_eggs.dta,2024,owner,ahs_owner,AHS 2024: Owner,owner
pooled:AHS_pooled_eggs.dta,"2020,2024",prov,ahs_province,"AHS: Province, NISR code 1-5","Province (1-5, NISR codes)"
pooled:AHS_pooled_eggs.dta,2020,s0q10,ahs_ubudehe_category_hh_belong,AHS 2020: Which Ubudehe category does the household belong in,0.10 Which Ubudehe category does the household belong in
pooled:AHS_pooled_eggs.dta,2020,s0q12,ahs_respondent_household_head,AHS 2020: Is the respondent the Household head,0.12 Is the respondent the Household head
pooled:AHS_pooled_eggs.dta,2020,s0q15,ahs_relation_resp_household_head,AHS 2020: Relationship of respondent to the Household head,0.15 Relationship of respondent to the Household head
pooled:AHS_pooled_eggs.dta,2020,s0q16_1,ahs_agri_activity_hh_activity1,AHS 2020: What is the agricultural activity of the Household?(activity1),What is the agricultural activity of the Household?(activity1)
pooled:AHS_pooled_eggs.dta,2020,s0q16_2,ahs_agri_activity_hh_activity2,AHS 2020: What is the agricultural activity of the Household?(activity2),What is the agricultural activity of the Household?(activity2)
pooled:AHS_pooled_eggs.dta,2020,s0q16_3,ahs_agri_activity_hh_activity3,AHS 2020: What is the agricultural activity of the Household?(activity3),What is the agricultural activity of the Household?(activity3)
pooled:AHS_pooled_eggs.dta,2020,s0q16_4,ahs_agri_activity_hh_activity4,AHS 2020: What is the agricultural activity of the Household?(activity4),What is the agricultural activity of the Household?(activity4)
pooled:AHS_pooled_eggs.dta,2020,s0q17,ahs_agri_livelihood_activity_hh,AHS 2020: Is agriculture the main livelihood activity of your household,0.17 Is agriculture the main livelihood activity of your household
pooled:AHS_pooled_eggs.dta,2020,s0q18,ahs_non_agri_activity_support_hh,AHS 2020: Other non-agricultural activity which support your household,0.18 What is the other non-agricultural activity which  support your household
pooled:AHS_pooled_eggs.dta,2020,s0q7,ahs_household_number,AHS 2020: Household number,0.7 Household number
pooled:AHS_pooled_eggs.dta,2020,s0q9,ahs_marital_household_head,AHS 2020: Marital status of Household Head,0.9 Marital status of Household Head
pooled:AHS_pooled_eggs.dta,2024,s11q2_0,ahs_yield,AHS 2024: Yield,Yield
pooled:AHS_pooled_eggs.dta,2024,s11q2_1,ahs_household_produce_eggs_1,AHS 2024: Did your household produce eggs during the last 6 months,11.2.1 did your household produce eggs during the last 6 months
pooled:AHS_pooled_eggs.dta,2024,s11q2_2,ahs_month_2,AHS 2024: Month,11.2.2 Month
pooled:AHS_pooled_eggs.dta,2024,s11q2_3,ahs_number_laying_hen_month,AHS 2024: Number of laying hen in the month of ?,11.2.3 Number of laying hen in the month of ?
pooled:AHS_pooled_eggs.dta,2024,s11q2_4,ahs_number_eggs_produced_month_4,AHS 2024: Number of eggs produced in the month of ?,11.2.4 Number of eggs produced in the month of ?
pooled:AHS_pooled_eggs.dta,2024,s11q2_5,ahs_eggs_consumed_home_month,AHS 2024: Number of eggs consumed at home in the month of,11.2.5 Number of eggs consumed at home in the month of
pooled:AHS_pooled_eggs.dta,2024,s11q2_6,ahs_number_eggs_sold_month_6,AHS 2024: Number of eggs sold in the month of ?,11.2.6 Number of eggs sold in the month of ?
pooled:AHS_pooled_eggs.dta,2024,s11q2_7,ahs_price_egg_price_sold_eggs_7,AHS 2024: Price per egg (price for last sold eggs),11.2.7 Price per egg (price for last sold eggs)
pooled:AHS_pooled_eggs.dta,2024,s11q2_8,ahs_quantity_used_hatching_month,AHS 2024: Quantity used in hatching in the month of?,11.2.8 Quantity used in hatching in the month of?
pooled:AHS_pooled_eggs.dta,2024,s11q2_9,ahs_quantity_used_way_month,AHS 2024: Quantity used in any other way in the month of?,11.2.9 Quantity used in any other way in the month of?
pooled:AHS_pooled_eggs.dta,2020,s1q1,ahs_total_number_household,AHS 2020: Total number of household members,1.1 Total number of household members
pooled:AHS_pooled_eggs.dta,2020,s1q10,ahs_engaged_agribusiness_activ,AHS 2020: Has...been/engaged in any of the following agribusiness activities,s1q10 Has...been/engaged in any of the following agribusiness activities during
pooled:AHS_pooled_eggs.dta,2020,s1q4,ahs_hh_relation_hh_head,AHS 2020: What is the household member's relationship with the household Head?,1.4 What is the household member?s relationship with the household Head?
pooled:AHS_pooled_eggs.dta,2020,s1q5,ahs_sex_household,AHS 2020: What is the sex of household member?,1.5 What is the sex of household member?
pooled:AHS_pooled_eggs.dta,2020,s1q6,ahs_age_household,AHS 2020: What is the age of household member?,1.6 What is the age of household member?
pooled:AHS_pooled_eggs.dta,2020,s1q7,ahs_highest_educ_attained_hh,AHS 2020: Highest level of education attained by the household member,1.7 What is the highest level of education attained by the household member?
pooled:AHS_pooled_eggs.dta,2020,s1q8,ahs_economic_activity_household,AHS 2020: What is the main economic activity of household member,1.8 What is the main economic activity of hh member
pooled:AHS_pooled_eggs.dta,2020,s1q9,ahs_engaged_agri_activ_agric,AHS 2020: Been engaged in agricultural activities during last 2019/2020 agric,1.9 Have you been engaged in agricultural activities during last 2019/2020 agric
pooled:AHS_pooled_eggs.dta,2020,s7q2_1,ahs_household_produce_s7q21,AHS 2020: Did your household produce eggs during last 12 months?,7.2.1 Did your household produce eggs during last 12 months?
pooled:AHS_pooled_eggs.dta,2020,s7q2_2,ahs_month_2_s7q22,AHS 2020: Month,7.2.2 Month
pooled:AHS_pooled_eggs.dta,2020,s7q2_3,ahs_number_eggs_produced_month_3,AHS 2020: Number of eggs produced in that month,7.2.3 Number of eggs produced in that month
pooled:AHS_pooled_eggs.dta,2020,s7q2_4,ahs_number_eggs_consumed_month,AHS 2020: Number of eggs consumed in that month,7.2.4 Number of eggs consumed in that month
pooled:AHS_pooled_eggs.dta,2020,s7q2_5,ahs_number_eggs_sold_month_5,AHS 2020: Number of eggs sold in that month,7.2.5 Number of eggs sold in that month
pooled:AHS_pooled_eggs.dta,2020,s7q2_6,ahs_price_egg_price_sold_eggs_6,AHS 2020: Price per egg (price for last sold eggs),7.2.6 Price per egg (price for last sold eggs)
pooled:AHS_pooled_eggs.dta,2020,s7q2_7,ahs_quantity_used_other_way,AHS 2020: Quantity used in any other way,7.2.7 Quantity used in any other way
pooled:AHS_pooled_eggs.dta,"2020,2024",sample,ahs_sample,AHS: Sample: sampled household or LSF large-scale-farmer supplement,"CS = sampled agricultural household; LSF = large-scale-farmer supplement record (2020: 2,345 list-frame farms with weight 1; 2024: 1,939 such records) -- not part of the household sample"
pooled:AHS_pooled_eggs.dta,"2020,2024",survey,ahs_survey,AHS: Source survey,Source survey
pooled:AHS_pooled_eggs.dta,2020,total_egg,ahs_eggs_total,"AHS 2020: Total eggs, no label shipped",
pooled:AHS_pooled_eggs.dta,"2020,2024",wave,ahs_wave,AHS: Wave identifier,Wave (survey year)
pooled:AHS_pooled_eggs.dta,"2020,2024",wt,ahs_weight,AHS: Sampling weight,"Household weight carried by every row (sums to persons in the person file, to households in the household file; repeated per record in module files)"
pooled:AHS_pooled_eggs.dta,"2020,2024",wt_hh,ahs_household_weight,AHS: Household weight,Household weight repeated on every row of this file -- sums to the number of households ONLY in the household file (one row per household)
pooled:AHS_pooled_eggs.dta,"2020,2024",year,ahs_year,AHS: Survey year,Survey year
pooled:AHS_pooled_extension.dta,"2017,2024",cluster,ahs_cluster,AHS 2017-2024: Sampling cluster or village identifier,Sampling segment / cluster (as shipped)
pooled:AHS_pooled_extension.dta,"2017,2020,2024",dist,ahs_district,"AHS: District, NISR code 11-57","District (11-57, NISR current codes)"
pooled:AHS_pooled_extension.dta,"2017,2020,2024",hhid,ahs_household_id,AHS: Household identifier,Household id (unique within wave)
pooled:AHS_pooled_extension.dta,"2017,2020,2024",prov,ahs_province,"AHS: Province, NISR code 1-5","Province (1-5, NISR codes)"
pooled:AHS_pooled_extension.dta,2020,s0q10,ahs_ubudehe_category_hh_belong,AHS 2020: Which Ubudehe category does the household belong in,0.10 Which Ubudehe category does the household belong in
pooled:AHS_pooled_extension.dta,2020,s0q12,ahs_respondent_household_head,AHS 2020: Is the respondent the Household head,0.12 Is the respondent the Household head
pooled:AHS_pooled_extension.dta,2020,s0q15,ahs_relation_resp_household_head,AHS 2020: Relationship of respondent to the Household head,0.15 Relationship of respondent to the Household head
pooled:AHS_pooled_extension.dta,2020,s0q16_1,ahs_agri_activity_hh_activity1,AHS 2020: What is the agricultural activity of the Household?(activity1),0.16 What is the agricultural activity of the Household?(activity1)
pooled:AHS_pooled_extension.dta,2020,s0q16_2,ahs_agri_activity_hh_activity2,AHS 2020: What is the agricultural activity of the Household?(activity2),0.16 What is the agricultural activity of the Household?(activity2)
pooled:AHS_pooled_extension.dta,2020,s0q16_3,ahs_agri_activity_hh_activity3,AHS 2020: What is the agricultural activity of the Household?(activity3),0.16 What is the agricultural activity of the Household?(activity3)
pooled:AHS_pooled_extension.dta,2020,s0q16_4,ahs_agri_activity_hh_activity4,AHS 2020: What is the agricultural activity of the Household?(activity4),0.16 What is the agricultural activity of the Household?(activity4)
pooled:AHS_pooled_extension.dta,2020,s0q17,ahs_agri_livelihood_activity_hh,AHS 2020: Is agriculture the main livelihood activity of your household,0.17 Is agriculture the main livelihood activity of your household
pooled:AHS_pooled_extension.dta,2020,s0q18,ahs_non_agri_activity_support_hh,AHS 2020: Other non-agricultural activity which support your household,0.18 What is the other non-agricultural activity which  support your household
pooled:AHS_pooled_extension.dta,2017,s0q3,ahs_stratum,AHS 2017: Sampling stratum,0.3 Stratum
pooled:AHS_pooled_extension.dta,2017,s0q4,ahs_segment,AHS 2017: Segment,0.4 Segment
pooled:AHS_pooled_extension.dta,2020,s0q7,ahs_household_number,AHS 2020: Household number,0.7 Household number
pooled:AHS_pooled_extension.dta,2020,s0q9,ahs_marital_household_head,AHS 2020: Marital status of Household Head,0.9 Marital status of Household Head
pooled:AHS_pooled_extension.dta,2017,s3q1,ahs_hh_benefited_extension_svc,AHS 2017: Has any member of this household benefited from any extension service,3.1 Has any member of this household benefited from any extension service during
pooled:AHS_pooled_extension.dta,2017,s3q10,ahs_reared_cow_donated_friends,AHS 2017: Was there any reared cow donated by friends during 2016-2017,3.10 Was there any reared cow donated by friends during 2016-2017  Agricultural
pooled:AHS_pooled_extension.dta,2017,s3q11,ahs_reared_cow_bought_hh_ag,AHS 2017: Was there any reared cow bought by any household member during,3.11 Was there any reared cow bought by any household member during 2016-2017 Ag
pooled:AHS_pooled_extension.dta,2017,s3q12,ahs_reared_cow_neither_bought,AHS 2017: Was there any reared cow that was neither bought nor donated but own,3.12 Was there any reared cow that was neither bought nor donated but own raised
pooled:AHS_pooled_extension.dta,2017,s3q13,ahs_hh_cow_provided_girinka,AHS 2017: Does any member of this household still have cow provided by GIRINKA,3.13 Does any member of this household still have cow provided by GIRINKA Progra
pooled:AHS_pooled_extension.dta,2017,s3q14,ahs_why_doesn_t_cow,AHS 2017: Why she/he doesn? t still have that cow?,3.14 Why she/he doesn?t still have that cow?
pooled:AHS_pooled_extension.dta,2017,s3q15,ahs_child_hh_benefit_cup_milk,AHS 2017: Does any child of your household benefit one cup of milk at school,3.15 Does any child of your household benefit one cup of milk at school last ter
pooled:AHS_pooled_extension.dta,2017,s3q16,ahs_kitchen_garden_home_2017,AHS 2017: Do you have a kitchen garden at your home ?,3.16 Do you have a kitchen garden at your home ?
pooled:AHS_pooled_extension.dta,2020,s3q1_1,ahs_household_instrument1_1,AHS 2020: Do your household have(instrument1)?,3.1 Do your household have(instrument1)?
pooled:AHS_pooled_extension.dta,2020,s3q1_2,ahs_household_instrument1_2,AHS 2020: Do your household have(instrument1)?,3.1 Do your household have(instrument1)?
pooled:AHS_pooled_extension.dta,2020,s3q1_3,ahs_household_instrument1_3,AHS 2020: Do your household have(instrument1)?,3.1 Do your household have(instrument1)?
pooled:AHS_pooled_extension.dta,2020,s3q1_4,ahs_household_instrument1_4,AHS 2020: Do your household have(instrument1)?,3.1 Do your household have(instrument1)?
pooled:AHS_pooled_extension.dta,2020,s3q2,ahs_extension_2020,AHS 2020: Extension code and name,3.2. Extension code and name
pooled:AHS_pooled_extension.dta,2017,s3q2_v2,ahs_extension_svc_provided_2017,AHS 2017: What type of extension service provided?,3.2 What type of extension service provided?
pooled:AHS_pooled_extension.dta,2020,s3q3_3_1,ahs_male,AHS 2020: Male,3.3.1 Male
pooled:AHS_pooled_extension.dta,2020,s3q3_3_2,ahs_female,AHS 2020: Female,3.3.2 Female
pooled:AHS_pooled_extension.dta,2017,s3q3_a,ahs_cropping_service_received,AHS 2017: Type of cropping service received,Type of cropping service received
pooled:AHS_pooled_extension.dta,2017,s3q3_b,ahs_cropping_service_provider,AHS 2017: Cropping service provider,Cropping service provider
pooled:AHS_pooled_extension.dta,2020,s3q4,ahs_source_extension_2020,AHS 2020: Source of extension/advisory services,3.4 Source of extension/advisory services
pooled:AHS_pooled_extension.dta,2017,s3q4_a,ahs_livestock_service_received,AHS 2017: Type of livestock service received,Type of livestock service received
pooled:AHS_pooled_extension.dta,2017,s3q4_b,ahs_livestock_service_provider,AHS 2017: Livestock service provider,Livestock service provider
pooled:AHS_pooled_extension.dta,2017,s3q5,ahs_belong_twigire_hh,AHS 2017: HH member belong to ? Twigire muhinzi? group,3.5 HH member belong to ?Twigire muhinzi? group
pooled:AHS_pooled_extension.dta,2017,s3q6,ahs_benefited_contract_hh,AHS 2017: HH member benefited from contract farming during 2016-2017,3.6 HH member benefited from contract farming during 2016-2017
pooled:AHS_pooled_extension.dta,2017,s3q7,ahs_hh_reared_least_cow,AHS 2017: HH member reared at least one cow during 2016-2017,3.7 HH member reared at least one cow during 2016-2017
pooled:AHS_pooled_extension.dta,2017,s3q8,ahs_reared_cow_recvd_girinka,AHS 2017: Was there any reared cow received from GIRINKA program,3.8 Was there any  reared  cow received  from  GIRINKA program
pooled:AHS_pooled_extension.dta,2017,s3q9,ahs_reared_cow_donated_ngos,AHS 2017: Was there any reared cow donated by NGOs,3.9 Was there any  reared  cow donated by  NGOs
pooled:AHS_pooled_extension.dta,2024,s6q1,ahs_extension_service,AHS 2024: Extension service code and name,Extension service code and name
pooled:AHS_pooled_extension.dta,2024,s6q10,ahs_hh_belong_agri_2024,AHS 2024: Does any member of this household belong to agricultural,Does any member of this household belong to agricultural cooperatives/Asso
pooled:AHS_pooled_extension.dta,2024,s6q10_a,ahs_hh_belong_agri_a,AHS 2024: Does any member of this household belong to agricultural,Does any member of this household belong to agricultural cooperatives/Asso
pooled:AHS_pooled_extension.dta,2024,s6q11,ahs_type_cooperative,AHS 2024: Type of cooperative,Type of cooperative
pooled:AHS_pooled_extension.dta,2024,s6q12,ahs_types_svc_coop_associations,AHS 2024: Types of services do you get from these cooperative/or associations,What types of services do you get from these cooperative/or associations?
pooled:AHS_pooled_extension.dta,2024,s6q13,ahs_kitchen_garden_home_2024,AHS 2024: Do you have a kitchen garden at your home?,Do you have a kitchen garden at your home?
pooled:AHS_pooled_extension.dta,2024,s6q14,ahs_recvd_support_fund_grant,AHS 2024: Received any support/ fund for grant for agricultural purpose in,Have you received any support/ fund for grant for agricultural purpose in
pooled:AHS_pooled_extension.dta,2024,s6q15,ahs_types_support_funds_received,AHS 2024: What types of support/funds received?,What types of support/funds received?
pooled:AHS_pooled_extension.dta,2024,s6q16,ahs_origin_support,AHS 2024: What is the origin of that support?,What is the origin of that support?
pooled:AHS_pooled_extension.dta,2024,s6q2,ahs_hh_recvd_extension_2024,AHS 2024: Household members who ever received extension/advisory services,Household members who ever received extension/advisory services.
pooled:AHS_pooled_extension.dta,2024,s6q3,ahs_household_received_season,AHS 2024: Household members who received extension/advisory services in this,Household members who received extension/advisory services in this season
pooled:AHS_pooled_extension.dta,2024,s6q4,ahs_source_extension_2024,AHS 2024: Source of extension/advisory services?,Source of extension/advisory services?
pooled:AHS_pooled_extension.dta,2024,s6q4_1,ahs_source_extension_services_1,AHS 2024: Source of extension services (1),Source of extension services (1)
pooled:AHS_pooled_extension.dta,2024,s6q4_2,ahs_source_extension_services_2,AHS 2024: Source of extension services (2),Source of extension services (2)
pooled:AHS_pooled_extension.dta,2024,s6q4_3,ahs_source_extension_services_3,AHS 2024: Source of extension services (3),Source of extension services (3)
pooled:AHS_pooled_extension.dta,2024,s6q5,ahs_belong_twigire_hh_mworozi,AHS 2024: Does any household member belong to ? Twigire muhinzi/mworozi? group?,Does any household member belong to ?Twigire muhinzi/mworozi? group?
pooled:AHS_pooled_extension.dta,2024,s6q5_a,ahs_belong_twigire_hh_s6q5a,AHS 2024: Household member belong to ? Twigire muhinzi/mworozi? group?,Household member belong to ?Twigire muhinzi/mworozi? group?
pooled:AHS_pooled_extension.dta,2024,s6q6,ahs_hh_belong_farmer_field_2024,AHS 2024: Does any household member belong to ? Farmer field school??,Does any household member belong to ?Farmer field school??
pooled:AHS_pooled_extension.dta,2024,s6q6_a,ahs_hh_belong_farmer_field_a,AHS 2024: Does any household member belong to ? Farmer field school??,Does any household member belong to ?Farmer field school??
pooled:AHS_pooled_extension.dta,2024,s6q7,ahs_benefited_contract_household,AHS 2024: Is there any household member who benefited from contract farming in,Is there any household member who benefited from contract farming in this s
pooled:AHS_pooled_extension.dta,2024,s6q7_a,ahs_benefited_contract_s6q7a,AHS 2024: Is there any household member who benefited from contract farming in,Is there any household member who benefited from contract farming in this s
pooled:AHS_pooled_extension.dta,2024,s6q8,ahs_hh_crop_insurance_2024,AHS 2024: Is there any household member who took crop insurance in this season?,Is there any household member who took crop insurance in this season?
pooled:AHS_pooled_extension.dta,2024,s6q8_a,ahs_hh_crop_insurance_season_a,AHS 2024: Is there any household member who took crop insurance in this season?,Is there any household member who took crop insurance in this season?
pooled:AHS_pooled_extension.dta,2024,s6q9,ahs_hh_livestock_insur_2024,AHS 2024: Is there any household member who took livestock insurance in this,Is there any household member who took livestock insurance in this season?
pooled:AHS_pooled_extension.dta,2024,s6q9_a,ahs_hh_livestock_insur_season_a,AHS 2024: Is there any household member who took livestock insurance in this,Is there any household member who took livestock insurance in this season?
pooled:AHS_pooled_extension.dta,"2017,2020,2024",sample,ahs_sample,AHS: Sample: sampled household or LSF large-scale-farmer supplement,"CS = sampled agricultural household; LSF = large-scale-farmer supplement record (2020: 2,345 list-frame farms with weight 1; 2024: 1,939 such records) -- not part of the household sample"
pooled:AHS_pooled_extension.dta,"2017,2020,2024",survey,ahs_survey,AHS: Source survey,Source survey
pooled:AHS_pooled_extension.dta,"2017,2020,2024",wave,ahs_wave,AHS: Wave identifier,Wave (survey year)
pooled:AHS_pooled_extension.dta,"2017,2020,2024",wt,ahs_weight,AHS: Sampling weight,"Household weight carried by every row (sums to persons in the person file, to households in the household file; repeated per record in module files)"
pooled:AHS_pooled_extension.dta,"2017,2020,2024",wt_hh,ahs_household_weight,AHS: Household weight,Household weight repeated on every row of this file -- sums to the number of households ONLY in the household file (one row per household)
pooled:AHS_pooled_extension.dta,"2017,2020,2024",year,ahs_year,AHS: Survey year,Survey year
pooled:AHS_pooled_fruits.dta,2024,cluster,ahs_cluster,AHS 2024: Sampling cluster or village identifier,Sampling segment / cluster (as shipped)
pooled:AHS_pooled_fruits.dta,2024,cluster_id,ahs_cluster_number,AHS 2024: Cluster Number,Cluster Number
pooled:AHS_pooled_fruits.dta,"2020,2024",dist,ahs_district,"AHS: District, NISR code 11-57","District (11-57, NISR current codes)"
pooled:AHS_pooled_fruits.dta,"2020,2024",hhid,ahs_household_id,AHS: Household identifier,Household id (unique within wave)
pooled:AHS_pooled_fruits.dta,"2020,2024",prov,ahs_province,"AHS: Province, NISR code 1-5","Province (1-5, NISR codes)"
pooled:AHS_pooled_fruits.dta,2020,s0q10,ahs_ubudehe_category_hh_belong,AHS 2020: Which Ubudehe category does the household belong in,0.10 Which Ubudehe category does the household belong in
pooled:AHS_pooled_fruits.dta,2020,s0q12,ahs_respondent_household_head,AHS 2020: Is the respondent the Household head,0.12 Is the respondent the Household head
pooled:AHS_pooled_fruits.dta,2020,s0q15,ahs_relation_resp_household_head,AHS 2020: Relationship of respondent to the Household head,0.15 Relationship of respondent to the Household head
pooled:AHS_pooled_fruits.dta,2020,s0q16_1,ahs_agri_activity_hh_activity1,AHS 2020: What is the agricultural activity of the Household?(activity1),0.16 What is the agricultural activity of the Household?(activity1)
pooled:AHS_pooled_fruits.dta,2020,s0q16_2,ahs_agri_activity_hh_activity2,AHS 2020: What is the agricultural activity of the Household?(activity2),0.16 What is the agricultural activity of the Household?(activity2)
pooled:AHS_pooled_fruits.dta,2020,s0q16_3,ahs_agri_activity_hh_activity3,AHS 2020: What is the agricultural activity of the Household?(activity3),0.16 What is the agricultural activity of the Household?(activity3)
pooled:AHS_pooled_fruits.dta,2020,s0q16_4,ahs_agri_activity_hh_activity4,AHS 2020: What is the agricultural activity of the Household?(activity4),0.16 What is the agricultural activity of the Household?(activity4)
pooled:AHS_pooled_fruits.dta,2020,s0q17,ahs_agri_livelihood_activity_hh,AHS 2020: Is agriculture the main livelihood activity of your household,0.17 Is agriculture the main livelihood activity of your household
pooled:AHS_pooled_fruits.dta,2020,s0q18,ahs_non_agri_activity_support_hh,AHS 2020: Other non-agricultural activity which support your household,0.18 What is the other non-agricultural activity which  support your household
pooled:AHS_pooled_fruits.dta,2020,s0q7,ahs_household_number,AHS 2020: Household number,0.7 Household number
pooled:AHS_pooled_fruits.dta,2020,s0q9,ahs_marital_household_head,AHS 2020: Marital status of Household Head,0.9 Marital status of Household Head
pooled:AHS_pooled_fruits.dta,2020,s2q34,ahs_household_grow_fruits,AHS 2020: Does your household grow fruits?,2.34 Does your household grow fruits?
pooled:AHS_pooled_fruits.dta,2020,s2q35,ahs_fruit,AHS 2020: Fruit name,2.35 Fruit name
pooled:AHS_pooled_fruits.dta,2020,s2q36,ahs_fruit_trees_owned_household,AHS 2020: Total Number of Fruit trees owned by your household during,2.36 Total Number of Fruit trees owned by your household during
pooled:AHS_pooled_fruits.dta,2020,s2q37,ahs_fruits_trees_harvested_agri,AHS 2020: How many fruits trees harvested in last agricultural year,2.37 How many fruits trees harvested in last agricultural year
pooled:AHS_pooled_fruits.dta,2020,s2q38,ahs_prod_harvested_fruits_kg,AHS 2020: What was the total production from harvested fruits? (in kg),2.38 What was the total production from harvested fruits? (in kg)
pooled:AHS_pooled_fruits.dta,2020,s2q39,ahs_percentage_fruits_sold,AHS 2020: Percentage of fruits sold,2.39 Percentage of fruits sold
pooled:AHS_pooled_fruits.dta,2020,s2q40,ahs_percentage_fruits_consumed,AHS 2020: Percentage of fruits consumed,2.40 Percentage of fruits consumed
pooled:AHS_pooled_fruits.dta,2024,s5_q1,ahs_hh_fruits_trees_scattered,AHS 2024: Have fruits trees scattered in any of your plot during th,Did your household have fruits trees scattered in any of your plot during th
pooled:AHS_pooled_fruits.dta,2024,s5_q2,ahs_fuits,AHS 2024: Fuits Name,Fuits Name
pooled:AHS_pooled_fruits.dta,2024,s5_q3,ahs_nber_fruits_trees,AHS 2024: Nber of fruits trees,Nber of fruits trees
pooled:AHS_pooled_fruits.dta,2024,s5_q4,ahs_nber_fruits_trees_harvested,AHS 2024: Nber of fruits trees to be harvested,Nber of fruits trees to be harvested
pooled:AHS_pooled_fruits.dta,2024,s5_q5,ahs_total_production_kg,AHS 2024: Total Production in Kg,Total Production in Kg
pooled:AHS_pooled_fruits.dta,2024,s5_q6,ahs_prod_fruit_quantity_sol,AHS 2024: On the total production of this fruit what is the quantity that has,On the total production of this fruit what is the quantity that has been sol
pooled:AHS_pooled_fruits.dta,2024,s5_q7,ahs_selling_price_kilogram_rwf,AHS 2024: What was the selling price per kilogram? (RWF/Kg),What was the selling price per kilogram? (Rwf/Kg)
pooled:AHS_pooled_fruits.dta,2024,s5_q8,ahs_quantity_used_used_hh_consum,AHS 2024: Quantity that has been used/ to be used as household consumption,what is the quantity that has been used/ to be used as household consumption
pooled:AHS_pooled_fruits.dta,2024,s6_q9,ahs_quantity_used_used_way_kg,AHS 2024: Quantity that has been used /to be used in any other way? (Kg),what is the quantity that has been used /to be used in any other way?  (Kg)
pooled:AHS_pooled_fruits.dta,"2020,2024",sample,ahs_sample,AHS: Sample: sampled household or LSF large-scale-farmer supplement,"CS = sampled agricultural household; LSF = large-scale-farmer supplement record (2020: 2,345 list-frame farms with weight 1; 2024: 1,939 such records) -- not part of the household sample"
pooled:AHS_pooled_fruits.dta,2024,season,ahs_season,AHS 2024: Agricultural season,Season
pooled:AHS_pooled_fruits.dta,"2020,2024",survey,ahs_survey,AHS: Source survey,Source survey
pooled:AHS_pooled_fruits.dta,"2020,2024",wave,ahs_wave,AHS: Wave identifier,Wave (survey year)
pooled:AHS_pooled_fruits.dta,"2020,2024",wt,ahs_weight,AHS: Sampling weight,"Household weight carried by every row (sums to persons in the person file, to households in the household file; repeated per record in module files)"
pooled:AHS_pooled_fruits.dta,"2020,2024",wt_hh,ahs_household_weight,AHS: Household weight,Household weight repeated on every row of this file -- sums to the number of households ONLY in the household file (one row per household)
pooled:AHS_pooled_fruits.dta,"2020,2024",year,ahs_year,AHS: Survey year,Survey year
pooled:AHS_pooled_honey.dta,2024,_merge,ahs_matching_result_merge,AHS 2024: Matching result from merge,Matching result from merge
pooled:AHS_pooled_honey.dta,"2017,2024",cluster,ahs_cluster,AHS 2017-2024: Sampling cluster or village identifier,Sampling segment / cluster (as shipped)
pooled:AHS_pooled_honey.dta,"2017,2020,2024",dist,ahs_district,"AHS: District, NISR code 11-57","District (11-57, NISR current codes)"
pooled:AHS_pooled_honey.dta,"2017,2020,2024",hhid,ahs_household_id,AHS: Household identifier,Household id (unique within wave)
pooled:AHS_pooled_honey.dta,2020,honey_produce,ahs_honey_produced,"AHS 2020: Honey produced, no label shipped",
pooled:AHS_pooled_honey.dta,2024,owner,ahs_owner,AHS 2024: Owner,owner
pooled:AHS_pooled_honey.dta,"2017,2020,2024",prov,ahs_province,"AHS: Province, NISR code 1-5","Province (1-5, NISR codes)"
pooled:AHS_pooled_honey.dta,2020,s0q10,ahs_ubudehe_category_hh_belong,AHS 2020: Which Ubudehe category does the household belong in,0.10 Which Ubudehe category does the household belong in
pooled:AHS_pooled_honey.dta,2020,s0q12,ahs_respondent_household_head,AHS 2020: Is the respondent the Household head,0.12 Is the respondent the Household head
pooled:AHS_pooled_honey.dta,2020,s0q15,ahs_relation_resp_household_head,AHS 2020: Relationship of respondent to the Household head,0.15 Relationship of respondent to the Household head
pooled:AHS_pooled_honey.dta,2020,s0q16_1,ahs_agri_activity_hh_activity1,AHS 2020: What is the agricultural activity of the Household?(activity1),What is the agricultural activity of the Household?(activity1)
pooled:AHS_pooled_honey.dta,2020,s0q16_2,ahs_agri_activity_hh_activity2,AHS 2020: What is the agricultural activity of the Household?(activity2),What is the agricultural activity of the Household?(activity2)
pooled:AHS_pooled_honey.dta,2020,s0q16_3,ahs_agri_activity_hh_activity3,AHS 2020: What is the agricultural activity of the Household?(activity3),What is the agricultural activity of the Household?(activity3)
pooled:AHS_pooled_honey.dta,2020,s0q16_4,ahs_agri_activity_hh_activity4,AHS 2020: What is the agricultural activity of the Household?(activity4),What is the agricultural activity of the Household?(activity4)
pooled:AHS_pooled_honey.dta,2020,s0q17,ahs_agri_livelihood_activity_hh,AHS 2020: Is agriculture the main livelihood activity of your household,0.17 Is agriculture the main livelihood activity of your household
pooled:AHS_pooled_honey.dta,2020,s0q18,ahs_non_agri_activity_support_hh,AHS 2020: Other non-agricultural activity which support your household,0.18 What is the other non-agricultural activity which  support your household
pooled:AHS_pooled_honey.dta,2017,s0q3,ahs_stratum,AHS 2017: Sampling stratum,0.3 Stratum
pooled:AHS_pooled_honey.dta,2017,s0q4,ahs_segment,AHS 2017: Segment,0.4 Segment
pooled:AHS_pooled_honey.dta,2020,s0q7,ahs_household_number,AHS 2020: Household number,0.7 Household number
pooled:AHS_pooled_honey.dta,2020,s0q9,ahs_marital_household_head,AHS 2020: Marital status of Household Head,0.9 Marital status of Household Head
pooled:AHS_pooled_honey.dta,2017,s10q3_1,ahs_type_bee_hive,AHS 2017: Type of bee hive,10.3.1 Type of bee hive
pooled:AHS_pooled_honey.dta,2017,s10q3_2,ahs_number_bee_hives_hung_months,AHS 2017: Number of bee hives hung during 12 months,10.3.2 Number of bee hives hung during 12 months
pooled:AHS_pooled_honey.dta,2017,s10q3_3,ahs_qty_honey_prod_months_kg,AHS 2017: Quantity of honey Production during 12 months (Kg),10.3.3 Quantity of honey Production during 12 months (Kg)
pooled:AHS_pooled_honey.dta,2017,s10q3_4,ahs_qty_produced_honey_consumed,AHS 2017: Quantity of produced honey that has been consumed at home during 12,10.3.4 Quantity of produced honey that has been consumed at home during 12 month
pooled:AHS_pooled_honey.dta,2017,s10q3_5,ahs_sale_qty,AHS 2017: Sale In last 12 months-Qty,10.3.5 Sale In last 12 months-Qty
pooled:AHS_pooled_honey.dta,2017,s10q3_6,ahs_sale_sale_price,AHS 2017: Sale In last 12 months-Sale price,10.3.6 Sale In last 12 months-Sale price
pooled:AHS_pooled_honey.dta,2017,s10q3_7,ahs_honey_stored_end_v2017,AHS 2017: Honey stored at the end of August v2017,10.3.7 Honey stored at the end of August v2017
pooled:AHS_pooled_honey.dta,2024,s11q3_1,ahs_bee_keeping_1,AHS 2024: Have you done bee keeping in last Six months?,11.3.1 Have you done bee keeping in last Six months?
pooled:AHS_pooled_honey.dta,2024,s11q3_2,ahs_traditional_bee_hives_2,AHS 2024: Number of traditional bee hives owned now,11.3.2 Number of traditional bee hives owned now
pooled:AHS_pooled_honey.dta,2024,s11q3_3,ahs_modern_bee_hives_owned_now_3,AHS 2024: Number of modern bee hives owned now,11.3.3 Number of modern bee hives owned now
pooled:AHS_pooled_honey.dta,2024,s11q3_4,ahs_qty_honey_produced_4,AHS 2024: Quantity of honey produced from traditional bee hives during 6,11.3.4 Quantity of honey produced from traditional bee hives during 6 last month
pooled:AHS_pooled_honey.dta,2024,s11q3_5,ahs_qty_honey_produced_modern_5,"AHS 2024: Quantity of honey produced from modern bee hive during 6, last months",11.3.5 Quantity of honey produced from modern bee hive during 6 last months (kg)
pooled:AHS_pooled_honey.dta,2024,s11q3_6,ahs_quantity_consumed_hh_kg_6,AHS 2024: Quantity consumed by your household during last 6 months (kg),11.3.6 Quantity consumed by your household during last 6 months (kg)
pooled:AHS_pooled_honey.dta,2024,s11q3_7,ahs_quantity_sold_kg,AHS 2024: Quantity sold during last 6 months (kg),11.3.7 Quantity sold during last 6 months (kg)
pooled:AHS_pooled_honey.dta,2024,s11q3_8,ahs_avg_saling_price_kg_rwf,AHS 2024: Average saling price per kg (RWF) (price for last sold honey),11.3.8 Average saling price per kg (Rwf) (price for last sold honey)
pooled:AHS_pooled_honey.dta,2024,s11q3_9,ahs_quantity_used_other_way_kg_9,AHS 2024: Quantity used in any other way during last 6 months (kg)?,11.3.9 Quantity used in any other way during last 6 months (kg)?
pooled:AHS_pooled_honey.dta,2020,s1q1,ahs_total_number_household,AHS 2020: Total number of household members,1.1 Total number of household members
pooled:AHS_pooled_honey.dta,2020,s1q10,ahs_engaged_agri_activities,AHS 2020: Has member name been engaged in agricultural activities during last,Has  [member name] been engaged in agricultural activities during last 2019/2020
pooled:AHS_pooled_honey.dta,2020,s1q4,ahs_hh_relation_hh_head,AHS 2020: What is the household member's relationship with the household Head?,1.4 What is the household member?s relationship with the household Head?
pooled:AHS_pooled_honey.dta,2020,s1q5,ahs_sex_household,AHS 2020: What is the sex of household member?,1.5 What is the sex of household member?
pooled:AHS_pooled_honey.dta,2020,s1q6,ahs_age_household,AHS 2020: What is the age of household member?,1.6 What is the age of household member?
pooled:AHS_pooled_honey.dta,2020,s1q7,ahs_highest_educ_attained_hh,AHS 2020: Highest level of education attained by the household member,1.7 What is the highest level of education attained by the household member?
pooled:AHS_pooled_honey.dta,2020,s1q8,ahs_economic_activity_household,AHS 2020: What is the main economic activity of household member,1.8 What is the main economic activity of hh member
pooled:AHS_pooled_honey.dta,2020,s1q9,ahs_engaged_agri_activ_agric,AHS 2020: Been engaged in agricultural activities during last 2019/2020 agric,1.9 Have you been engaged in agricultural activities during last 2019/2020 agric
pooled:AHS_pooled_honey.dta,2020,s7q3_1,ahs_bee_keeping_1_s7q31,AHS 2020: Have you done bee keeping in last twelve months,7.3.1 Have you done bee keeping in last twelve months
pooled:AHS_pooled_honey.dta,2020,s7q3_2,ahs_traditional_bee_hives_s7q32,AHS 2020: Number of traditional bee hives owned now,7.3.2 Number of traditional bee hives owned now
pooled:AHS_pooled_honey.dta,2020,s7q3_3,ahs_modern_bee_hives_s7q33,AHS 2020: Number of modern bee hives owned now,7.3.3 Number of modern bee hives owned now
pooled:AHS_pooled_honey.dta,2020,s7q3_4,ahs_qty_honey_produced_4_s7q34,AHS 2020: Quantity of honey produced from traditional bee hives during 12,7.3.4 Quantity of honey produced from traditional bee hives during 12 last month
pooled:AHS_pooled_honey.dta,2020,s7q3_5,ahs_qty_honey_produced_s7q35,"AHS 2020: Quantity of honey produced from modern bee hive during 12, last months",7.3.5 Quantity of honey produced from modern bee hive during 12 last months (kg)
pooled:AHS_pooled_honey.dta,2020,s7q3_6,ahs_quantity_consumed_hh_s7q36,AHS 2020: Quantity consumed by your household during last 12 months (kg),7.3.6 Quantity consumed by your household during last 12 months (kg)
pooled:AHS_pooled_honey.dta,2020,s7q3_7,ahs_quantity_sold_kg_kg,AHS 2020: Quantity sold during last 12 months (kg) (Kg),7.3.7 Quantity sold during last 12 months (kg) (Kg)
pooled:AHS_pooled_honey.dta,2020,s7q3_8,ahs_average_selling_price_kg_rwf,AHS 2020: Average selling price per kg (RWF),7.3.8  Average selling price per kg (Rwf)
pooled:AHS_pooled_honey.dta,2020,s7q3_9,ahs_quantity_used_other_s7q39,AHS 2020: Quantity used in any other way during last 12 months (kg)?,7.3.9 Quantity used in any other way during last 12 months (kg)?
pooled:AHS_pooled_honey.dta,"2017,2020,2024",sample,ahs_sample,AHS: Sample: sampled household or LSF large-scale-farmer supplement,"CS = sampled agricultural household; LSF = large-scale-farmer supplement record (2020: 2,345 list-frame farms with weight 1; 2024: 1,939 such records) -- not part of the household sample"
pooled:AHS_pooled_honey.dta,"2017,2020,2024",survey,ahs_survey,AHS: Source survey,Source survey
pooled:AHS_pooled_honey.dta,"2017,2020,2024",wave,ahs_wave,AHS: Wave identifier,Wave (survey year)
pooled:AHS_pooled_honey.dta,"2017,2020,2024",wt,ahs_weight,AHS: Sampling weight,"Household weight carried by every row (sums to persons in the person file, to households in the household file; repeated per record in module files)"
pooled:AHS_pooled_honey.dta,"2017,2020,2024",wt_hh,ahs_household_weight,AHS: Household weight,Household weight repeated on every row of this file -- sums to the number of households ONLY in the household file (one row per household)
pooled:AHS_pooled_honey.dta,"2017,2020,2024",year,ahs_year,AHS: Survey year,Survey year
pooled:AHS_pooled_inputs.dta,2017,cluster,ahs_cluster,AHS 2017: Sampling cluster or village identifier,Sampling segment / cluster (as shipped)
pooled:AHS_pooled_inputs.dta,2020,crops_grown,ahs_crops_grown_n,AHS 2020: Number of crops grown by the household,Crops (in numbers) grown by the household
pooled:AHS_pooled_inputs.dta,2020,crops_improved,ahs_crops_improved_seeds_n,AHS 2020: Number of crops grown with improved seeds,Crops (in numbers) on which improved seeds have been used
pooled:AHS_pooled_inputs.dta,2020,crops_stored,ahs_crops_stored_n,AHS 2020: Number of crops stored by the household,Crops (in numbers) stored by the household
pooled:AHS_pooled_inputs.dta,"2017,2020",dist,ahs_district,"AHS: District, NISR code 11-57","District (11-57, NISR current codes)"
pooled:AHS_pooled_inputs.dta,2020,hh_members,ahs_members_improved_seeds,AHS 2020: Household members who used improved seeds,HH members (in numbers) who used improved seeds
pooled:AHS_pooled_inputs.dta,2020,hh_members2,ahs_members_inorganic_fert,AHS 2020: Household members who used inorganic fertilisers,HH members (in numbers) who used inorganic fertilizers
pooled:AHS_pooled_inputs.dta,"2017,2020",hhid,ahs_household_id,AHS: Household identifier,Household id (unique within wave)
pooled:AHS_pooled_inputs.dta,2020,measures_n,ahs_soil_measures_n,AHS 2020: Number of soil protection measures used,Soil protection measures (in numbers) your household used
pooled:AHS_pooled_inputs.dta,2020,nmber_vegs,ahs_vegetables_grown_n,AHS 2020: Number of vegetables grown by the household,Vegetables (in numbers) grown by the household
pooled:AHS_pooled_inputs.dta,"2017,2020",prov,ahs_province,"AHS: Province, NISR code 1-5","Province (1-5, NISR codes)"
pooled:AHS_pooled_inputs.dta,2020,s0q10,ahs_ubudehe_category_hh_belong,AHS 2020: Which Ubudehe category does the household belong in,0.10 Which Ubudehe category does the household belong in
pooled:AHS_pooled_inputs.dta,2020,s0q12,ahs_respondent_household_head,AHS 2020: Is the respondent the Household head,0.12 Is the respondent the Household head
pooled:AHS_pooled_inputs.dta,2020,s0q15,ahs_relation_resp_household_head,AHS 2020: Relationship of respondent to the Household head,0.15 Relationship of respondent to the Household head
pooled:AHS_pooled_inputs.dta,2020,s0q16_1,ahs_agri_activity_household_1,AHS 2020: Agricultural activity of the Household,0.16.1 Agricultural activity of the Household
pooled:AHS_pooled_inputs.dta,2020,s0q16_2,ahs_agri_activity_household_2,AHS 2020: Agricultural activity of the Household,0.16.2 Agricultural activity of the Household
pooled:AHS_pooled_inputs.dta,2020,s0q16_3,ahs_agri_activity_household_3,AHS 2020: Agricultural activity of the Household,0.16.3 Agricultural activity of the Household
pooled:AHS_pooled_inputs.dta,2020,s0q16_4,ahs_agri_activity_household_4,AHS 2020: Agricultural activity of the Household,0.16.4 Agricultural activity of the Household
pooled:AHS_pooled_inputs.dta,2020,s0q17,ahs_agri_livelihood_activity_hh,AHS 2020: Is agriculture the main livelihood activity of your household,0.17 Is agriculture the main livelihood activity of your household
pooled:AHS_pooled_inputs.dta,2020,s0q18,ahs_non_agri_activity_support_hh,AHS 2020: Other non-agricultural activity which support your household,0.18 What is the other non-agricultural activity which  support your household
pooled:AHS_pooled_inputs.dta,2017,s0q3,ahs_stratum,AHS 2017: Sampling stratum,0.3 Stratum
pooled:AHS_pooled_inputs.dta,2017,s0q4,ahs_segment,AHS 2017: Segment,0.4 Segment
pooled:AHS_pooled_inputs.dta,2020,s0q7,ahs_household_number,AHS 2020: Household number,0.7 Household number
pooled:AHS_pooled_inputs.dta,2020,s0q9,ahs_marital_household_head,AHS 2020: Marital status of Household Head,0.9 Marital status of Household Head
pooled:AHS_pooled_inputs.dta,2020,s2q14,ahs_hh_grow_crops_agri_year,AHS 2020: Did any member of your HH grow crops during 2019/2020 agricultural,2.14 Did any member of your HH grow crops during 2019/2020 agricultural year?
pooled:AHS_pooled_inputs.dta,2020,s2q15_1,ahs_crops_grown_1,AHS 2020: Which crops that have been grown?,2.15.1 Which crops that have been grown?
pooled:AHS_pooled_inputs.dta,2020,s2q15_10,ahs_crops_grown_10,AHS 2020: Which crops that have been grown?,2.15.10 Which crops that have been grown?
pooled:AHS_pooled_inputs.dta,2020,s2q15_2,ahs_crops_grown_2,AHS 2020: Which crops that have been grown?,2.15.2 Which crops that have been grown?
pooled:AHS_pooled_inputs.dta,2020,s2q15_3,ahs_crops_grown_3,AHS 2020: Which crops that have been grown?,2.15.3 Which crops that have been grown?
pooled:AHS_pooled_inputs.dta,2020,s2q15_4,ahs_crops_grown_4,AHS 2020: Which crops that have been grown?,2.15.4 Which crops that have been grown?
pooled:AHS_pooled_inputs.dta,2020,s2q15_5,ahs_crops_grown_5,AHS 2020: Which crops that have been grown?,2.15.5 Which crops that have been grown?
pooled:AHS_pooled_inputs.dta,2020,s2q15_6,ahs_crops_grown_6,AHS 2020: Which crops that have been grown?,2.15.6 Which crops that have been grown?
pooled:AHS_pooled_inputs.dta,2020,s2q15_7,ahs_crops_grown_7,AHS 2020: Which crops that have been grown?,2.15.7 Which crops that have been grown?
pooled:AHS_pooled_inputs.dta,2020,s2q15_8,ahs_crops_grown_8,AHS 2020: Which crops that have been grown?,2.15.8 Which crops that have been grown?
pooled:AHS_pooled_inputs.dta,2020,s2q15_9,ahs_crops_grown_9,AHS 2020: Which crops that have been grown?,2.15.9 Which crops that have been grown?
pooled:AHS_pooled_inputs.dta,2020,s2q15_v_1,ahs_vegetables_grown_v_1,AHS 2020: Which vegetables that have been grown?,2.15.v.1 Which vegetables that have been grown?
pooled:AHS_pooled_inputs.dta,2020,s2q15_v_10,ahs_vegetables_grown_v_10,AHS 2020: Which vegetables that have been grown?,2.15.v.10 Which vegetables that have been grown?
pooled:AHS_pooled_inputs.dta,2020,s2q15_v_2,ahs_vegetables_grown_v_2,AHS 2020: Which vegetables that have been grown?,2.15.v.2 Which vegetables that have been grown?
pooled:AHS_pooled_inputs.dta,2020,s2q15_v_3,ahs_vegetables_grown_v_3,AHS 2020: Which vegetables that have been grown?,2.15.v.3 Which vegetables that have been grown?
pooled:AHS_pooled_inputs.dta,2020,s2q15_v_4,ahs_vegetables_grown_v_4,AHS 2020: Which vegetables that have been grown?,2.15.v.4 Which vegetables that have been grown?
pooled:AHS_pooled_inputs.dta,2020,s2q15_v_5,ahs_vegetables_grown_v_5,AHS 2020: Which vegetables that have been grown?,2.15.v.5 Which vegetables that have been grown?
pooled:AHS_pooled_inputs.dta,2020,s2q15_v_6,ahs_vegetables_grown_v_6,AHS 2020: Which vegetables that have been grown?,2.15.v.6 Which vegetables that have been grown?
pooled:AHS_pooled_inputs.dta,2020,s2q15_v_7,ahs_vegetables_grown_v_7,AHS 2020: Which vegetables that have been grown?,2.15.v.7 Which vegetables that have been grown?
pooled:AHS_pooled_inputs.dta,2020,s2q15_v_8,ahs_vegetables_grown_v_8,AHS 2020: Which vegetables that have been grown?,2.15.v.8 Which vegetables that have been grown?
pooled:AHS_pooled_inputs.dta,2020,s2q15_v_9,ahs_vegetables_grown_v_9,AHS 2020: Which vegetables that have been grown?,2.15.v.9 Which vegetables that have been grown?
pooled:AHS_pooled_inputs.dta,2020,s2q16,ahs_hh_stored_crops_harvest,AHS 2020: Have your household stored your crops after harvest?,2.16 Have your household stored your crops after harvest?
pooled:AHS_pooled_inputs.dta,2020,s2q17_1,ahs_crops_stored_1,AHS 2020: Which crops have you stored?,2.17.1 Which crops have you stored?
pooled:AHS_pooled_inputs.dta,2020,s2q17_2,ahs_crops_stored_2,AHS 2020: Which crops have you stored?,2.17.2 Which crops have you stored?
pooled:AHS_pooled_inputs.dta,2020,s2q17_3,ahs_crops_stored_3,AHS 2020: Which crops have you stored?,2.17.3 Which crops have you stored?
pooled:AHS_pooled_inputs.dta,2020,s2q17_4,ahs_crops_stored_4,AHS 2020: Which crops have you stored?,2.17.4 Which crops have you stored?
pooled:AHS_pooled_inputs.dta,2020,s2q17_5,ahs_crops_stored_5,AHS 2020: Which crops have you stored?,2.17.5 Which crops have you stored?
pooled:AHS_pooled_inputs.dta,2020,s2q17_6,ahs_crops_stored_6,AHS 2020: Which crops have you stored?,2.17.6 Which crops have you stored?
pooled:AHS_pooled_inputs.dta,2020,s2q17_7,ahs_crops_stored_7,AHS 2020: Which crops have you stored?,2.17.7 Which crops have you stored?
pooled:AHS_pooled_inputs.dta,2020,s2q18,ahs_store_crop_produces,AHS 2020: Where did you store you crop produces?,2.18 Where did you store you crop produces?
pooled:AHS_pooled_inputs.dta,2020,s2q19,ahs_hh_used_improved_seeds_agric,AHS 2020: Any member of your HH used improved seeds during 2019/2020 agric. year,2.19 Any member of your HH used improved seeds during 2019/2020 agric. year?
pooled:AHS_pooled_inputs.dta,2020,s2q20_1,ahs_crops_improved_seeds_used_1,AHS 2020: On which crops that improved seeds have been used ?,2.20.1 On which crops that improved seeds have been used ?
pooled:AHS_pooled_inputs.dta,2020,s2q20_2,ahs_crops_improved_seeds_used_2,AHS 2020: On which crops that improved seeds have been used ?,2.20.2 On which crops that improved seeds have been used ?
pooled:AHS_pooled_inputs.dta,2020,s2q20_3,ahs_crops_improved_seeds_used_3,AHS 2020: On which crops that improved seeds have been used ?,2.20.3 On which crops that improved seeds have been used ?
pooled:AHS_pooled_inputs.dta,2020,s2q20_4,ahs_crops_improved_seeds_used_4,AHS 2020: On which crops that improved seeds have been used ?,2.20.4 On which crops that improved seeds have been used ?
pooled:AHS_pooled_inputs.dta,2020,s2q21_1,ahs_household_used_improved_1,AHS 2020: Household member who used improved seed,2.21.1 Household member who used improved seed
pooled:AHS_pooled_inputs.dta,2020,s2q21_2,ahs_household_used_improved_2,AHS 2020: Household member who used improved seed,2.21.2 Household member who used improved seed
pooled:AHS_pooled_inputs.dta,2020,s2q21_3,ahs_household_used_improved_3,AHS 2020: Household member who used improved seed,2.21.3 Household member who used improved seed
pooled:AHS_pooled_inputs.dta,2020,s2q21_4,ahs_household_used_improved_4,AHS 2020: Household member who used improved seed,2.21.4 Household member who used improved seed
pooled:AHS_pooled_inputs.dta,2020,s2q21_5,ahs_household_used_improved_5,AHS 2020: Household member who used improved seed,2.21.5 Household member who used improved seed
pooled:AHS_pooled_inputs.dta,2020,s2q21_6,ahs_household_used_improved_6,AHS 2020: Household member who used improved seed,2.21.6 Household member who used improved seed
pooled:AHS_pooled_inputs.dta,2020,s2q22,ahs_hh_used_organic_fertilizers,AHS 2020: Any member of your HH used organic fertilizers in 2019/2020 agric.,2.22 Any member of your HH used organic fertilizers in 2019/2020 agric. year
pooled:AHS_pooled_inputs.dta,2020,s2q23,ahs_used_inorganic_hh_agric_year,AHS 2020: Any member of your HH used inorganic fertilizers in 2019/2020 agric.,2.23 Any member of your HH used inorganic fertilizers in 2019/2020 agric. year
pooled:AHS_pooled_inputs.dta,2020,s2q24_1,ahs_used_inorganic_household,AHS 2020: Household member who used inorganic fertilizers,2.24.1 Household member who used inorganic fertilizers
pooled:AHS_pooled_inputs.dta,2020,s2q24_2,ahs_used_inorganic_s2q242,AHS 2020: Household member who used inorganic fertilizers,2.24.2 Household member who used inorganic fertilizers
pooled:AHS_pooled_inputs.dta,2020,s2q24_3,ahs_used_inorganic_s2q243,AHS 2020: Household member who used inorganic fertilizers,2.24.3 Household member who used inorganic fertilizers
pooled:AHS_pooled_inputs.dta,2020,s2q24_4,ahs_used_inorganic_s2q244,AHS 2020: Household member who used inorganic fertilizers,2.24.4 Household member who used inorganic fertilizers
pooled:AHS_pooled_inputs.dta,2020,s2q24_5,ahs_used_inorganic_s2q245,AHS 2020: Household member who used inorganic fertilizers,2.24.5 Household member who used inorganic fertilizers
pooled:AHS_pooled_inputs.dta,2020,s2q24_6,ahs_used_inorganic_s2q246,AHS 2020: Household member who used inorganic fertilizers,2.24.6 Household member who used inorganic fertilizers
pooled:AHS_pooled_inputs.dta,2020,s2q25,ahs_source_inorganic_fertilizers,AHS 2020: Main Source of inorganic fertilizers,2.25 Main Source of inorganic fertilizers
pooled:AHS_pooled_inputs.dta,2020,s2q26,ahs_hh_used_pesticides_agri_year,AHS 2020: Any member of your HH used pesticides during 2019/2020 agricultural,2.26 Any member of your HH used pesticides during 2019/2020 agricultural year?
pooled:AHS_pooled_inputs.dta,2020,s2q27,ahs_hh_land_protected_against,AHS 2020: Does any member of your household has land protected against erosion?,2.27 Does any member of your household has land protected against erosion?
pooled:AHS_pooled_inputs.dta,2020,s2q28_1,ahs_soil_protection_measures_1,AHS 2020: Which soil protection measures has your household used?,2.28.1 Which soil protection measures has your household used?
pooled:AHS_pooled_inputs.dta,2020,s2q28_2,ahs_soil_protection_measures_2,AHS 2020: Which soil protection measures has your household used?,2.28.2 Which soil protection measures has your household used?
pooled:AHS_pooled_inputs.dta,2020,s2q28_3,ahs_soil_protection_measures_3,AHS 2020: Which soil protection measures has your household used?,2.28.3 Which soil protection measures has your household used?
pooled:AHS_pooled_inputs.dta,2020,s2q29,ahs_agroforestry_trees_hh_plots,AHS 2020: Are there any agroforestry trees in the household plots?,2.29 Are there any agroforestry trees in the household plots?
pooled:AHS_pooled_inputs.dta,2020,s2q30,ahs_hh_practice_irrig_least,AHS 2020: Any HH member practice irrigation at least in 1 of the plots in 2017,2.30 Any HH member practice irrigation at least in 1 of the plots in 2017 agric.
pooled:AHS_pooled_inputs.dta,2020,s2q31,ahs_irrig_technique_used_plot,AHS 2020: What is the main irrigation technique have you used on this plot?,2.31 What is the main irrigation technique have you used on this plot?
pooled:AHS_pooled_inputs.dta,2020,s2q32,ahs_irrigation_tool_used,AHS 2020: What was the irrigation tool used?,2.32 What was the irrigation tool used?
pooled:AHS_pooled_inputs.dta,2020,s2q33,ahs_source_water_used_irrigation,AHS 2020: Source of water used for irrigation,2.33 Source of water used for irrigation
pooled:AHS_pooled_inputs.dta,2017,s5q1_1,ahs_hh_use_organic_fert_least_1,AHS 2017: Did any member of your household use organic fertilizer at least in,5.1.1 Did any member of your household use organic fertilizer at least in one of
pooled:AHS_pooled_inputs.dta,2017,s5q1_10,ahs_quantity_organic_b_k,AHS 2017: Quantity of organic fertilizer used during agricultural Season B 2017,5.1.10.Quantity of organic fertilizer used  during agricultural Season B 2017 (K
pooled:AHS_pooled_inputs.dta,2017,s5q1_11,ahs_source_organic_fert_season_b,AHS 2017: Source of organic fertilizer Season B,5.1.11 Source of organic fertilizer Season B
pooled:AHS_pooled_inputs.dta,2017,s5q1_12,ahs_qty_bought_agri_season_b_kg,AHS 2017: Quantity purchased during agricultural Season B 2017 (Kg),5.1.12 Quantity purchased during agricultural Season B 2017 (Kg)
pooled:AHS_pooled_inputs.dta,2017,s5q1_13,ahs_amount_paid_sea,AHS 2017: Amount paid for purchasing the organic fertilizer during agricultural,5.1.13 Amount paid for purchasing the organic fertilizer during agricultural Sea
pooled:AHS_pooled_inputs.dta,2017,s5q1_14_1,ahs_method_used_b,AHS 2017: Method used for preparing manure Season B-Methode 1,5.1.14 Method used for preparing manure Season B-Methode 1
pooled:AHS_pooled_inputs.dta,2017,s5q1_14_2,ahs_method_used_b_s5q1142,AHS 2017: Method used for preparing manure Season B-Methode 2,5.1.14 Method used for preparing manure Season B-Methode 2
pooled:AHS_pooled_inputs.dta,2017,s5q1_14_3,ahs_method_used_b_s5q1143,AHS 2017: Method used for preparing manure Season B-Methode 3,5.1.14 Method used for preparing manure Season B-Methode 3
pooled:AHS_pooled_inputs.dta,2017,s5q1_15,ahs_quantity_used_organic_fert_h,AHS 2017: Is there any quantity of used organic fertilizer that any member of,5.1.15 Is there any quantity of used organic fertilizer that any member of the h
pooled:AHS_pooled_inputs.dta,2017,s5q1_16,ahs_hh_use_lime_gypsum_least_16,AHS 2017: Did any member of your household use lime or gypsum at least in one,5.1.16. Did any member of your household use lime or gypsum at least in one plot
pooled:AHS_pooled_inputs.dta,2017,s5q1_2,ahs_quantity_organic_kg,AHS 2017: Quantity of organic fertilizer used during agricultural Season A 2017,5.1.2.Quantity of organic fertilizer used  during agricultural Season A 2017 (Kg
pooled:AHS_pooled_inputs.dta,2017,s5q1_3,ahs_source_organic_fert_source1,AHS 2017: Source of organic fertilizer Season A-Source 1,5.1.3 Source of organic fertilizer Season A-Source 1
pooled:AHS_pooled_inputs.dta,2017,s5q1_4,ahs_qty_bought_agri_season_kg,AHS 2017: Quantity purchased during agricultural Season A 2017 (Kg),5.1.4 Quantity purchased during agricultural Season A 2017 (Kg)
pooled:AHS_pooled_inputs.dta,2017,s5q1_5,ahs_amount_paid_seas,AHS 2017: Amount paid for purchasing the organic fertilizer during agricultural,5.1.5 Amount paid for purchasing the organic fertilizer during agricultural Seas
pooled:AHS_pooled_inputs.dta,2017,s5q1_6_1,ahs_method_used_methode1_2017,AHS 2017: Method used for preparing manure Season A-Methode 1,5.1.6 Method used for preparing manure Season A-Methode 1
pooled:AHS_pooled_inputs.dta,2017,s5q1_6_2,ahs_method_used_methode2_2017,AHS 2017: Method used for preparing manure Season A-Methode 2,5.1.6 Method used for preparing manure Season A-Methode 2
pooled:AHS_pooled_inputs.dta,2017,s5q1_6_3,ahs_method_used_methode3_2017,AHS 2017: Method used for preparing manure Season A-Methode 3,5.1.6 Method used for preparing manure Season A-Methode 3
pooled:AHS_pooled_inputs.dta,2017,s5q1_7,ahs_qty_used_organic_fert_hh,AHS 2017: Quantity of used organic fertilizer that any member of the household,5.1.7 Quantity of used organic fertilizer that any member of the household recei
pooled:AHS_pooled_inputs.dta,2017,s5q1_8,ahs_hh_use_lime_gypsum_least_8,AHS 2017: Did any member of your household use lime or gypsum at least in one,5.1.8. Did any member of your household use lime or gypsum at least in one plot
pooled:AHS_pooled_inputs.dta,2017,s5q1_9,ahs_hh_use_organic_fert_least_9,AHS 2017: Did any member of your household use organic fertilizer at least in,5.1.9 Did any member of your household use organic fertilizer at least in one of
pooled:AHS_pooled_inputs.dta,2017,s5q2_1,ahs_hh_use_inorganic_fert_1,AHS 2017: Did any member of your household use inorganic fertilizer at least in,5.2.1 Did any member of your household use inorganic fertilizer at least in one
pooled:AHS_pooled_inputs.dta,2017,s5q2_10,ahs_quantity_used_fert_type2_10,AHS 2017: Quantity of used fertilizer Type 2,5.2.10 Quantity of used fertilizer_Type 2
pooled:AHS_pooled_inputs.dta,2017,s5q2_11,ahs_quantity_bought_fert_11,AHS 2017: Quantity of purchased fertilizer Type 2,5.2.11 Quantity of purchased fertilizer_Type 2
pooled:AHS_pooled_inputs.dta,2017,s5q2_12,ahs_price_inorganic_fert_12,AHS 2017: Price of inorganic fertilizer Type 1(RWF/Kg),5.2.12 Price of inorganic fertilizer_Type 1(RWF/Kg)
pooled:AHS_pooled_inputs.dta,2017,s5q2_13,ahs_source_used_source2_13,AHS 2017: Source of the used inorganic fertilizer-Source 2,5.2.13 Source of the used inorganic fertilizer-Source 2
pooled:AHS_pooled_inputs.dta,2017,s5q2_14,ahs_inorganic_fert_used_type3_14,AHS 2017: What was the type of inorganic fertilizer used? Type 3,5.2.14 What was the type of inorganic fertilizer used? Type 3
pooled:AHS_pooled_inputs.dta,2017,s5q2_15,ahs_measurement_unit_15,AHS 2017: Measurement unit,5.2.15 Measurement unit
pooled:AHS_pooled_inputs.dta,2017,s5q2_16,ahs_quantity_used_fert_type3_16,AHS 2017: Quantity of used fertilizer Type 3,5.2.16 Quantity of used fertilizer_Type 3
pooled:AHS_pooled_inputs.dta,2017,s5q2_17,ahs_quantity_bought_fert_17,AHS 2017: Quantity of purchased fertilizer Type 3,5.2.17 Quantity of purchased fertilizer_Type 3
pooled:AHS_pooled_inputs.dta,2017,s5q2_18,ahs_price_inorganic_fert_18,AHS 2017: Price of inorganic fertilizer Type 3(RWF/Kg),5.2.18 Price of inorganic fertilizer_Type 3(RWF/Kg)
pooled:AHS_pooled_inputs.dta,2017,s5q2_19,ahs_source_used_source3_19,AHS 2017: Source of the used inorganic fertilizer-Source 3,5.2.19 Source of the used inorganic fertilizer-Source 3
pooled:AHS_pooled_inputs.dta,2017,s5q2_2,ahs_inorganic_fert_used_type1_2,AHS 2017: What was the type of inorganic fertilizer used? Type 1,5.2.2 What was the type of inorganic fertilizer used? Type 1
pooled:AHS_pooled_inputs.dta,2017,s5q2_20,ahs_hh_use_inorganic_fert_20,AHS 2017: Did any member of your household use inorganic fertilizer at least in,5.2.20 Did any member of your household use inorganic fertilizer at least in one
pooled:AHS_pooled_inputs.dta,2017,s5q2_21,ahs_inorganic_fert_used_type1_21,AHS 2017: What was the type of inorganic fertilizer used? Type 1,5.2.21 What was the type of inorganic fertilizer used? Type 1
pooled:AHS_pooled_inputs.dta,2017,s5q2_22,ahs_measurement_unit_22,AHS 2017: Measurement unit,5.2.22 Measurement unit
pooled:AHS_pooled_inputs.dta,2017,s5q2_23,ahs_quantity_used_fert_type1_23,AHS 2017: Quantity of used fertilizer Type 1,5.2.23 Quantity of used fertilizer_Type 1
pooled:AHS_pooled_inputs.dta,2017,s5q2_24,ahs_quantity_bought_fert_24,AHS 2017: Quantity of purchased fertilizer Type 1,5.2.24 Quantity of purchased fertilizer_Type 1
pooled:AHS_pooled_inputs.dta,2017,s5q2_25,ahs_price_inorganic_fert_25,AHS 2017: Price of inorganic fertilizer Type 1(RWF/Kg),5.2.25 Price of inorganic fertilizer_Type 1(RWF/Kg)
pooled:AHS_pooled_inputs.dta,2017,s5q2_26,ahs_source_used_source1_26,AHS 2017: Source of the used inorganic fertilizer-Source 1,5.2.26 Source of the used inorganic fertilizer-Source 1
pooled:AHS_pooled_inputs.dta,2017,s5q2_27,ahs_inorganic_fert_used_type2_27,AHS 2017: What was the type of inorganic fertilizer used? Type 2,5.2.27 What was the type of inorganic fertilizer used? Type 2
pooled:AHS_pooled_inputs.dta,2017,s5q2_28,ahs_measurement_unit_28,AHS 2017: Measurement unit,5.2.28 Measurement unit
pooled:AHS_pooled_inputs.dta,2017,s5q2_29,ahs_quantity_used_fert_type2_29,AHS 2017: Quantity of used fertilizer Type 2,5.2.29 Quantity of used fertilizer_Type 2
pooled:AHS_pooled_inputs.dta,2017,s5q2_3,ahs_measurement_unit_3,AHS 2017: Measurement unit,5.2.3 Measurement unit
pooled:AHS_pooled_inputs.dta,2017,s5q2_30,ahs_quantity_bought_fert_30,AHS 2017: Quantity of purchased fertilizer Type 2,5.2.30 Quantity of purchased fertilizer_Type 2
pooled:AHS_pooled_inputs.dta,2017,s5q2_31,ahs_price_inorganic_fert_type2,AHS 2017: Price of inorganic fertilizer Type 2(RWF/Kg),5.2.31 Price of inorganic fertilizer_Type 2(RWF/Kg)
pooled:AHS_pooled_inputs.dta,2017,s5q2_32,ahs_source_used_source2_32,AHS 2017: Source of the used inorganic fertilizer-Source 2,5.2.32 Source of the used inorganic fertilizer-Source 2
pooled:AHS_pooled_inputs.dta,2017,s5q2_33,ahs_inorganic_fert_used_type3_33,AHS 2017: What was the type of inorganic fertilizer used? Type 3,5.2.33 What was the type of inorganic fertilizer used? Type 3
pooled:AHS_pooled_inputs.dta,2017,s5q2_34,ahs_measurement_unit_34,AHS 2017: Measurement unit,5.2.34 Measurement unit
pooled:AHS_pooled_inputs.dta,2017,s5q2_35,ahs_quantity_used_fert_type3_35,AHS 2017: Quantity of used fertilizer Type 3,5.2.35 Quantity of used fertilizer_Type 3
pooled:AHS_pooled_inputs.dta,2017,s5q2_36,ahs_quantity_bought_fert_36,AHS 2017: Quantity of purchased fertilizer Type 3,5.2.36 Quantity of purchased fertilizer_Type 3
pooled:AHS_pooled_inputs.dta,2017,s5q2_37,ahs_price_inorganic_fert_37,AHS 2017: Price of inorganic fertilizer Type 3(RWF/Kg),5.2.37 Price of inorganic fertilizer_Type 3(RWF/Kg)
pooled:AHS_pooled_inputs.dta,2017,s5q2_38,ahs_source_used_source3_38,AHS 2017: Source of the used inorganic fertilizer-Source 3,5.2.38 Source of the used inorganic fertilizer-Source 3
pooled:AHS_pooled_inputs.dta,2017,s5q2_4,ahs_quantity_used_fert_type1_4,AHS 2017: Quantity of used fertilizer Type 1,5.2.4 Quantity of used fertilizer_Type 1
pooled:AHS_pooled_inputs.dta,2017,s5q2_5,ahs_quantity_bought_fert_type1_5,AHS 2017: Quantity of purchased fertilizer Type 1,5.2.5 Quantity of purchased fertilizer_Type 1
pooled:AHS_pooled_inputs.dta,2017,s5q2_6,ahs_price_inorganic_fert_type1_6,AHS 2017: Price of inorganic fertilizer Type 1(RWF/Kg),5.2.6 Price of inorganic fertilizer_Type 1(RWF/Kg)
pooled:AHS_pooled_inputs.dta,2017,s5q2_7,ahs_source_used_source1_7,AHS 2017: Source of the used inorganic fertilizer-Source 1,5.2.7 Source of the used inorganic fertilizer-Source 1
pooled:AHS_pooled_inputs.dta,2017,s5q2_8,ahs_inorganic_fert_used_type2_8,AHS 2017: What was the type of inorganic fertilizer used? Type 2,5.2.8 What was the type of inorganic fertilizer used? Type 2
pooled:AHS_pooled_inputs.dta,2017,s5q2_9,ahs_measurement_unit_9,AHS 2017: Measurement unit,5.2.9 Measurement unit
pooled:AHS_pooled_inputs.dta,2017,s5q3_1,ahs_hh_applied_pesticide_least_1,AHS 2017: Did any member of your household applied pesticide at least in one of,5.3.1 Did any member of your household applied pesticide at least in one of the
pooled:AHS_pooled_inputs.dta,2017,s5q3_10,ahs_measurement_unit_10,AHS 2017: Measurement unit,5.3.10 Measurement unit
pooled:AHS_pooled_inputs.dta,2017,s5q3_11,ahs_used_qty_pest_used_type2_11,AHS 2017: Used Quantity of Pesticide used Type 2,5.3.11 Used Quantity of  Pesticide used_Type 2
pooled:AHS_pooled_inputs.dta,2017,s5q3_12,ahs_purchased_quantity_kg_12,AHS 2017: Purchased Quantity(Kg),5.3.12 Purchased Quantity(Kg)
pooled:AHS_pooled_inputs.dta,2017,s5q3_13,ahs_price_bought_pest_type2_13,AHS 2017: Price of purchased Pesticide Type 2 (RWF/Kg),5.3.13 Price of purchased Pesticide_Type 2 (RWF/Kg)
pooled:AHS_pooled_inputs.dta,2017,s5q3_14,ahs_source_pest_used_source2_14,AHS 2017: Source of pesticide used-Source 2,5.3.14 Source of pesticide used-Source 2
pooled:AHS_pooled_inputs.dta,2017,s5q3_15,ahs_purpose_applying_15,AHS 2017: What was the purpose of applying pesticide?,5.3.15 What was the purpose of applying pesticide?
pooled:AHS_pooled_inputs.dta,2017,s5q3_16,ahs_pesticide_used_type3_16,AHS 2017: Pesticide used Type 3,5.3.16 Pesticide used_Type 3
pooled:AHS_pooled_inputs.dta,2017,s5q3_17,ahs_measurement_unit_17,AHS 2017: Measurement unit,5.3.17 Measurement unit
pooled:AHS_pooled_inputs.dta,2017,s5q3_18,ahs_used_qty_pest_used_type3_18,AHS 2017: Used Quantity of Pesticide used Type 3,5.3.18 Used Quantity of  Pesticide used_Type 3
pooled:AHS_pooled_inputs.dta,2017,s5q3_19,ahs_purchased_quantity_kg_19,AHS 2017: Purchased Quantity(Kg),5.3.19 Purchased Quantity(Kg)
pooled:AHS_pooled_inputs.dta,2017,s5q3_2,ahs_pesticide_used_type1_2,AHS 2017: Pesticide used Type 1,5.3.2 Pesticide used_Type 1
pooled:AHS_pooled_inputs.dta,2017,s5q3_20,ahs_price_bought_pest_type3_20,AHS 2017: Price of purchased Pesticide Type 3 (RWF/Kg),5.3.20 Price of purchased Pesticide_Type 3 (RWF/Kg)
pooled:AHS_pooled_inputs.dta,2017,s5q3_21,ahs_source_pest_used_source3_21,AHS 2017: Source of pesticide used-Source 3,5.3.21 Source of pesticide used-Source 3
pooled:AHS_pooled_inputs.dta,2017,s5q3_22,ahs_purpose_applying_22,AHS 2017: What was the purpose of applying pesticide?,5.3.22 What was the purpose of applying pesticide?
pooled:AHS_pooled_inputs.dta,2017,s5q3_23,ahs_hh_applied_pesticide_23,AHS 2017: Did any member of your household applied pesticide at least in one of,5.3.23 Did any member of your household applied pesticide at least in one of the
pooled:AHS_pooled_inputs.dta,2017,s5q3_24,ahs_pesticide_used_type1_24,AHS 2017: Pesticide used Type 1,5.3.24 Pesticide used_Type 1
pooled:AHS_pooled_inputs.dta,2017,s5q3_25,ahs_measurement_unit_25,AHS 2017: Measurement unit,5.3.25 Measurement unit
pooled:AHS_pooled_inputs.dta,2017,s5q3_26,ahs_used_qty_pest_used_type1_26,AHS 2017: Used Quantity of Pesticide used Type 1,5.3.26 Used Quantity of  Pesticide used_Type 1
pooled:AHS_pooled_inputs.dta,2017,s5q3_27,ahs_purchased_quantity_kg_27,AHS 2017: Purchased Quantity(Kg),5.3.27 Purchased Quantity(Kg)
pooled:AHS_pooled_inputs.dta,2017,s5q3_28,ahs_price_bought_pest_type1_28,AHS 2017: Price of purchased Pesticide Type 1(RWF/Kg),5.3.28 Price of purchased Pesticide_Type 1(RWF/Kg)
pooled:AHS_pooled_inputs.dta,2017,s5q3_29,ahs_source_pest_used_source1_29,AHS 2017: Source of pesticide used-Source 1,5.3.29 Source of pesticide used-Source 1
pooled:AHS_pooled_inputs.dta,2017,s5q3_3,ahs_measurement_unit_3_s5q33,AHS 2017: Measurement unit,5.3.3 Measurement unit
pooled:AHS_pooled_inputs.dta,2017,s5q3_30,ahs_purpose_applying_30,AHS 2017: What was the purpose of applying pesticide?,5.3.30 What was the purpose of applying pesticide?
pooled:AHS_pooled_inputs.dta,2017,s5q3_31,ahs_pesticide_used_type2_31,AHS 2017: Pesticide used Type 2,5.3.31 Pesticide used_Type 2
pooled:AHS_pooled_inputs.dta,2017,s5q3_32,ahs_measurement_unit_32,AHS 2017: Measurement unit,5.3.32 Measurement unit
pooled:AHS_pooled_inputs.dta,2017,s5q3_33,ahs_used_qty_pest_used_type2_33,AHS 2017: Used Quantity of Pesticide used Type 2,5.3.33 Used Quantity of  Pesticide used_Type 2
pooled:AHS_pooled_inputs.dta,2017,s5q3_34,ahs_purchased_quantity_kg_34,AHS 2017: Purchased Quantity(Kg),5.3.34 Purchased Quantity(Kg)
pooled:AHS_pooled_inputs.dta,2017,s5q3_35,ahs_price_bought_pest_type2_35,AHS 2017: Price of purchased Pesticide Type 2 (RWF/Kg),5.3.35 Price of purchased Pesticide_Type 2 (RWF/Kg)
pooled:AHS_pooled_inputs.dta,2017,s5q3_36,ahs_source_pest_used_source2_36,AHS 2017: Source of pesticide used-Source 2,5.3.36 Source of pesticide used-Source 2
pooled:AHS_pooled_inputs.dta,2017,s5q3_37,ahs_purpose_applying_37,AHS 2017: What was the purpose of applying pesticide?,5.3.37 What was the purpose of applying pesticide?
pooled:AHS_pooled_inputs.dta,2017,s5q3_38,ahs_pesticide_used_type3_38,AHS 2017: Pesticide used Type 3,5.3.38 Pesticide used_Type 3
pooled:AHS_pooled_inputs.dta,2017,s5q3_39,ahs_measurement_unit_39,AHS 2017: Measurement unit,5.3.39 Measurement unit
pooled:AHS_pooled_inputs.dta,2017,s5q3_4,ahs_used_qty_pest_used_type1_4,AHS 2017: Used Quantity of Pesticide used Type 1,5.3.4 Used Quantity of  Pesticide used_Type 1
pooled:AHS_pooled_inputs.dta,2017,s5q3_40,ahs_used_qty_pest_used_type3_40,AHS 2017: Used Quantity of Pesticide used Type 3,5.3.40 Used Quantity of  Pesticide used_Type 3
pooled:AHS_pooled_inputs.dta,2017,s5q3_41,ahs_purchased_quantity_kg_41,AHS 2017: Purchased Quantity(Kg),5.3.41 Purchased Quantity(Kg)
pooled:AHS_pooled_inputs.dta,2017,s5q3_42,ahs_price_bought_pest_type3_42,AHS 2017: Price of purchased Pesticide Type 3 (RWF/Kg),5.3.42 Price of purchased Pesticide_Type 3 (RWF/Kg)
pooled:AHS_pooled_inputs.dta,2017,s5q3_43,ahs_source_pest_used_source3_43,AHS 2017: Source of pesticide used-Source 3,5.3.43 Source of pesticide used-Source 3
pooled:AHS_pooled_inputs.dta,2017,s5q3_44,ahs_purpose_applying_44,AHS 2017: What was the purpose of applying pesticide?,5.3.44 What was the purpose of applying pesticide?
pooled:AHS_pooled_inputs.dta,2017,s5q3_5,ahs_purchased_quantity_kg_5,AHS 2017: Purchased Quantity(Kg),5.3.5 Purchased Quantity(Kg)
pooled:AHS_pooled_inputs.dta,2017,s5q3_6,ahs_price_bought_pest_type1_6,AHS 2017: Price of purchased Pesticide Type 1(RWF/Kg),5.3.6 Price of purchased Pesticide_Type 1(RWF/Kg)
pooled:AHS_pooled_inputs.dta,2017,s5q3_7,ahs_source_pest_used_source1_7,AHS 2017: Source of pesticide used-Source 1,5.3.7 Source of pesticide used-Source 1
pooled:AHS_pooled_inputs.dta,2017,s5q3_8,ahs_purpose_applying_pesticide_8,AHS 2017: What was the purpose of applying pesticide?,5.3.8 What was the purpose of applying pesticide?
pooled:AHS_pooled_inputs.dta,2017,s5q3_9,ahs_pesticide_used_type2_9,AHS 2017: Pesticide used Type 2,5.3.9 Pesticide used_Type 2
pooled:AHS_pooled_inputs.dta,2017,s5q4_10_a,ahs_crops_planted_season_b_crop1,AHS 2017: Crops planted in season B-Crop 1,5.4.10 Crops planted in season B-Crop 1
pooled:AHS_pooled_inputs.dta,2017,s5q4_10_b,ahs_crops_planted_season_b_crop2,AHS 2017: Crops planted in season B-Crop 2,5.4.10 Crops planted in season B-Crop 2
pooled:AHS_pooled_inputs.dta,2017,s5q4_10_c,ahs_crops_planted_season_b_crop3,AHS 2017: Crops planted in season B-Crop 3,5.4.10 Crops planted in season B-Crop 3
pooled:AHS_pooled_inputs.dta,2017,s5q4_11_a,ahs_type_seeds_used_season_2017,AHS 2017: Type of seeds used season B,5.4.11 Type of seeds used season B
pooled:AHS_pooled_inputs.dta,2017,s5q4_11_b,ahs_type_seeds_used_s5q411b,AHS 2017: Type of seeds used season B,5.4.11 Type of seeds used season B
pooled:AHS_pooled_inputs.dta,2017,s5q4_11_c,ahs_type_seeds_used_s5q411c,AHS 2017: Type of seeds used season B,5.4.11 Type of seeds used season B
pooled:AHS_pooled_inputs.dta,2017,s5q4_12_a,ahs_qty_traditional_seeds_2017,AHS 2017: Quantity of traditional seeds sown ( Kg),5.4.12 Quantity of traditional seeds  sown  ( Kg)
pooled:AHS_pooled_inputs.dta,2017,s5q4_12_b,ahs_qty_traditional_s5q412b,AHS 2017: Quantity of traditional seeds sown ( Kg),5.4.12 Quantity of traditional seeds  sown  ( Kg)
pooled:AHS_pooled_inputs.dta,2017,s5q4_12_c,ahs_qty_traditional_s5q412c,AHS 2017: Quantity of traditional seeds sown ( Kg),5.4.12 Quantity of traditional seeds  sown  ( Kg)
pooled:AHS_pooled_inputs.dta,2017,s5q4_13_a,ahs_qty_traditional_s5q413a,AHS 2017: Quantity of traditional seeds bought ( Kg),5.4.13 Quantity of traditional seeds bought  ( Kg)
pooled:AHS_pooled_inputs.dta,2017,s5q4_13_b,ahs_qty_traditional_s5q413b,AHS 2017: Quantity of traditional seeds bought ( Kg),5.4.13 Quantity of traditional seeds bought  ( Kg)
pooled:AHS_pooled_inputs.dta,2017,s5q4_13_c,ahs_qty_traditional_s5q413c,AHS 2017: Quantity of traditional seeds bought ( Kg),5.4.13 Quantity of traditional seeds bought  ( Kg)
pooled:AHS_pooled_inputs.dta,2017,s5q4_14_a,ahs_amount_purchase_2017,AHS 2017: Amount spent for the purchase of traditional seeds ( RWF),5.4.14 Amount spent for the purchase of traditional seeds ( RWF)
pooled:AHS_pooled_inputs.dta,2017,s5q4_14_b,ahs_amount_purchase_2017_s5q414b,AHS 2017: Amount spent for the purchase of traditional seeds ( RWF),5.4.14 Amount spent for the purchase of traditional seeds ( RWF)
pooled:AHS_pooled_inputs.dta,2017,s5q4_14_c,ahs_amount_purchase_2017_s5q414c,AHS 2017: Amount spent for the purchase of traditional seeds ( RWF),5.4.14 Amount spent for the purchase of traditional seeds ( RWF)
pooled:AHS_pooled_inputs.dta,2017,s5q4_15_a,ahs_source_improved_seeds_2017,AHS 2017: Source of improved seeds/seedling,5.4.15 Source of improved seeds/seedling
pooled:AHS_pooled_inputs.dta,2017,s5q4_15_b,ahs_source_improved_s5q415b,AHS 2017: Source of improved seeds/seedling,5.4.15 Source of improved seeds/seedling
pooled:AHS_pooled_inputs.dta,2017,s5q4_15_c,ahs_source_improved_s5q415c,AHS 2017: Source of improved seeds/seedling,5.4.15 Source of improved seeds/seedling
pooled:AHS_pooled_inputs.dta,2017,s5q4_16_a,ahs_qty_improved_seeds_2017,AHS 2017: Quantity of improved seeds sown ( Kg),5.4.16 Quantity of improved seeds  sown  ( Kg)
pooled:AHS_pooled_inputs.dta,2017,s5q4_16_b,ahs_qty_improved_seeds_s5q416b,AHS 2017: Quantity of improved seeds sown ( Kg),5.4.16 Quantity of improved seeds  sown  ( Kg)
pooled:AHS_pooled_inputs.dta,2017,s5q4_16_c,ahs_qty_improved_seeds_s5q416c,AHS 2017: Quantity of improved seeds sown ( Kg),5.4.16 Quantity of improved seeds  sown  ( Kg)
pooled:AHS_pooled_inputs.dta,2017,s5q4_17_a,ahs_qty_improved_seeds_s5q417a,AHS 2017: Quantity of improved seeds bought ( Kg),5.4.17 Quantity of improved seeds bought  ( Kg)
pooled:AHS_pooled_inputs.dta,2017,s5q4_17_b,ahs_qty_improved_seeds_s5q417b,AHS 2017: Quantity of improved seeds bought ( Kg),5.4.17 Quantity of improved seeds bought  ( Kg)
pooled:AHS_pooled_inputs.dta,2017,s5q4_17_c,ahs_qty_improved_seeds_s5q417c,AHS 2017: Quantity of improved seeds bought ( Kg),5.4.17 Quantity of improved seeds bought  ( Kg)
pooled:AHS_pooled_inputs.dta,2017,s5q4_18_a,ahs_amount_purchase_2017_s5q418a,AHS 2017: Amount spent for the purchase of improved seeds ( RWF),5.4.18 Amount spent for the purchase of improved seeds ( RWF)
pooled:AHS_pooled_inputs.dta,2017,s5q4_18_b,ahs_amount_purchase_2017_s5q418b,AHS 2017: Amount spent for the purchase of improved seeds ( RWF),5.4.18 Amount spent for the purchase of improved seeds ( RWF)
pooled:AHS_pooled_inputs.dta,2017,s5q4_18_c,ahs_amount_purchase_2017_s5q418c,AHS 2017: Amount spent for the purchase of improved seeds ( RWF),5.4.18 Amount spent for the purchase of improved seeds ( RWF)
pooled:AHS_pooled_inputs.dta,2017,s5q4_1_a,ahs_crops_planted_season_crop1,AHS 2017: Crops planted in season A-Crop 1,5.4.1 Crops planted in season A-Crop 1
pooled:AHS_pooled_inputs.dta,2017,s5q4_1_b,ahs_crops_planted_season_crop2,AHS 2017: Crops planted in season A-Crop 2,5.4.1 Crops planted in season A-Crop 2
pooled:AHS_pooled_inputs.dta,2017,s5q4_1_c,ahs_crops_planted_season_crop3,AHS 2017: Crops planted in season A-Crop 3,5.4.1 Crops planted in season A-Crop 3
pooled:AHS_pooled_inputs.dta,2017,s5q4_2_a,ahs_type_seeds_used_s5q42a,AHS 2017: Type of seeds used season A,5.4.2 Type of seeds used season A
pooled:AHS_pooled_inputs.dta,2017,s5q4_2_b,ahs_type_seeds_used_s5q42b,AHS 2017: Type of seeds used season A,5.4.2 Type of seeds used season A
pooled:AHS_pooled_inputs.dta,2017,s5q4_2_c,ahs_type_seeds_used_s5q42c,AHS 2017: Type of seeds used season A,5.4.2 Type of seeds used season A
pooled:AHS_pooled_inputs.dta,2017,s5q4_3_a,ahs_qty_traditional_s5q43a,AHS 2017: Quantity of traditional seeds sown ( Kg),5.4.3 Quantity of traditional seeds  sown  ( Kg)
pooled:AHS_pooled_inputs.dta,2017,s5q4_3_b,ahs_qty_traditional_s5q43b,AHS 2017: Quantity of traditional seeds sown ( Kg),5.4.3 Quantity of traditional seeds  sown  ( Kg)
pooled:AHS_pooled_inputs.dta,2017,s5q4_3_c,ahs_qty_traditional_s5q43c,AHS 2017: Quantity of traditional seeds sown ( Kg),5.4.3 Quantity of traditional seeds  sown  ( Kg)
pooled:AHS_pooled_inputs.dta,2017,s5q4_4_a,ahs_qty_traditional_s5q44a,AHS 2017: Quantity of traditional seeds bought ( Kg),5.4.4 Quantity of traditional seeds bought  ( Kg)
pooled:AHS_pooled_inputs.dta,2017,s5q4_4_b,ahs_qty_traditional_s5q44b,AHS 2017: Quantity of traditional seeds bought ( Kg),5.4.4 Quantity of traditional seeds bought  ( Kg)
pooled:AHS_pooled_inputs.dta,2017,s5q4_4_c,ahs_qty_traditional_s5q44c,AHS 2017: Quantity of traditional seeds bought ( Kg),5.4.4 Quantity of traditional seeds bought  ( Kg)
pooled:AHS_pooled_inputs.dta,2017,s5q4_5_a,ahs_amount_purchase_2017_s5q45a,AHS 2017: Amount spent for the purchase of traditional seeds ( RWF),5.4.5 Amount spent for the purchase of traditional seeds ( RWF)
pooled:AHS_pooled_inputs.dta,2017,s5q4_5_b,ahs_amount_purchase_2017_s5q45b,AHS 2017: Amount spent for the purchase of traditional seeds ( RWF),5.4.5 Amount spent for the purchase of traditional seeds ( RWF)
pooled:AHS_pooled_inputs.dta,2017,s5q4_5_c,ahs_amount_purchase_2017_s5q45c,AHS 2017: Amount spent for the purchase of traditional seeds ( RWF),5.4.5 Amount spent for the purchase of traditional seeds ( RWF)
pooled:AHS_pooled_inputs.dta,2017,s5q4_6_a,ahs_qty_improved_seeds_s5q46a,AHS 2017: Quantity of improved seeds sown (Kg),5.4.6 Quantity of improved seeds sown (Kg)
pooled:AHS_pooled_inputs.dta,2017,s5q4_6_b,ahs_qty_improved_seeds_s5q46b,AHS 2017: Quantity of improved seeds sown (Kg),5.4.6 Quantity of improved seeds sown (Kg)
pooled:AHS_pooled_inputs.dta,2017,s5q4_6_c,ahs_qty_improved_seeds_s5q46c,AHS 2017: Quantity of improved seeds sown (Kg),5.4.6 Quantity of improved seeds sown (Kg)
pooled:AHS_pooled_inputs.dta,2017,s5q4_7_a,ahs_qty_improved_seed_2017,AHS 2017: Quantity of improved seed brought (Kg),5.4.7 Quantity of improved seed brought (Kg)
pooled:AHS_pooled_inputs.dta,2017,s5q4_7_b,ahs_qty_improved_seed_s5q47b,AHS 2017: Quantity of improved seed brought (Kg),5.4.7 Quantity of improved seed brought (Kg)
pooled:AHS_pooled_inputs.dta,2017,s5q4_7_c,ahs_qty_improved_seed_s5q47c,AHS 2017: Quantity of improved seed brought (Kg),5.4.7 Quantity of improved seed brought (Kg)
pooled:AHS_pooled_inputs.dta,2017,s5q4_8_a,ahs_amount_purchase_seeds_2017,AHS 2017: Amount spent to the purchase of seeds (RWF),5.4.8 Amount spent to the purchase of seeds (RWF)
pooled:AHS_pooled_inputs.dta,2017,s5q4_8_b,ahs_amount_purchase_s5q48b,AHS 2017: Amount spent to the purchase of seeds (RWF),5.4.8 Amount spent to the purchase of seeds (RWF)
pooled:AHS_pooled_inputs.dta,2017,s5q4_8_c,ahs_amount_purchase_s5q48c,AHS 2017: Amount spent to the purchase of seeds (RWF),5.4.8 Amount spent to the purchase of seeds (RWF)
pooled:AHS_pooled_inputs.dta,2017,s5q4_9_a,ahs_source_improved_s5q49a,AHS 2017: Source of improved seeds used,5.4.9 Source of improved seeds used
pooled:AHS_pooled_inputs.dta,2017,s5q4_9_b,ahs_source_improved_s5q49b,AHS 2017: Source of improved seeds used,5.4.9 Source of improved seeds used
pooled:AHS_pooled_inputs.dta,2017,s5q4_9_c,ahs_source_improved_s5q49c,AHS 2017: Source of improved seeds used,5.4.9 Source of improved seeds used
pooled:AHS_pooled_inputs.dta,"2017,2020",sample,ahs_sample,AHS: Sample: sampled household or LSF large-scale-farmer supplement,"CS = sampled agricultural household; LSF = large-scale-farmer supplement record (2020: 2,345 list-frame farms with weight 1; 2024: 1,939 such records) -- not part of the household sample"
pooled:AHS_pooled_inputs.dta,"2017,2020",survey,ahs_survey,AHS: Source survey,Source survey
pooled:AHS_pooled_inputs.dta,"2017,2020",wave,ahs_wave,AHS: Wave identifier,Wave (survey year)
pooled:AHS_pooled_inputs.dta,"2017,2020",wt,ahs_weight,AHS: Sampling weight,"Household weight carried by every row (sums to persons in the person file, to households in the household file; repeated per record in module files)"
pooled:AHS_pooled_inputs.dta,"2017,2020",wt_hh,ahs_household_weight,AHS: Household weight,Household weight repeated on every row of this file -- sums to the number of households ONLY in the household file (one row per household)
pooled:AHS_pooled_inputs.dta,"2017,2020",year,ahs_year,AHS: Survey year,Survey year
pooled:AHS_pooled_land.dta,"2017,2024",cluster,ahs_cluster,AHS 2017-2024: Sampling cluster or village identifier,Sampling segment / cluster (as shipped)
pooled:AHS_pooled_land.dta,"2017,2020,2024",dist,ahs_district,"AHS: District, NISR code 11-57","District (11-57, NISR current codes)"
pooled:AHS_pooled_land.dta,2024,epov_jan,ahs_extreme_poverty,AHS 2024: Extreme Poverty,Extreme Poverty
pooled:AHS_pooled_land.dta,2020,equipment_n,ahs_mechanical_equip_numbers,AHS 2020: Mechanical equipment used in cultivation in 2019/2020 agric. year,Mechanical equipment (in numbers) used in cultivation in 2019/2020 agric. year?
pooled:AHS_pooled_land.dta,2020,hh_access,ahs_hh_numbers_right_sell_2020,AHS 2020: HH members with right to sell/use the land as guarantee for a loan,HH members (in numbers) with right to sell/use the land as guarantee for a loan
pooled:AHS_pooled_land.dta,2020,hh_loan,ahs_hh_numbers_right_hhloan,AHS 2020: HH members with right to sell/use the land as guarantee for a loan,HH members (in numbers) with right to sell/use the land as guarantee for a loan
pooled:AHS_pooled_land.dta,"2017,2020,2024",hhid,ahs_household_id,AHS: Household identifier,Household id (unique within wave)
pooled:AHS_pooled_land.dta,2024,pov_jan,ahs_poverty_rate,AHS 2024: Poverty Rate,Poverty Rate
pooled:AHS_pooled_land.dta,"2017,2020,2024",prov,ahs_province,"AHS: Province, NISR code 1-5","Province (1-5, NISR codes)"
pooled:AHS_pooled_land.dta,2024,quintile,ahs_quintiles_real_consum_ae,AHS 2024: Quintiles of real consumption per ae,Quintiles of real consumption per ae
pooled:AHS_pooled_land.dta,2020,s0q10,ahs_ubudehe_category_hh_belong,AHS 2020: Which Ubudehe category does the household belong in,0.10 Which Ubudehe category does the household belong in
pooled:AHS_pooled_land.dta,2020,s0q12,ahs_respondent_household_head,AHS 2020: Is the respondent the Household head,0.12 Is the respondent the Household head
pooled:AHS_pooled_land.dta,2020,s0q15,ahs_relation_resp_household_head,AHS 2020: Relationship of respondent to the Household head,0.15 Relationship of respondent to the Household head
pooled:AHS_pooled_land.dta,2020,s0q16_1,ahs_agri_activity_household_1,AHS 2020: Agricultural activity of the Household,0.16.1 Agricultural activity of the Household
pooled:AHS_pooled_land.dta,2020,s0q16_2,ahs_agri_activity_household_2,AHS 2020: Agricultural activity of the Household,0.16.2 Agricultural activity of the Household
pooled:AHS_pooled_land.dta,2020,s0q16_3,ahs_agri_activity_household_3,AHS 2020: Agricultural activity of the Household,0.16.3 Agricultural activity of the Household
pooled:AHS_pooled_land.dta,2020,s0q16_4,ahs_agri_activity_household_4,AHS 2020: Agricultural activity of the Household,0.16.4 Agricultural activity of the Household
pooled:AHS_pooled_land.dta,2020,s0q17,ahs_agri_livelihood_activity_hh,AHS 2020: Is agriculture the main livelihood activity of your household,0.17 Is agriculture the main livelihood activity of your household
pooled:AHS_pooled_land.dta,2020,s0q18,ahs_non_agri_activity_support_hh,AHS 2020: Other non-agricultural activity which support your household,0.18 What is the other non-agricultural activity which  support your household
pooled:AHS_pooled_land.dta,2017,s0q3,ahs_stratum,AHS 2017: Sampling stratum,0.3 Stratum
pooled:AHS_pooled_land.dta,2017,s0q4,ahs_segment,AHS 2017: Segment,0.4 Segment
pooled:AHS_pooled_land.dta,2020,s0q7,ahs_household_number,AHS 2020: Household number,0.7 Household number
pooled:AHS_pooled_land.dta,2020,s0q9,ahs_marital_household_head,AHS 2020: Marital status of Household Head,0.9 Marital status of Household Head
pooled:AHS_pooled_land.dta,2024,s2q1,ahs_plot_2024,AHS 2024: Plot No,2.1 Plot No.
pooled:AHS_pooled_land.dta,2020,s2q1_v2,ahs_hh_land_used_cropping_2020,AHS 2020: Any member of your HH have land used for cropping in 2019/2020 agric.,2.1 Any member of your HH have land used for cropping in 2019/2020 agric. year?
pooled:AHS_pooled_land.dta,2017,s2q1_v3,ahs_hh_land_used_v3_2017,AHS 2017: Did any member of your household own land used for dwelling during,2.1 Did any member of your household own land used for dwelling during Season A
pooled:AHS_pooled_land.dta,2020,s2q10,ahs_cultivate_plot_agri_2020,AHS 2020: Did you cultivate this plot during 2019/2020 agricultural year?,2.10 Did you cultivate this plot during 2019/2020 agricultural year?
pooled:AHS_pooled_land.dta,2017,s2q10_v2,ahs_household_own_b_2017_s2q10v2,AHS 2017: Did any member of your household own land used for cropping during,2.10 Did any member of your household own land used for cropping during Season B
pooled:AHS_pooled_land.dta,2017,s2q11,ahs_hh_land_used_grazing_season,AHS 2017: Did any member of your household own land used for grazing during,2.11 Did any member of your household own land used for grazing during Season B
pooled:AHS_pooled_land.dta,2020,s2q11_1,ahs_mechanical_equip_used_1,AHS 2020: Mechanical equipment used in cultivation in 2019/2020 agricultural,2.11.1 Mechanical equipment used in cultivation in 2019/2020 agricultural year?
pooled:AHS_pooled_land.dta,2020,s2q11_2,ahs_mechanical_equip_used_2,AHS 2020: Mechanical equipment used in cultivation in 2019/2020 agricultural,2.11.2 Mechanical equipment used in cultivation in 2019/2020 agricultural year?
pooled:AHS_pooled_land.dta,2020,s2q11_3,ahs_mechanical_equip_used_3,AHS 2020: Mechanical equipment used in cultivation in 2019/2020 agricultural,2.11.3 Mechanical equipment used in cultivation in 2019/2020 agricultural year?
pooled:AHS_pooled_land.dta,2020,s2q11_4,ahs_mechanical_equip_used_4,AHS 2020: Mechanical equipment used in cultivation in 2019/2020 agricultural,2.11.4 Mechanical equipment used in cultivation in 2019/2020 agricultural year?
pooled:AHS_pooled_land.dta,2020,s2q11_5,ahs_mechanical_equip_used_5,AHS 2020: Mechanical equipment used in cultivation in 2019/2020 agricultural,2.11.5 Mechanical equipment used in cultivation in 2019/2020 agricultural year?
pooled:AHS_pooled_land.dta,2020,s2q12,ahs_tractor_oxen_used_plot_2020,"AHS 2020: If no tractor or oxen was used for this plot, why?","2.12 If no tractor or oxen was used for this plot, why?"
pooled:AHS_pooled_land.dta,2017,s2q12_v2,ahs_hh_rented_fixed_am_2017,AHS 2017: Did any member of your household rented land used for cropping for,2.12 Did any member of your household rented land used for cropping for fixed am
pooled:AHS_pooled_land.dta,2020,s2q13,ahs_plot_land_consolidated_2020,AHS 2020: Was this plot in land consolidated site during 2019/2020 agricultural,2.13 Was this plot in land consolidated site during 2019/2020 agricultural year?
pooled:AHS_pooled_land.dta,2017,s2q13_v2,ahs_hh_rented_paid_ren_2017,AHS 2017: Did any member of your household rented land used for cropping and,2.13 Did any member of your household rented land used for cropping and paid ren
pooled:AHS_pooled_land.dta,2017,s2q14,ahs_hh_rented_land_used_cropping,AHS 2017: Did any member of your household rented land used for cropping,"2.14 Did any member of your household rented land used for cropping, for free du"
pooled:AHS_pooled_land.dta,2017,s2q15_1,ahs_major_crops_hh_grow_1,AHS 2017: Major 3 crops did your household grow during Season B 2017-Crop,2.15.1 What are major 3 crops did your household grow during Season B 2017-Crop
pooled:AHS_pooled_land.dta,2017,s2q15_2,ahs_major_crops_hh_grow_2,AHS 2017: 2 What are major 3 crops did your household grow during Season B,2.15. 2 What are major 3 crops did your household grow during Season B 2017-Crop
pooled:AHS_pooled_land.dta,2017,s2q15_3,ahs_major_crops_hh_grow_3,AHS 2017: Major 3 crops did your household grow during Season B 2017-Crop,2.15.3 What are major 3 crops did your household grow during Season B 2017-Crop
pooled:AHS_pooled_land.dta,2017,s2q16_1,ahs_major_crops_duri,AHS 2017: 3 major crops would your household have preferred to grow duri,2.16.1 What are 3 major crops  would your household have preferred to grow  duri
pooled:AHS_pooled_land.dta,2017,s2q16_2,ahs_major_crops_duri_s2q162,AHS 2017: 3 major crops would your household have preferred to grow duri,2.16.2 What are 3 major crops  would your household have preferred to grow  duri
pooled:AHS_pooled_land.dta,2017,s2q16_3,ahs_major_crops_duri_s2q163,AHS 2017: 3 major crops would your household have preferred to grow duri,2.16.3 What are 3 major crops  would your household have preferred to grow  duri
pooled:AHS_pooled_land.dta,2024,s2q2,ahs_area_sqm_2024,AHS 2024: Area in sqm,Area in sqm
pooled:AHS_pooled_land.dta,2020,s2q2_v2,ahs_hh_land_used_fodder_2020,AHS 2020: Any member of your HH have land used for fodder crop/pasture in,2.2 Any member of your HH have land used for fodder crop/pasture in 2019/2020
pooled:AHS_pooled_land.dta,2017,s2q2_v3,ahs_hh_land_used_v3_2017_s2q2v3,AHS 2017: Did any member of your household own land used for cropping during,2.2 Did any member of your household own land used for cropping during Season A
pooled:AHS_pooled_land.dta,2024,s2q2a,ahs_plot_land_use,AHS 2024: Plot land use,Plot land use
pooled:AHS_pooled_land.dta,2024,s2q3,ahs_owners_users_plot_2024,AHS 2024: Owners/users of this plot,2.3 Owners/users of this plot
pooled:AHS_pooled_land.dta,2020,s2q3_v2,ahs_household_agri_land_2020,AHS 2020: Does any household member currently own any agricultural land?,2.3 Does any household member currently own any agricultural land?
pooled:AHS_pooled_land.dta,2017,s2q3_v3,ahs_hh_land_used_grazing_2017,AHS 2017: Did any member of your household own land used for grazing during,2.3 Did any member of your household own land used for grazing during Season A 2
pooled:AHS_pooled_land.dta,2024,s2q4,ahs_owners_users_access_2024,AHS 2024: How did the owners/users get access to this plot?,2.4 How did the owners/users get access to this plot?
pooled:AHS_pooled_land.dta,2020,s2q4_v2,ahs_agri_plots_hh_access_2020,AHS 2020: Agricultural plots on which your HH had access in 2019/2020 agric,2.4 How many agricultural plots on which your HH had access in 2019/2020 agric.
pooled:AHS_pooled_land.dta,2017,s2q4_v3,ahs_household_rented_fixed_2017,AHS 2017: Did any member of your household rented land used for cropping for,2.4 Did any     member of your household rented land used for cropping for fixed
pooled:AHS_pooled_land.dta,2024,s2q5,ahs_pay_cash_renting_plot_2024,AHS 2024: How much did you pay in cash for renting this plot this season?,2.5 How much did you pay in cash for renting this plot this season?
pooled:AHS_pooled_land.dta,2020,s2q5_v2,ahs_plot_2020,AHS 2020: Plot No,2.5 Plot No.
pooled:AHS_pooled_land.dta,2017,s2q5_v3,ahs_hh_rented_paid_rent_2017,AHS 2017: Did any member of your household rented land used for cropping and,2.5 Did any member of your household rented land used for cropping and paid rent
pooled:AHS_pooled_land.dta,2024,s2q6,ahs_value_products_shared_2024,AHS 2024: Value of the products you shared as a payment of the rent of thi,2.6 What is the value of the products you shared as a payment of the rent of thi
pooled:AHS_pooled_land.dta,2020,s2q6_v2,ahs_plot_area_sqm_2020,AHS 2020: Plot area (sqm),2.6 Plot area (sqm)
pooled:AHS_pooled_land.dta,2017,s2q6_v3,ahs_hh_rented_free_dur_2017,AHS 2017: Did any member of your household rented land used for cropping,"2.6 Did any member of your household rented land used for cropping, for free dur"
pooled:AHS_pooled_land.dta,2024,s2q7,ahs_plot_belong_hh_parcels_land,AHS 2024: Is this plot belong in household parcels that have a land title?,2.7 Is this plot belong in household parcels that have a land title?
pooled:AHS_pooled_land.dta,2020,s2q7_1,ahs_hh_numbers_right_1_2020,AHS 2020: HH members (in numbers) with right to access the plot,2.7.1 HH members (in numbers) with right to access the plot
pooled:AHS_pooled_land.dta,2017,s2q7_1_v2,ahs_major_crops_hh_crop1_2017,AHS 2017: Major 3 crops did your household grow during Season A 2017-Crop 1,2.7.1 What are major 3 crops did your household grow during Season A 2017-Crop 1
pooled:AHS_pooled_land.dta,2020,s2q7_2,ahs_hh_numbers_right_2_2020,AHS 2020: HH members (in numbers) with right to access the plot,2.7.2 HH members (in numbers) with right to access the plot
pooled:AHS_pooled_land.dta,2017,s2q7_2_v2,ahs_major_crops_hh_crop2_2017,AHS 2017: Major 3 crops did your household grow during Season A 2017-Crop 2,2.7.2 What are major 3 crops did your household grow during Season A 2017-Crop 2
pooled:AHS_pooled_land.dta,2020,s2q7_3,ahs_hh_numbers_right_3_2020,AHS 2020: HH members (in numbers) with right to access the plot,2.7.3 HH members (in numbers) with right to access the plot
pooled:AHS_pooled_land.dta,2017,s2q7_3_v2,ahs_major_crops_hh_crop3_2017,AHS 2017: Major 3 crops did your household grow during Season A 2017-Crop 3,2.7.3 What are major 3 crops did your household grow during Season A 2017-Crop 3
pooled:AHS_pooled_land.dta,2020,s2q7_4,ahs_hh_numbers_right_access_4,AHS 2020: HH members (in numbers) with right to access the plot,2.7.4 HH members (in numbers) with right to access the plot
pooled:AHS_pooled_land.dta,2020,s2q7_5,ahs_hh_numbers_right_access_5,AHS 2020: HH members (in numbers) with right to access the plot,2.7.5 HH members (in numbers) with right to access the plot
pooled:AHS_pooled_land.dta,2020,s2q7_6,ahs_hh_numbers_right_access_6,AHS 2020: HH members (in numbers) with right to access the plot,2.7.6 HH members (in numbers) with right to access the plot
pooled:AHS_pooled_land.dta,2024,s2q8,ahs_hh_right_sell_use_land_2024,AHS 2024: Household members with the right to sell/use the land as a guarantee,2.8 Household members with the right to sell/use the land as a guarantee for a l
pooled:AHS_pooled_land.dta,2020,s2q8_v2,ahs_owner_access_agri_land_2020,AHS 2020: How did the owner get access to agricultural land?,2.8 How did the owner get access to agricultural land?
pooled:AHS_pooled_land.dta,2017,s2q8_1,ahs_major_crops_durin,AHS 2017: 3 major crops would your household have preferred to grow durin,2.8.1 What are 3 major crops  would your household have preferred to grow  durin
pooled:AHS_pooled_land.dta,2017,s2q8_2,ahs_major_crops_durin_s2q82,AHS 2017: 3 major crops would your household have preferred to grow durin,2.8.2 What are 3 major crops  would your household have preferred to grow  durin
pooled:AHS_pooled_land.dta,2017,s2q8_3,ahs_major_crops_durin_s2q83,AHS 2017: 3 major crops would your household have preferred to grow durin,2.8.3 What are 3 major crops  would your household have preferred to grow  durin
pooled:AHS_pooled_land.dta,2024,s2q9,ahs_hh_right_bequeath_land_2024,AHS 2024: Household members with the right to bequeath the land,2.9 Household members with the right to bequeath the land.
pooled:AHS_pooled_land.dta,2017,s2q9_v2,ahs_household_own_b_2017,AHS 2017: Did any member of your household own land used for dwelling during,2.9 Did any member of your household own land used for dwelling during Season B
pooled:AHS_pooled_land.dta,2020,s2q9_1,ahs_hh_right_sell_use_land_1,AHS 2020: HH members with right to sell/use the land as guarantee for a loan,2.9.1 HH members with right to sell/use the land as guarantee for a loan
pooled:AHS_pooled_land.dta,2020,s2q9_2,ahs_hh_right_sell_use_land_2,AHS 2020: HH members with right to sell/use the land as guarantee for a loan,2.9.2 HH members with right to sell/use the land as guarantee for a loan
pooled:AHS_pooled_land.dta,2020,s2q9_3,ahs_hh_right_sell_use_land_3,AHS 2020: HH members with right to sell/use the land as guarantee for a loan,2.9.3 HH members with right to sell/use the land as guarantee for a loan
pooled:AHS_pooled_land.dta,2020,s2q9_4,ahs_hh_right_sell_use_land_4,AHS 2020: HH members with right to sell/use the land as guarantee for a loan,2.9.4 HH members with right to sell/use the land as guarantee for a loan
pooled:AHS_pooled_land.dta,2020,s2q9_5,ahs_hh_right_sell_use_land_5,AHS 2020: HH members with right to sell/use the land as guarantee for a loan,2.9.5 HH members with right to sell/use the land as guarantee for a loan
pooled:AHS_pooled_land.dta,"2017,2020,2024",sample,ahs_sample,AHS: Sample: sampled household or LSF large-scale-farmer supplement,"CS = sampled agricultural household; LSF = large-scale-farmer supplement record (2020: 2,345 list-frame farms with weight 1; 2024: 1,939 such records) -- not part of the household sample"
pooled:AHS_pooled_land.dta,2024,season,ahs_season,AHS 2024: Agricultural season,
pooled:AHS_pooled_land.dta,"2017,2020,2024",survey,ahs_survey,AHS: Source survey,Source survey
pooled:AHS_pooled_land.dta,2024,total_agr_land,ahs_agri_land_household_ha,AHS 2024: Total agriculture land/household in ha,Total agriculture land/household in ha
pooled:AHS_pooled_land.dta,"2017,2020,2024",wave,ahs_wave,AHS: Wave identifier,Wave (survey year)
pooled:AHS_pooled_land.dta,"2017,2020,2024",wt,ahs_weight,AHS: Sampling weight,"Household weight carried by every row (sums to persons in the person file, to households in the household file; repeated per record in module files)"
pooled:AHS_pooled_land.dta,"2017,2020,2024",wt_hh,ahs_household_weight,AHS: Household weight,Household weight repeated on every row of this file -- sums to the number of households ONLY in the household file (one row per household)
pooled:AHS_pooled_land.dta,"2017,2020,2024",year,ahs_year,AHS: Survey year,Survey year
pooled:AHS_pooled_livestock.dta,2024,_merge,ahs_matching_result_merge,AHS 2024: Matching result from merge,Matching result from merge
pooled:AHS_pooled_livestock.dta,"2017,2024",cluster,ahs_cluster,AHS 2017-2024: Sampling cluster or village identifier,Sampling segment / cluster (as shipped)
pooled:AHS_pooled_livestock.dta,"2017,2020,2024",dist,ahs_district,"AHS: District, NISR code 11-57","District (11-57, NISR current codes)"
pooled:AHS_pooled_livestock.dta,"2017,2020,2024",hhid,ahs_household_id,AHS: Household identifier,Household id (unique within wave)
pooled:AHS_pooled_livestock.dta,"2020,2024",owner,ahs_owner,AHS 2020-2024: Owner,owner
pooled:AHS_pooled_livestock.dta,"2017,2020,2024",prov,ahs_province,"AHS: Province, NISR code 1-5","Province (1-5, NISR codes)"
pooled:AHS_pooled_livestock.dta,2020,s0q10,ahs_ubudehe_category_hh_belongs,AHS 2020: Ubudehe category the household belongs in,0.10 Ubudehe category the household belongs in
pooled:AHS_pooled_livestock.dta,2020,s0q12,ahs_respondent_household_head,AHS 2020: Is the respondent the Household head,0.12 Is the respondent the Household head
pooled:AHS_pooled_livestock.dta,2020,s0q15,ahs_relation_resp_household_head,AHS 2020: Relationship of respondent to the Household head,0.15 Relationship of respondent to the Household head
pooled:AHS_pooled_livestock.dta,2020,s0q16_1,ahs_agri_activity_household_1,AHS 2020: Agricultural activity of the Household,0.16.1 Agricultural activity of the Household
pooled:AHS_pooled_livestock.dta,2020,s0q16_2,ahs_agri_activity_household_2,AHS 2020: Agricultural activity of the Household,0.16.2 Agricultural activity of the Household
pooled:AHS_pooled_livestock.dta,2020,s0q16_3,ahs_agri_activity_household_3,AHS 2020: Agricultural activity of the Household,0.16.3 Agricultural activity of the Household
pooled:AHS_pooled_livestock.dta,2020,s0q16_4,ahs_agri_activity_household_4,AHS 2020: Agricultural activity of the Household,0.16.4 Agricultural activity of the Household
pooled:AHS_pooled_livestock.dta,2020,s0q17,ahs_agri_livelihood_activity_hh,AHS 2020: Agriculture is the main livelihood activity of your household,0.17 Agriculture is the main livelihood activity of your household
pooled:AHS_pooled_livestock.dta,2020,s0q18,ahs_non_agri_activ_supporting_hh,AHS 2020: The other non-agricultural activity supporting your household,0.18 The other non-agricultural activity supporting your household
pooled:AHS_pooled_livestock.dta,2017,s0q3,ahs_stratum,AHS 2017: Sampling stratum,0.3 Stratum
pooled:AHS_pooled_livestock.dta,2017,s0q4,ahs_segment,AHS 2017: Segment,0.4 Segment
pooled:AHS_pooled_livestock.dta,2020,s0q7,ahs_household_number,AHS 2020: Household number,0.7 Household number
pooled:AHS_pooled_livestock.dta,2020,s0q9,ahs_marital_household_head,AHS 2020: Marital status of Household Head,0.9 Marital status of Household Head
pooled:AHS_pooled_livestock.dta,2024,s10q10_1,ahs_animals_slaughtered_male,AHS 2024: How many animals slaughtered for own consumption-Male,10.10 How many animals slaughtered for own consumption-Male
pooled:AHS_pooled_livestock.dta,2024,s10q10_2,ahs_animals_slaughtered_female,AHS 2024: How many animals slaughtered for own consumption-Female,10.10 How many animals slaughtered for own consumption-Female
pooled:AHS_pooled_livestock.dta,2024,s10q11_1,ahs_animals_gift_male,AHS 2024: How many animals given as gift-Male,10.11 How many animals given as gift-Male
pooled:AHS_pooled_livestock.dta,2024,s10q11_2,ahs_animals_gift_female,AHS 2024: How many animals given as gift-Female,10.11 How many animals given as gift-Female
pooled:AHS_pooled_livestock.dta,2024,s10q12_1,ahs_animals_others_male,AHS 2024: How many animals given to others for keeping at a given period-Male,10.12 How many animals given to others for keeping at a given period-Male
pooled:AHS_pooled_livestock.dta,2024,s10q12_2,ahs_animals_others_female,AHS 2024: How many animals given to others for keeping at a given period-Female,10.12 How many animals given to others for keeping at a given period-Female
pooled:AHS_pooled_livestock.dta,2024,s10q13_1,ahs_animals_dead_male,AHS 2024: How many animals? dead-Male,10.13 How many animals? dead-Male
pooled:AHS_pooled_livestock.dta,2024,s10q13_2,ahs_animals_dead_female,AHS 2024: How many animals? dead-Female,10.13 How many animals? dead-Female
pooled:AHS_pooled_livestock.dta,2024,s10q14_1,ahs_animals_stolen_male,AHS 2024: How many animals stolen-Male,10.14 How many animals stolen-Male
pooled:AHS_pooled_livestock.dta,2024,s10q14_2,ahs_animals_stolen_female,AHS 2024: How many animals stolen-Female,10.14 How many animals stolen-Female
pooled:AHS_pooled_livestock.dta,2024,s10q2_1,ahs_animals_born_male,AHS 2024: How many animals born-Male,10.2 How many animals born-Male
pooled:AHS_pooled_livestock.dta,2024,s10q2_2,ahs_animals_born_female,AHS 2024: How many animals born-Female,10.2 How many animals born-Female
pooled:AHS_pooled_livestock.dta,2024,s10q3_1,ahs_animals_bought_male_female_1,"AHS 2024: How many animals bought If male=0 and female=0, skip to 13.5-Male","10.3 How many animals bought If male=0 and female=0, skip to 13.5-Male"
pooled:AHS_pooled_livestock.dta,2024,s10q3_2,ahs_animals_bought_male_female_2,"AHS 2024: How many animals bought If male=0 and female=0, skip to 13.5-Female","10.3 How many animals bought If male=0 and female=0, skip to 13.5-Female"
pooled:AHS_pooled_livestock.dta,2024,s10q4,ahs_amount_paid_frw,AHS 2024: Amount paid (Frw),10.4 Amount paid (Frw)
pooled:AHS_pooled_livestock.dta,2024,s10q5_1,ahs_animals_received_gift_male,AHS 2024: How many animals received as gift-Male,10.5 How many animals received as gift-Male
pooled:AHS_pooled_livestock.dta,2024,s10q5_2,ahs_animals_received_gift_female,AHS 2024: How many animals received as gift-Female,10.5 How many animals received as gift-Female
pooled:AHS_pooled_livestock.dta,2024,s10q6_1,ahs_animals_sold_farmers_male_1,"AHS 2024: Animals Sold to farmers If male=0 and female=0, skip to 13.8-Male","10.6 How many animals Sold to farmers If male=0 and female=0, skip to 13.8-Male"
pooled:AHS_pooled_livestock.dta,2024,s10q6_2,ahs_animals_sold_femal,"AHS 2024: Animals Sold to farmers If male=0 and female=0, skip to 13.8-Femal","10.6 How many animals Sold to farmers If male=0 and female=0, skip to 13.8-Femal"
pooled:AHS_pooled_livestock.dta,2024,s10q7,ahs_amount_received_frw,AHS 2024: Amount received (Frw),10.7 Amount received (Frw)
pooled:AHS_pooled_livestock.dta,2024,s10q8_1,ahs_animals_sold_consumers_1,"AHS 2024: Animals Sold to consumers (abbatoirs, hotels, resto,etc..) If male","10.8 How many animals Sold to consumers (abbatoirs, hotels, resto,etc..) If male"
pooled:AHS_pooled_livestock.dta,2024,s10q8_2,ahs_animals_sold_consumers_2,"AHS 2024: Animals Sold to consumers (abbatoirs, hotels, resto,etc..) If male","10.8 How many animals Sold to consumers (abbatoirs, hotels, resto,etc..) If male"
pooled:AHS_pooled_livestock.dta,2024,s10q9,ahs_total_amount_received_frw,AHS 2024: Total Amount received (Frw),10.9 Total Amount received (Frw)
pooled:AHS_pooled_livestock.dta,2024,s12q10,ahs_amount_farm_maint_activities,AHS 2024: Amount spent on farm maintenance activities,12.10 Amount spent on farm maintenance activities
pooled:AHS_pooled_livestock.dta,2024,s12q11,ahs_amount_payment_shepherds,AHS 2024: Amount spent on payment of shepherds,12.11 Amount spent on payment of shepherds
pooled:AHS_pooled_livestock.dta,2024,s12q12,ahs_other_expenditures_livestock,AHS 2024: Other expenditures in livestock,12.12 Other expenditures in livestock
pooled:AHS_pooled_livestock.dta,2024,s12q2,ahs_amount_rent_land_grazing,AHS 2024: Amount spent on rent for land grazing/ kraal/ renting animal shelter,12.2 Amount spent on rent for land grazing/ kraal/ renting animal shelter
pooled:AHS_pooled_livestock.dta,2024,s12q3,ahs_amount_purchasing_fodder,AHS 2024: Amount spent on purchasing fodder crop,12.3 Amount spent on purchasing fodder crop
pooled:AHS_pooled_livestock.dta,2024,s12q4,ahs_amount_purchasing_feeds,AHS 2024: Amount spent on purchasing feeds/water,12.4 Amount spent on purchasing feeds/water
pooled:AHS_pooled_livestock.dta,2024,s12q5,ahs_amount_purchasing_salt,AHS 2024: Amount spent on purchasing salt and minerals,12.5 Amount spent on purchasing salt and minerals
pooled:AHS_pooled_livestock.dta,2024,s12q6,ahs_amount_purchasing_artificial,AHS 2024: Amount spent on purchasing artificial insemination,12.6 Amount spent on purchasing artificial insemination
pooled:AHS_pooled_livestock.dta,2024,s12q7,ahs_amount_purchasing_vaccines,"AHS 2024: Amount spent on purchasing vaccines, dips, sprays and medicine","12.7 Amount spent on purchasing vaccines, dips, sprays and medicine"
pooled:AHS_pooled_livestock.dta,2024,s12q8,ahs_amount_paying_veterinary_svc,AHS 2024: Amount spent on paying veterinary services,12.8 Amount spent on paying veterinary services
pooled:AHS_pooled_livestock.dta,2024,s12q9,ahs_amount_setting_new_fences,AHS 2024: Amount spent on setting new fences/sheds or repairs of fencing/ sheds,12.9 Amount spent on setting new fences/sheds or repairs of fencing/ sheds
pooled:AHS_pooled_livestock.dta,2020,s5q1,ahs_household_rear_animals,AHS 2020: Did your household rear animals during last 12 months?,5.1 Did your household rear animals during last 12 months?
pooled:AHS_pooled_livestock.dta,2020,s5q2,ahs_animal_reared_2020,AHS 2020: Animal reared in last 12 months,5.2 Animal reared in last 12 months
pooled:AHS_pooled_livestock.dta,2020,s5q2_o,ahs_other_animal_reared,AHS 2020: Other animal reared in last 12 months,5.2 Other animal reared in last 12 months
pooled:AHS_pooled_livestock.dta,2020,s5q3,ahs_number_animals_reared_2020,AHS 2020: Number of animals reared now,5.3. Number of animals reared now
pooled:AHS_pooled_livestock.dta,2020,s5q3_female,ahs_total_female_animals_female,AHS 2020: Total female animals all ages,Total female animals all ages
pooled:AHS_pooled_livestock.dta,2020,s5q3_male,ahs_total_male_animals_ages_male,AHS 2020: Total male animals all ages,Total male animals all ages
pooled:AHS_pooled_livestock.dta,2020,s5q4_1,ahs_male_animal0_months_1,AHS 2020: Male animal 0-6 months,5.4.1 Male animal [0-6]months
pooled:AHS_pooled_livestock.dta,2020,s5q4_2,ahs_female_animal0_months_2,AHS 2020: Female animal 0-6 months,5.4.2 Female animal [0-6]months
pooled:AHS_pooled_livestock.dta,2020,s5q4_3,ahs_male_animal7_months_3,AHS 2020: Male animal 7-12 months,5.4.3 Male animal [7-12]months
pooled:AHS_pooled_livestock.dta,2020,s5q4_4,ahs_female_animal7_months_4,AHS 2020: Female animal 7-12 months,5.4.4 Female animal [7-12]months
pooled:AHS_pooled_livestock.dta,2020,s5q4_5,ahs_male_animal13_months_5,AHS 2020: Male animal 13-24 months,5.4.5 Male animal [13-24]months
pooled:AHS_pooled_livestock.dta,2020,s5q4_6,ahs_female_animal13_months_6,AHS 2020: Female animal 13-24 months,5.4.6 Female animal [13-24]months
pooled:AHS_pooled_livestock.dta,2020,s5q4_7,ahs_male_animal_above_months_7,AHS 2020: Male animal above 24 months,5.4.7 Male animal above 24 months
pooled:AHS_pooled_livestock.dta,2020,s5q4_8,ahs_female_animal_above_months_8,AHS 2020: Female animal above 24 months,5.4.8 Female animal above 24 months
pooled:AHS_pooled_livestock.dta,2024,s9q1,ahs_hh_rear_domestic_animals,AHS 2024: Did your household rear any domestic animals during last 6 months?,Did your household rear any domestic animals during last 6 months?
pooled:AHS_pooled_livestock.dta,2024,s9q2,ahs_animal_reared_2024,AHS 2024: Animal reared in last 6 months,Animal reared in last 6 months
pooled:AHS_pooled_livestock.dta,2024,s9q4,ahs_number_animals_reared_2024,AHS 2024: Number of animals reared now,Number of animals reared now
pooled:AHS_pooled_livestock.dta,2024,s9q4_female,ahs_total_female_s9q4female,AHS 2024: Total female animals all ages,Total female animals all ages
pooled:AHS_pooled_livestock.dta,2024,s9q4_male,ahs_total_male_animals_s9q4male,AHS 2024: Total male animals all ages,Total male animals all ages
pooled:AHS_pooled_livestock.dta,2024,s9q5_1,ahs_male_animal0_months_1_s9q51,AHS 2024: Male Animal 0-6 months,Male Animal [0-6]months
pooled:AHS_pooled_livestock.dta,2024,s9q5_2,ahs_female_animal0_months_s9q52,AHS 2024: Female Animal 0-6 months,Female Animal [0-6]months
pooled:AHS_pooled_livestock.dta,2024,s9q5_3,ahs_male_animal7_months_3_s9q53,AHS 2024: Male Animal 7-12 months,Male Animal [7-12]months
pooled:AHS_pooled_livestock.dta,2024,s9q5_4,ahs_female_animal7_months_s9q54,AHS 2024: Female Animal 7-12 months,Female Animal [7-12]months
pooled:AHS_pooled_livestock.dta,2024,s9q5_5,ahs_male_animal13_months_5_s9q55,AHS 2024: Male Animal 13-24 months,Male Animal [13-24]months
pooled:AHS_pooled_livestock.dta,2024,s9q5_6,ahs_female_animal13_s9q56,AHS 2024: Female Animal 13-24 months,Female Animal [13-24]months
pooled:AHS_pooled_livestock.dta,2024,s9q5_7,ahs_male_animal_above_s9q57,AHS 2024: Male Animal above 24 months,Male Animal above 24 months
pooled:AHS_pooled_livestock.dta,2024,s9q5_8,ahs_female_animal_above_s9q58,AHS 2024: Female Animal above 24 months,Female Animal above 24 months
pooled:AHS_pooled_livestock.dta,2017,s9q9_1,ahs_animal_reared_1,AHS 2017: Name of animal reared,9.1 Name of animal reared
pooled:AHS_pooled_livestock.dta,2017,s9q9_10,ahs_slaughtered_consumption,AHS 2017: Number slaughtered for own consumption in last 12 months,9.10 Number slaughtered for own consumption in last 12 months
pooled:AHS_pooled_livestock.dta,2017,s9q9_11,ahs_number_animals_sold,AHS 2017: Number of animals sold in last 12 months,9.11 Number of animals sold in last 12 months
pooled:AHS_pooled_livestock.dta,2017,s9q9_12,ahs_total_amount_received,AHS 2017: Total Amount received,9.12 Total Amount received
pooled:AHS_pooled_livestock.dta,2017,s9q9_13,ahs_number_animals_away_gift,AHS 2017: Number of animals given away as gift in last 12 months,9.13 Number of animals given away as gift in last 12 months
pooled:AHS_pooled_livestock.dta,2017,s9q9_14,ahs_number_animals_died_reasons,AHS 2017: Number of animals died for any reasons in last 12 months,9.14 Number of animals died for any reasons in last 12 months
pooled:AHS_pooled_livestock.dta,2017,s9q9_15,ahs_number_animals_lost_stolen,AHS 2017: Number of animals lost or stolen in last 12 months,9.15 Number of animals lost or stolen in last 12 months
pooled:AHS_pooled_livestock.dta,2017,s9q9_16,ahs_number_animals_vaccinated,AHS 2017: Number of animals vaccinated in last 12 months,9.16 Number of animals vaccinated in last 12 months
pooled:AHS_pooled_livestock.dta,2017,s9q9_17,ahs_animals_treated_sickness,AHS 2017: Number of animals treated for sickness in last 12 months,9.17 Number of animals treated for sickness in last 12 months
pooled:AHS_pooled_livestock.dta,2017,s9q9_18_1,ahs_animals_consumed_week,AHS 2017: Number of animals own consumed per week,9.18.1 Number of animals own consumed per week
pooled:AHS_pooled_livestock.dta,2017,s9q9_18_2,ahs_weeks_animals_consumed,AHS 2017: Number of weeks animals were consumed,9.18.2 Number of weeks animals were consumed
pooled:AHS_pooled_livestock.dta,2017,s9q9_19,ahs_number_animals_sold_week,AHS 2017: Number of animals sold per week,9.19 Number of animals sold per week
pooled:AHS_pooled_livestock.dta,2017,s9q9_2,ahs_memnber_hh_rear_animal,AHS 2017: Did any memnber of your household rear this animal during 2016-2017,9.2 Did any memnber of your household rear this animal during 2016-2017 agricult
pooled:AHS_pooled_livestock.dta,2017,s9q9_20,ahs_sale_price_animal,AHS 2017: Sale price per animal,9.20 Sale price per animal
pooled:AHS_pooled_livestock.dta,2017,s9q9_21,ahs_number_animals_lost_week,AHS 2017: Number of animals lost per week,9.21 Number of animals lost per week
pooled:AHS_pooled_livestock.dta,2017,s9q9_22,ahs_animals_used_ways_not,AHS 2017: Number of animals used in other ways not mentioned,9.22 Number of animals used in other ways not mentioned
pooled:AHS_pooled_livestock.dta,2017,s9q9_23,ahs_number_eggs_produced_week,AHS 2017: Number eggs produced per week,9.23 Number eggs produced per week
pooled:AHS_pooled_livestock.dta,2017,s9q9_24,ahs_number_eggs_consumed_week,AHS 2017: Number eggs consumed per week,9.24 Number eggs consumed per week
pooled:AHS_pooled_livestock.dta,2017,s9q9_25,ahs_number_eggs_sold_week,AHS 2017: Number eggs sold per week,9.25 Number eggs sold  per week
pooled:AHS_pooled_livestock.dta,2017,s9q9_26,ahs_unit_price_egg_sold,AHS 2017: Unit price per egg sold,9.26 Unit price per egg sold
pooled:AHS_pooled_livestock.dta,2017,s9q9_27,ahs_number_eggs_damaged_week,AHS 2017: Number eggs damaged per week,9.27 Number eggs damaged per week
pooled:AHS_pooled_livestock.dta,2017,s9q9_28,ahs_number_eggs_other_ways_week,AHS 2017: Number eggs in other ways per week,9.28 Number eggs in other ways per week
pooled:AHS_pooled_livestock.dta,2017,s9q9_3,ahs_total_number_animal_reared,AHS 2017: What is the total number of animal reared?,9.3 What is the total number of animal reared?
pooled:AHS_pooled_livestock.dta,2017,s9q9_4_1,ahs_adults,AHS 2017: Adults,9.4.1 Adults
pooled:AHS_pooled_livestock.dta,2017,s9q9_4_2,ahs_young_2017,AHS 2017: Young,9.4.2 Young
pooled:AHS_pooled_livestock.dta,2017,s9q9_5_1,ahs_adults_not_lactating,AHS 2017: Adults not lactating,9.5.1 Adults not lactating
pooled:AHS_pooled_livestock.dta,2017,s9q9_5_2,ahs_adults_lactating,AHS 2017: Adults Lactating,9.5.2 Adults Lactating
pooled:AHS_pooled_livestock.dta,2017,s9q9_5_3,ahs_young_2017_s9q953,AHS 2017: Young,9.5.3 Young
pooled:AHS_pooled_livestock.dta,2017,s9q9_6,ahs_born_animals,AHS 2017: How many born animals in last 12 months,9.6 How many born animals in last 12 months
pooled:AHS_pooled_livestock.dta,2017,s9q9_7,ahs_bought_animals,AHS 2017: How many bought animals in last 12 months,9.7 How many bought  animals in last 12 months
pooled:AHS_pooled_livestock.dta,2017,s9q9_8,ahs_total_amount_paid,AHS 2017: Total Amount paid,9.8 Total Amount paid
pooled:AHS_pooled_livestock.dta,2017,s9q9_9,ahs_number_received_gift,AHS 2017: Number received as gift in last 12 months,9.9 Number received as gift in last 12 months
pooled:AHS_pooled_livestock.dta,"2017,2020,2024",sample,ahs_sample,AHS: Sample: sampled household or LSF large-scale-farmer supplement,"CS = sampled agricultural household; LSF = large-scale-farmer supplement record (2020: 2,345 list-frame farms with weight 1; 2024: 1,939 such records) -- not part of the household sample"
pooled:AHS_pooled_livestock.dta,"2017,2020,2024",survey,ahs_survey,AHS: Source survey,Source survey
pooled:AHS_pooled_livestock.dta,2020,total,ahs_total_unlabelled,"AHS 2020: Total, no label shipped",
pooled:AHS_pooled_livestock.dta,"2017,2020,2024",wave,ahs_wave,AHS: Wave identifier,Wave (survey year)
pooled:AHS_pooled_livestock.dta,"2017,2020,2024",wt,ahs_weight,AHS: Sampling weight,"Household weight carried by every row (sums to persons in the person file, to households in the household file; repeated per record in module files)"
pooled:AHS_pooled_livestock.dta,"2017,2020,2024",wt_hh,ahs_household_weight,AHS: Household weight,Household weight repeated on every row of this file -- sums to the number of households ONLY in the household file (one row per household)
pooled:AHS_pooled_livestock.dta,"2017,2020,2024",year,ahs_year,AHS: Survey year,Survey year
pooled:AHS_pooled_milk.dta,2020,av_daily_milk_cow,ahs_average_cow_daily_milk_prod,AHS 2020: Average one cow daily milk production,Average one cow daily milk production
pooled:AHS_pooled_milk.dta,"2017,2024",cluster,ahs_cluster,AHS 2017-2024: Sampling cluster or village identifier,Sampling segment / cluster (as shipped)
pooled:AHS_pooled_milk.dta,"2017,2020,2024",dist,ahs_district,"AHS: District, NISR code 11-57","District (11-57, NISR current codes)"
pooled:AHS_pooled_milk.dta,"2017,2020,2024",hhid,ahs_household_id,AHS: Household identifier,Household id (unique within wave)
pooled:AHS_pooled_milk.dta,"2017,2020,2024",prov,ahs_province,"AHS: Province, NISR code 1-5","Province (1-5, NISR codes)"
pooled:AHS_pooled_milk.dta,2020,s0q10,ahs_ubudehe_category_hh_belongs,AHS 2020: Ubudehe category the household belongs in,0.10 Ubudehe category the household belongs in
pooled:AHS_pooled_milk.dta,2020,s0q12,ahs_respondent_household_head,AHS 2020: Is the respondent the Household head,0.12 Is the respondent the Household head
pooled:AHS_pooled_milk.dta,2020,s0q15,ahs_relation_resp_household_head,AHS 2020: Relationship of respondent to the Household head,0.15 Relationship of respondent to the Household head
pooled:AHS_pooled_milk.dta,2020,s0q16_1,ahs_agri_activity_household_1,AHS 2020: Agricultural activity of the Household,0.16.1 Agricultural activity of the Household
pooled:AHS_pooled_milk.dta,2020,s0q16_2,ahs_agri_activity_household_2,AHS 2020: Agricultural activity of the Household,0.16.2 Agricultural activity of the Household
pooled:AHS_pooled_milk.dta,2020,s0q16_3,ahs_agri_activity_household_3,AHS 2020: Agricultural activity of the Household,0.16.3 Agricultural activity of the Household
pooled:AHS_pooled_milk.dta,2020,s0q16_4,ahs_agri_activity_household_4,AHS 2020: Agricultural activity of the Household,0.16.4 Agricultural activity of the Household
pooled:AHS_pooled_milk.dta,2020,s0q17,ahs_agri_livelihood_activity_hh,AHS 2020: Agriculture is the main livelihood activity of your household,0.17 Agriculture is the main livelihood activity of your household
pooled:AHS_pooled_milk.dta,2020,s0q18,ahs_non_agri_activ_supporting_hh,AHS 2020: The other non-agricultural activity supporting your household,0.18 The other non-agricultural activity supporting your household
pooled:AHS_pooled_milk.dta,2017,s0q3,ahs_stratum,AHS 2017: Sampling stratum,0.3 Stratum
pooled:AHS_pooled_milk.dta,2017,s0q4,ahs_segment,AHS 2017: Segment,0.4 Segment
pooled:AHS_pooled_milk.dta,2020,s0q7,ahs_household_number,AHS 2020: Household number,0.7 Household number
pooled:AHS_pooled_milk.dta,2020,s0q9,ahs_marital_household_head,AHS 2020: Marital status of Household Head,0.9 Marital status of Household Head
pooled:AHS_pooled_milk.dta,2024,s10q1_0,ahs_household_produce_milk_0,AHS 2024: Did your household produce milk during the last 6 months?,10.1.1 Did your household produce milk during the last 6 months?
pooled:AHS_pooled_milk.dta,2017,s10q1_1,ahs_lactating_cow_number,AHS 2017: Lactating cow number,10.1.1 Lactating cow number
pooled:AHS_pooled_milk.dta,2017,s10q1_2,ahs_lactating_cow_race,AHS 2017: Lactating cow race,10.1.2 Lactating cow race
pooled:AHS_pooled_milk.dta,2017,s10q1_3_1,ahs_lactating_time_lactation,AHS 2017: Lactating time length at high lactation period(in days),10.1.3.1 Lactating time  length at high lactation period(in days)
pooled:AHS_pooled_milk.dta,2017,s10q1_3_2,ahs_lactating_time_low,AHS 2017: Lactating time length at high low period(in days),10.1.3.2 Lactating time  length at high low period(in days)
pooled:AHS_pooled_milk.dta,2017,s10q1_3_3,ahs_lactating_time_length_whole,"AHS 2017: Lactating time length, whole lactation period(in days)","10.1.3.3 Lactating time  length, whole lactation period(in days)"
pooled:AHS_pooled_milk.dta,2017,s10q1_4_1,ahs_dail_milk_prod_high,AHS 2017: Dail milk production at high lactating period (in liters),10.1.4.1 Dail milk production at high lactating period (in liters)
pooled:AHS_pooled_milk.dta,2017,s10q1_4_2,ahs_dail_milk_prod_low_lactating,AHS 2017: Dail milk production at low lactating period (in liters),10.1.4.2 Dail milk production at low lactating period (in liters)
pooled:AHS_pooled_milk.dta,2017,s10q1_5,ahs_months_year_calving,AHS 2017: Months and year of calving,10.1.5 Months and year of calving
pooled:AHS_pooled_milk.dta,2017,s10q1_6,ahs_cattle_problem_caused_low,AHS 2017: Has your cattle has any problem that caused low milk yield during,10.1.6 Has your cattle has any problem that caused low milk yield during
pooled:AHS_pooled_milk.dta,2017,s10q1_7,ahs_major_problems_caused_low,AHS 2017: What are major problems among the following that caused low milk,10.1.7 What are major problems among the following that caused low milk
pooled:AHS_pooled_milk.dta,2024,s11q1_1,ahs_cattle_lactating_month_1,AHS 2024: Cattle that were lactating in this/that month of ?,11.1.3   Cattle that were lactating in this/that month of ?
pooled:AHS_pooled_milk.dta,2024,s11q1_10,ahs_total_quantity_gift_liter,AHS 2024: Total Quantity given as gift (liter),Total Quantity given as gift (liter)
pooled:AHS_pooled_milk.dta,2024,s11q1_10_1,ahs_quantity_exotic_gift_liter,AHS 2024: Quantity (Exotic) given as gift (liter),11.1.10  Quantity (Exotic) given as gift (liter)
pooled:AHS_pooled_milk.dta,2024,s11q1_10_2,ahs_quantity_cross_gift_liter,AHS 2024: Quantity (Cross) given as gift (liter),11.2.10  Quantity (Cross) given as gift (liter)
pooled:AHS_pooled_milk.dta,2024,s11q1_10_3,ahs_quantity_local_gift_liter,AHS 2024: Quantity (Local) given as gift (liter),11.3.10  Quantity (Local) given as gift (liter)
pooled:AHS_pooled_milk.dta,2024,s11q1_11,ahs_quantity_used_way_liter,AHS 2024: Total Quantity used in any other way (liter),Total Quantity used in any other way (liter)
pooled:AHS_pooled_milk.dta,2024,s11q1_11_1,ahs_qty_exotic_used_way_liter,AHS 2024: Quantity (Exotic) used in any other way (liter),11.1.11  Quantity (Exotic) used in any other way (liter)
pooled:AHS_pooled_milk.dta,2024,s11q1_11_2,ahs_qty_cross_used_way_liter,AHS 2024: Quantity (Cross) used in any other way (liter),11.2.11  Quantity (Cross) used in any other way (liter)
pooled:AHS_pooled_milk.dta,2024,s11q1_11_3,ahs_qty_local_used_way_liter,AHS 2024: Quantity (Local) used in any other way (liter),11.3.11  Quantity (Local) used in any other way (liter)
pooled:AHS_pooled_milk.dta,2024,s11q1_2,ahs_month_2,AHS 2024: Month,11.1.2   Month
pooled:AHS_pooled_milk.dta,2024,s11q1_3,ahs_cattle_lactating_month_3,AHS 2024: Cattle that were lactating in this/that month of ?,11.1.3   Cattle that were lactating in this/that month of ?
pooled:AHS_pooled_milk.dta,2024,s11q1_4,ahs_cattle_lactating,AHS 2024: Total Number of cattle that were lactating in this/that month of ?,Total Number of cattle that were lactating in this/that month of ?
pooled:AHS_pooled_milk.dta,2024,s11q1_4_1,ahs_exotic_cattle_lactating_mo,AHS 2024: Number (Exotic) of cattle that were lactating in this/that month of ?,11.1.4   Number (Exotic) of cattle that were lactating in this/that month of ?
pooled:AHS_pooled_milk.dta,2024,s11q1_4_2,ahs_cross_cattle_lactating_month,AHS 2024: Number (Cross) of cattle that were lactating in this/that month of ?,11.2.4   Number (Cross) of cattle that were lactating in this/that month of ?
pooled:AHS_pooled_milk.dta,2024,s11q1_4_3,ahs_local_cattle_lactating_month,AHS 2024: Number (Local) of cattle that were lactating in this/that month of ?,11.3.4   Number (Local) of cattle that were lactating in this/that month of ?
pooled:AHS_pooled_milk.dta,2024,s11q1_5,ahs_days_cattle_lactating_month,AHS 2024: Total Number of days that cattle were lactating in this/that month of,Total Number of days that cattle were lactating in this/that month of ?
pooled:AHS_pooled_milk.dta,2024,s11q1_5_1,ahs_exotic_days_cattle_lactating,AHS 2024: Number of days that cattle were lactating in this/that month o,11.1.5   Number (Exotic) of days that cattle were lactating in this/that month o
pooled:AHS_pooled_milk.dta,2024,s11q1_5_2,ahs_cross_days_cattle_lactating,AHS 2024: Number of days that cattle were lactating in this/that month of,11.2.5   Number (Cross) of days that cattle were lactating in this/that month of
pooled:AHS_pooled_milk.dta,2024,s11q1_5_3,ahs_local_days_cattle_lactating,AHS 2024: Number of days that cattle were lactating in this/that month of,11.3.5   Number (Local) of days that cattle were lactating in this/that month of
pooled:AHS_pooled_milk.dta,2024,s11q1_6,ahs_quantity_produced_liter_day,AHS 2024: Total quantity produced(liter) per day,Total quantity produced(liter) per day
pooled:AHS_pooled_milk.dta,2024,s11q1_6_1,ahs_qty_exotic_produced_liter,AHS 2024: Quantity (Exotic) produced(liter) per day,11.1.6   quantity (Exotic) produced(liter) per day
pooled:AHS_pooled_milk.dta,2024,s11q1_6_2,ahs_qty_cross_produced_liter_day,AHS 2024: Quantity (Cross) produced(liter) per day,11.2.6   quantity (Cross) produced(liter) per day
pooled:AHS_pooled_milk.dta,2024,s11q1_6_3,ahs_qty_local_produced_liter_day,AHS 2024: Quantity (Local) produced(liter) per day,11.3.6   quantity (Local) produced(liter) per day
pooled:AHS_pooled_milk.dta,2024,s11q1_7,ahs_quantity_consumed_liter,AHS 2024: Total Quantity consumed (liter),Total Quantity consumed (liter)
pooled:AHS_pooled_milk.dta,2024,s11q1_7_1,ahs_qty_exotic_consumed_liter,AHS 2024: Quantity (Exotic) consumed (liter),11.1.7   Quantity (Exotic) consumed (liter)
pooled:AHS_pooled_milk.dta,2024,s11q1_7_2,ahs_qty_cross_consumed_liter,AHS 2024: Quantity (Cross) consumed (liter),11.2.7   Quantity (Cross) consumed (liter)
pooled:AHS_pooled_milk.dta,2024,s11q1_7_3,ahs_qty_local_consumed_liter,AHS 2024: Quantity (Local) consumed (liter),11.3.7   Quantity (Local) consumed (liter)
pooled:AHS_pooled_milk.dta,2024,s11q1_8,ahs_total_quantity_sold_liter,AHS 2024: Total Quantity sold (liter),Total Quantity sold (liter)
pooled:AHS_pooled_milk.dta,2024,s11q1_8_1,ahs_quantity_exotic_sold_liter,AHS 2024: Quantity (Exotic) sold (liter),11.1.8   Quantity (Exotic) sold (liter)
pooled:AHS_pooled_milk.dta,2024,s11q1_8_2,ahs_quantity_cross_sold_liter,AHS 2024: Quantity (Cross) sold (liter),11.2.8   Quantity (Cross) sold (liter)
pooled:AHS_pooled_milk.dta,2024,s11q1_8_3,ahs_quantity_local_sold_liter,AHS 2024: Quantity (Local) sold (liter),11.3.8   Quantity (Local) sold (liter)
pooled:AHS_pooled_milk.dta,2024,s11q1_9_1,ahs_price_exotic_liter,AHS 2024: Price (Exotic) per/ liter,11.1.9   Price (Exotic) per/ liter
pooled:AHS_pooled_milk.dta,2024,s11q1_9_2,ahs_price_cross_liter,AHS 2024: Price (Cross) per/ liter,11.2.9   Price (Cross) per/ liter
pooled:AHS_pooled_milk.dta,2024,s11q1_9_3,ahs_price_local_liter,AHS 2024: Price (Local) per/ liter,11.3.9   Price (Local) per/ liter
pooled:AHS_pooled_milk.dta,2020,s7q1_1,ahs_household_produce_milk_1,AHS 2020: Did your household produce milk during last 12 months?,7.1.1 Did your household produce milk during last 12 months?
pooled:AHS_pooled_milk.dta,2020,s7q1_2,ahs_month_2_s7q12,AHS 2020: Month,7.1.2 Month
pooled:AHS_pooled_milk.dta,2020,s7q1_3,ahs_animals_lactating_month,AHS 2020: Number of Animals that were lactating in this month,7.1.3 Number of Animals that were lactating in this month
pooled:AHS_pooled_milk.dta,2020,s7q1_4,ahs_quantity_produced_litre,AHS 2020: Quantity produced (litre),7.1.4 Quantity produced (litre)
pooled:AHS_pooled_milk.dta,2020,s7q1_5,ahs_quantity_consumed_litre,AHS 2020: Quantity consumed (litre),7.1.5 Quantity consumed (litre)
pooled:AHS_pooled_milk.dta,2020,s7q1_6,ahs_quantity_sold_litre,AHS 2020: Quantity sold (litre),7.1.6 Quantity sold (litre)
pooled:AHS_pooled_milk.dta,2020,s7q1_7,ahs_price_litre,AHS 2020: Price per litre,7.1.7 Price per litre
pooled:AHS_pooled_milk.dta,2020,s7q1_8,ahs_quantity_gift_litre,AHS 2020: Quantity given as gift (litre),7.1.8 Quantity given as gift (litre)
pooled:AHS_pooled_milk.dta,2020,s7q1_9,ahs_quantity_used_way_litre,AHS 2020: Quantity used in any other way (litre),7.1.9 Quantity used in any other way (litre)
pooled:AHS_pooled_milk.dta,"2017,2020,2024",sample,ahs_sample,AHS: Sample: sampled household or LSF large-scale-farmer supplement,"CS = sampled agricultural household; LSF = large-scale-farmer supplement record (2020: 2,345 list-frame farms with weight 1; 2024: 1,939 such records) -- not part of the household sample"
pooled:AHS_pooled_milk.dta,"2017,2020,2024",survey,ahs_survey,AHS: Source survey,Source survey
pooled:AHS_pooled_milk.dta,"2017,2020,2024",wave,ahs_wave,AHS: Wave identifier,Wave (survey year)
pooled:AHS_pooled_milk.dta,"2017,2020,2024",wt,ahs_weight,AHS: Sampling weight,"Household weight carried by every row (sums to persons in the person file, to households in the household file; repeated per record in module files)"
pooled:AHS_pooled_milk.dta,"2017,2020,2024",wt_hh,ahs_household_weight,AHS: Household weight,Household weight repeated on every row of this file -- sums to the number of households ONLY in the household file (one row per household)
pooled:AHS_pooled_milk.dta,"2017,2020,2024",year,ahs_year,AHS: Survey year,Survey year
pooled:AHS_pooled_tools.dta,"2017,2024",cluster,ahs_cluster,AHS: Sampling cluster or village identifier,Sampling segment / cluster (as shipped)
pooled:AHS_pooled_tools.dta,"2017,2024",dist,ahs_district,"AHS: District, NISR code 11-57","District (11-57, NISR current codes)"
pooled:AHS_pooled_tools.dta,"2017,2024",hhid,ahs_household_id,AHS: Household identifier,Household id (unique within wave)
pooled:AHS_pooled_tools.dta,"2017,2024",prov,ahs_province,"AHS: Province, NISR code 1-5","Province (1-5, NISR codes)"
pooled:AHS_pooled_tools.dta,2017,s0q3,ahs_stratum,AHS 2017: Sampling stratum,0.3 Stratum
pooled:AHS_pooled_tools.dta,2017,s0q4,ahs_segment,AHS 2017: Segment,0.4 Segment
pooled:AHS_pooled_tools.dta,2024,s7q1,ahs_tool_1_2024,AHS 2024: Tool name,tool_name
pooled:AHS_pooled_tools.dta,2017,s7q1_v2,ahs_small_tools_2017,AHS 2017: Small tools name,7.1 small tools name
pooled:AHS_pooled_tools.dta,2024,s7q10,ahs_unit_price_bought_equip_rwf,AHS 2024: What was the unit price for the purchased equipment? (RWF),7.10 What was the unit price for the purchased equipment? (RwF)
pooled:AHS_pooled_tools.dta,2024,s7q11,ahs_equipment_hh_rented_thi,AHS 2024: Number of the equipment that any member of your household has rented,7.11 Number of the equipment that any member of your household has rented in thi
pooled:AHS_pooled_tools.dta,2024,s7q12,ahs_amount_paid_rented_durable,AHS 2024: Amount paid for rented durable tools,7.12 Amount paid for rented durable tools
pooled:AHS_pooled_tools.dta,2024,s7q1_o,ahs_other_tool_o,AHS 2024: Other tool,other tool
pooled:AHS_pooled_tools.dta,2024,s7q2,ahs_hh_bought_used_tool_se_2024,AHS 2024: Has any member of your household purchased and used this tool during,7.2 Has any member of your household purchased and used this tool during this se
pooled:AHS_pooled_tools.dta,2017,s7q2_v2,ahs_hh_tool_farming_activ_2017,AHS 2017: Does any member of your household own this tool for farming activities,7.2 Does any member of your household own this tool for farming activities
pooled:AHS_pooled_tools.dta,2024,s7q3,ahs_tools_bought_used_2024,AHS 2024: Number of tools purchased and used during this season?,7.3 Number of tools purchased and used during this season?
pooled:AHS_pooled_tools.dta,2017,s7q3_v2,ahs_tool_owned_household_2017,AHS 2017: The number of this tool owned by the household,7.3 The number of this tool owned by the household
pooled:AHS_pooled_tools.dta,2024,s7q4,ahs_avg_unit_price_bought_2024,AHS 2024: What was the average unit price for the purchased tools? (RWF),7.4 What was the average unit price for the purchased tools? (RwF)
pooled:AHS_pooled_tools.dta,2017,s7q4_v2,ahs_tools_puchased_hh_agri_2017,AHS 2017: Number of tools puchased by your household during agricultural year,7.4 Number of tools puchased by your household during agricultural year 2016-20
pooled:AHS_pooled_tools.dta,2024,s7q5,ahs_tool_household_rented_2024,AHS 2024: Number of the tool that any member of your household has rented,7.5 What is the number of the tool that any member of your household has rented
pooled:AHS_pooled_tools.dta,2017,s7q5_v2,ahs_unit_price_bought_tool_2017,AHS 2017: Unit price for the purchased tool,7.5 Unit price for the purchased tool
pooled:AHS_pooled_tools.dta,2024,s7q6,ahs_amount_paid_rented_2024,AHS 2024: Amount paid for rented small tools,7.6 Amount paid for rented small tools
pooled:AHS_pooled_tools.dta,2017,s7q6_v2,ahs_tool_rented_household_2017,AHS 2017: Number of this tool rented by your household,7.6 Number of this tool rented by your household
pooled:AHS_pooled_tools.dta,2024,s7q7,ahs_tool_7_2024,AHS 2024: Tool name,tool_name
pooled:AHS_pooled_tools.dta,2017,s7q7_v2,ahs_amount_paid_rented_2017,AHS 2017: Amount paid for rented small tools,7.7 Amount paid for rented small tools
pooled:AHS_pooled_tools.dta,2024,s7q7_o,ahs_other_tool_o_s7q7o,AHS 2024: Other tool,other tool
pooled:AHS_pooled_tools.dta,2024,s7q8,ahs_hh_bought_equipment_season,AHS 2024: Has any member of your household purchased this equipment during this,7.8 Has any member of your household purchased this equipment during this season
pooled:AHS_pooled_tools.dta,2024,s7q9,ahs_equipment_purchased_hh_se,AHS 2024: Number of this equipment purchased by your household in this se,7.9 What was the number of this equipment purchased by your household in this se
pooled:AHS_pooled_tools.dta,2024,s7qa,ahs_hh_bought_used_tool_season,AHS 2024: Did your household purchased and used any tool during this season?,did your household purchased and used any tool during this season?
pooled:AHS_pooled_tools.dta,"2017,2024",sample,ahs_sample,AHS: Sample: sampled household or LSF large-scale-farmer supplement,"CS = sampled agricultural household; LSF = large-scale-farmer supplement record (2020: 2,345 list-frame farms with weight 1; 2024: 1,939 such records) -- not part of the household sample"
pooled:AHS_pooled_tools.dta,"2017,2024",survey,ahs_survey,AHS: Source survey,Source survey
pooled:AHS_pooled_tools.dta,"2017,2024",wave,ahs_wave,AHS: Wave identifier,Wave (survey year)
pooled:AHS_pooled_tools.dta,"2017,2024",wt,ahs_weight,AHS: Sampling weight,"Household weight carried by every row (sums to persons in the person file, to households in the household file; repeated per record in module files)"
pooled:AHS_pooled_tools.dta,"2017,2024",wt_hh,ahs_household_weight,AHS: Household weight,Household weight repeated on every row of this file -- sums to the number of households ONLY in the household file (one row per household)
pooled:AHS_pooled_tools.dta,"2017,2024",year,ahs_year,AHS: Survey year,Survey year
wave:2017:person,2017,survey,ahs_survey,AHS: Source survey,Source survey
wave:2017:person,2017,year,ahs_year,AHS: Survey year,Survey year
wave:2017:person,2017,wave,ahs_wave,AHS: Wave identifier,Wave (survey year)
wave:2017:person,2017,sample,ahs_sample,AHS: Sample: sampled household or LSF large-scale-farmer supplement,"CS = sampled agricultural household; LSF = large-scale-farmer supplement record (2020: 2,345 list-frame farms with weight 1; 2024: 1,939 such records) -- not part of the household sample"
wave:2017:person,2017,prov,ahs_province,"AHS: Province, NISR code 1-5","Province (1-5, NISR codes)"
wave:2017:person,2017,dist,ahs_district,"AHS: District, NISR code 11-57","District (11-57, NISR current codes)"
wave:2017:person,2017,cluster,ahs_cluster,AHS 2017-2024: Sampling cluster or village identifier,Sampling segment / cluster (as shipped)
wave:2017:person,2017,hhid,ahs_household_id,AHS: Household identifier,Household id (unique within wave)
wave:2017:person,2017,pid,ahs_person_id,AHS: Person number within the household,Person number within the household
wave:2017:person,2017,sex,ahs_sex,"AHS: Sex: 1 male, 2 female","Sex (1 male, 2 female)"
wave:2017:person,2017,age,ahs_age,AHS: Age in completed years,Age in years
wave:2017:person,2017,wt,ahs_weight,AHS: Sampling weight,"Household weight carried by every row (sums to persons in the person file, to households in the household file; repeated per record in module files)"
wave:2017:person,2017,wt_hh,ahs_household_weight,AHS: Household weight,Household weight repeated on every row of this file -- sums to the number of households ONLY in the household file (one row per household)
wave:2017:person,2017,s0q3,ahs_stratum,AHS 2017: Sampling stratum,0.3 Stratum
wave:2017:person,2017,s0q4,ahs_segment,AHS 2017: Segment,0.4 Segment
wave:2017:person,2017,s1q2,ahs_household_names_2017,AHS 2017: Household member names,1.2 Household member names
wave:2017:person,2017,s1q3,ahs_relationship_household_head,AHS 2017: What is the member relationship with the household Head?,1.3 What is the member relationship with the household Head?
wave:2017:person,2017,s1q6,ahs_child_schooled_2017,AHS 2017: Did this child schooled?,1.6 Did this child schooled?
wave:2017:person,2017,s1q7,ahs_highest_educ_attained_2017,AHS 2017: Highest level of education attained by the household member,1.7 What is the highest level of education attained by the household member?
wave:2017:person,2017,s1q8,ahs_economic_activity_hh_2017,AHS 2017: What is the main economic activity of household member?,1.8 What is the main economic activity of household member?
wave:2017:person,2017,s1q9,ahs_farming_activ_located_2017,AHS 2017: Where the farming activity is located?,1.9 Where the farming activity is located?
wave:2017:person,2017,s1q10,ahs_avg_hours_day_hh_worked_2017,AHS 2017: Average number of Hours/day that the household member worked per day,1.10 Average number of Hours/day that the household member worked per day in Sea
wave:2017:person,2017,s1q11,ahs_days_hh_worked_sept_2017,AHS 2017: Number of days that the household member worked in Sept -16,1.11 Number of days that the household member worked in Sept -16
wave:2017:person,2017,s1q12,ahs_days_hh_worked_oct_2017,AHS 2017: Number of days that the household member worked in Oct-16,1.12 Number of days that the household member worked in Oct-16
wave:2017:person,2017,s1q13,ahs_days_hh_worked_nov_2017,AHS 2017: Number of days that the household member worked in Nov-16,1.13 Number of days that the household member worked in Nov-16
wave:2017:person,2017,s1q14,ahs_days_hh_worked_dec_2017,AHS 2017: Number of days that the household member worked in Dec-16,1.14 Number of days that the household member worked in Dec-16
wave:2017:person,2017,s1q15,ahs_days_household_worked_jan,AHS 2017: Number of days that the household member worked in Jan-17,1.15 Number of days that the household member worked in Jan-17
wave:2017:person,2017,s1q16,ahs_avg_hours_day_hh_worked_day,AHS 2017: Average number of Hours/day that the household member worked per day,1.16 Average number of Hours/day that the household member worked per day in Sea
wave:2017:person,2017,s1q17,ahs_days_household_worked_feb,AHS 2017: Number of days that the household member worked in Feb -17,1.17 Number of days that the household member worked in Feb  -17
wave:2017:person,2017,s1q18,ahs_days_household_worked_march,AHS 2017: Number of days that the household member worked in March -17,1.18 Number of days that the household member worked in March  -17
wave:2017:person,2017,s1q19,ahs_days_household_worked_april,AHS 2017: Number of days that the household member worked in April -17,1.19 Number of days that the household member worked in April  -17
wave:2017:person,2017,s1q20,ahs_days_household_worked_may,AHS 2017: Number of days that the household member worked in May -17,1.20 Number of days that the household member worked in May -17
wave:2017:person,2017,s1q21,ahs_days_household_worked_jun,AHS 2017: Number of days that the household member worked in Jun-17,1.21 Number of days that the household member worked in Jun-17
wave:2017:household,2017,survey,ahs_survey,AHS: Source survey,Source survey
wave:2017:household,2017,year,ahs_year,AHS: Survey year,Survey year
wave:2017:household,2017,wave,ahs_wave,AHS: Wave identifier,Wave (survey year)
wave:2017:household,2017,sample,ahs_sample,AHS: Sample: sampled household or LSF large-scale-farmer supplement,"CS = sampled agricultural household; LSF = large-scale-farmer supplement record (2020: 2,345 list-frame farms with weight 1; 2024: 1,939 such records) -- not part of the household sample"
wave:2017:household,2017,prov,ahs_province,"AHS: Province, NISR code 1-5","Province (1-5, NISR codes)"
wave:2017:household,2017,dist,ahs_district,"AHS: District, NISR code 11-57","District (11-57, NISR current codes)"
wave:2017:household,2017,cluster,ahs_cluster,AHS 2017-2024: Sampling cluster or village identifier,Sampling segment / cluster (as shipped)
wave:2017:household,2017,hhid,ahs_household_id,AHS: Household identifier,Household id (unique within wave)
wave:2017:household,2017,wt,ahs_weight,AHS: Sampling weight,"Household weight carried by every row (sums to persons in the person file, to households in the household file; repeated per record in module files)"
wave:2017:household,2017,wt_hh,ahs_household_weight,AHS: Household weight,Household weight repeated on every row of this file -- sums to the number of households ONLY in the household file (one row per household)
wave:2017:household,2017,s0q0,ahs_household_segment,AHS 2017: Household segment identifier,0.0 Is there any household in the segment?
wave:2017:household,2017,s0q3,ahs_stratum,AHS 2017: Sampling stratum,0.3 Stratum
wave:2017:household,2017,s0q4,ahs_segment,AHS 2017: Segment,0.4 Segment
wave:2017:household,2017,s0q5,ahs_house_number,AHS 2017: House number,0.5 House number
wave:2017:household,2017,s0q6,ahs_household_number,AHS 2017: Household Number,0.6 Household Number
wave:2017:household,2017,s0q7,ahs_names_household_head_2017,AHS 2017: Names of Household head,0.7 Names of Household head
wave:2017:household,2017,s0q8,ahs_contact_household_head,AHS 2017: Contact of Household head,0.8 Contact of Household head
wave:2017:household,2017,s0q9,ahs_resp_household_head_2017,AHS 2017: Is the respondent the Household head?,0.9 Is the respondent the Household head?
wave:2017:household,2017,s0q10,ahs_names_resp_not_hh_head_2017,AHS 2017: Names of the respondent if not the Household head,0.10 Names of the respondent if not the Household head
wave:2017:household,2017,s0q11,ahs_contact_resp_not_hh_2017,AHS 2017: Contact of the respondent if not the Household head,0.11 Contact of the respondent if not the Household head
wave:2017:household,2017,s0q12,ahs_relation_household_head_2017,AHS 2017: Relationship to the Household head,0.12 Relationship to the Household head
wave:2017:household,2017,s0q13,ahs_agri_activity_household_2017,AHS 2017: What is the agricultural activity of the Household?,0.13 What is the agricultural activity of the Household?
wave:2017:household,2017,s0q14,ahs_hh_belonging_agri_coop_2017,AHS 2017: Is any member of the Household belonging to any agricultural,0.14 Is any member of the Household belonging to any agricultural cooperative?
wave:2017:household,2017,s0q15,ahs_agri_coop_association_2017,AHS 2017: Which type of Agriculture cooperative or association?,0.15 Which type of Agriculture cooperative or association?
wave:2017:household,2017,s0q16,ahs_total_number_household_2017,AHS 2017: Total Number of Household members,0.16 Total Number of Household members
wave:2017:household,2017,s0q17,ahs_date_interview_2017,AHS 2017: Date of interview,0.17 Date of interview
wave:2017:household,2017,s0q18,ahs_enumerator_2017,AHS 2017: Enumerator code,0.18 Enumerator code
wave:2017:household,2017,s0q19,ahs_team_leader,AHS 2017: Team Leader code,0.19 Team Leader code
wave:2017:household,2017,s0q20,ahs_regional_supervisor,AHS 2017: Regional supervisor name,0.20 Regional supervisor name
wave:2017:household,2017,s0q21,ahs_control_results,AHS 2017: Control results,0.21 Control results
wave:2017:household,2017,s2q1,ahs_hh_land_used_dwelling_2017,AHS 2017: Did any member of your household own land used for dwelling during,2.1 Did any member of your household own land used for dwelling during Season A
wave:2017:household,2017,s2q2,ahs_hh_land_used_cropping_2017,AHS 2017: Did any member of your household own land used for cropping during,2.2 Did any member of your household own land used for cropping during Season A
wave:2017:household,2017,s2q3,ahs_hh_land_used_grazing_2017,AHS 2017: Did any member of your household own land used for grazing during,2.3 Did any member of your household own land used for grazing during Season A 2
wave:2017:household,2017,s2q4,ahs_household_rented_fixed,AHS 2017: Did any member of your household rented land used for cropping for,2.4 Did any     member of your household rented land used for cropping for fixed
wave:2017:household,2017,s2q5,ahs_household_rented_paid_rent,AHS 2017: Did any member of your household rented land used for cropping and,2.5 Did any member of your household rented land used for cropping and paid rent
wave:2017:household,2017,s2q6,ahs_household_rented_free_dur,AHS 2017: Did any member of your household rented land used for cropping,"2.6 Did any member of your household rented land used for cropping, for free dur"
wave:2017:household,2017,s2q7_1,ahs_major_crops_hh_grow_crop1,AHS 2017: Major 3 crops did your household grow during Season A 2017-Crop 1,2.7.1 What are major 3 crops did your household grow during Season A 2017-Crop 1
wave:2017:household,2017,s2q7_2,ahs_major_crops_hh_grow_crop2,AHS 2017: Major 3 crops did your household grow during Season A 2017-Crop 2,2.7.2 What are major 3 crops did your household grow during Season A 2017-Crop 2
wave:2017:household,2017,s2q7_3,ahs_major_crops_hh_grow_crop3,AHS 2017: Major 3 crops did your household grow during Season A 2017-Crop 3,2.7.3 What are major 3 crops did your household grow during Season A 2017-Crop 3
wave:2017:household,2017,s2q8_1,ahs_major_crops_durin,AHS 2017: 3 major crops would your household have preferred to grow durin,2.8.1 What are 3 major crops  would your household have preferred to grow  durin
wave:2017:household,2017,s2q8_2,ahs_major_crops_durin_s2q82,AHS 2017: 3 major crops would your household have preferred to grow durin,2.8.2 What are 3 major crops  would your household have preferred to grow  durin
wave:2017:household,2017,s2q8_3,ahs_major_crops_durin_s2q83,AHS 2017: 3 major crops would your household have preferred to grow durin,2.8.3 What are 3 major crops  would your household have preferred to grow  durin
wave:2017:household,2017,s2q9,ahs_household_own_b,AHS 2017: Did any member of your household own land used for dwelling during,2.9 Did any member of your household own land used for dwelling during Season B
wave:2017:household,2017,s2q10,ahs_household_own_b_s2q10,AHS 2017: Did any member of your household own land used for cropping during,2.10 Did any member of your household own land used for cropping during Season B
wave:2017:household,2017,s2q11,ahs_household_own_b_s2q11,AHS 2017: Did any member of your household own land used for grazing during,2.11 Did any member of your household own land used for grazing during Season B
wave:2017:household,2017,s2q12,ahs_household_rented_fixed_am,AHS 2017: Did any member of your household rented land used for cropping for,2.12 Did any member of your household rented land used for cropping for fixed am
wave:2017:household,2017,s2q13,ahs_household_rented_paid_ren,AHS 2017: Did any member of your household rented land used for cropping and,2.13 Did any member of your household rented land used for cropping and paid ren
wave:2017:household,2017,s2q14,ahs_hh_rented_land_used_2017,AHS 2017: Did any member of your household rented land used for cropping,"2.14 Did any member of your household rented land used for cropping, for free du"
wave:2017:household,2017,s2q15_1,ahs_major_crops_hh_grow_v2_2017,AHS 2017: Major 3 crops did your household grow during Season B 2017-Crop,2.15.1 What are major 3 crops did your household grow during Season B 2017-Crop
wave:2017:household,2017,s2q15_2,ahs_major_crops_hh_s2q152v2,AHS 2017: 2 What are major 3 crops did your household grow during Season B,2.15. 2 What are major 3 crops did your household grow during Season B 2017-Crop
wave:2017:household,2017,s2q15_3,ahs_major_crops_hh_s2q153v2,AHS 2017: Major 3 crops did your household grow during Season B 2017-Crop,2.15.3 What are major 3 crops did your household grow during Season B 2017-Crop
wave:2017:household,2017,s2q16_1,ahs_major_crops_duri,AHS 2017: 3 major crops would your household have preferred to grow duri,2.16.1 What are 3 major crops  would your household have preferred to grow  duri
wave:2017:household,2017,s2q16_2,ahs_major_crops_duri_s2q162,AHS 2017: 3 major crops would your household have preferred to grow duri,2.16.2 What are 3 major crops  would your household have preferred to grow  duri
wave:2017:household,2017,s2q16_3,ahs_major_crops_duri_s2q163,AHS 2017: 3 major crops would your household have preferred to grow duri,2.16.3 What are 3 major crops  would your household have preferred to grow  duri
wave:2017:household,2017,s4q1,ahs_household_bank_account,AHS 2017-2020: Does any household member have any bank account?,4.1 Does the member of your household have an account in any financial instituti
wave:2017:household,2017,s4q2,ahs_household_request_loan,"AHS 2017: During 2016-2017, did any member of the household request a loan?","4.2 During 2016-2017, did any member of the household request a loan?"
wave:2017:household,2017,s4q3,ahs_financial_institution_loan1,AHS 2017: From which type of financial Institution was the loan 1 requested?,4.3 From which type of financial Institution was the loan 1 requested?
wave:2017:household,2017,s4q4,ahs_requested_loan1_2017,AHS 2017: Was the requested loan 1 approved?,4.4 Was the requested loan 1 approved?
wave:2017:household,2017,s4q5,ahs_agri_loan1_requested_2017,AHS 2017: If the agricultural loan 1 was requested but not approved what was,4.5 If the agricultural loan 1 was requested but not approved what was the main
wave:2017:household,2017,s4q6,ahs_financial_institution_loan2,AHS 2017: From which type of financial Institution was the loan 2 requested?,4.6 From which type of financial Institution was the loan 2 requested?
wave:2017:household,2017,s4q7,ahs_requested_loan2_approved,AHS 2017: Was the requested loan 2 approved?,4.7 Was the requested loan 2 approved?
wave:2017:household,2017,s4q8,ahs_agri_loan2_requested_2017,AHS 2017: If the agricultural loan 2 was requested but not approved what was,4.8 If the agricultural loan 2 was requested but not approved what was the main
wave:2017:household,2017,s4q9,ahs_financial_institution_loan3,AHS 2017: From which type of financial Institution was the loan 3 requested?,4.9 From which type of financial Institution was the loan 3 requested?
wave:2017:household,2017,s4q10,ahs_requested_loan3_approved,AHS 2017: Was the requested loan 3 approved?,4.10 Was the requested loan 3 approved?
wave:2017:household,2017,s4q11,ahs_agri_loan3_requested_2017,AHS 2017: If the agricultural loan 3 was requested but not approved what was,4.11 If the agricultural loan 3 was requested but not approved what was the main
wave:2017:household,2017,s4q12,ahs_recvd_fund_grant_agri_2017,AHS 2017: Received any fund for grant for agricultural purpose during 2016-2,4.12 Have you received any fund for grant for agricultural purpose during 2016-2
wave:2017:household,2017,s4q13,ahs_origin_grant_2017,AHS 2017: What is the origin of that grant?,4.13 What is the origin of that grant?
wave:2017:household,2017,s5q1_1,ahs_hh_use_organic_fert_least_1,AHS 2017: Did any member of your household use organic fertilizer at least in,5.1.1 Did any member of your household use organic fertilizer at least in one of
wave:2017:household,2017,s5q1_2,ahs_quantity_organic_kg,AHS 2017: Quantity of organic fertilizer used during agricultural Season A 2017,5.1.2.Quantity of organic fertilizer used  during agricultural Season A 2017 (Kg
wave:2017:household,2017,s5q1_3,ahs_source_organic_fert_source1,AHS 2017: Source of organic fertilizer Season A-Source 1,5.1.3 Source of organic fertilizer Season A-Source 1
wave:2017:household,2017,s5q1_4,ahs_qty_bought_agri_season_kg,AHS 2017: Quantity purchased during agricultural Season A 2017 (Kg),5.1.4 Quantity purchased during agricultural Season A 2017 (Kg)
wave:2017:household,2017,s5q1_5,ahs_amount_paid_seas,AHS 2017: Amount paid for purchasing the organic fertilizer during agricultural,5.1.5 Amount paid for purchasing the organic fertilizer during agricultural Seas
wave:2017:household,2017,s5q1_6_1,ahs_method_used_methode1_2017,AHS 2017: Method used for preparing manure Season A-Methode 1,5.1.6 Method used for preparing manure Season A-Methode 1
wave:2017:household,2017,s5q1_6_2,ahs_method_used_methode2_2017,AHS 2017: Method used for preparing manure Season A-Methode 2,5.1.6 Method used for preparing manure Season A-Methode 2
wave:2017:household,2017,s5q1_6_3,ahs_method_used_methode3_2017,AHS 2017: Method used for preparing manure Season A-Methode 3,5.1.6 Method used for preparing manure Season A-Methode 3
wave:2017:household,2017,s5q1_7,ahs_qty_used_organic_fert_hh,AHS 2017: Quantity of used organic fertilizer that any member of the household,5.1.7 Quantity of used organic fertilizer that any member of the household recei
wave:2017:household,2017,s5q1_8,ahs_hh_use_lime_gypsum_least_8,AHS 2017: Did any member of your household use lime or gypsum at least in one,5.1.8. Did any member of your household use lime or gypsum at least in one plot
wave:2017:household,2017,s5q1_9,ahs_hh_use_organic_fert_least_9,AHS 2017: Did any member of your household use organic fertilizer at least in,5.1.9 Did any member of your household use organic fertilizer at least in one of
wave:2017:household,2017,s5q1_10,ahs_quantity_organic_b_k,AHS 2017: Quantity of organic fertilizer used during agricultural Season B 2017,5.1.10.Quantity of organic fertilizer used  during agricultural Season B 2017 (K
wave:2017:household,2017,s5q1_11,ahs_source_organic_fert_season_b,AHS 2017: Source of organic fertilizer Season B,5.1.11 Source of organic fertilizer Season B
wave:2017:household,2017,s5q1_12,ahs_qty_bought_agri_season_b_kg,AHS 2017: Quantity purchased during agricultural Season B 2017 (Kg),5.1.12 Quantity purchased during agricultural Season B 2017 (Kg)
wave:2017:household,2017,s5q1_13,ahs_amount_paid_sea,AHS 2017: Amount paid for purchasing the organic fertilizer during agricultural,5.1.13 Amount paid for purchasing the organic fertilizer during agricultural Sea
wave:2017:household,2017,s5q1_14_1,ahs_method_used_b,AHS 2017: Method used for preparing manure Season B-Methode 1,5.1.14 Method used for preparing manure Season B-Methode 1
wave:2017:household,2017,s5q1_14_2,ahs_method_used_b_s5q1142,AHS 2017: Method used for preparing manure Season B-Methode 2,5.1.14 Method used for preparing manure Season B-Methode 2
wave:2017:household,2017,s5q1_14_3,ahs_method_used_b_s5q1143,AHS 2017: Method used for preparing manure Season B-Methode 3,5.1.14 Method used for preparing manure Season B-Methode 3
wave:2017:household,2017,s5q1_15,ahs_quantity_used_organic_fert_h,AHS 2017: Is there any quantity of used organic fertilizer that any member of,5.1.15 Is there any quantity of used organic fertilizer that any member of the h
wave:2017:household,2017,s5q1_16,ahs_hh_use_lime_gypsum_least_16,AHS 2017: Did any member of your household use lime or gypsum at least in one,5.1.16. Did any member of your household use lime or gypsum at least in one plot
wave:2017:household,2017,s5q2_1,ahs_hh_use_inorganic_fert_1,AHS 2017: Did any member of your household use inorganic fertilizer at least in,5.2.1 Did any member of your household use inorganic fertilizer at least in one
wave:2017:household,2017,s5q2_2,ahs_inorganic_fert_used_type1_2,AHS 2017: What was the type of inorganic fertilizer used? Type 1,5.2.2 What was the type of inorganic fertilizer used? Type 1
wave:2017:household,2017,s5q2_3,ahs_measurement_unit_3,AHS 2017: Measurement unit,5.2.3 Measurement unit
wave:2017:household,2017,s5q2_4,ahs_quantity_used_fert_type1_4,AHS 2017: Quantity of used fertilizer Type 1,5.2.4 Quantity of used fertilizer_Type 1
wave:2017:household,2017,s5q2_5,ahs_quantity_bought_fert_type1_5,AHS 2017: Quantity of purchased fertilizer Type 1,5.2.5 Quantity of purchased fertilizer_Type 1
wave:2017:household,2017,s5q2_6,ahs_price_inorganic_fert_type1_6,AHS 2017: Price of inorganic fertilizer Type 1(RWF/Kg),5.2.6 Price of inorganic fertilizer_Type 1(RWF/Kg)
wave:2017:household,2017,s5q2_7,ahs_source_used_source1_7,AHS 2017: Source of the used inorganic fertilizer-Source 1,5.2.7 Source of the used inorganic fertilizer-Source 1
wave:2017:household,2017,s5q2_8,ahs_inorganic_fert_used_type2_8,AHS 2017: What was the type of inorganic fertilizer used? Type 2,5.2.8 What was the type of inorganic fertilizer used? Type 2
wave:2017:household,2017,s5q2_9,ahs_measurement_unit_9,AHS 2017: Measurement unit,5.2.9 Measurement unit
wave:2017:household,2017,s5q2_10,ahs_quantity_used_fert_type2_10,AHS 2017: Quantity of used fertilizer Type 2,5.2.10 Quantity of used fertilizer_Type 2
wave:2017:household,2017,s5q2_11,ahs_quantity_bought_fert_11,AHS 2017: Quantity of purchased fertilizer Type 2,5.2.11 Quantity of purchased fertilizer_Type 2
wave:2017:household,2017,s5q2_12,ahs_price_inorganic_fert_12,AHS 2017: Price of inorganic fertilizer Type 1(RWF/Kg),5.2.12 Price of inorganic fertilizer_Type 1(RWF/Kg)
wave:2017:household,2017,s5q2_13,ahs_source_used_source2_13,AHS 2017: Source of the used inorganic fertilizer-Source 2,5.2.13 Source of the used inorganic fertilizer-Source 2
wave:2017:household,2017,s5q2_14,ahs_inorganic_fert_used_type3_14,AHS 2017: What was the type of inorganic fertilizer used? Type 3,5.2.14 What was the type of inorganic fertilizer used? Type 3
wave:2017:household,2017,s5q2_15,ahs_measurement_unit_15,AHS 2017: Measurement unit,5.2.15 Measurement unit
wave:2017:household,2017,s5q2_16,ahs_quantity_used_fert_type3_16,AHS 2017: Quantity of used fertilizer Type 3,5.2.16 Quantity of used fertilizer_Type 3
wave:2017:household,2017,s5q2_17,ahs_quantity_bought_fert_17,AHS 2017: Quantity of purchased fertilizer Type 3,5.2.17 Quantity of purchased fertilizer_Type 3
wave:2017:household,2017,s5q2_18,ahs_price_inorganic_fert_18,AHS 2017: Price of inorganic fertilizer Type 3(RWF/Kg),5.2.18 Price of inorganic fertilizer_Type 3(RWF/Kg)
wave:2017:household,2017,s5q2_19,ahs_source_used_source3_19,AHS 2017: Source of the used inorganic fertilizer-Source 3,5.2.19 Source of the used inorganic fertilizer-Source 3
wave:2017:household,2017,s5q2_20,ahs_hh_use_inorganic_fert_20,AHS 2017: Did any member of your household use inorganic fertilizer at least in,5.2.20 Did any member of your household use inorganic fertilizer at least in one
wave:2017:household,2017,s5q2_21,ahs_inorganic_fert_used_type1_21,AHS 2017: What was the type of inorganic fertilizer used? Type 1,5.2.21 What was the type of inorganic fertilizer used? Type 1
wave:2017:household,2017,s5q2_22,ahs_measurement_unit_22,AHS 2017: Measurement unit,5.2.22 Measurement unit
wave:2017:household,2017,s5q2_23,ahs_quantity_used_fert_type1_23,AHS 2017: Quantity of used fertilizer Type 1,5.2.23 Quantity of used fertilizer_Type 1
wave:2017:household,2017,s5q2_24,ahs_quantity_bought_fert_24,AHS 2017: Quantity of purchased fertilizer Type 1,5.2.24 Quantity of purchased fertilizer_Type 1
wave:2017:household,2017,s5q2_25,ahs_price_inorganic_fert_25,AHS 2017: Price of inorganic fertilizer Type 1(RWF/Kg),5.2.25 Price of inorganic fertilizer_Type 1(RWF/Kg)
wave:2017:household,2017,s5q2_26,ahs_source_used_source1_26,AHS 2017: Source of the used inorganic fertilizer-Source 1,5.2.26 Source of the used inorganic fertilizer-Source 1
wave:2017:household,2017,s5q2_27,ahs_inorganic_fert_used_type2_27,AHS 2017: What was the type of inorganic fertilizer used? Type 2,5.2.27 What was the type of inorganic fertilizer used? Type 2
wave:2017:household,2017,s5q2_28,ahs_measurement_unit_28,AHS 2017: Measurement unit,5.2.28 Measurement unit
wave:2017:household,2017,s5q2_29,ahs_quantity_used_fert_type2_29,AHS 2017: Quantity of used fertilizer Type 2,5.2.29 Quantity of used fertilizer_Type 2
wave:2017:household,2017,s5q2_30,ahs_quantity_bought_fert_30,AHS 2017: Quantity of purchased fertilizer Type 2,5.2.30 Quantity of purchased fertilizer_Type 2
wave:2017:household,2017,s5q2_31,ahs_price_inorganic_fert_type2,AHS 2017: Price of inorganic fertilizer Type 2(RWF/Kg),5.2.31 Price of inorganic fertilizer_Type 2(RWF/Kg)
wave:2017:household,2017,s5q2_32,ahs_source_used_source2_32,AHS 2017: Source of the used inorganic fertilizer-Source 2,5.2.32 Source of the used inorganic fertilizer-Source 2
wave:2017:household,2017,s5q2_33,ahs_inorganic_fert_used_type3_33,AHS 2017: What was the type of inorganic fertilizer used? Type 3,5.2.33 What was the type of inorganic fertilizer used? Type 3
wave:2017:household,2017,s5q2_34,ahs_measurement_unit_34,AHS 2017: Measurement unit,5.2.34 Measurement unit
wave:2017:household,2017,s5q2_35,ahs_quantity_used_fert_type3_35,AHS 2017: Quantity of used fertilizer Type 3,5.2.35 Quantity of used fertilizer_Type 3
wave:2017:household,2017,s5q2_36,ahs_quantity_bought_fert_36,AHS 2017: Quantity of purchased fertilizer Type 3,5.2.36 Quantity of purchased fertilizer_Type 3
wave:2017:household,2017,s5q2_37,ahs_price_inorganic_fert_37,AHS 2017: Price of inorganic fertilizer Type 3(RWF/Kg),5.2.37 Price of inorganic fertilizer_Type 3(RWF/Kg)
wave:2017:household,2017,s5q2_38,ahs_source_used_source3_38,AHS 2017: Source of the used inorganic fertilizer-Source 3,5.2.38 Source of the used inorganic fertilizer-Source 3
wave:2017:household,2017,s5q3_1,ahs_hh_applied_pesticide_least_1,AHS 2017: Did any member of your household applied pesticide at least in one of,5.3.1 Did any member of your household applied pesticide at least in one of the
wave:2017:household,2017,s5q3_2,ahs_pesticide_used_type1_2,AHS 2017: Pesticide used Type 1,5.3.2 Pesticide used_Type 1
wave:2017:household,2017,s5q3_3,ahs_measurement_unit_3_s5q33,AHS 2017: Measurement unit,5.3.3 Measurement unit
wave:2017:household,2017,s5q3_4,ahs_used_qty_pest_used_type1_4,AHS 2017: Used Quantity of Pesticide used Type 1,5.3.4 Used Quantity of  Pesticide used_Type 1
wave:2017:household,2017,s5q3_5,ahs_purchased_quantity_kg_5,AHS 2017: Purchased Quantity(Kg),5.3.5 Purchased Quantity(Kg)
wave:2017:household,2017,s5q3_6,ahs_price_bought_pest_type1_6,AHS 2017: Price of purchased Pesticide Type 1(RWF/Kg),5.3.6 Price of purchased Pesticide_Type 1(RWF/Kg)
wave:2017:household,2017,s5q3_7,ahs_source_pest_used_source1_7,AHS 2017: Source of pesticide used-Source 1,5.3.7 Source of pesticide used-Source 1
wave:2017:household,2017,s5q3_8,ahs_purpose_applying_pesticide_8,AHS 2017: What was the purpose of applying pesticide?,5.3.8 What was the purpose of applying pesticide?
wave:2017:household,2017,s5q3_9,ahs_pesticide_used_type2_9,AHS 2017: Pesticide used Type 2,5.3.9 Pesticide used_Type 2
wave:2017:household,2017,s5q3_10,ahs_measurement_unit_10,AHS 2017: Measurement unit,5.3.10 Measurement unit
wave:2017:household,2017,s5q3_11,ahs_used_qty_pest_used_type2_11,AHS 2017: Used Quantity of Pesticide used Type 2,5.3.11 Used Quantity of  Pesticide used_Type 2
wave:2017:household,2017,s5q3_12,ahs_purchased_quantity_kg_12,AHS 2017: Purchased Quantity(Kg),5.3.12 Purchased Quantity(Kg)
wave:2017:household,2017,s5q3_13,ahs_price_bought_pest_type2_13,AHS 2017: Price of purchased Pesticide Type 2 (RWF/Kg),5.3.13 Price of purchased Pesticide_Type 2 (RWF/Kg)
wave:2017:household,2017,s5q3_14,ahs_source_pest_used_source2_14,AHS 2017: Source of pesticide used-Source 2,5.3.14 Source of pesticide used-Source 2
wave:2017:household,2017,s5q3_15,ahs_purpose_applying_15,AHS 2017: What was the purpose of applying pesticide?,5.3.15 What was the purpose of applying pesticide?
wave:2017:household,2017,s5q3_16,ahs_pesticide_used_type3_16,AHS 2017: Pesticide used Type 3,5.3.16 Pesticide used_Type 3
wave:2017:household,2017,s5q3_17,ahs_measurement_unit_17,AHS 2017: Measurement unit,5.3.17 Measurement unit
wave:2017:household,2017,s5q3_18,ahs_used_qty_pest_used_type3_18,AHS 2017: Used Quantity of Pesticide used Type 3,5.3.18 Used Quantity of  Pesticide used_Type 3
wave:2017:household,2017,s5q3_19,ahs_purchased_quantity_kg_19,AHS 2017: Purchased Quantity(Kg),5.3.19 Purchased Quantity(Kg)
wave:2017:household,2017,s5q3_20,ahs_price_bought_pest_type3_20,AHS 2017: Price of purchased Pesticide Type 3 (RWF/Kg),5.3.20 Price of purchased Pesticide_Type 3 (RWF/Kg)
wave:2017:household,2017,s5q3_21,ahs_source_pest_used_source3_21,AHS 2017: Source of pesticide used-Source 3,5.3.21 Source of pesticide used-Source 3
wave:2017:household,2017,s5q3_22,ahs_purpose_applying_22,AHS 2017: What was the purpose of applying pesticide?,5.3.22 What was the purpose of applying pesticide?
wave:2017:household,2017,s5q3_23,ahs_hh_applied_pesticide_23,AHS 2017: Did any member of your household applied pesticide at least in one of,5.3.23 Did any member of your household applied pesticide at least in one of the
wave:2017:household,2017,s5q3_24,ahs_pesticide_used_type1_24,AHS 2017: Pesticide used Type 1,5.3.24 Pesticide used_Type 1
wave:2017:household,2017,s5q3_25,ahs_measurement_unit_25,AHS 2017: Measurement unit,5.3.25 Measurement unit
wave:2017:household,2017,s5q3_26,ahs_used_qty_pest_used_type1_26,AHS 2017: Used Quantity of Pesticide used Type 1,5.3.26 Used Quantity of  Pesticide used_Type 1
wave:2017:household,2017,s5q3_27,ahs_purchased_quantity_kg_27,AHS 2017: Purchased Quantity(Kg),5.3.27 Purchased Quantity(Kg)
wave:2017:household,2017,s5q3_28,ahs_price_bought_pest_type1_28,AHS 2017: Price of purchased Pesticide Type 1(RWF/Kg),5.3.28 Price of purchased Pesticide_Type 1(RWF/Kg)
wave:2017:household,2017,s5q3_29,ahs_source_pest_used_source1_29,AHS 2017: Source of pesticide used-Source 1,5.3.29 Source of pesticide used-Source 1
wave:2017:household,2017,s5q3_30,ahs_purpose_applying_30,AHS 2017: What was the purpose of applying pesticide?,5.3.30 What was the purpose of applying pesticide?
wave:2017:household,2017,s5q3_31,ahs_pesticide_used_type2_31,AHS 2017: Pesticide used Type 2,5.3.31 Pesticide used_Type 2
wave:2017:household,2017,s5q3_32,ahs_measurement_unit_32,AHS 2017: Measurement unit,5.3.32 Measurement unit
wave:2017:household,2017,s5q3_33,ahs_used_qty_pest_used_type2_33,AHS 2017: Used Quantity of Pesticide used Type 2,5.3.33 Used Quantity of  Pesticide used_Type 2
wave:2017:household,2017,s5q3_34,ahs_purchased_quantity_kg_34,AHS 2017: Purchased Quantity(Kg),5.3.34 Purchased Quantity(Kg)
wave:2017:household,2017,s5q3_35,ahs_price_bought_pest_type2_35,AHS 2017: Price of purchased Pesticide Type 2 (RWF/Kg),5.3.35 Price of purchased Pesticide_Type 2 (RWF/Kg)
wave:2017:household,2017,s5q3_36,ahs_source_pest_used_source2_36,AHS 2017: Source of pesticide used-Source 2,5.3.36 Source of pesticide used-Source 2
wave:2017:household,2017,s5q3_37,ahs_purpose_applying_37,AHS 2017: What was the purpose of applying pesticide?,5.3.37 What was the purpose of applying pesticide?
wave:2017:household,2017,s5q3_38,ahs_pesticide_used_type3_38,AHS 2017: Pesticide used Type 3,5.3.38 Pesticide used_Type 3
wave:2017:household,2017,s5q3_39,ahs_measurement_unit_39,AHS 2017: Measurement unit,5.3.39 Measurement unit
wave:2017:household,2017,s5q3_40,ahs_used_qty_pest_used_type3_40,AHS 2017: Used Quantity of Pesticide used Type 3,5.3.40 Used Quantity of  Pesticide used_Type 3
wave:2017:household,2017,s5q3_41,ahs_purchased_quantity_kg_41,AHS 2017: Purchased Quantity(Kg),5.3.41 Purchased Quantity(Kg)
wave:2017:household,2017,s5q3_42,ahs_price_bought_pest_type3_42,AHS 2017: Price of purchased Pesticide Type 3 (RWF/Kg),5.3.42 Price of purchased Pesticide_Type 3 (RWF/Kg)
wave:2017:household,2017,s5q3_43,ahs_source_pest_used_source3_43,AHS 2017: Source of pesticide used-Source 3,5.3.43 Source of pesticide used-Source 3
wave:2017:household,2017,s5q3_44,ahs_purpose_applying_44,AHS 2017: What was the purpose of applying pesticide?,5.3.44 What was the purpose of applying pesticide?
wave:2017:household,2017,s5q4_1_a,ahs_crops_planted_season_crop1,AHS 2017: Crops planted in season A-Crop 1,5.4.1 Crops planted in season A-Crop 1
wave:2017:household,2017,s5q4_2_a,ahs_type_seeds_used_s5q42a,AHS 2017: Type of seeds used season A,5.4.2 Type of seeds used season A
wave:2017:household,2017,s5q4_3_a,ahs_qty_traditional_s5q43a,AHS 2017: Quantity of traditional seeds sown ( Kg),5.4.3 Quantity of traditional seeds  sown  ( Kg)
wave:2017:household,2017,s5q4_4_a,ahs_qty_traditional_s5q44a,AHS 2017: Quantity of traditional seeds bought ( Kg),5.4.4 Quantity of traditional seeds bought  ( Kg)
wave:2017:household,2017,s5q4_5_a,ahs_amount_purchase_2017_s5q45a,AHS 2017: Amount spent for the purchase of traditional seeds ( RWF),5.4.5 Amount spent for the purchase of traditional seeds ( RWF)
wave:2017:household,2017,s5q4_6_a,ahs_qty_improved_seeds_s5q46a,AHS 2017: Quantity of improved seeds sown (Kg),5.4.6 Quantity of improved seeds sown (Kg)
wave:2017:household,2017,s5q4_7_a,ahs_qty_improved_seed_2017,AHS 2017: Quantity of improved seed brought (Kg),5.4.7 Quantity of improved seed brought (Kg)
wave:2017:household,2017,s5q4_8_a,ahs_amount_purchase_seeds_2017,AHS 2017: Amount spent to the purchase of seeds (RWF),5.4.8 Amount spent to the purchase of seeds (RWF)
wave:2017:household,2017,s5q4_9_a,ahs_source_improved_s5q49a,AHS 2017: Source of improved seeds used,5.4.9 Source of improved seeds used
wave:2017:household,2017,s5q4_1_b,ahs_crops_planted_season_crop2,AHS 2017: Crops planted in season A-Crop 2,5.4.1 Crops planted in season A-Crop 2
wave:2017:household,2017,s5q4_2_b,ahs_type_seeds_used_s5q42b,AHS 2017: Type of seeds used season A,5.4.2 Type of seeds used season A
wave:2017:household,2017,s5q4_3_b,ahs_qty_traditional_s5q43b,AHS 2017: Quantity of traditional seeds sown ( Kg),5.4.3 Quantity of traditional seeds  sown  ( Kg)
wave:2017:household,2017,s5q4_4_b,ahs_qty_traditional_s5q44b,AHS 2017: Quantity of traditional seeds bought ( Kg),5.4.4 Quantity of traditional seeds bought  ( Kg)
wave:2017:household,2017,s5q4_5_b,ahs_amount_purchase_2017_s5q45b,AHS 2017: Amount spent for the purchase of traditional seeds ( RWF),5.4.5 Amount spent for the purchase of traditional seeds ( RWF)
wave:2017:household,2017,s5q4_6_b,ahs_qty_improved_seeds_s5q46b,AHS 2017: Quantity of improved seeds sown (Kg),5.4.6 Quantity of improved seeds sown (Kg)
wave:2017:household,2017,s5q4_7_b,ahs_qty_improved_seed_s5q47b,AHS 2017: Quantity of improved seed brought (Kg),5.4.7 Quantity of improved seed brought (Kg)
wave:2017:household,2017,s5q4_8_b,ahs_amount_purchase_s5q48b,AHS 2017: Amount spent to the purchase of seeds (RWF),5.4.8 Amount spent to the purchase of seeds (RWF)
wave:2017:household,2017,s5q4_9_b,ahs_source_improved_s5q49b,AHS 2017: Source of improved seeds used,5.4.9 Source of improved seeds used
wave:2017:household,2017,s5q4_1_c,ahs_crops_planted_season_crop3,AHS 2017: Crops planted in season A-Crop 3,5.4.1 Crops planted in season A-Crop 3
wave:2017:household,2017,s5q4_2_c,ahs_type_seeds_used_s5q42c,AHS 2017: Type of seeds used season A,5.4.2 Type of seeds used season A
wave:2017:household,2017,s5q4_3_c,ahs_qty_traditional_s5q43c,AHS 2017: Quantity of traditional seeds sown ( Kg),5.4.3 Quantity of traditional seeds  sown  ( Kg)
wave:2017:household,2017,s5q4_4_c,ahs_qty_traditional_s5q44c,AHS 2017: Quantity of traditional seeds bought ( Kg),5.4.4 Quantity of traditional seeds bought  ( Kg)
wave:2017:household,2017,s5q4_5_c,ahs_amount_purchase_2017_s5q45c,AHS 2017: Amount spent for the purchase of traditional seeds ( RWF),5.4.5 Amount spent for the purchase of traditional seeds ( RWF)
wave:2017:household,2017,s5q4_6_c,ahs_qty_improved_seeds_s5q46c,AHS 2017: Quantity of improved seeds sown (Kg),5.4.6 Quantity of improved seeds sown (Kg)
wave:2017:household,2017,s5q4_7_c,ahs_qty_improved_seed_s5q47c,AHS 2017: Quantity of improved seed brought (Kg),5.4.7 Quantity of improved seed brought (Kg)
wave:2017:household,2017,s5q4_8_c,ahs_amount_purchase_s5q48c,AHS 2017: Amount spent to the purchase of seeds (RWF),5.4.8 Amount spent to the purchase of seeds (RWF)
wave:2017:household,2017,s5q4_9_c,ahs_source_improved_s5q49c,AHS 2017: Source of improved seeds used,5.4.9 Source of improved seeds used
wave:2017:household,2017,s5q4_10_a,ahs_crops_planted_season_b_crop1,AHS 2017: Crops planted in season B-Crop 1,5.4.10 Crops planted in season B-Crop 1
wave:2017:household,2017,s5q4_11_a,ahs_type_seeds_used_season_2017,AHS 2017: Type of seeds used season B,5.4.11 Type of seeds used season B
wave:2017:household,2017,s5q4_12_a,ahs_qty_traditional_seeds_2017,AHS 2017: Quantity of traditional seeds sown ( Kg),5.4.12 Quantity of traditional seeds  sown  ( Kg)
wave:2017:household,2017,s5q4_13_a,ahs_qty_traditional_s5q413a,AHS 2017: Quantity of traditional seeds bought ( Kg),5.4.13 Quantity of traditional seeds bought  ( Kg)
wave:2017:household,2017,s5q4_14_a,ahs_amount_purchase_2017,AHS 2017: Amount spent for the purchase of traditional seeds ( RWF),5.4.14 Amount spent for the purchase of traditional seeds ( RWF)
wave:2017:household,2017,s5q4_15_a,ahs_source_improved_seeds_2017,AHS 2017: Source of improved seeds/seedling,5.4.15 Source of improved seeds/seedling
wave:2017:household,2017,s5q4_16_a,ahs_qty_improved_seeds_2017,AHS 2017: Quantity of improved seeds sown ( Kg),5.4.16 Quantity of improved seeds  sown  ( Kg)
wave:2017:household,2017,s5q4_17_a,ahs_qty_improved_seeds_s5q417a,AHS 2017: Quantity of improved seeds bought ( Kg),5.4.17 Quantity of improved seeds bought  ( Kg)
wave:2017:household,2017,s5q4_18_a,ahs_amount_purchase_2017_s5q418a,AHS 2017: Amount spent for the purchase of improved seeds ( RWF),5.4.18 Amount spent for the purchase of improved seeds ( RWF)
wave:2017:household,2017,s5q4_10_b,ahs_crops_planted_season_b_crop2,AHS 2017: Crops planted in season B-Crop 2,5.4.10 Crops planted in season B-Crop 2
wave:2017:household,2017,s5q4_11_b,ahs_type_seeds_used_s5q411b,AHS 2017: Type of seeds used season B,5.4.11 Type of seeds used season B
wave:2017:household,2017,s5q4_12_b,ahs_qty_traditional_s5q412b,AHS 2017: Quantity of traditional seeds sown ( Kg),5.4.12 Quantity of traditional seeds  sown  ( Kg)
wave:2017:household,2017,s5q4_13_b,ahs_qty_traditional_s5q413b,AHS 2017: Quantity of traditional seeds bought ( Kg),5.4.13 Quantity of traditional seeds bought  ( Kg)
wave:2017:household,2017,s5q4_14_b,ahs_amount_purchase_2017_s5q414b,AHS 2017: Amount spent for the purchase of traditional seeds ( RWF),5.4.14 Amount spent for the purchase of traditional seeds ( RWF)
wave:2017:household,2017,s5q4_15_b,ahs_source_improved_s5q415b,AHS 2017: Source of improved seeds/seedling,5.4.15 Source of improved seeds/seedling
wave:2017:household,2017,s5q4_16_b,ahs_qty_improved_seeds_s5q416b,AHS 2017: Quantity of improved seeds sown ( Kg),5.4.16 Quantity of improved seeds  sown  ( Kg)
wave:2017:household,2017,s5q4_17_b,ahs_qty_improved_seeds_s5q417b,AHS 2017: Quantity of improved seeds bought ( Kg),5.4.17 Quantity of improved seeds bought  ( Kg)
wave:2017:household,2017,s5q4_18_b,ahs_amount_purchase_2017_s5q418b,AHS 2017: Amount spent for the purchase of improved seeds ( RWF),5.4.18 Amount spent for the purchase of improved seeds ( RWF)
wave:2017:household,2017,s5q4_10_c,ahs_crops_planted_season_b_crop3,AHS 2017: Crops planted in season B-Crop 3,5.4.10 Crops planted in season B-Crop 3
wave:2017:household,2017,s5q4_11_c,ahs_type_seeds_used_s5q411c,AHS 2017: Type of seeds used season B,5.4.11 Type of seeds used season B
wave:2017:household,2017,s5q4_12_c,ahs_qty_traditional_s5q412c,AHS 2017: Quantity of traditional seeds sown ( Kg),5.4.12 Quantity of traditional seeds  sown  ( Kg)
wave:2017:household,2017,s5q4_13_c,ahs_qty_traditional_s5q413c,AHS 2017: Quantity of traditional seeds bought ( Kg),5.4.13 Quantity of traditional seeds bought  ( Kg)
wave:2017:household,2017,s5q4_14_c,ahs_amount_purchase_2017_s5q414c,AHS 2017: Amount spent for the purchase of traditional seeds ( RWF),5.4.14 Amount spent for the purchase of traditional seeds ( RWF)
wave:2017:household,2017,s5q4_15_c,ahs_source_improved_s5q415c,AHS 2017: Source of improved seeds/seedling,5.4.15 Source of improved seeds/seedling
wave:2017:household,2017,s5q4_16_c,ahs_qty_improved_seeds_s5q416c,AHS 2017: Quantity of improved seeds sown ( Kg),5.4.16 Quantity of improved seeds  sown  ( Kg)
wave:2017:household,2017,s5q4_17_c,ahs_qty_improved_seeds_s5q417c,AHS 2017: Quantity of improved seeds bought ( Kg),5.4.17 Quantity of improved seeds bought  ( Kg)
wave:2017:household,2017,s5q4_18_c,ahs_amount_purchase_2017_s5q418c,AHS 2017: Amount spent for the purchase of improved seeds ( RWF),5.4.18 Amount spent for the purchase of improved seeds ( RWF)
wave:2017:household,2017,dummy_cropping_b,ahs_cropping_season_b,AHS 2017: Household engaged in cropping in season B,household       engaged in      cropping        in      season  B
wave:2017:household,2017,cropping,ahs_household_cropping,AHS 2017: Household engaged in cropping,households who engaged in cropping in one of seasons
wave:2017:household,2017,s6q1_1,ahs_hh_practice_erosion_control,AHS 2017: Did any member of your household practice any type of erosion control,6.1.1 Did any member of your household practice any type of erosion control meas
wave:2017:household,2017,s6q1_2_1,ahs_soil_protection_measure1,AHS 2017: Soil protection measure-Measure 1,6.1.2.1 Soil protection measure-Measure 1
wave:2017:household,2017,s6q1_2_2,ahs_soil_protection_measure2,AHS 2017: Soil protection measure-Measure 2,6.1.2.2 Soil protection measure-Measure 2
wave:2017:household,2017,s6q1_2_3,ahs_soil_protection_measure3,AHS 2017: Soil protection measure-Measure 3,6.1.2.3 Soil protection measure-Measure 3
wave:2017:household,2017,s6q1_3,ahs_soil_erosion_hh_land,AHS 2017: Is soil erosion on any of your household member's land increasing,6.1.3 Is soil erosion on any of your household member?s land increasing over tim
wave:2017:household,2017,s6q1_4_1,ahs_main_form_erosion_form_2017,AHS 2017: Main form of erosion -Form 1,6.1.4.1 Main form of erosion -Form 1
wave:2017:household,2017,s6q1_4_2,ahs_main_form_erosion_s6q142,AHS 2017: Main form of erosion -Form 2,6.1.4.2 Main form of erosion -Form 2
wave:2017:household,2017,s6q1_4_3,ahs_main_form_erosion_s6q143,AHS 2017: Main form of erosion -Form 3,6.1.4.3 Main form of erosion -Form 3
wave:2017:household,2017,s6q1_5_0,ahs_limitation_applying_soil,AHS 2017: Are there any limitation in applying soil protection?,6.1.5.0 Are there any limitation in applying soil protection?
wave:2017:household,2017,s6q1_5_1,ahs_limitations_applying_2017,AHS 2017: Limitations in applying soil protection-Limitation 1,6.1.5.1 Limitations in applying soil protection-Limitation 1
wave:2017:household,2017,s6q1_5_1_a,ahs_other_limitation_a,AHS 2017: Other Limitation specify-1,6.1.5.1-A-Other Limitation specify-1
wave:2017:household,2017,s6q1_5_2,ahs_limitations_applying_s6q152,AHS 2017: Limitations in applying soil protection-Limitation 2,6.1.5.2 Limitations in applying soil protection-Limitation 2
wave:2017:household,2017,s6q1_5_1_b,ahs_other_limitation_b,AHS 2017: Other Limitation specify-2,6.1.5.1-A-Other Limitation specify-2
wave:2017:household,2017,s6q1_5_3,ahs_limitations_applying_s6q153,AHS 2017: Limitations in applying soil protection-Limitation 3,6.1.5.3 Limitations in applying soil protection-Limitation 3
wave:2017:household,2017,s6q1_5_1_c,ahs_other_limitation_c,AHS 2017: Other Limitation specify-3,6.1.5.1-A-Other Limitation specify-3
wave:2017:household,2017,s6q2_1,ahs_hh_practice_irrig_technique,AHS 2017: Household practice any irrigation technique?,6.2.1 Household practice any irrigation technique?
wave:2017:household,2017,s6q2_2_1,ahs_irrigation_technics_2017,AHS 2017: Which irrigation technics -Technic 1,6.2.2.1 Which irrigation technics -Technic 1
wave:2017:household,2017,s6q2_2_2,ahs_irrigation_technics_s6q222,AHS 2017: Which irrigation technics- Technic 2,6.2.2.2 Which irrigation technics- Technic 2
wave:2017:household,2017,s6q2_2_3,ahs_irrigation_technics_s6q223,AHS 2017: Which irrigation technics- Technic 3,6.2.2.3 Which irrigation technics- Technic 3
wave:2017:household,2017,s6q2_3_1,ahs_source_water_used_source1,AHS 2017: Main source of water used for irrigation-Source 1,6.2.3.1 Main source of water used for irrigation-Source 1
wave:2017:household,2017,s6q2_3_2,ahs_source_water_used_source2,AHS 2017: Main source of water used for irrigation-Source 2,6.2.3.2 Main source of water used for irrigation-Source 2
wave:2017:household,2017,s6q2_3_3,ahs_source_water_used_source3,AHS 2017: Main source of water used for irrigation-Source 3,6.2.3.3 Main source of water used for irrigation-Source 3
wave:2017:household,2017,s6q2_4,ahs_use_mechanical_equipment,AHS 2017: Use any mechanical equipment,6.2.4 Use any mechanical equipment
wave:2017:household,2017,s6q2_5_1,ahs_mechanical_equip_used_2017,AHS 2017: Mechanical equipment used-Tech Equip 1,6.2.5.1 Mechanical equipment  used-Tech Equip 1
wave:2017:household,2017,s6q2_5_2,ahs_mechanical_equip_s6q252,AHS 2017: Mechanical equipment used-Tech Equip 2,6.2.5.1 Mechanical equipment  used-Tech Equip 2
wave:2017:household,2017,s6q2_5_3,ahs_mechanical_equip_s6q253,AHS 2017: Mechanical equipment used-Tech Equip 3,6.2.5.3 Mechanical equipment  used-Tech Equip 3
wave:2017:household,2017,hhsize,ahs_household_size,AHS: Household size (persons in the roster),Household size (persons in the roster)
wave:2017:household,2017,head_sex,ahs_head_sex,AHS: Sex of the household head,Sex of household head (s1q3 == 1)
wave:2017:household,2017,head_age,ahs_head_age,AHS: Age of the household head,Age of household head (s1q3 == 1)
wave:2017:s0_general_information,2017,survey,ahs_survey,AHS: Source survey,Source survey
wave:2017:s0_general_information,2017,year,ahs_year,AHS: Survey year,Survey year
wave:2017:s0_general_information,2017,wave,ahs_wave,AHS: Wave identifier,Wave (survey year)
wave:2017:s0_general_information,2017,sample,ahs_sample,AHS: Sample: sampled household or LSF large-scale-farmer supplement,"CS = sampled agricultural household; LSF = large-scale-farmer supplement record (2020: 2,345 list-frame farms with weight 1; 2024: 1,939 such records) -- not part of the household sample"
wave:2017:s0_general_information,2017,prov,ahs_province,"AHS: Province, NISR code 1-5","Province (1-5, NISR codes)"
wave:2017:s0_general_information,2017,dist,ahs_district,"AHS: District, NISR code 11-57","District (11-57, NISR current codes)"
wave:2017:s0_general_information,2017,cluster,ahs_cluster,AHS 2017-2024: Sampling cluster or village identifier,Sampling segment / cluster (as shipped)
wave:2017:s0_general_information,2017,hhid,ahs_household_id,AHS: Household identifier,Household id (unique within wave)
wave:2017:s0_general_information,2017,wt,ahs_weight,AHS: Sampling weight,"Household weight carried by every row (sums to persons in the person file, to households in the household file; repeated per record in module files)"
wave:2017:s0_general_information,2017,wt_hh,ahs_household_weight,AHS: Household weight,Household weight repeated on every row of this file -- sums to the number of households ONLY in the household file (one row per household)
wave:2017:s0_general_information,2017,s0q0,ahs_household_segment,AHS 2017: Household segment identifier,0.0 Is there any household in the segment?
wave:2017:s0_general_information,2017,s0q3,ahs_stratum,AHS 2017: Sampling stratum,0.3 Stratum
wave:2017:s0_general_information,2017,s0q4,ahs_segment,AHS 2017: Segment,0.4 Segment
wave:2017:s0_general_information,2017,s0q5,ahs_house_number,AHS 2017: House number,0.5 House number
wave:2017:s0_general_information,2017,s0q6,ahs_household_number,AHS 2017: Household Number,0.6 Household Number
wave:2017:s0_general_information,2017,s0q7,ahs_names_household_head_2017,AHS 2017: Names of Household head,0.7 Names of Household head
wave:2017:s0_general_information,2017,s0q8,ahs_contact_household_head,AHS 2017: Contact of Household head,0.8 Contact of Household head
wave:2017:s0_general_information,2017,s0q9,ahs_resp_household_head_2017,AHS 2017: Is the respondent the Household head?,0.9 Is the respondent the Household head?
wave:2017:s0_general_information,2017,s0q10,ahs_names_resp_not_hh_head_2017,AHS 2017: Names of the respondent if not the Household head,0.10 Names of the respondent if not the Household head
wave:2017:s0_general_information,2017,s0q11,ahs_contact_resp_not_hh_2017,AHS 2017: Contact of the respondent if not the Household head,0.11 Contact of the respondent if not the Household head
wave:2017:s0_general_information,2017,s0q12,ahs_relation_household_head_2017,AHS 2017: Relationship to the Household head,0.12 Relationship to the Household head
wave:2017:s0_general_information,2017,s0q13,ahs_agri_activity_household_2017,AHS 2017: What is the agricultural activity of the Household?,0.13 What is the agricultural activity of the Household?
wave:2017:s0_general_information,2017,s0q14,ahs_hh_belonging_agri_coop_2017,AHS 2017: Is any member of the Household belonging to any agricultural,0.14 Is any member of the Household belonging to any agricultural cooperative?
wave:2017:s0_general_information,2017,s0q15,ahs_agri_coop_association_2017,AHS 2017: Which type of Agriculture cooperative or association?,0.15 Which type of Agriculture cooperative or association?
wave:2017:s0_general_information,2017,s0q16,ahs_total_number_household_2017,AHS 2017: Total Number of Household members,0.16 Total Number of Household members
wave:2017:s0_general_information,2017,s0q17,ahs_date_interview_2017,AHS 2017: Date of interview,0.17 Date of interview
wave:2017:s0_general_information,2017,s0q18,ahs_enumerator_2017,AHS 2017: Enumerator code,0.18 Enumerator code
wave:2017:s0_general_information,2017,s0q19,ahs_team_leader,AHS 2017: Team Leader code,0.19 Team Leader code
wave:2017:s0_general_information,2017,s0q20,ahs_regional_supervisor,AHS 2017: Regional supervisor name,0.20 Regional supervisor name
wave:2017:s0_general_information,2017,s0q21,ahs_control_results,AHS 2017: Control results,0.21 Control results
wave:2017:s10_1_cattle_milk_production,2017,survey,ahs_survey,AHS: Source survey,Source survey
wave:2017:s10_1_cattle_milk_production,2017,year,ahs_year,AHS: Survey year,Survey year
wave:2017:s10_1_cattle_milk_production,2017,wave,ahs_wave,AHS: Wave identifier,Wave (survey year)
wave:2017:s10_1_cattle_milk_production,2017,sample,ahs_sample,AHS: Sample: sampled household or LSF large-scale-farmer supplement,"CS = sampled agricultural household; LSF = large-scale-farmer supplement record (2020: 2,345 list-frame farms with weight 1; 2024: 1,939 such records) -- not part of the household sample"
wave:2017:s10_1_cattle_milk_production,2017,prov,ahs_province,"AHS: Province, NISR code 1-5","Province (1-5, NISR codes)"
wave:2017:s10_1_cattle_milk_production,2017,dist,ahs_district,"AHS: District, NISR code 11-57","District (11-57, NISR current codes)"
wave:2017:s10_1_cattle_milk_production,2017,cluster,ahs_cluster,AHS 2017-2024: Sampling cluster or village identifier,Sampling segment / cluster (as shipped)
wave:2017:s10_1_cattle_milk_production,2017,hhid,ahs_household_id,AHS: Household identifier,Household id (unique within wave)
wave:2017:s10_1_cattle_milk_production,2017,wt,ahs_weight,AHS: Sampling weight,"Household weight carried by every row (sums to persons in the person file, to households in the household file; repeated per record in module files)"
wave:2017:s10_1_cattle_milk_production,2017,wt_hh,ahs_household_weight,AHS: Household weight,Household weight repeated on every row of this file -- sums to the number of households ONLY in the household file (one row per household)
wave:2017:s10_1_cattle_milk_production,2017,s0q3,ahs_stratum,AHS 2017: Sampling stratum,0.3 Stratum
wave:2017:s10_1_cattle_milk_production,2017,s0q4,ahs_segment,AHS 2017: Segment,0.4 Segment
wave:2017:s10_1_cattle_milk_production,2017,s10q1_1,ahs_lactating_cow_number,AHS 2017: Lactating cow number,10.1.1 Lactating cow number
wave:2017:s10_1_cattle_milk_production,2017,s10q1_2,ahs_lactating_cow_race,AHS 2017: Lactating cow race,10.1.2 Lactating cow race
wave:2017:s10_1_cattle_milk_production,2017,s10q1_3_1,ahs_lactating_time_lactation,AHS 2017: Lactating time length at high lactation period(in days),10.1.3.1 Lactating time  length at high lactation period(in days)
wave:2017:s10_1_cattle_milk_production,2017,s10q1_3_2,ahs_lactating_time_low,AHS 2017: Lactating time length at high low period(in days),10.1.3.2 Lactating time  length at high low period(in days)
wave:2017:s10_1_cattle_milk_production,2017,s10q1_3_3,ahs_lactating_time_length_whole,"AHS 2017: Lactating time length, whole lactation period(in days)","10.1.3.3 Lactating time  length, whole lactation period(in days)"
wave:2017:s10_1_cattle_milk_production,2017,s10q1_4_1,ahs_dail_milk_prod_high,AHS 2017: Dail milk production at high lactating period (in liters),10.1.4.1 Dail milk production at high lactating period (in liters)
wave:2017:s10_1_cattle_milk_production,2017,s10q1_4_2,ahs_dail_milk_prod_low_lactating,AHS 2017: Dail milk production at low lactating period (in liters),10.1.4.2 Dail milk production at low lactating period (in liters)
wave:2017:s10_1_cattle_milk_production,2017,s10q1_5,ahs_months_year_calving,AHS 2017: Months and year of calving,10.1.5 Months and year of calving
wave:2017:s10_1_cattle_milk_production,2017,s10q1_6,ahs_cattle_problem_caused_low,AHS 2017: Has your cattle has any problem that caused low milk yield during,10.1.6 Has your cattle has any problem that caused low milk yield during
wave:2017:s10_1_cattle_milk_production,2017,s10q1_7,ahs_major_problems_caused_low,AHS 2017: What are major problems among the following that caused low milk,10.1.7 What are major problems among the following that caused low milk
wave:2017:s10_2_cattle_milk_production_use,2017,survey,ahs_survey,AHS: Source survey,Source survey
wave:2017:s10_2_cattle_milk_production_use,2017,year,ahs_year,AHS: Survey year,Survey year
wave:2017:s10_2_cattle_milk_production_use,2017,wave,ahs_wave,AHS: Wave identifier,Wave (survey year)
wave:2017:s10_2_cattle_milk_production_use,2017,sample,ahs_sample,AHS: Sample: sampled household or LSF large-scale-farmer supplement,"CS = sampled agricultural household; LSF = large-scale-farmer supplement record (2020: 2,345 list-frame farms with weight 1; 2024: 1,939 such records) -- not part of the household sample"
wave:2017:s10_2_cattle_milk_production_use,2017,prov,ahs_province,"AHS: Province, NISR code 1-5","Province (1-5, NISR codes)"
wave:2017:s10_2_cattle_milk_production_use,2017,dist,ahs_district,"AHS: District, NISR code 11-57","District (11-57, NISR current codes)"
wave:2017:s10_2_cattle_milk_production_use,2017,cluster,ahs_cluster,AHS 2017-2024: Sampling cluster or village identifier,Sampling segment / cluster (as shipped)
wave:2017:s10_2_cattle_milk_production_use,2017,hhid,ahs_household_id,AHS: Household identifier,Household id (unique within wave)
wave:2017:s10_2_cattle_milk_production_use,2017,wt,ahs_weight,AHS: Sampling weight,"Household weight carried by every row (sums to persons in the person file, to households in the household file; repeated per record in module files)"
wave:2017:s10_2_cattle_milk_production_use,2017,wt_hh,ahs_household_weight,AHS: Household weight,Household weight repeated on every row of this file -- sums to the number of households ONLY in the household file (one row per household)
wave:2017:s10_2_cattle_milk_production_use,2017,s0q3,ahs_stratum,AHS 2017: Sampling stratum,0.3 Stratum
wave:2017:s10_2_cattle_milk_production_use,2017,s0q4,ahs_segment,AHS 2017: Segment,0.4 Segment
wave:2017:s10_2_cattle_milk_production_use,2017,s10q2_1,ahs_lactation_period,AHS: Lactation period,10.2.1 Lactation period
wave:2017:s10_2_cattle_milk_production_use,2017,s10q2_2,ahs_average_daily_qty_consumed,AHS: Average daily quantity consumed,10.2.2 Average daily quantity consumed
wave:2017:s10_2_cattle_milk_production_use,2017,s10q2_3,ahs_average_daily_qty_others,AHS: Average daily quantity given to others,10.2.3 Average daily quantity given to others
wave:2017:s10_2_cattle_milk_production_use,2017,s10q2_4,ahs_avg_daily_qty_processed_farm,AHS: Average daily quantity processed in farm/at home,10.2.4 Average daily quantity processed in farm/at home
wave:2017:s10_2_cattle_milk_production_use,2017,s10q2_5,ahs_average_daily_qty_used_way,AHS: Average daily quantity used in other way,10.2.5 Average daily quantity used in other way
wave:2017:s10_2_cattle_milk_production_use,2017,s10q2_6,ahs_avg_daily_qty_sold_milk,AHS: Average daily quantity sold to milk collection site,10.2.6 Average daily quantity sold to milk collection site
wave:2017:s10_2_cattle_milk_production_use,2017,s10q2_7,ahs_price_rwf_7,AHS: Price(RWF),10.2.7 Price(Rwf)
wave:2017:s10_2_cattle_milk_production_use,2017,s10q2_8,ahs_avg_daily_qty_sold_others,AHS: Average daily quantity sold to others,10.2.8 Average daily quantity sold to others
wave:2017:s10_2_cattle_milk_production_use,2017,s10q2_9,ahs_price_rwf_9,AHS: Price(RWF),10.2.9 Price(Rwf)
wave:2017:s10_2_cattle_milk_production_use,2017,s10q2_10,ahs_average_daily_qty_milk_lost,AHS: Average daily quantity of milk lost,10.2.10 Average daily quantity of milk lost
wave:2017:s10_3_honey_production,2017,survey,ahs_survey,AHS: Source survey,Source survey
wave:2017:s10_3_honey_production,2017,year,ahs_year,AHS: Survey year,Survey year
wave:2017:s10_3_honey_production,2017,wave,ahs_wave,AHS: Wave identifier,Wave (survey year)
wave:2017:s10_3_honey_production,2017,sample,ahs_sample,AHS: Sample: sampled household or LSF large-scale-farmer supplement,"CS = sampled agricultural household; LSF = large-scale-farmer supplement record (2020: 2,345 list-frame farms with weight 1; 2024: 1,939 such records) -- not part of the household sample"
wave:2017:s10_3_honey_production,2017,prov,ahs_province,"AHS: Province, NISR code 1-5","Province (1-5, NISR codes)"
wave:2017:s10_3_honey_production,2017,dist,ahs_district,"AHS: District, NISR code 11-57","District (11-57, NISR current codes)"
wave:2017:s10_3_honey_production,2017,cluster,ahs_cluster,AHS 2017-2024: Sampling cluster or village identifier,Sampling segment / cluster (as shipped)
wave:2017:s10_3_honey_production,2017,hhid,ahs_household_id,AHS: Household identifier,Household id (unique within wave)
wave:2017:s10_3_honey_production,2017,wt,ahs_weight,AHS: Sampling weight,"Household weight carried by every row (sums to persons in the person file, to households in the household file; repeated per record in module files)"
wave:2017:s10_3_honey_production,2017,wt_hh,ahs_household_weight,AHS: Household weight,Household weight repeated on every row of this file -- sums to the number of households ONLY in the household file (one row per household)
wave:2017:s10_3_honey_production,2017,s0q3,ahs_stratum,AHS 2017: Sampling stratum,0.3 Stratum
wave:2017:s10_3_honey_production,2017,s0q4,ahs_segment,AHS 2017: Segment,0.4 Segment
wave:2017:s10_3_honey_production,2017,s10q3_1,ahs_type_bee_hive,AHS 2017: Type of bee hive,10.3.1 Type of bee hive
wave:2017:s10_3_honey_production,2017,s10q3_2,ahs_number_bee_hives_hung_months,AHS 2017: Number of bee hives hung during 12 months,10.3.2 Number of bee hives hung during 12 months
wave:2017:s10_3_honey_production,2017,s10q3_3,ahs_qty_honey_prod_months_kg,AHS 2017: Quantity of honey Production during 12 months (Kg),10.3.3 Quantity of honey Production during 12 months (Kg)
wave:2017:s10_3_honey_production,2017,s10q3_4,ahs_qty_produced_honey_consumed,AHS 2017: Quantity of produced honey that has been consumed at home during 12,10.3.4 Quantity of produced honey that has been consumed at home during 12 month
wave:2017:s10_3_honey_production,2017,s10q3_5,ahs_sale_qty,AHS 2017: Sale In last 12 months-Qty,10.3.5 Sale In last 12 months-Qty
wave:2017:s10_3_honey_production,2017,s10q3_6,ahs_sale_sale_price,AHS 2017: Sale In last 12 months-Sale price,10.3.6 Sale In last 12 months-Sale price
wave:2017:s10_3_honey_production,2017,s10q3_7,ahs_honey_stored_end_v2017,AHS 2017: Honey stored at the end of August v2017,10.3.7 Honey stored at the end of August v2017
wave:2017:s11_animal_inputs_and_services,2017,survey,ahs_survey,AHS: Source survey,Source survey
wave:2017:s11_animal_inputs_and_services,2017,year,ahs_year,AHS: Survey year,Survey year
wave:2017:s11_animal_inputs_and_services,2017,wave,ahs_wave,AHS: Wave identifier,Wave (survey year)
wave:2017:s11_animal_inputs_and_services,2017,sample,ahs_sample,AHS: Sample: sampled household or LSF large-scale-farmer supplement,"CS = sampled agricultural household; LSF = large-scale-farmer supplement record (2020: 2,345 list-frame farms with weight 1; 2024: 1,939 such records) -- not part of the household sample"
wave:2017:s11_animal_inputs_and_services,2017,prov,ahs_province,"AHS: Province, NISR code 1-5","Province (1-5, NISR codes)"
wave:2017:s11_animal_inputs_and_services,2017,dist,ahs_district,"AHS: District, NISR code 11-57","District (11-57, NISR current codes)"
wave:2017:s11_animal_inputs_and_services,2017,cluster,ahs_cluster,AHS 2017: Sampling cluster or village identifier,Sampling segment / cluster (as shipped)
wave:2017:s11_animal_inputs_and_services,2017,hhid,ahs_household_id,AHS: Household identifier,Household id (unique within wave)
wave:2017:s11_animal_inputs_and_services,2017,wt,ahs_weight,AHS: Sampling weight,"Household weight carried by every row (sums to persons in the person file, to households in the household file; repeated per record in module files)"
wave:2017:s11_animal_inputs_and_services,2017,wt_hh,ahs_household_weight,AHS: Household weight,Household weight repeated on every row of this file -- sums to the number of households ONLY in the household file (one row per household)
wave:2017:s11_animal_inputs_and_services,2017,s0q3,ahs_stratum,AHS 2017: Sampling stratum,0.3 Stratum
wave:2017:s11_animal_inputs_and_services,2017,s0q4,ahs_segment,AHS 2017: Segment,0.4 Segment
wave:2017:s11_animal_inputs_and_services,2017,s11q1,ahs_animal_category,AHS 2017: Animal category,11.1 Animal category
wave:2017:s11_animal_inputs_and_services,2017,s11q2,ahs_amount_rent_land_2017,AHS 2017: Amount spent on rent for land grazing,11.2 Amount spent on rent for land grazing
wave:2017:s11_animal_inputs_and_services,2017,s11q3,ahs_amount_purchasing_2017,AHS 2017: Amount spent on purchasing fodder crop,11.3 Amount spent on purchasing fodder crop
wave:2017:s11_animal_inputs_and_services,2017,s11q4,ahs_amount_purchasing_feed,AHS 2017: Amount spent on purchasing feed,11.4 Amount spent on purchasing feed
wave:2017:s11_animal_inputs_and_services,2017,s11q5,ahs_amount_purchasing_salt_2017,AHS 2017: Amount spent on purchasing salt and minerals,11.5 Amount spent on purchasing salt and minerals
wave:2017:s11_animal_inputs_and_services,2017,s11q6,ahs_amount_purchasing_2017_s11q6,AHS 2017: Amount spent on purchasing artificial insemination,11.6 Amount spent on purchasing artificial insemination
wave:2017:s11_animal_inputs_and_services,2017,s11q7,ahs_amount_purchasing_medecine,"AHS 2017: Amount spent on purchasing vaccines,dips,sprays and medecine","11.7 Amount spent on purchasing vaccines,dips,sprays and medecine"
wave:2017:s11_animal_inputs_and_services,2017,s11q8,ahs_amount_purchasing_2017_s11q8,AHS 2017: Amount spent on purchasing veterinary services,11.8 Amount spent on purchasing veterinary services
wave:2017:s11_animal_inputs_and_services,2017,s11q9,ahs_amount_purchasing_repairs,"AHS 2017: Amount spent on purchasing repairs of fencing, sheds","11.9 Amount spent on purchasing repairs of fencing, sheds"
wave:2017:s11_animal_inputs_and_services,2017,s11q10,ahs_amount_purchasing_new_fences,"AHS 2017: Amount spent on purchasing new fences, sheds","11.10 Amount spent on purchasing new fences, sheds"
wave:2017:s11_animal_inputs_and_services,2017,s11q11,ahs_amount_purchasing_pesticides,AHS 2017: Amount spent on purchasing Pesticides used to protect animal from,"11.11 Amount spent on purchasing Pesticides used to protect animal from insects,"
wave:2017:s11_animal_inputs_and_services,2017,s11q12,ahs_amount_farm_maint_2017,AHS 2017: Amount spent on farm maintenance activities,11.12 Amount spent on farm maintenance activities
wave:2017:s11_animal_inputs_and_services,2017,s11q13,ahs_amount_purchasing_payment,AHS 2017: Amount spent on purchasing payment of Shepherds,11.13 Amount spent on purchasing payment of Shepherds
wave:2017:s11_animal_inputs_and_services,2017,s11q14,ahs_purchasing_expenditures,AHS 2017: Purchasing Other expenditures,11.14 purchasing Other expenditures
wave:2017:s1_household_members_characteristics,2017,survey,ahs_survey,AHS: Source survey,Source survey
wave:2017:s1_household_members_characteristics,2017,year,ahs_year,AHS: Survey year,Survey year
wave:2017:s1_household_members_characteristics,2017,wave,ahs_wave,AHS: Wave identifier,Wave (survey year)
wave:2017:s1_household_members_characteristics,2017,sample,ahs_sample,AHS: Sample: sampled household or LSF large-scale-farmer supplement,"CS = sampled agricultural household; LSF = large-scale-farmer supplement record (2020: 2,345 list-frame farms with weight 1; 2024: 1,939 such records) -- not part of the household sample"
wave:2017:s1_household_members_characteristics,2017,prov,ahs_province,"AHS: Province, NISR code 1-5","Province (1-5, NISR codes)"
wave:2017:s1_household_members_characteristics,2017,dist,ahs_district,"AHS: District, NISR code 11-57","District (11-57, NISR current codes)"
wave:2017:s1_household_members_characteristics,2017,cluster,ahs_cluster,AHS 2017-2024: Sampling cluster or village identifier,Sampling segment / cluster (as shipped)
wave:2017:s1_household_members_characteristics,2017,hhid,ahs_household_id,AHS: Household identifier,Household id (unique within wave)
wave:2017:s1_household_members_characteristics,2017,pid,ahs_person_id,AHS: Person number within the household,Person number within the household
wave:2017:s1_household_members_characteristics,2017,wt,ahs_weight,AHS: Sampling weight,"Household weight carried by every row (sums to persons in the person file, to households in the household file; repeated per record in module files)"
wave:2017:s1_household_members_characteristics,2017,wt_hh,ahs_household_weight,AHS: Household weight,Household weight repeated on every row of this file -- sums to the number of households ONLY in the household file (one row per household)
wave:2017:s1_household_members_characteristics,2017,s0q3,ahs_stratum,AHS 2017: Sampling stratum,0.3 Stratum
wave:2017:s1_household_members_characteristics,2017,s0q4,ahs_segment,AHS 2017: Segment,0.4 Segment
wave:2017:s1_household_members_characteristics,2017,s1q2,ahs_household_names_2017,AHS 2017: Household member names,1.2 Household member names
wave:2017:s1_household_members_characteristics,2017,s1q3,ahs_relationship_household_head,AHS 2017: What is the member relationship with the household Head?,1.3 What is the member relationship with the household Head?
wave:2017:s1_household_members_characteristics,2017,s1q6,ahs_child_schooled_2017,AHS 2017: Did this child schooled?,1.6 Did this child schooled?
wave:2017:s1_household_members_characteristics,2017,s1q7,ahs_highest_educ_attained_2017,AHS 2017: Highest level of education attained by the household member,1.7 What is the highest level of education attained by the household member?
wave:2017:s1_household_members_characteristics,2017,s1q8,ahs_economic_activity_hh_2017,AHS 2017: What is the main economic activity of household member?,1.8 What is the main economic activity of household member?
wave:2017:s1_household_members_characteristics,2017,s1q9,ahs_farming_activ_located_2017,AHS 2017: Where the farming activity is located?,1.9 Where the farming activity is located?
wave:2017:s1_household_members_characteristics,2017,s1q10,ahs_avg_hours_day_hh_worked_2017,AHS 2017: Average number of Hours/day that the household member worked per day,1.10 Average number of Hours/day that the household member worked per day in Sea
wave:2017:s1_household_members_characteristics,2017,s1q11,ahs_days_hh_worked_sept_2017,AHS 2017: Number of days that the household member worked in Sept -16,1.11 Number of days that the household member worked in Sept -16
wave:2017:s1_household_members_characteristics,2017,s1q12,ahs_days_hh_worked_oct_2017,AHS 2017: Number of days that the household member worked in Oct-16,1.12 Number of days that the household member worked in Oct-16
wave:2017:s1_household_members_characteristics,2017,s1q13,ahs_days_hh_worked_nov_2017,AHS 2017: Number of days that the household member worked in Nov-16,1.13 Number of days that the household member worked in Nov-16
wave:2017:s1_household_members_characteristics,2017,s1q14,ahs_days_hh_worked_dec_2017,AHS 2017: Number of days that the household member worked in Dec-16,1.14 Number of days that the household member worked in Dec-16
wave:2017:s1_household_members_characteristics,2017,s1q15,ahs_days_household_worked_jan,AHS 2017: Number of days that the household member worked in Jan-17,1.15 Number of days that the household member worked in Jan-17
wave:2017:s1_household_members_characteristics,2017,s1q16,ahs_avg_hours_day_hh_worked_day,AHS 2017: Average number of Hours/day that the household member worked per day,1.16 Average number of Hours/day that the household member worked per day in Sea
wave:2017:s1_household_members_characteristics,2017,s1q17,ahs_days_household_worked_feb,AHS 2017: Number of days that the household member worked in Feb -17,1.17 Number of days that the household member worked in Feb  -17
wave:2017:s1_household_members_characteristics,2017,s1q18,ahs_days_household_worked_march,AHS 2017: Number of days that the household member worked in March -17,1.18 Number of days that the household member worked in March  -17
wave:2017:s1_household_members_characteristics,2017,s1q19,ahs_days_household_worked_april,AHS 2017: Number of days that the household member worked in April -17,1.19 Number of days that the household member worked in April  -17
wave:2017:s1_household_members_characteristics,2017,s1q20,ahs_days_household_worked_may,AHS 2017: Number of days that the household member worked in May -17,1.20 Number of days that the household member worked in May -17
wave:2017:s1_household_members_characteristics,2017,s1q21,ahs_days_household_worked_jun,AHS 2017: Number of days that the household member worked in Jun-17,1.21 Number of days that the household member worked in Jun-17
wave:2017:s1_household_members_characteristics,2017,s1q4,ahs_sex_household,AHS: What is the sex of household member?,1.4 What is the sex of household member?
wave:2017:s1_household_members_characteristics,2017,s1q5,ahs_age_household,AHS: What is the age of household member?,1.5 What is the age of household member?
wave:2017:s2_land_tenure_and_crops_planted,2017,survey,ahs_survey,AHS: Source survey,Source survey
wave:2017:s2_land_tenure_and_crops_planted,2017,year,ahs_year,AHS: Survey year,Survey year
wave:2017:s2_land_tenure_and_crops_planted,2017,wave,ahs_wave,AHS: Wave identifier,Wave (survey year)
wave:2017:s2_land_tenure_and_crops_planted,2017,sample,ahs_sample,AHS: Sample: sampled household or LSF large-scale-farmer supplement,"CS = sampled agricultural household; LSF = large-scale-farmer supplement record (2020: 2,345 list-frame farms with weight 1; 2024: 1,939 such records) -- not part of the household sample"
wave:2017:s2_land_tenure_and_crops_planted,2017,prov,ahs_province,"AHS: Province, NISR code 1-5","Province (1-5, NISR codes)"
wave:2017:s2_land_tenure_and_crops_planted,2017,dist,ahs_district,"AHS: District, NISR code 11-57","District (11-57, NISR current codes)"
wave:2017:s2_land_tenure_and_crops_planted,2017,cluster,ahs_cluster,AHS 2017-2024: Sampling cluster or village identifier,Sampling segment / cluster (as shipped)
wave:2017:s2_land_tenure_and_crops_planted,2017,hhid,ahs_household_id,AHS: Household identifier,Household id (unique within wave)
wave:2017:s2_land_tenure_and_crops_planted,2017,wt,ahs_weight,AHS: Sampling weight,"Household weight carried by every row (sums to persons in the person file, to households in the household file; repeated per record in module files)"
wave:2017:s2_land_tenure_and_crops_planted,2017,wt_hh,ahs_household_weight,AHS: Household weight,Household weight repeated on every row of this file -- sums to the number of households ONLY in the household file (one row per household)
wave:2017:s2_land_tenure_and_crops_planted,2017,s0q3,ahs_stratum,AHS 2017: Sampling stratum,0.3 Stratum
wave:2017:s2_land_tenure_and_crops_planted,2017,s0q4,ahs_segment,AHS 2017: Segment,0.4 Segment
wave:2017:s2_land_tenure_and_crops_planted,2017,s2q1,ahs_hh_land_used_v3_2017,AHS 2017: Did any member of your household own land used for dwelling during,2.1 Did any member of your household own land used for dwelling during Season A
wave:2017:s2_land_tenure_and_crops_planted,2017,s2q2,ahs_hh_land_used_v3_2017_s2q2v3,AHS 2017: Did any member of your household own land used for cropping during,2.2 Did any member of your household own land used for cropping during Season A
wave:2017:s2_land_tenure_and_crops_planted,2017,s2q3,ahs_hh_land_used_grazing_2017,AHS 2017: Did any member of your household own land used for grazing during,2.3 Did any member of your household own land used for grazing during Season A 2
wave:2017:s2_land_tenure_and_crops_planted,2017,s2q4,ahs_household_rented_fixed_2017,AHS 2017: Did any member of your household rented land used for cropping for,2.4 Did any     member of your household rented land used for cropping for fixed
wave:2017:s2_land_tenure_and_crops_planted,2017,s2q5,ahs_hh_rented_paid_rent_2017,AHS 2017: Did any member of your household rented land used for cropping and,2.5 Did any member of your household rented land used for cropping and paid rent
wave:2017:s2_land_tenure_and_crops_planted,2017,s2q6,ahs_hh_rented_free_dur_2017,AHS 2017: Did any member of your household rented land used for cropping,"2.6 Did any member of your household rented land used for cropping, for free dur"
wave:2017:s2_land_tenure_and_crops_planted,2017,s2q7_1,ahs_major_crops_hh_crop1_2017,AHS 2017: Major 3 crops did your household grow during Season A 2017-Crop 1,2.7.1 What are major 3 crops did your household grow during Season A 2017-Crop 1
wave:2017:s2_land_tenure_and_crops_planted,2017,s2q7_2,ahs_major_crops_hh_crop2_2017,AHS 2017: Major 3 crops did your household grow during Season A 2017-Crop 2,2.7.2 What are major 3 crops did your household grow during Season A 2017-Crop 2
wave:2017:s2_land_tenure_and_crops_planted,2017,s2q7_3,ahs_major_crops_hh_crop3_2017,AHS 2017: Major 3 crops did your household grow during Season A 2017-Crop 3,2.7.3 What are major 3 crops did your household grow during Season A 2017-Crop 3
wave:2017:s2_land_tenure_and_crops_planted,2017,s2q8_1,ahs_major_crops_durin,AHS 2017: 3 major crops would your household have preferred to grow durin,2.8.1 What are 3 major crops  would your household have preferred to grow  durin
wave:2017:s2_land_tenure_and_crops_planted,2017,s2q8_2,ahs_major_crops_durin_s2q82,AHS 2017: 3 major crops would your household have preferred to grow durin,2.8.2 What are 3 major crops  would your household have preferred to grow  durin
wave:2017:s2_land_tenure_and_crops_planted,2017,s2q8_3,ahs_major_crops_durin_s2q83,AHS 2017: 3 major crops would your household have preferred to grow durin,2.8.3 What are 3 major crops  would your household have preferred to grow  durin
wave:2017:s2_land_tenure_and_crops_planted,2017,s2q9,ahs_household_own_b_2017,AHS 2017: Did any member of your household own land used for dwelling during,2.9 Did any member of your household own land used for dwelling during Season B
wave:2017:s2_land_tenure_and_crops_planted,2017,s2q10,ahs_household_own_b_2017_s2q10v2,AHS 2017: Did any member of your household own land used for cropping during,2.10 Did any member of your household own land used for cropping during Season B
wave:2017:s2_land_tenure_and_crops_planted,2017,s2q11,ahs_hh_land_used_grazing_season,AHS 2017: Did any member of your household own land used for grazing during,2.11 Did any member of your household own land used for grazing during Season B
wave:2017:s2_land_tenure_and_crops_planted,2017,s2q12,ahs_hh_rented_fixed_am_2017,AHS 2017: Did any member of your household rented land used for cropping for,2.12 Did any member of your household rented land used for cropping for fixed am
wave:2017:s2_land_tenure_and_crops_planted,2017,s2q13,ahs_hh_rented_paid_ren_2017,AHS 2017: Did any member of your household rented land used for cropping and,2.13 Did any member of your household rented land used for cropping and paid ren
wave:2017:s2_land_tenure_and_crops_planted,2017,s2q14,ahs_hh_rented_land_used_cropping,AHS 2017: Did any member of your household rented land used for cropping,"2.14 Did any member of your household rented land used for cropping, for free du"
wave:2017:s2_land_tenure_and_crops_planted,2017,s2q15_1,ahs_major_crops_hh_grow_1,AHS 2017: Major 3 crops did your household grow during Season B 2017-Crop,2.15.1 What are major 3 crops did your household grow during Season B 2017-Crop
wave:2017:s2_land_tenure_and_crops_planted,2017,s2q15_2,ahs_major_crops_hh_grow_2,AHS 2017: 2 What are major 3 crops did your household grow during Season B,2.15. 2 What are major 3 crops did your household grow during Season B 2017-Crop
wave:2017:s2_land_tenure_and_crops_planted,2017,s2q15_3,ahs_major_crops_hh_grow_3,AHS 2017: Major 3 crops did your household grow during Season B 2017-Crop,2.15.3 What are major 3 crops did your household grow during Season B 2017-Crop
wave:2017:s2_land_tenure_and_crops_planted,2017,s2q16_1,ahs_major_crops_duri,AHS 2017: 3 major crops would your household have preferred to grow duri,2.16.1 What are 3 major crops  would your household have preferred to grow  duri
wave:2017:s2_land_tenure_and_crops_planted,2017,s2q16_2,ahs_major_crops_duri_s2q162,AHS 2017: 3 major crops would your household have preferred to grow duri,2.16.2 What are 3 major crops  would your household have preferred to grow  duri
wave:2017:s2_land_tenure_and_crops_planted,2017,s2q16_3,ahs_major_crops_duri_s2q163,AHS 2017: 3 major crops would your household have preferred to grow duri,2.16.3 What are 3 major crops  would your household have preferred to grow  duri
wave:2017:s3_extension_services_and_agricultural_programmes,2017,survey,ahs_survey,AHS: Source survey,Source survey
wave:2017:s3_extension_services_and_agricultural_programmes,2017,year,ahs_year,AHS: Survey year,Survey year
wave:2017:s3_extension_services_and_agricultural_programmes,2017,wave,ahs_wave,AHS: Wave identifier,Wave (survey year)
wave:2017:s3_extension_services_and_agricultural_programmes,2017,sample,ahs_sample,AHS: Sample: sampled household or LSF large-scale-farmer supplement,"CS = sampled agricultural household; LSF = large-scale-farmer supplement record (2020: 2,345 list-frame farms with weight 1; 2024: 1,939 such records) -- not part of the household sample"
wave:2017:s3_extension_services_and_agricultural_programmes,2017,prov,ahs_province,"AHS: Province, NISR code 1-5","Province (1-5, NISR codes)"
wave:2017:s3_extension_services_and_agricultural_programmes,2017,dist,ahs_district,"AHS: District, NISR code 11-57","District (11-57, NISR current codes)"
wave:2017:s3_extension_services_and_agricultural_programmes,2017,cluster,ahs_cluster,AHS 2017-2024: Sampling cluster or village identifier,Sampling segment / cluster (as shipped)
wave:2017:s3_extension_services_and_agricultural_programmes,2017,hhid,ahs_household_id,AHS: Household identifier,Household id (unique within wave)
wave:2017:s3_extension_services_and_agricultural_programmes,2017,wt,ahs_weight,AHS: Sampling weight,"Household weight carried by every row (sums to persons in the person file, to households in the household file; repeated per record in module files)"
wave:2017:s3_extension_services_and_agricultural_programmes,2017,wt_hh,ahs_household_weight,AHS: Household weight,Household weight repeated on every row of this file -- sums to the number of households ONLY in the household file (one row per household)
wave:2017:s3_extension_services_and_agricultural_programmes,2017,s0q3,ahs_stratum,AHS 2017: Sampling stratum,0.3 Stratum
wave:2017:s3_extension_services_and_agricultural_programmes,2017,s0q4,ahs_segment,AHS 2017: Segment,0.4 Segment
wave:2017:s3_extension_services_and_agricultural_programmes,2017,s3q1,ahs_hh_benefited_extension_svc,AHS 2017: Has any member of this household benefited from any extension service,3.1 Has any member of this household benefited from any extension service during
wave:2017:s3_extension_services_and_agricultural_programmes,2017,s3q2,ahs_extension_svc_provided_2017,AHS 2017: What type of extension service provided?,3.2 What type of extension service provided?
wave:2017:s3_extension_services_and_agricultural_programmes,2017,s3q3_a,ahs_cropping_service_received,AHS 2017: Type of cropping service received,Type of cropping service received
wave:2017:s3_extension_services_and_agricultural_programmes,2017,s3q3_b,ahs_cropping_service_provider,AHS 2017: Cropping service provider,Cropping service provider
wave:2017:s3_extension_services_and_agricultural_programmes,2017,s3q4_a,ahs_livestock_service_received,AHS 2017: Type of livestock service received,Type of livestock service received
wave:2017:s3_extension_services_and_agricultural_programmes,2017,s3q4_b,ahs_livestock_service_provider,AHS 2017: Livestock service provider,Livestock service provider
wave:2017:s3_extension_services_and_agricultural_programmes,2017,s3q5,ahs_belong_twigire_hh,AHS 2017: HH member belong to ? Twigire muhinzi? group,3.5 HH member belong to ?Twigire muhinzi? group
wave:2017:s3_extension_services_and_agricultural_programmes,2017,s3q6,ahs_benefited_contract_hh,AHS 2017: HH member benefited from contract farming during 2016-2017,3.6 HH member benefited from contract farming during 2016-2017
wave:2017:s3_extension_services_and_agricultural_programmes,2017,s3q7,ahs_hh_reared_least_cow,AHS 2017: HH member reared at least one cow during 2016-2017,3.7 HH member reared at least one cow during 2016-2017
wave:2017:s3_extension_services_and_agricultural_programmes,2017,s3q8,ahs_reared_cow_recvd_girinka,AHS 2017: Was there any reared cow received from GIRINKA program,3.8 Was there any  reared  cow received  from  GIRINKA program
wave:2017:s3_extension_services_and_agricultural_programmes,2017,s3q9,ahs_reared_cow_donated_ngos,AHS 2017: Was there any reared cow donated by NGOs,3.9 Was there any  reared  cow donated by  NGOs
wave:2017:s3_extension_services_and_agricultural_programmes,2017,s3q10,ahs_reared_cow_donated_friends,AHS 2017: Was there any reared cow donated by friends during 2016-2017,3.10 Was there any reared cow donated by friends during 2016-2017  Agricultural
wave:2017:s3_extension_services_and_agricultural_programmes,2017,s3q11,ahs_reared_cow_bought_hh_ag,AHS 2017: Was there any reared cow bought by any household member during,3.11 Was there any reared cow bought by any household member during 2016-2017 Ag
wave:2017:s3_extension_services_and_agricultural_programmes,2017,s3q12,ahs_reared_cow_neither_bought,AHS 2017: Was there any reared cow that was neither bought nor donated but own,3.12 Was there any reared cow that was neither bought nor donated but own raised
wave:2017:s3_extension_services_and_agricultural_programmes,2017,s3q13,ahs_hh_cow_provided_girinka,AHS 2017: Does any member of this household still have cow provided by GIRINKA,3.13 Does any member of this household still have cow provided by GIRINKA Progra
wave:2017:s3_extension_services_and_agricultural_programmes,2017,s3q14,ahs_why_doesn_t_cow,AHS 2017: Why she/he doesn? t still have that cow?,3.14 Why she/he doesn?t still have that cow?
wave:2017:s3_extension_services_and_agricultural_programmes,2017,s3q15,ahs_child_hh_benefit_cup_milk,AHS 2017: Does any child of your household benefit one cup of milk at school,3.15 Does any child of your household benefit one cup of milk at school last ter
wave:2017:s3_extension_services_and_agricultural_programmes,2017,s3q16,ahs_kitchen_garden_home_2017,AHS 2017: Do you have a kitchen garden at your home ?,3.16 Do you have a kitchen garden at your home ?
wave:2017:s4_funding_during_2016,2017,survey,ahs_survey,AHS: Source survey,Source survey
wave:2017:s4_funding_during_2016,2017,year,ahs_year,AHS: Survey year,Survey year
wave:2017:s4_funding_during_2016,2017,wave,ahs_wave,AHS: Wave identifier,Wave (survey year)
wave:2017:s4_funding_during_2016,2017,sample,ahs_sample,AHS: Sample: sampled household or LSF large-scale-farmer supplement,"CS = sampled agricultural household; LSF = large-scale-farmer supplement record (2020: 2,345 list-frame farms with weight 1; 2024: 1,939 such records) -- not part of the household sample"
wave:2017:s4_funding_during_2016,2017,prov,ahs_province,"AHS: Province, NISR code 1-5","Province (1-5, NISR codes)"
wave:2017:s4_funding_during_2016,2017,dist,ahs_district,"AHS: District, NISR code 11-57","District (11-57, NISR current codes)"
wave:2017:s4_funding_during_2016,2017,cluster,ahs_cluster,AHS 2017-2024: Sampling cluster or village identifier,Sampling segment / cluster (as shipped)
wave:2017:s4_funding_during_2016,2017,hhid,ahs_household_id,AHS: Household identifier,Household id (unique within wave)
wave:2017:s4_funding_during_2016,2017,wt,ahs_weight,AHS: Sampling weight,"Household weight carried by every row (sums to persons in the person file, to households in the household file; repeated per record in module files)"
wave:2017:s4_funding_during_2016,2017,wt_hh,ahs_household_weight,AHS: Household weight,Household weight repeated on every row of this file -- sums to the number of households ONLY in the household file (one row per household)
wave:2017:s4_funding_during_2016,2017,s0q3,ahs_stratum,AHS 2017: Sampling stratum,0.3 Stratum
wave:2017:s4_funding_during_2016,2017,s0q4,ahs_segment,AHS 2017: Segment,0.4 Segment
wave:2017:s4_funding_during_2016,2017,s4q1,ahs_household_bank_account,AHS 2017-2020: Does any household member have any bank account?,4.1 Does the member of your household have an account in any financial instituti
wave:2017:s4_funding_during_2016,2017,s4q2,ahs_household_request_loan,"AHS 2017: During 2016-2017, did any member of the household request a loan?","4.2 During 2016-2017, did any member of the household request a loan?"
wave:2017:s4_funding_during_2016,2017,s4q3,ahs_financial_institution_loan1,AHS 2017: From which type of financial Institution was the loan 1 requested?,4.3 From which type of financial Institution was the loan 1 requested?
wave:2017:s4_funding_during_2016,2017,s4q4,ahs_requested_loan1_2017,AHS 2017: Was the requested loan 1 approved?,4.4 Was the requested loan 1 approved?
wave:2017:s4_funding_during_2016,2017,s4q5,ahs_agri_loan1_requested_2017,AHS 2017: If the agricultural loan 1 was requested but not approved what was,4.5 If the agricultural loan 1 was requested but not approved what was the main
wave:2017:s4_funding_during_2016,2017,s4q6,ahs_financial_institution_loan2,AHS 2017: From which type of financial Institution was the loan 2 requested?,4.6 From which type of financial Institution was the loan 2 requested?
wave:2017:s4_funding_during_2016,2017,s4q7,ahs_requested_loan2_approved,AHS 2017: Was the requested loan 2 approved?,4.7 Was the requested loan 2 approved?
wave:2017:s4_funding_during_2016,2017,s4q8,ahs_agri_loan2_requested_2017,AHS 2017: If the agricultural loan 2 was requested but not approved what was,4.8 If the agricultural loan 2 was requested but not approved what was the main
wave:2017:s4_funding_during_2016,2017,s4q9,ahs_financial_institution_loan3,AHS 2017: From which type of financial Institution was the loan 3 requested?,4.9 From which type of financial Institution was the loan 3 requested?
wave:2017:s4_funding_during_2016,2017,s4q10,ahs_requested_loan3_approved,AHS 2017: Was the requested loan 3 approved?,4.10 Was the requested loan 3 approved?
wave:2017:s4_funding_during_2016,2017,s4q11,ahs_agri_loan3_requested_2017,AHS 2017: If the agricultural loan 3 was requested but not approved what was,4.11 If the agricultural loan 3 was requested but not approved what was the main
wave:2017:s4_funding_during_2016,2017,s4q12,ahs_recvd_fund_grant_agri_2017,AHS 2017: Received any fund for grant for agricultural purpose during 2016-2,4.12 Have you received any fund for grant for agricultural purpose during 2016-2
wave:2017:s4_funding_during_2016,2017,s4q13,ahs_origin_grant_2017,AHS 2017: What is the origin of that grant?,4.13 What is the origin of that grant?
wave:2017:s5_agricultural_inputs,2017,survey,ahs_survey,AHS: Source survey,Source survey
wave:2017:s5_agricultural_inputs,2017,year,ahs_year,AHS: Survey year,Survey year
wave:2017:s5_agricultural_inputs,2017,wave,ahs_wave,AHS: Wave identifier,Wave (survey year)
wave:2017:s5_agricultural_inputs,2017,sample,ahs_sample,AHS: Sample: sampled household or LSF large-scale-farmer supplement,"CS = sampled agricultural household; LSF = large-scale-farmer supplement record (2020: 2,345 list-frame farms with weight 1; 2024: 1,939 such records) -- not part of the household sample"
wave:2017:s5_agricultural_inputs,2017,prov,ahs_province,"AHS: Province, NISR code 1-5","Province (1-5, NISR codes)"
wave:2017:s5_agricultural_inputs,2017,dist,ahs_district,"AHS: District, NISR code 11-57","District (11-57, NISR current codes)"
wave:2017:s5_agricultural_inputs,2017,cluster,ahs_cluster,AHS 2017: Sampling cluster or village identifier,Sampling segment / cluster (as shipped)
wave:2017:s5_agricultural_inputs,2017,hhid,ahs_household_id,AHS: Household identifier,Household id (unique within wave)
wave:2017:s5_agricultural_inputs,2017,wt,ahs_weight,AHS: Sampling weight,"Household weight carried by every row (sums to persons in the person file, to households in the household file; repeated per record in module files)"
wave:2017:s5_agricultural_inputs,2017,wt_hh,ahs_household_weight,AHS: Household weight,Household weight repeated on every row of this file -- sums to the number of households ONLY in the household file (one row per household)
wave:2017:s5_agricultural_inputs,2017,s0q3,ahs_stratum,AHS 2017: Sampling stratum,0.3 Stratum
wave:2017:s5_agricultural_inputs,2017,s0q4,ahs_segment,AHS 2017: Segment,0.4 Segment
wave:2017:s5_agricultural_inputs,2017,s5q1_1,ahs_hh_use_organic_fert_least_1,AHS 2017: Did any member of your household use organic fertilizer at least in,5.1.1 Did any member of your household use organic fertilizer at least in one of
wave:2017:s5_agricultural_inputs,2017,s5q1_2,ahs_quantity_organic_kg,AHS 2017: Quantity of organic fertilizer used during agricultural Season A 2017,5.1.2.Quantity of organic fertilizer used  during agricultural Season A 2017 (Kg
wave:2017:s5_agricultural_inputs,2017,s5q1_3,ahs_source_organic_fert_source1,AHS 2017: Source of organic fertilizer Season A-Source 1,5.1.3 Source of organic fertilizer Season A-Source 1
wave:2017:s5_agricultural_inputs,2017,s5q1_4,ahs_qty_bought_agri_season_kg,AHS 2017: Quantity purchased during agricultural Season A 2017 (Kg),5.1.4 Quantity purchased during agricultural Season A 2017 (Kg)
wave:2017:s5_agricultural_inputs,2017,s5q1_5,ahs_amount_paid_seas,AHS 2017: Amount paid for purchasing the organic fertilizer during agricultural,5.1.5 Amount paid for purchasing the organic fertilizer during agricultural Seas
wave:2017:s5_agricultural_inputs,2017,s5q1_6_1,ahs_method_used_methode1_2017,AHS 2017: Method used for preparing manure Season A-Methode 1,5.1.6 Method used for preparing manure Season A-Methode 1
wave:2017:s5_agricultural_inputs,2017,s5q1_6_2,ahs_method_used_methode2_2017,AHS 2017: Method used for preparing manure Season A-Methode 2,5.1.6 Method used for preparing manure Season A-Methode 2
wave:2017:s5_agricultural_inputs,2017,s5q1_6_3,ahs_method_used_methode3_2017,AHS 2017: Method used for preparing manure Season A-Methode 3,5.1.6 Method used for preparing manure Season A-Methode 3
wave:2017:s5_agricultural_inputs,2017,s5q1_7,ahs_qty_used_organic_fert_hh,AHS 2017: Quantity of used organic fertilizer that any member of the household,5.1.7 Quantity of used organic fertilizer that any member of the household recei
wave:2017:s5_agricultural_inputs,2017,s5q1_8,ahs_hh_use_lime_gypsum_least_8,AHS 2017: Did any member of your household use lime or gypsum at least in one,5.1.8. Did any member of your household use lime or gypsum at least in one plot
wave:2017:s5_agricultural_inputs,2017,s5q1_9,ahs_hh_use_organic_fert_least_9,AHS 2017: Did any member of your household use organic fertilizer at least in,5.1.9 Did any member of your household use organic fertilizer at least in one of
wave:2017:s5_agricultural_inputs,2017,s5q1_10,ahs_quantity_organic_b_k,AHS 2017: Quantity of organic fertilizer used during agricultural Season B 2017,5.1.10.Quantity of organic fertilizer used  during agricultural Season B 2017 (K
wave:2017:s5_agricultural_inputs,2017,s5q1_11,ahs_source_organic_fert_season_b,AHS 2017: Source of organic fertilizer Season B,5.1.11 Source of organic fertilizer Season B
wave:2017:s5_agricultural_inputs,2017,s5q1_12,ahs_qty_bought_agri_season_b_kg,AHS 2017: Quantity purchased during agricultural Season B 2017 (Kg),5.1.12 Quantity purchased during agricultural Season B 2017 (Kg)
wave:2017:s5_agricultural_inputs,2017,s5q1_13,ahs_amount_paid_sea,AHS 2017: Amount paid for purchasing the organic fertilizer during agricultural,5.1.13 Amount paid for purchasing the organic fertilizer during agricultural Sea
wave:2017:s5_agricultural_inputs,2017,s5q1_14_1,ahs_method_used_b,AHS 2017: Method used for preparing manure Season B-Methode 1,5.1.14 Method used for preparing manure Season B-Methode 1
wave:2017:s5_agricultural_inputs,2017,s5q1_14_2,ahs_method_used_b_s5q1142,AHS 2017: Method used for preparing manure Season B-Methode 2,5.1.14 Method used for preparing manure Season B-Methode 2
wave:2017:s5_agricultural_inputs,2017,s5q1_14_3,ahs_method_used_b_s5q1143,AHS 2017: Method used for preparing manure Season B-Methode 3,5.1.14 Method used for preparing manure Season B-Methode 3
wave:2017:s5_agricultural_inputs,2017,s5q1_15,ahs_quantity_used_organic_fert_h,AHS 2017: Is there any quantity of used organic fertilizer that any member of,5.1.15 Is there any quantity of used organic fertilizer that any member of the h
wave:2017:s5_agricultural_inputs,2017,s5q1_16,ahs_hh_use_lime_gypsum_least_16,AHS 2017: Did any member of your household use lime or gypsum at least in one,5.1.16. Did any member of your household use lime or gypsum at least in one plot
wave:2017:s5_agricultural_inputs,2017,s5q2_1,ahs_hh_use_inorganic_fert_1,AHS 2017: Did any member of your household use inorganic fertilizer at least in,5.2.1 Did any member of your household use inorganic fertilizer at least in one
wave:2017:s5_agricultural_inputs,2017,s5q2_2,ahs_inorganic_fert_used_type1_2,AHS 2017: What was the type of inorganic fertilizer used? Type 1,5.2.2 What was the type of inorganic fertilizer used? Type 1
wave:2017:s5_agricultural_inputs,2017,s5q2_3,ahs_measurement_unit_3,AHS 2017: Measurement unit,5.2.3 Measurement unit
wave:2017:s5_agricultural_inputs,2017,s5q2_4,ahs_quantity_used_fert_type1_4,AHS 2017: Quantity of used fertilizer Type 1,5.2.4 Quantity of used fertilizer_Type 1
wave:2017:s5_agricultural_inputs,2017,s5q2_5,ahs_quantity_bought_fert_type1_5,AHS 2017: Quantity of purchased fertilizer Type 1,5.2.5 Quantity of purchased fertilizer_Type 1
wave:2017:s5_agricultural_inputs,2017,s5q2_6,ahs_price_inorganic_fert_type1_6,AHS 2017: Price of inorganic fertilizer Type 1(RWF/Kg),5.2.6 Price of inorganic fertilizer_Type 1(RWF/Kg)
wave:2017:s5_agricultural_inputs,2017,s5q2_7,ahs_source_used_source1_7,AHS 2017: Source of the used inorganic fertilizer-Source 1,5.2.7 Source of the used inorganic fertilizer-Source 1
wave:2017:s5_agricultural_inputs,2017,s5q2_8,ahs_inorganic_fert_used_type2_8,AHS 2017: What was the type of inorganic fertilizer used? Type 2,5.2.8 What was the type of inorganic fertilizer used? Type 2
wave:2017:s5_agricultural_inputs,2017,s5q2_9,ahs_measurement_unit_9,AHS 2017: Measurement unit,5.2.9 Measurement unit
wave:2017:s5_agricultural_inputs,2017,s5q2_10,ahs_quantity_used_fert_type2_10,AHS 2017: Quantity of used fertilizer Type 2,5.2.10 Quantity of used fertilizer_Type 2
wave:2017:s5_agricultural_inputs,2017,s5q2_11,ahs_quantity_bought_fert_11,AHS 2017: Quantity of purchased fertilizer Type 2,5.2.11 Quantity of purchased fertilizer_Type 2
wave:2017:s5_agricultural_inputs,2017,s5q2_12,ahs_price_inorganic_fert_12,AHS 2017: Price of inorganic fertilizer Type 1(RWF/Kg),5.2.12 Price of inorganic fertilizer_Type 1(RWF/Kg)
wave:2017:s5_agricultural_inputs,2017,s5q2_13,ahs_source_used_source2_13,AHS 2017: Source of the used inorganic fertilizer-Source 2,5.2.13 Source of the used inorganic fertilizer-Source 2
wave:2017:s5_agricultural_inputs,2017,s5q2_14,ahs_inorganic_fert_used_type3_14,AHS 2017: What was the type of inorganic fertilizer used? Type 3,5.2.14 What was the type of inorganic fertilizer used? Type 3
wave:2017:s5_agricultural_inputs,2017,s5q2_15,ahs_measurement_unit_15,AHS 2017: Measurement unit,5.2.15 Measurement unit
wave:2017:s5_agricultural_inputs,2017,s5q2_16,ahs_quantity_used_fert_type3_16,AHS 2017: Quantity of used fertilizer Type 3,5.2.16 Quantity of used fertilizer_Type 3
wave:2017:s5_agricultural_inputs,2017,s5q2_17,ahs_quantity_bought_fert_17,AHS 2017: Quantity of purchased fertilizer Type 3,5.2.17 Quantity of purchased fertilizer_Type 3
wave:2017:s5_agricultural_inputs,2017,s5q2_18,ahs_price_inorganic_fert_18,AHS 2017: Price of inorganic fertilizer Type 3(RWF/Kg),5.2.18 Price of inorganic fertilizer_Type 3(RWF/Kg)
wave:2017:s5_agricultural_inputs,2017,s5q2_19,ahs_source_used_source3_19,AHS 2017: Source of the used inorganic fertilizer-Source 3,5.2.19 Source of the used inorganic fertilizer-Source 3
wave:2017:s5_agricultural_inputs,2017,s5q2_20,ahs_hh_use_inorganic_fert_20,AHS 2017: Did any member of your household use inorganic fertilizer at least in,5.2.20 Did any member of your household use inorganic fertilizer at least in one
wave:2017:s5_agricultural_inputs,2017,s5q2_21,ahs_inorganic_fert_used_type1_21,AHS 2017: What was the type of inorganic fertilizer used? Type 1,5.2.21 What was the type of inorganic fertilizer used? Type 1
wave:2017:s5_agricultural_inputs,2017,s5q2_22,ahs_measurement_unit_22,AHS 2017: Measurement unit,5.2.22 Measurement unit
wave:2017:s5_agricultural_inputs,2017,s5q2_23,ahs_quantity_used_fert_type1_23,AHS 2017: Quantity of used fertilizer Type 1,5.2.23 Quantity of used fertilizer_Type 1
wave:2017:s5_agricultural_inputs,2017,s5q2_24,ahs_quantity_bought_fert_24,AHS 2017: Quantity of purchased fertilizer Type 1,5.2.24 Quantity of purchased fertilizer_Type 1
wave:2017:s5_agricultural_inputs,2017,s5q2_25,ahs_price_inorganic_fert_25,AHS 2017: Price of inorganic fertilizer Type 1(RWF/Kg),5.2.25 Price of inorganic fertilizer_Type 1(RWF/Kg)
wave:2017:s5_agricultural_inputs,2017,s5q2_26,ahs_source_used_source1_26,AHS 2017: Source of the used inorganic fertilizer-Source 1,5.2.26 Source of the used inorganic fertilizer-Source 1
wave:2017:s5_agricultural_inputs,2017,s5q2_27,ahs_inorganic_fert_used_type2_27,AHS 2017: What was the type of inorganic fertilizer used? Type 2,5.2.27 What was the type of inorganic fertilizer used? Type 2
wave:2017:s5_agricultural_inputs,2017,s5q2_28,ahs_measurement_unit_28,AHS 2017: Measurement unit,5.2.28 Measurement unit
wave:2017:s5_agricultural_inputs,2017,s5q2_29,ahs_quantity_used_fert_type2_29,AHS 2017: Quantity of used fertilizer Type 2,5.2.29 Quantity of used fertilizer_Type 2
wave:2017:s5_agricultural_inputs,2017,s5q2_30,ahs_quantity_bought_fert_30,AHS 2017: Quantity of purchased fertilizer Type 2,5.2.30 Quantity of purchased fertilizer_Type 2
wave:2017:s5_agricultural_inputs,2017,s5q2_31,ahs_price_inorganic_fert_type2,AHS 2017: Price of inorganic fertilizer Type 2(RWF/Kg),5.2.31 Price of inorganic fertilizer_Type 2(RWF/Kg)
wave:2017:s5_agricultural_inputs,2017,s5q2_32,ahs_source_used_source2_32,AHS 2017: Source of the used inorganic fertilizer-Source 2,5.2.32 Source of the used inorganic fertilizer-Source 2
wave:2017:s5_agricultural_inputs,2017,s5q2_33,ahs_inorganic_fert_used_type3_33,AHS 2017: What was the type of inorganic fertilizer used? Type 3,5.2.33 What was the type of inorganic fertilizer used? Type 3
wave:2017:s5_agricultural_inputs,2017,s5q2_34,ahs_measurement_unit_34,AHS 2017: Measurement unit,5.2.34 Measurement unit
wave:2017:s5_agricultural_inputs,2017,s5q2_35,ahs_quantity_used_fert_type3_35,AHS 2017: Quantity of used fertilizer Type 3,5.2.35 Quantity of used fertilizer_Type 3
wave:2017:s5_agricultural_inputs,2017,s5q2_36,ahs_quantity_bought_fert_36,AHS 2017: Quantity of purchased fertilizer Type 3,5.2.36 Quantity of purchased fertilizer_Type 3
wave:2017:s5_agricultural_inputs,2017,s5q2_37,ahs_price_inorganic_fert_37,AHS 2017: Price of inorganic fertilizer Type 3(RWF/Kg),5.2.37 Price of inorganic fertilizer_Type 3(RWF/Kg)
wave:2017:s5_agricultural_inputs,2017,s5q2_38,ahs_source_used_source3_38,AHS 2017: Source of the used inorganic fertilizer-Source 3,5.2.38 Source of the used inorganic fertilizer-Source 3
wave:2017:s5_agricultural_inputs,2017,s5q3_1,ahs_hh_applied_pesticide_least_1,AHS 2017: Did any member of your household applied pesticide at least in one of,5.3.1 Did any member of your household applied pesticide at least in one of the
wave:2017:s5_agricultural_inputs,2017,s5q3_2,ahs_pesticide_used_type1_2,AHS 2017: Pesticide used Type 1,5.3.2 Pesticide used_Type 1
wave:2017:s5_agricultural_inputs,2017,s5q3_3,ahs_measurement_unit_3_s5q33,AHS 2017: Measurement unit,5.3.3 Measurement unit
wave:2017:s5_agricultural_inputs,2017,s5q3_4,ahs_used_qty_pest_used_type1_4,AHS 2017: Used Quantity of Pesticide used Type 1,5.3.4 Used Quantity of  Pesticide used_Type 1
wave:2017:s5_agricultural_inputs,2017,s5q3_5,ahs_purchased_quantity_kg_5,AHS 2017: Purchased Quantity(Kg),5.3.5 Purchased Quantity(Kg)
wave:2017:s5_agricultural_inputs,2017,s5q3_6,ahs_price_bought_pest_type1_6,AHS 2017: Price of purchased Pesticide Type 1(RWF/Kg),5.3.6 Price of purchased Pesticide_Type 1(RWF/Kg)
wave:2017:s5_agricultural_inputs,2017,s5q3_7,ahs_source_pest_used_source1_7,AHS 2017: Source of pesticide used-Source 1,5.3.7 Source of pesticide used-Source 1
wave:2017:s5_agricultural_inputs,2017,s5q3_8,ahs_purpose_applying_pesticide_8,AHS 2017: What was the purpose of applying pesticide?,5.3.8 What was the purpose of applying pesticide?
wave:2017:s5_agricultural_inputs,2017,s5q3_9,ahs_pesticide_used_type2_9,AHS 2017: Pesticide used Type 2,5.3.9 Pesticide used_Type 2
wave:2017:s5_agricultural_inputs,2017,s5q3_10,ahs_measurement_unit_10,AHS 2017: Measurement unit,5.3.10 Measurement unit
wave:2017:s5_agricultural_inputs,2017,s5q3_11,ahs_used_qty_pest_used_type2_11,AHS 2017: Used Quantity of Pesticide used Type 2,5.3.11 Used Quantity of  Pesticide used_Type 2
wave:2017:s5_agricultural_inputs,2017,s5q3_12,ahs_purchased_quantity_kg_12,AHS 2017: Purchased Quantity(Kg),5.3.12 Purchased Quantity(Kg)
wave:2017:s5_agricultural_inputs,2017,s5q3_13,ahs_price_bought_pest_type2_13,AHS 2017: Price of purchased Pesticide Type 2 (RWF/Kg),5.3.13 Price of purchased Pesticide_Type 2 (RWF/Kg)
wave:2017:s5_agricultural_inputs,2017,s5q3_14,ahs_source_pest_used_source2_14,AHS 2017: Source of pesticide used-Source 2,5.3.14 Source of pesticide used-Source 2
wave:2017:s5_agricultural_inputs,2017,s5q3_15,ahs_purpose_applying_15,AHS 2017: What was the purpose of applying pesticide?,5.3.15 What was the purpose of applying pesticide?
wave:2017:s5_agricultural_inputs,2017,s5q3_16,ahs_pesticide_used_type3_16,AHS 2017: Pesticide used Type 3,5.3.16 Pesticide used_Type 3
wave:2017:s5_agricultural_inputs,2017,s5q3_17,ahs_measurement_unit_17,AHS 2017: Measurement unit,5.3.17 Measurement unit
wave:2017:s5_agricultural_inputs,2017,s5q3_18,ahs_used_qty_pest_used_type3_18,AHS 2017: Used Quantity of Pesticide used Type 3,5.3.18 Used Quantity of  Pesticide used_Type 3
wave:2017:s5_agricultural_inputs,2017,s5q3_19,ahs_purchased_quantity_kg_19,AHS 2017: Purchased Quantity(Kg),5.3.19 Purchased Quantity(Kg)
wave:2017:s5_agricultural_inputs,2017,s5q3_20,ahs_price_bought_pest_type3_20,AHS 2017: Price of purchased Pesticide Type 3 (RWF/Kg),5.3.20 Price of purchased Pesticide_Type 3 (RWF/Kg)
wave:2017:s5_agricultural_inputs,2017,s5q3_21,ahs_source_pest_used_source3_21,AHS 2017: Source of pesticide used-Source 3,5.3.21 Source of pesticide used-Source 3
wave:2017:s5_agricultural_inputs,2017,s5q3_22,ahs_purpose_applying_22,AHS 2017: What was the purpose of applying pesticide?,5.3.22 What was the purpose of applying pesticide?
wave:2017:s5_agricultural_inputs,2017,s5q3_23,ahs_hh_applied_pesticide_23,AHS 2017: Did any member of your household applied pesticide at least in one of,5.3.23 Did any member of your household applied pesticide at least in one of the
wave:2017:s5_agricultural_inputs,2017,s5q3_24,ahs_pesticide_used_type1_24,AHS 2017: Pesticide used Type 1,5.3.24 Pesticide used_Type 1
wave:2017:s5_agricultural_inputs,2017,s5q3_25,ahs_measurement_unit_25,AHS 2017: Measurement unit,5.3.25 Measurement unit
wave:2017:s5_agricultural_inputs,2017,s5q3_26,ahs_used_qty_pest_used_type1_26,AHS 2017: Used Quantity of Pesticide used Type 1,5.3.26 Used Quantity of  Pesticide used_Type 1
wave:2017:s5_agricultural_inputs,2017,s5q3_27,ahs_purchased_quantity_kg_27,AHS 2017: Purchased Quantity(Kg),5.3.27 Purchased Quantity(Kg)
wave:2017:s5_agricultural_inputs,2017,s5q3_28,ahs_price_bought_pest_type1_28,AHS 2017: Price of purchased Pesticide Type 1(RWF/Kg),5.3.28 Price of purchased Pesticide_Type 1(RWF/Kg)
wave:2017:s5_agricultural_inputs,2017,s5q3_29,ahs_source_pest_used_source1_29,AHS 2017: Source of pesticide used-Source 1,5.3.29 Source of pesticide used-Source 1
wave:2017:s5_agricultural_inputs,2017,s5q3_30,ahs_purpose_applying_30,AHS 2017: What was the purpose of applying pesticide?,5.3.30 What was the purpose of applying pesticide?
wave:2017:s5_agricultural_inputs,2017,s5q3_31,ahs_pesticide_used_type2_31,AHS 2017: Pesticide used Type 2,5.3.31 Pesticide used_Type 2
wave:2017:s5_agricultural_inputs,2017,s5q3_32,ahs_measurement_unit_32,AHS 2017: Measurement unit,5.3.32 Measurement unit
wave:2017:s5_agricultural_inputs,2017,s5q3_33,ahs_used_qty_pest_used_type2_33,AHS 2017: Used Quantity of Pesticide used Type 2,5.3.33 Used Quantity of  Pesticide used_Type 2
wave:2017:s5_agricultural_inputs,2017,s5q3_34,ahs_purchased_quantity_kg_34,AHS 2017: Purchased Quantity(Kg),5.3.34 Purchased Quantity(Kg)
wave:2017:s5_agricultural_inputs,2017,s5q3_35,ahs_price_bought_pest_type2_35,AHS 2017: Price of purchased Pesticide Type 2 (RWF/Kg),5.3.35 Price of purchased Pesticide_Type 2 (RWF/Kg)
wave:2017:s5_agricultural_inputs,2017,s5q3_36,ahs_source_pest_used_source2_36,AHS 2017: Source of pesticide used-Source 2,5.3.36 Source of pesticide used-Source 2
wave:2017:s5_agricultural_inputs,2017,s5q3_37,ahs_purpose_applying_37,AHS 2017: What was the purpose of applying pesticide?,5.3.37 What was the purpose of applying pesticide?
wave:2017:s5_agricultural_inputs,2017,s5q3_38,ahs_pesticide_used_type3_38,AHS 2017: Pesticide used Type 3,5.3.38 Pesticide used_Type 3
wave:2017:s5_agricultural_inputs,2017,s5q3_39,ahs_measurement_unit_39,AHS 2017: Measurement unit,5.3.39 Measurement unit
wave:2017:s5_agricultural_inputs,2017,s5q3_40,ahs_used_qty_pest_used_type3_40,AHS 2017: Used Quantity of Pesticide used Type 3,5.3.40 Used Quantity of  Pesticide used_Type 3
wave:2017:s5_agricultural_inputs,2017,s5q3_41,ahs_purchased_quantity_kg_41,AHS 2017: Purchased Quantity(Kg),5.3.41 Purchased Quantity(Kg)
wave:2017:s5_agricultural_inputs,2017,s5q3_42,ahs_price_bought_pest_type3_42,AHS 2017: Price of purchased Pesticide Type 3 (RWF/Kg),5.3.42 Price of purchased Pesticide_Type 3 (RWF/Kg)
wave:2017:s5_agricultural_inputs,2017,s5q3_43,ahs_source_pest_used_source3_43,AHS 2017: Source of pesticide used-Source 3,5.3.43 Source of pesticide used-Source 3
wave:2017:s5_agricultural_inputs,2017,s5q3_44,ahs_purpose_applying_44,AHS 2017: What was the purpose of applying pesticide?,5.3.44 What was the purpose of applying pesticide?
wave:2017:s5_agricultural_inputs,2017,s5q4_1_a,ahs_crops_planted_season_crop1,AHS 2017: Crops planted in season A-Crop 1,5.4.1 Crops planted in season A-Crop 1
wave:2017:s5_agricultural_inputs,2017,s5q4_2_a,ahs_type_seeds_used_s5q42a,AHS 2017: Type of seeds used season A,5.4.2 Type of seeds used season A
wave:2017:s5_agricultural_inputs,2017,s5q4_3_a,ahs_qty_traditional_s5q43a,AHS 2017: Quantity of traditional seeds sown ( Kg),5.4.3 Quantity of traditional seeds  sown  ( Kg)
wave:2017:s5_agricultural_inputs,2017,s5q4_4_a,ahs_qty_traditional_s5q44a,AHS 2017: Quantity of traditional seeds bought ( Kg),5.4.4 Quantity of traditional seeds bought  ( Kg)
wave:2017:s5_agricultural_inputs,2017,s5q4_5_a,ahs_amount_purchase_2017_s5q45a,AHS 2017: Amount spent for the purchase of traditional seeds ( RWF),5.4.5 Amount spent for the purchase of traditional seeds ( RWF)
wave:2017:s5_agricultural_inputs,2017,s5q4_6_a,ahs_qty_improved_seeds_s5q46a,AHS 2017: Quantity of improved seeds sown (Kg),5.4.6 Quantity of improved seeds sown (Kg)
wave:2017:s5_agricultural_inputs,2017,s5q4_7_a,ahs_qty_improved_seed_2017,AHS 2017: Quantity of improved seed brought (Kg),5.4.7 Quantity of improved seed brought (Kg)
wave:2017:s5_agricultural_inputs,2017,s5q4_8_a,ahs_amount_purchase_seeds_2017,AHS 2017: Amount spent to the purchase of seeds (RWF),5.4.8 Amount spent to the purchase of seeds (RWF)
wave:2017:s5_agricultural_inputs,2017,s5q4_9_a,ahs_source_improved_s5q49a,AHS 2017: Source of improved seeds used,5.4.9 Source of improved seeds used
wave:2017:s5_agricultural_inputs,2017,s5q4_1_b,ahs_crops_planted_season_crop2,AHS 2017: Crops planted in season A-Crop 2,5.4.1 Crops planted in season A-Crop 2
wave:2017:s5_agricultural_inputs,2017,s5q4_2_b,ahs_type_seeds_used_s5q42b,AHS 2017: Type of seeds used season A,5.4.2 Type of seeds used season A
wave:2017:s5_agricultural_inputs,2017,s5q4_3_b,ahs_qty_traditional_s5q43b,AHS 2017: Quantity of traditional seeds sown ( Kg),5.4.3 Quantity of traditional seeds  sown  ( Kg)
wave:2017:s5_agricultural_inputs,2017,s5q4_4_b,ahs_qty_traditional_s5q44b,AHS 2017: Quantity of traditional seeds bought ( Kg),5.4.4 Quantity of traditional seeds bought  ( Kg)
wave:2017:s5_agricultural_inputs,2017,s5q4_5_b,ahs_amount_purchase_2017_s5q45b,AHS 2017: Amount spent for the purchase of traditional seeds ( RWF),5.4.5 Amount spent for the purchase of traditional seeds ( RWF)
wave:2017:s5_agricultural_inputs,2017,s5q4_6_b,ahs_qty_improved_seeds_s5q46b,AHS 2017: Quantity of improved seeds sown (Kg),5.4.6 Quantity of improved seeds sown (Kg)
wave:2017:s5_agricultural_inputs,2017,s5q4_7_b,ahs_qty_improved_seed_s5q47b,AHS 2017: Quantity of improved seed brought (Kg),5.4.7 Quantity of improved seed brought (Kg)
wave:2017:s5_agricultural_inputs,2017,s5q4_8_b,ahs_amount_purchase_s5q48b,AHS 2017: Amount spent to the purchase of seeds (RWF),5.4.8 Amount spent to the purchase of seeds (RWF)
wave:2017:s5_agricultural_inputs,2017,s5q4_9_b,ahs_source_improved_s5q49b,AHS 2017: Source of improved seeds used,5.4.9 Source of improved seeds used
wave:2017:s5_agricultural_inputs,2017,s5q4_1_c,ahs_crops_planted_season_crop3,AHS 2017: Crops planted in season A-Crop 3,5.4.1 Crops planted in season A-Crop 3
wave:2017:s5_agricultural_inputs,2017,s5q4_2_c,ahs_type_seeds_used_s5q42c,AHS 2017: Type of seeds used season A,5.4.2 Type of seeds used season A
wave:2017:s5_agricultural_inputs,2017,s5q4_3_c,ahs_qty_traditional_s5q43c,AHS 2017: Quantity of traditional seeds sown ( Kg),5.4.3 Quantity of traditional seeds  sown  ( Kg)
wave:2017:s5_agricultural_inputs,2017,s5q4_4_c,ahs_qty_traditional_s5q44c,AHS 2017: Quantity of traditional seeds bought ( Kg),5.4.4 Quantity of traditional seeds bought  ( Kg)
wave:2017:s5_agricultural_inputs,2017,s5q4_5_c,ahs_amount_purchase_2017_s5q45c,AHS 2017: Amount spent for the purchase of traditional seeds ( RWF),5.4.5 Amount spent for the purchase of traditional seeds ( RWF)
wave:2017:s5_agricultural_inputs,2017,s5q4_6_c,ahs_qty_improved_seeds_s5q46c,AHS 2017: Quantity of improved seeds sown (Kg),5.4.6 Quantity of improved seeds sown (Kg)
wave:2017:s5_agricultural_inputs,2017,s5q4_7_c,ahs_qty_improved_seed_s5q47c,AHS 2017: Quantity of improved seed brought (Kg),5.4.7 Quantity of improved seed brought (Kg)
wave:2017:s5_agricultural_inputs,2017,s5q4_8_c,ahs_amount_purchase_s5q48c,AHS 2017: Amount spent to the purchase of seeds (RWF),5.4.8 Amount spent to the purchase of seeds (RWF)
wave:2017:s5_agricultural_inputs,2017,s5q4_9_c,ahs_source_improved_s5q49c,AHS 2017: Source of improved seeds used,5.4.9 Source of improved seeds used
wave:2017:s5_agricultural_inputs,2017,s5q4_10_a,ahs_crops_planted_season_b_crop1,AHS 2017: Crops planted in season B-Crop 1,5.4.10 Crops planted in season B-Crop 1
wave:2017:s5_agricultural_inputs,2017,s5q4_11_a,ahs_type_seeds_used_season_2017,AHS 2017: Type of seeds used season B,5.4.11 Type of seeds used season B
wave:2017:s5_agricultural_inputs,2017,s5q4_12_a,ahs_qty_traditional_seeds_2017,AHS 2017: Quantity of traditional seeds sown ( Kg),5.4.12 Quantity of traditional seeds  sown  ( Kg)
wave:2017:s5_agricultural_inputs,2017,s5q4_13_a,ahs_qty_traditional_s5q413a,AHS 2017: Quantity of traditional seeds bought ( Kg),5.4.13 Quantity of traditional seeds bought  ( Kg)
wave:2017:s5_agricultural_inputs,2017,s5q4_14_a,ahs_amount_purchase_2017,AHS 2017: Amount spent for the purchase of traditional seeds ( RWF),5.4.14 Amount spent for the purchase of traditional seeds ( RWF)
wave:2017:s5_agricultural_inputs,2017,s5q4_15_a,ahs_source_improved_seeds_2017,AHS 2017: Source of improved seeds/seedling,5.4.15 Source of improved seeds/seedling
wave:2017:s5_agricultural_inputs,2017,s5q4_16_a,ahs_qty_improved_seeds_2017,AHS 2017: Quantity of improved seeds sown ( Kg),5.4.16 Quantity of improved seeds  sown  ( Kg)
wave:2017:s5_agricultural_inputs,2017,s5q4_17_a,ahs_qty_improved_seeds_s5q417a,AHS 2017: Quantity of improved seeds bought ( Kg),5.4.17 Quantity of improved seeds bought  ( Kg)
wave:2017:s5_agricultural_inputs,2017,s5q4_18_a,ahs_amount_purchase_2017_s5q418a,AHS 2017: Amount spent for the purchase of improved seeds ( RWF),5.4.18 Amount spent for the purchase of improved seeds ( RWF)
wave:2017:s5_agricultural_inputs,2017,s5q4_10_b,ahs_crops_planted_season_b_crop2,AHS 2017: Crops planted in season B-Crop 2,5.4.10 Crops planted in season B-Crop 2
wave:2017:s5_agricultural_inputs,2017,s5q4_11_b,ahs_type_seeds_used_s5q411b,AHS 2017: Type of seeds used season B,5.4.11 Type of seeds used season B
wave:2017:s5_agricultural_inputs,2017,s5q4_12_b,ahs_qty_traditional_s5q412b,AHS 2017: Quantity of traditional seeds sown ( Kg),5.4.12 Quantity of traditional seeds  sown  ( Kg)
wave:2017:s5_agricultural_inputs,2017,s5q4_13_b,ahs_qty_traditional_s5q413b,AHS 2017: Quantity of traditional seeds bought ( Kg),5.4.13 Quantity of traditional seeds bought  ( Kg)
wave:2017:s5_agricultural_inputs,2017,s5q4_14_b,ahs_amount_purchase_2017_s5q414b,AHS 2017: Amount spent for the purchase of traditional seeds ( RWF),5.4.14 Amount spent for the purchase of traditional seeds ( RWF)
wave:2017:s5_agricultural_inputs,2017,s5q4_15_b,ahs_source_improved_s5q415b,AHS 2017: Source of improved seeds/seedling,5.4.15 Source of improved seeds/seedling
wave:2017:s5_agricultural_inputs,2017,s5q4_16_b,ahs_qty_improved_seeds_s5q416b,AHS 2017: Quantity of improved seeds sown ( Kg),5.4.16 Quantity of improved seeds  sown  ( Kg)
wave:2017:s5_agricultural_inputs,2017,s5q4_17_b,ahs_qty_improved_seeds_s5q417b,AHS 2017: Quantity of improved seeds bought ( Kg),5.4.17 Quantity of improved seeds bought  ( Kg)
wave:2017:s5_agricultural_inputs,2017,s5q4_18_b,ahs_amount_purchase_2017_s5q418b,AHS 2017: Amount spent for the purchase of improved seeds ( RWF),5.4.18 Amount spent for the purchase of improved seeds ( RWF)
wave:2017:s5_agricultural_inputs,2017,s5q4_10_c,ahs_crops_planted_season_b_crop3,AHS 2017: Crops planted in season B-Crop 3,5.4.10 Crops planted in season B-Crop 3
wave:2017:s5_agricultural_inputs,2017,s5q4_11_c,ahs_type_seeds_used_s5q411c,AHS 2017: Type of seeds used season B,5.4.11 Type of seeds used season B
wave:2017:s5_agricultural_inputs,2017,s5q4_12_c,ahs_qty_traditional_s5q412c,AHS 2017: Quantity of traditional seeds sown ( Kg),5.4.12 Quantity of traditional seeds  sown  ( Kg)
wave:2017:s5_agricultural_inputs,2017,s5q4_13_c,ahs_qty_traditional_s5q413c,AHS 2017: Quantity of traditional seeds bought ( Kg),5.4.13 Quantity of traditional seeds bought  ( Kg)
wave:2017:s5_agricultural_inputs,2017,s5q4_14_c,ahs_amount_purchase_2017_s5q414c,AHS 2017: Amount spent for the purchase of traditional seeds ( RWF),5.4.14 Amount spent for the purchase of traditional seeds ( RWF)
wave:2017:s5_agricultural_inputs,2017,s5q4_15_c,ahs_source_improved_s5q415c,AHS 2017: Source of improved seeds/seedling,5.4.15 Source of improved seeds/seedling
wave:2017:s5_agricultural_inputs,2017,s5q4_16_c,ahs_qty_improved_seeds_s5q416c,AHS 2017: Quantity of improved seeds sown ( Kg),5.4.16 Quantity of improved seeds  sown  ( Kg)
wave:2017:s5_agricultural_inputs,2017,s5q4_17_c,ahs_qty_improved_seeds_s5q417c,AHS 2017: Quantity of improved seeds bought ( Kg),5.4.17 Quantity of improved seeds bought  ( Kg)
wave:2017:s5_agricultural_inputs,2017,s5q4_18_c,ahs_amount_purchase_2017_s5q418c,AHS 2017: Amount spent for the purchase of improved seeds ( RWF),5.4.18 Amount spent for the purchase of improved seeds ( RWF)
wave:2017:s6_agricultural_practices,2017,survey,ahs_survey,AHS: Source survey,Source survey
wave:2017:s6_agricultural_practices,2017,year,ahs_year,AHS: Survey year,Survey year
wave:2017:s6_agricultural_practices,2017,wave,ahs_wave,AHS: Wave identifier,Wave (survey year)
wave:2017:s6_agricultural_practices,2017,sample,ahs_sample,AHS: Sample: sampled household or LSF large-scale-farmer supplement,"CS = sampled agricultural household; LSF = large-scale-farmer supplement record (2020: 2,345 list-frame farms with weight 1; 2024: 1,939 such records) -- not part of the household sample"
wave:2017:s6_agricultural_practices,2017,prov,ahs_province,"AHS: Province, NISR code 1-5","Province (1-5, NISR codes)"
wave:2017:s6_agricultural_practices,2017,dist,ahs_district,"AHS: District, NISR code 11-57","District (11-57, NISR current codes)"
wave:2017:s6_agricultural_practices,2017,cluster,ahs_cluster,AHS 2017-2024: Sampling cluster or village identifier,Sampling segment / cluster (as shipped)
wave:2017:s6_agricultural_practices,2017,hhid,ahs_household_id,AHS: Household identifier,Household id (unique within wave)
wave:2017:s6_agricultural_practices,2017,wt,ahs_weight,AHS: Sampling weight,"Household weight carried by every row (sums to persons in the person file, to households in the household file; repeated per record in module files)"
wave:2017:s6_agricultural_practices,2017,wt_hh,ahs_household_weight,AHS: Household weight,Household weight repeated on every row of this file -- sums to the number of households ONLY in the household file (one row per household)
wave:2017:s6_agricultural_practices,2017,dummy_cropping_b,ahs_cropping_season_b,AHS 2017: Household engaged in cropping in season B,household       engaged in      cropping        in      season  B
wave:2017:s6_agricultural_practices,2017,cropping,ahs_household_cropping,AHS 2017: Household engaged in cropping,households who engaged in cropping in one of seasons
wave:2017:s6_agricultural_practices,2017,s2q7_1,ahs_major_crops_hh_grow_crop1,AHS 2017: Major 3 crops did your household grow during Season A 2017-Crop 1,2.7.1 What are major 3 crops did your household grow during Season A 2017-Crop 1
wave:2017:s6_agricultural_practices,2017,s2q7_2,ahs_major_crops_hh_grow_crop2,AHS 2017: Major 3 crops did your household grow during Season A 2017-Crop 2,2.7.2 What are major 3 crops did your household grow during Season A 2017-Crop 2
wave:2017:s6_agricultural_practices,2017,s2q7_3,ahs_major_crops_hh_grow_crop3,AHS 2017: Major 3 crops did your household grow during Season A 2017-Crop 3,2.7.3 What are major 3 crops did your household grow during Season A 2017-Crop 3
wave:2017:s6_agricultural_practices,2017,s2q15_1,ahs_major_crops_hh_grow_v2_2017,AHS 2017: Major 3 crops did your household grow during Season B 2017-Crop,2.15.1 What are major 3 crops did your household grow during Season B 2017-Crop
wave:2017:s6_agricultural_practices,2017,s2q15_2,ahs_major_crops_hh_s2q152v2,AHS 2017: 2 What are major 3 crops did your household grow during Season B,2.15. 2 What are major 3 crops did your household grow during Season B 2017-Crop
wave:2017:s6_agricultural_practices,2017,s2q15_3,ahs_major_crops_hh_s2q153v2,AHS 2017: Major 3 crops did your household grow during Season B 2017-Crop,2.15.3 What are major 3 crops did your household grow during Season B 2017-Crop
wave:2017:s6_agricultural_practices,2017,s0q3,ahs_stratum,AHS 2017: Sampling stratum,0.3 Stratum
wave:2017:s6_agricultural_practices,2017,s0q4,ahs_segment,AHS 2017: Segment,0.4 Segment
wave:2017:s6_agricultural_practices,2017,s6q1_1,ahs_hh_practice_erosion_control,AHS 2017: Did any member of your household practice any type of erosion control,6.1.1 Did any member of your household practice any type of erosion control meas
wave:2017:s6_agricultural_practices,2017,s6q1_2_1,ahs_soil_protection_measure1,AHS 2017: Soil protection measure-Measure 1,6.1.2.1 Soil protection measure-Measure 1
wave:2017:s6_agricultural_practices,2017,s6q1_2_2,ahs_soil_protection_measure2,AHS 2017: Soil protection measure-Measure 2,6.1.2.2 Soil protection measure-Measure 2
wave:2017:s6_agricultural_practices,2017,s6q1_2_3,ahs_soil_protection_measure3,AHS 2017: Soil protection measure-Measure 3,6.1.2.3 Soil protection measure-Measure 3
wave:2017:s6_agricultural_practices,2017,s6q1_3,ahs_soil_erosion_hh_land,AHS 2017: Is soil erosion on any of your household member's land increasing,6.1.3 Is soil erosion on any of your household member?s land increasing over tim
wave:2017:s6_agricultural_practices,2017,s6q1_4_1,ahs_main_form_erosion_form_2017,AHS 2017: Main form of erosion -Form 1,6.1.4.1 Main form of erosion -Form 1
wave:2017:s6_agricultural_practices,2017,s6q1_4_2,ahs_main_form_erosion_s6q142,AHS 2017: Main form of erosion -Form 2,6.1.4.2 Main form of erosion -Form 2
wave:2017:s6_agricultural_practices,2017,s6q1_4_3,ahs_main_form_erosion_s6q143,AHS 2017: Main form of erosion -Form 3,6.1.4.3 Main form of erosion -Form 3
wave:2017:s6_agricultural_practices,2017,s6q1_5_0,ahs_limitation_applying_soil,AHS 2017: Are there any limitation in applying soil protection?,6.1.5.0 Are there any limitation in applying soil protection?
wave:2017:s6_agricultural_practices,2017,s6q1_5_1,ahs_limitations_applying_2017,AHS 2017: Limitations in applying soil protection-Limitation 1,6.1.5.1 Limitations in applying soil protection-Limitation 1
wave:2017:s6_agricultural_practices,2017,s6q1_5_1_a,ahs_other_limitation_a,AHS 2017: Other Limitation specify-1,6.1.5.1-A-Other Limitation specify-1
wave:2017:s6_agricultural_practices,2017,s6q1_5_2,ahs_limitations_applying_s6q152,AHS 2017: Limitations in applying soil protection-Limitation 2,6.1.5.2 Limitations in applying soil protection-Limitation 2
wave:2017:s6_agricultural_practices,2017,s6q1_5_1_b,ahs_other_limitation_b,AHS 2017: Other Limitation specify-2,6.1.5.1-A-Other Limitation specify-2
wave:2017:s6_agricultural_practices,2017,s6q1_5_3,ahs_limitations_applying_s6q153,AHS 2017: Limitations in applying soil protection-Limitation 3,6.1.5.3 Limitations in applying soil protection-Limitation 3
wave:2017:s6_agricultural_practices,2017,s6q1_5_1_c,ahs_other_limitation_c,AHS 2017: Other Limitation specify-3,6.1.5.1-A-Other Limitation specify-3
wave:2017:s6_agricultural_practices,2017,s6q2_1,ahs_hh_practice_irrig_technique,AHS 2017: Household practice any irrigation technique?,6.2.1 Household practice any irrigation technique?
wave:2017:s6_agricultural_practices,2017,s6q2_2_1,ahs_irrigation_technics_2017,AHS 2017: Which irrigation technics -Technic 1,6.2.2.1 Which irrigation technics -Technic 1
wave:2017:s6_agricultural_practices,2017,s6q2_2_2,ahs_irrigation_technics_s6q222,AHS 2017: Which irrigation technics- Technic 2,6.2.2.2 Which irrigation technics- Technic 2
wave:2017:s6_agricultural_practices,2017,s6q2_2_3,ahs_irrigation_technics_s6q223,AHS 2017: Which irrigation technics- Technic 3,6.2.2.3 Which irrigation technics- Technic 3
wave:2017:s6_agricultural_practices,2017,s6q2_3_1,ahs_source_water_used_source1,AHS 2017: Main source of water used for irrigation-Source 1,6.2.3.1 Main source of water used for irrigation-Source 1
wave:2017:s6_agricultural_practices,2017,s6q2_3_2,ahs_source_water_used_source2,AHS 2017: Main source of water used for irrigation-Source 2,6.2.3.2 Main source of water used for irrigation-Source 2
wave:2017:s6_agricultural_practices,2017,s6q2_3_3,ahs_source_water_used_source3,AHS 2017: Main source of water used for irrigation-Source 3,6.2.3.3 Main source of water used for irrigation-Source 3
wave:2017:s6_agricultural_practices,2017,s6q2_4,ahs_use_mechanical_equipment,AHS 2017: Use any mechanical equipment,6.2.4 Use any mechanical equipment
wave:2017:s6_agricultural_practices,2017,s6q2_5_1,ahs_mechanical_equip_used_2017,AHS 2017: Mechanical equipment used-Tech Equip 1,6.2.5.1 Mechanical equipment  used-Tech Equip 1
wave:2017:s6_agricultural_practices,2017,s6q2_5_2,ahs_mechanical_equip_s6q252,AHS 2017: Mechanical equipment used-Tech Equip 2,6.2.5.1 Mechanical equipment  used-Tech Equip 2
wave:2017:s6_agricultural_practices,2017,s6q2_5_3,ahs_mechanical_equip_s6q253,AHS 2017: Mechanical equipment used-Tech Equip 3,6.2.5.3 Mechanical equipment  used-Tech Equip 3
wave:2017:s7_1_agricultural_small_tools,2017,survey,ahs_survey,AHS: Source survey,Source survey
wave:2017:s7_1_agricultural_small_tools,2017,year,ahs_year,AHS: Survey year,Survey year
wave:2017:s7_1_agricultural_small_tools,2017,wave,ahs_wave,AHS: Wave identifier,Wave (survey year)
wave:2017:s7_1_agricultural_small_tools,2017,sample,ahs_sample,AHS: Sample: sampled household or LSF large-scale-farmer supplement,"CS = sampled agricultural household; LSF = large-scale-farmer supplement record (2020: 2,345 list-frame farms with weight 1; 2024: 1,939 such records) -- not part of the household sample"
wave:2017:s7_1_agricultural_small_tools,2017,prov,ahs_province,"AHS: Province, NISR code 1-5","Province (1-5, NISR codes)"
wave:2017:s7_1_agricultural_small_tools,2017,dist,ahs_district,"AHS: District, NISR code 11-57","District (11-57, NISR current codes)"
wave:2017:s7_1_agricultural_small_tools,2017,cluster,ahs_cluster,AHS: Sampling cluster or village identifier,Sampling segment / cluster (as shipped)
wave:2017:s7_1_agricultural_small_tools,2017,hhid,ahs_household_id,AHS: Household identifier,Household id (unique within wave)
wave:2017:s7_1_agricultural_small_tools,2017,wt,ahs_weight,AHS: Sampling weight,"Household weight carried by every row (sums to persons in the person file, to households in the household file; repeated per record in module files)"
wave:2017:s7_1_agricultural_small_tools,2017,wt_hh,ahs_household_weight,AHS: Household weight,Household weight repeated on every row of this file -- sums to the number of households ONLY in the household file (one row per household)
wave:2017:s7_1_agricultural_small_tools,2017,s0q3,ahs_stratum,AHS 2017: Sampling stratum,0.3 Stratum
wave:2017:s7_1_agricultural_small_tools,2017,s0q4,ahs_segment,AHS 2017: Segment,0.4 Segment
wave:2017:s7_1_agricultural_small_tools,2017,s7q1,ahs_small_tools_2017,AHS 2017: Small tools name,7.1 small tools name
wave:2017:s7_1_agricultural_small_tools,2017,s7q2,ahs_hh_tool_farming_activ_2017,AHS 2017: Does any member of your household own this tool for farming activities,7.2 Does any member of your household own this tool for farming activities
wave:2017:s7_1_agricultural_small_tools,2017,s7q3,ahs_tool_owned_household_2017,AHS 2017: The number of this tool owned by the household,7.3 The number of this tool owned by the household
wave:2017:s7_1_agricultural_small_tools,2017,s7q4,ahs_tools_puchased_hh_agri_2017,AHS 2017: Number of tools puchased by your household during agricultural year, 7.4 Number of tools puchased by your household during agricultural year 2016-20
wave:2017:s7_1_agricultural_small_tools,2017,s7q5,ahs_unit_price_bought_tool_2017,AHS 2017: Unit price for the purchased tool,7.5 Unit price for the purchased tool
wave:2017:s7_1_agricultural_small_tools,2017,s7q6,ahs_tool_rented_household_2017,AHS 2017: Number of this tool rented by your household,7.6 Number of this tool rented by your household
wave:2017:s7_1_agricultural_small_tools,2017,s7q7,ahs_amount_paid_rented_2017,AHS 2017: Amount paid for rented small tools,7.7 Amount paid for rented small tools
wave:2017:s7_2_agricultural_durable_tools,2017,survey,ahs_survey,AHS: Source survey,Source survey
wave:2017:s7_2_agricultural_durable_tools,2017,year,ahs_year,AHS: Survey year,Survey year
wave:2017:s7_2_agricultural_durable_tools,2017,wave,ahs_wave,AHS: Wave identifier,Wave (survey year)
wave:2017:s7_2_agricultural_durable_tools,2017,sample,ahs_sample,AHS: Sample: sampled household or LSF large-scale-farmer supplement,"CS = sampled agricultural household; LSF = large-scale-farmer supplement record (2020: 2,345 list-frame farms with weight 1; 2024: 1,939 such records) -- not part of the household sample"
wave:2017:s7_2_agricultural_durable_tools,2017,prov,ahs_province,"AHS: Province, NISR code 1-5","Province (1-5, NISR codes)"
wave:2017:s7_2_agricultural_durable_tools,2017,dist,ahs_district,"AHS: District, NISR code 11-57","District (11-57, NISR current codes)"
wave:2017:s7_2_agricultural_durable_tools,2017,cluster,ahs_cluster,AHS 2017-2024: Sampling cluster or village identifier,Sampling segment / cluster (as shipped)
wave:2017:s7_2_agricultural_durable_tools,2017,hhid,ahs_household_id,AHS: Household identifier,Household id (unique within wave)
wave:2017:s7_2_agricultural_durable_tools,2017,wt,ahs_weight,AHS: Sampling weight,"Household weight carried by every row (sums to persons in the person file, to households in the household file; repeated per record in module files)"
wave:2017:s7_2_agricultural_durable_tools,2017,wt_hh,ahs_household_weight,AHS: Household weight,Household weight repeated on every row of this file -- sums to the number of households ONLY in the household file (one row per household)
wave:2017:s7_2_agricultural_durable_tools,2017,s0q3,ahs_stratum,AHS 2017: Sampling stratum,0.3 Stratum
wave:2017:s7_2_agricultural_durable_tools,2017,s0q4,ahs_segment,AHS 2017: Segment,0.4 Segment
wave:2017:s7_2_agricultural_durable_tools,2017,s7q8,ahs_durable_tool,AHS: Durable tool name,7.8 Durable tool name
wave:2017:s7_2_agricultural_durable_tools,2017,s7q9,ahs_household_use_equipment,AHS: Did any member of your household use this equipment?,7.9 Did any member of your household use this equipment?
wave:2017:s7_2_agricultural_durable_tools,2017,s7q10,ahs_tool_existing_farm_day,AHS: The number of this tool existing in the farm at the day of interview,7.10 The number of this tool existing in the farm at the day of interview
wave:2017:s7_2_agricultural_durable_tools,2017,s7q11,ahs_tools_acquired_agri_year,AHS: Number of tools acquired during agricultural year 2016-2017, 7.11 Number of tools acquired during agricultural year 2016-2017
wave:2017:s7_2_agricultural_durable_tools,2017,s7q12,ahs_unit_price_bought_tool_rwf,AHS: Unit price for the purchased tool (RWF),7.12 Unit price for the purchased tool (RWF)
wave:2017:s7_2_agricultural_durable_tools,2017,s7q13,ahs_number_rented_household,AHS: Number of this rented by your household member,7.13 Number of this rented by your household member
wave:2017:s7_2_agricultural_durable_tools,2017,s7q14,ahs_amount_paid_rented_durable,AHS: Amount paid for rented durable tools,7.14 Amount paid for rented durable tools
wave:2017:s8_a_production_use_storage_and_expenses,2017,survey,ahs_survey,AHS: Source survey,Source survey
wave:2017:s8_a_production_use_storage_and_expenses,2017,year,ahs_year,AHS: Survey year,Survey year
wave:2017:s8_a_production_use_storage_and_expenses,2017,wave,ahs_wave,AHS: Wave identifier,Wave (survey year)
wave:2017:s8_a_production_use_storage_and_expenses,2017,sample,ahs_sample,AHS: Sample: sampled household or LSF large-scale-farmer supplement,"CS = sampled agricultural household; LSF = large-scale-farmer supplement record (2020: 2,345 list-frame farms with weight 1; 2024: 1,939 such records) -- not part of the household sample"
wave:2017:s8_a_production_use_storage_and_expenses,2017,prov,ahs_province,"AHS: Province, NISR code 1-5","Province (1-5, NISR codes)"
wave:2017:s8_a_production_use_storage_and_expenses,2017,dist,ahs_district,"AHS: District, NISR code 11-57","District (11-57, NISR current codes)"
wave:2017:s8_a_production_use_storage_and_expenses,2017,cluster,ahs_cluster,AHS 2017-2024: Sampling cluster or village identifier,Sampling segment / cluster (as shipped)
wave:2017:s8_a_production_use_storage_and_expenses,2017,hhid,ahs_household_id,AHS: Household identifier,Household id (unique within wave)
wave:2017:s8_a_production_use_storage_and_expenses,2017,wt,ahs_weight,AHS: Sampling weight,"Household weight carried by every row (sums to persons in the person file, to households in the household file; repeated per record in module files)"
wave:2017:s8_a_production_use_storage_and_expenses,2017,wt_hh,ahs_household_weight,AHS: Household weight,Household weight repeated on every row of this file -- sums to the number of households ONLY in the household file (one row per household)
wave:2017:s8_a_production_use_storage_and_expenses,2017,s0q3,ahs_stratum,AHS 2017: Sampling stratum,0.3 Stratum
wave:2017:s8_a_production_use_storage_and_expenses,2017,s0q4,ahs_segment,AHS 2017: Segment,0.4 Segment
wave:2017:s8_a_production_use_storage_and_expenses,2017,s8q1_1_1,ahs_crop,AHS: Crop name,8.1.1 Crop name
wave:2017:s8_a_production_use_storage_and_expenses,2017,s8q1_1_2,ahs_crop_code1,AHS: Crop code 1,8.1.2 Crop code 1
wave:2017:s8_a_production_use_storage_and_expenses,2017,s8q1_1_3,ahs_quantity_produced_kg_season,AHS: What was the quantity produced? (Kg) Season A,8.1.3 What was the quantity produced? (Kg) Season A
wave:2017:s8_a_production_use_storage_and_expenses,2017,s8q1_1_4,ahs_quantity_processed_farm,AHS: What was the quantity processed at farm level?,8.1.4 What was the quantity processed at farm level?
wave:2017:s8_a_production_use_storage_and_expenses,2017,s8q1_1_5,ahs_quantity_sold,AHS: What was the quantity sold?,8.1.5 What was the quantity sold?
wave:2017:s8_a_production_use_storage_and_expenses,2017,s8q1_1_6,ahs_market_crop_sold,AHS: On which market this crop was sold?,8.1.6 On which market this crop was sold?
wave:2017:s8_a_production_use_storage_and_expenses,2017,s8q1_1_7,ahs_selling_price_kilogram_rwf,AHS: What was the selling price per kilogram? (RWF/Kg),8.1.7 What was the selling price per kilogram? (RwF/Kg)
wave:2017:s8_a_production_use_storage_and_expenses,2017,s8q1_1_8,ahs_quantity_used_consumption,AHS: What was the quantity used for own consumption?,8.1.8 What was the quantity used for own consumption?
wave:2017:s8_a_production_use_storage_and_expenses,2017,s8q1_1_9,ahs_quantity_used_wages,AHS: What was the quantity used as wages?,8.1.9 What was the quantity used as wages?
wave:2017:s8_a_production_use_storage_and_expenses,2017,s8q1_1_10,ahs_quantity_used_farm_rent,AHS: What was the quantity used as farm rent?,8.1.10 What was the quantity used as farm rent?
wave:2017:s8_a_production_use_storage_and_expenses,2017,s8q1_1_11,ahs_quantity_used_gift,AHS: What was the quantity used as gift?,8.1.11 What was the quantity used as gift?
wave:2017:s8_a_production_use_storage_and_expenses,2017,s8q1_1_12,ahs_quantity_exchanged_goods,AHS: What was the quantity exchanged for other goods?,8.1.12 What was the quantity exchanged for other goods?
wave:2017:s8_a_production_use_storage_and_expenses,2017,s8q1_1_13,ahs_quantity_used_seeds,AHS: What was the quantity used as seeds?,8.1.13 What was the quantity used as seeds?
wave:2017:s8_a_production_use_storage_and_expenses,2017,s8q1_1_14,ahs_quantity_used_feed_animals,AHS: What was the quantity used to feed animals?,8.1.14 What was the quantity used to feed animals?
wave:2017:s8_a_production_use_storage_and_expenses,2017,s8q1_1_15,ahs_quantity_stored,AHS: What was the quantity stored?,8.1.15 What was the quantity stored?
wave:2017:s8_a_production_use_storage_and_expenses,2017,s8q1_1_16,ahs_quantity_lost_harvest,AHS: What was the quantity lost after harvest?,8.1.16 What was the quantity lost after harvest?
wave:2017:s8_a_production_use_storage_and_expenses,2017,s8q1_1_17,ahs_quantity_used_other_forms,AHS: What was the quantity used in other forms?,8.1.17 What was the quantity used in other forms?
wave:2017:s8_a_production_use_storage_and_expenses,2017,s8q1_1_18,ahs_storage_facility_used_type1,AHS: Which is the storage facility used by the household? storage type 1,8.1.18 Which is the storage facility used by the household? storage type 1
wave:2017:s8_a_production_use_storage_and_expenses,2017,s8q1_1_19,ahs_apply_training_skills_post,AHS: Do you apply training skills on post-harvest-handling and storage?,8.1.19 Do you apply training skills on post-harvest-handling and storage?
wave:2017:s8_a_production_use_storage_and_expenses,2017,s8q1_1_20,ahs_amount_paid_labour_harvest,AHS: Amount paid to labour for harvest and transport of the harvest of this cr,8.1.20 Amount paid to labour for harvest and transport of the harvest of this cr
wave:2017:s8_a_production_use_storage_and_expenses,2017,s8q1_1_21,ahs_amount_paid_renting_equip,AHS: Amount paid on renting equipment used to harvest this crop during Season,8.1.21 Amount paid on renting equipment used to  harvest this crop during Season
wave:2017:s8_a_production_use_storage_and_expenses,2017,s8q1_1_22,ahs_amount_paid_equi,AHS: Amount paid on rehabilitation and maintenance of buildings and other equi,8.1.22 Amount paid on rehabilitation and maintenance of buildings and other equi
wave:2017:s8_a_production_use_storage_and_expenses,2017,s8q1_1_23,ahs_amount_paid_eq,AHS: Amount paid on rehabilitation and maintenance of buildings and other eq,8.1.23 Amount paid  on rehabilitation and maintenance of buildings  and other eq
wave:2017:s8_a_production_use_storage_and_expenses,2017,s8q1_1_24,ahs_amount_paid_insecticides,AHS: Amount paid for insecticides to keep stored production against pests duri,8.1.24 Amount paid for insecticides to keep stored production against pests duri
wave:2017:s8_a_production_use_storage_and_expenses,2017,s8q1_1_25,ahs_other_cost,AHS: Other cost,8.1.25 Other cost
wave:2017:s8_b_production_use_storage_and_expenses,2017,survey,ahs_survey,AHS: Source survey,Source survey
wave:2017:s8_b_production_use_storage_and_expenses,2017,year,ahs_year,AHS: Survey year,Survey year
wave:2017:s8_b_production_use_storage_and_expenses,2017,wave,ahs_wave,AHS: Wave identifier,Wave (survey year)
wave:2017:s8_b_production_use_storage_and_expenses,2017,sample,ahs_sample,AHS: Sample: sampled household or LSF large-scale-farmer supplement,"CS = sampled agricultural household; LSF = large-scale-farmer supplement record (2020: 2,345 list-frame farms with weight 1; 2024: 1,939 such records) -- not part of the household sample"
wave:2017:s8_b_production_use_storage_and_expenses,2017,prov,ahs_province,"AHS: Province, NISR code 1-5","Province (1-5, NISR codes)"
wave:2017:s8_b_production_use_storage_and_expenses,2017,dist,ahs_district,"AHS: District, NISR code 11-57","District (11-57, NISR current codes)"
wave:2017:s8_b_production_use_storage_and_expenses,2017,cluster,ahs_cluster,AHS 2017-2024: Sampling cluster or village identifier,Sampling segment / cluster (as shipped)
wave:2017:s8_b_production_use_storage_and_expenses,2017,hhid,ahs_household_id,AHS: Household identifier,Household id (unique within wave)
wave:2017:s8_b_production_use_storage_and_expenses,2017,wt,ahs_weight,AHS: Sampling weight,"Household weight carried by every row (sums to persons in the person file, to households in the household file; repeated per record in module files)"
wave:2017:s8_b_production_use_storage_and_expenses,2017,wt_hh,ahs_household_weight,AHS: Household weight,Household weight repeated on every row of this file -- sums to the number of households ONLY in the household file (one row per household)
wave:2017:s8_b_production_use_storage_and_expenses,2017,s0q3,ahs_stratum,AHS 2017: Sampling stratum,0.3 Stratum
wave:2017:s8_b_production_use_storage_and_expenses,2017,s0q4,ahs_segment,AHS 2017: Segment,0.4 Segment
wave:2017:s8_b_production_use_storage_and_expenses,2017,s8q1_1_26,ahs_crop,AHS: Crop name,8.1.26 Crop name
wave:2017:s8_b_production_use_storage_and_expenses,2017,s8q1_1_27,ahs_crop_code1,AHS: Crop code 1,8.1.27 Crop code 1
wave:2017:s8_b_production_use_storage_and_expenses,2017,s8q1_1_28,ahs_quantity_produced_kg_season,AHS: What was the quantity produced? (Kg) Season A,8.1.28 What was the quantity produced? (Kg) Season A
wave:2017:s8_b_production_use_storage_and_expenses,2017,s8q1_1_29,ahs_quantity_processed_farm,AHS: What was the quantity processed at farm level?,8.1.29 What was the quantity processed at farm level?
wave:2017:s8_b_production_use_storage_and_expenses,2017,s8q1_1_30,ahs_quantity_sold,AHS: What was the quantity sold?,8.1.30 What was the quantity sold?
wave:2017:s8_b_production_use_storage_and_expenses,2017,s8q1_1_31,ahs_market_crop_sold,AHS: On which market this crop was sold?,8.1.31 On which market this crop was sold?
wave:2017:s8_b_production_use_storage_and_expenses,2017,s8q1_1_32,ahs_selling_price_kilogram_rwf,AHS: What was the selling price per kilogram? (RWF/Kg),8.1.32 What was the selling price per kilogram? (RwF/Kg)
wave:2017:s8_b_production_use_storage_and_expenses,2017,s8q1_1_33,ahs_quantity_used_consumption,AHS: What was the quantity used for own consumption?,8.1.33 What was the quantity used for own consumption?
wave:2017:s8_b_production_use_storage_and_expenses,2017,s8q1_1_34,ahs_quantity_used_wages,AHS: What was the quantity used as wages?,8.1.34 What was the quantity used as wages?
wave:2017:s8_b_production_use_storage_and_expenses,2017,s8q1_1_35,ahs_quantity_used_farm_rent,AHS: What was the quantity used as farm rent?,8.1.35 What was the quantity used as farm rent?
wave:2017:s8_b_production_use_storage_and_expenses,2017,s8q1_1_36,ahs_quantity_used_gift,AHS: What was the quantity used as gift?,8.1.36 What was the quantity used as gift?
wave:2017:s8_b_production_use_storage_and_expenses,2017,s8q1_1_37,ahs_quantity_exchanged_goods,AHS: What was the quantity exchanged for other goods?,8.1.37 What was the quantity exchanged for other goods?
wave:2017:s8_b_production_use_storage_and_expenses,2017,s8q1_1_38,ahs_quantity_used_seeds,AHS: What was the quantity used as seeds?,8.1.38 What was the quantity used as seeds?
wave:2017:s8_b_production_use_storage_and_expenses,2017,s8q1_1_39,ahs_quantity_used_feed_animals,AHS: What was the quantity used to feed animals?,8.1.39 What was the quantity used to feed animals?
wave:2017:s8_b_production_use_storage_and_expenses,2017,s8q1_1_40,ahs_quantity_stored,AHS: What was the quantity stored?,8.1.40 What was the quantity stored?
wave:2017:s8_b_production_use_storage_and_expenses,2017,s8q1_1_41,ahs_quantity_lost_harvest,AHS: What was the quantity lost after harvest?,8.1.41 What was the quantity lost after harvest?
wave:2017:s8_b_production_use_storage_and_expenses,2017,s8q1_1_42,ahs_quantity_used_other_forms,AHS: What was the quantity used in other forms?,8.1.42 What was the quantity used in other forms?
wave:2017:s8_b_production_use_storage_and_expenses,2017,s8q1_1_43,ahs_storage_facility_used_type1,AHS: Which is the storage facility used by the household? storage type 1,8.1.43 Which is the storage facility used by the household? storage type 1
wave:2017:s8_b_production_use_storage_and_expenses,2017,s8q1_1_44,ahs_apply_training_skills_post,AHS: Do you apply training skills on post-harvest-handling and storage?,8.1.44 Do you apply training skills on post-harvest-handling and storage?
wave:2017:s8_b_production_use_storage_and_expenses,2017,s8q1_1_45,ahs_amount_paid_labour_harvest,AHS: Amount paid to labour for harvest and transport of the harvest of this cr,8.1.45 Amount paid to labour for harvest and transport of the harvest of this cr
wave:2017:s8_b_production_use_storage_and_expenses,2017,s8q1_1_46,ahs_amount_paid_renting_equip,AHS: Amount paid on renting equipment used to harvest this crop during Season,8.1.46 Amount paid on renting equipment used to  harvest this crop during Season
wave:2017:s8_b_production_use_storage_and_expenses,2017,s8q1_1_47,ahs_amount_paid_equi,AHS: Amount paid on rehabilitation and maintenance of buildings and other equi,8.1.47 Amount paid on rehabilitation and maintenance of buildings and other equi
wave:2017:s8_b_production_use_storage_and_expenses,2017,s8q1_1_48,ahs_amount_paid_eq,AHS: Amount paid on rehabilitation and maintenance of buildings and other eq,8.1.48 Amount paid  on rehabilitation and maintenance of buildings  and other eq
wave:2017:s8_b_production_use_storage_and_expenses,2017,s8q1_1_49,ahs_amount_paid_insecticides,AHS: Amount paid for insecticides to keep stored production against pests duri,8.1.49 Amount paid for insecticides to keep stored production against pests duri
wave:2017:s8_b_production_use_storage_and_expenses,2017,s8q1_1_50,ahs_other_cost,AHS: Other cost,8.1.50 Other cost
wave:2017:s9_number_of_animals,2017,survey,ahs_survey,AHS: Source survey,Source survey
wave:2017:s9_number_of_animals,2017,year,ahs_year,AHS: Survey year,Survey year
wave:2017:s9_number_of_animals,2017,wave,ahs_wave,AHS: Wave identifier,Wave (survey year)
wave:2017:s9_number_of_animals,2017,sample,ahs_sample,AHS: Sample: sampled household or LSF large-scale-farmer supplement,"CS = sampled agricultural household; LSF = large-scale-farmer supplement record (2020: 2,345 list-frame farms with weight 1; 2024: 1,939 such records) -- not part of the household sample"
wave:2017:s9_number_of_animals,2017,prov,ahs_province,"AHS: Province, NISR code 1-5","Province (1-5, NISR codes)"
wave:2017:s9_number_of_animals,2017,dist,ahs_district,"AHS: District, NISR code 11-57","District (11-57, NISR current codes)"
wave:2017:s9_number_of_animals,2017,cluster,ahs_cluster,AHS 2017-2024: Sampling cluster or village identifier,Sampling segment / cluster (as shipped)
wave:2017:s9_number_of_animals,2017,hhid,ahs_household_id,AHS: Household identifier,Household id (unique within wave)
wave:2017:s9_number_of_animals,2017,wt,ahs_weight,AHS: Sampling weight,"Household weight carried by every row (sums to persons in the person file, to households in the household file; repeated per record in module files)"
wave:2017:s9_number_of_animals,2017,wt_hh,ahs_household_weight,AHS: Household weight,Household weight repeated on every row of this file -- sums to the number of households ONLY in the household file (one row per household)
wave:2017:s9_number_of_animals,2017,s0q3,ahs_stratum,AHS 2017: Sampling stratum,0.3 Stratum
wave:2017:s9_number_of_animals,2017,s0q4,ahs_segment,AHS 2017: Segment,0.4 Segment
wave:2017:s9_number_of_animals,2017,s9q9_1,ahs_animal_reared_1,AHS 2017: Name of animal reared,9.1 Name of animal reared
wave:2017:s9_number_of_animals,2017,s9q9_2,ahs_memnber_hh_rear_animal,AHS 2017: Did any memnber of your household rear this animal during 2016-2017,9.2 Did any memnber of your household rear this animal during 2016-2017 agricult
wave:2017:s9_number_of_animals,2017,s9q9_3,ahs_total_number_animal_reared,AHS 2017: What is the total number of animal reared?,9.3 What is the total number of animal reared?
wave:2017:s9_number_of_animals,2017,s9q9_4_1,ahs_adults,AHS 2017: Adults,9.4.1 Adults
wave:2017:s9_number_of_animals,2017,s9q9_4_2,ahs_young_2017,AHS 2017: Young,9.4.2 Young
wave:2017:s9_number_of_animals,2017,s9q9_5_1,ahs_adults_not_lactating,AHS 2017: Adults not lactating,9.5.1 Adults not lactating
wave:2017:s9_number_of_animals,2017,s9q9_5_2,ahs_adults_lactating,AHS 2017: Adults Lactating,9.5.2 Adults Lactating
wave:2017:s9_number_of_animals,2017,s9q9_5_3,ahs_young_2017_s9q953,AHS 2017: Young,9.5.3 Young
wave:2017:s9_number_of_animals,2017,s9q9_6,ahs_born_animals,AHS 2017: How many born animals in last 12 months,9.6 How many born animals in last 12 months
wave:2017:s9_number_of_animals,2017,s9q9_7,ahs_bought_animals,AHS 2017: How many bought animals in last 12 months,9.7 How many bought  animals in last 12 months
wave:2017:s9_number_of_animals,2017,s9q9_8,ahs_total_amount_paid,AHS 2017: Total Amount paid,9.8 Total Amount paid
wave:2017:s9_number_of_animals,2017,s9q9_9,ahs_number_received_gift,AHS 2017: Number received as gift in last 12 months,9.9 Number received as gift in last 12 months
wave:2017:s9_number_of_animals,2017,s9q9_10,ahs_slaughtered_consumption,AHS 2017: Number slaughtered for own consumption in last 12 months,9.10 Number slaughtered for own consumption in last 12 months
wave:2017:s9_number_of_animals,2017,s9q9_11,ahs_number_animals_sold,AHS 2017: Number of animals sold in last 12 months,9.11 Number of animals sold in last 12 months
wave:2017:s9_number_of_animals,2017,s9q9_12,ahs_total_amount_received,AHS 2017: Total Amount received,9.12 Total Amount received
wave:2017:s9_number_of_animals,2017,s9q9_13,ahs_number_animals_away_gift,AHS 2017: Number of animals given away as gift in last 12 months,9.13 Number of animals given away as gift in last 12 months
wave:2017:s9_number_of_animals,2017,s9q9_14,ahs_number_animals_died_reasons,AHS 2017: Number of animals died for any reasons in last 12 months,9.14 Number of animals died for any reasons in last 12 months
wave:2017:s9_number_of_animals,2017,s9q9_15,ahs_number_animals_lost_stolen,AHS 2017: Number of animals lost or stolen in last 12 months,9.15 Number of animals lost or stolen in last 12 months
wave:2017:s9_number_of_animals,2017,s9q9_16,ahs_number_animals_vaccinated,AHS 2017: Number of animals vaccinated in last 12 months,9.16 Number of animals vaccinated in last 12 months
wave:2017:s9_number_of_animals,2017,s9q9_17,ahs_animals_treated_sickness,AHS 2017: Number of animals treated for sickness in last 12 months,9.17 Number of animals treated for sickness in last 12 months
wave:2017:s9_number_of_animals,2017,s9q9_18_1,ahs_animals_consumed_week,AHS 2017: Number of animals own consumed per week,9.18.1 Number of animals own consumed per week
wave:2017:s9_number_of_animals,2017,s9q9_18_2,ahs_weeks_animals_consumed,AHS 2017: Number of weeks animals were consumed,9.18.2 Number of weeks animals were consumed
wave:2017:s9_number_of_animals,2017,s9q9_19,ahs_number_animals_sold_week,AHS 2017: Number of animals sold per week,9.19 Number of animals sold per week
wave:2017:s9_number_of_animals,2017,s9q9_20,ahs_sale_price_animal,AHS 2017: Sale price per animal,9.20 Sale price per animal
wave:2017:s9_number_of_animals,2017,s9q9_21,ahs_number_animals_lost_week,AHS 2017: Number of animals lost per week,9.21 Number of animals lost per week
wave:2017:s9_number_of_animals,2017,s9q9_22,ahs_animals_used_ways_not,AHS 2017: Number of animals used in other ways not mentioned,9.22 Number of animals used in other ways not mentioned
wave:2017:s9_number_of_animals,2017,s9q9_23,ahs_number_eggs_produced_week,AHS 2017: Number eggs produced per week,9.23 Number eggs produced per week
wave:2017:s9_number_of_animals,2017,s9q9_24,ahs_number_eggs_consumed_week,AHS 2017: Number eggs consumed per week,9.24 Number eggs consumed per week
wave:2017:s9_number_of_animals,2017,s9q9_25,ahs_number_eggs_sold_week,AHS 2017: Number eggs sold per week,9.25 Number eggs sold  per week
wave:2017:s9_number_of_animals,2017,s9q9_26,ahs_unit_price_egg_sold,AHS 2017: Unit price per egg sold,9.26 Unit price per egg sold
wave:2017:s9_number_of_animals,2017,s9q9_27,ahs_number_eggs_damaged_week,AHS 2017: Number eggs damaged per week,9.27 Number eggs damaged per week
wave:2017:s9_number_of_animals,2017,s9q9_28,ahs_number_eggs_other_ways_week,AHS 2017: Number eggs in other ways per week,9.28 Number eggs in other ways per week
wave:2020:person,2020,survey,ahs_survey,AHS: Source survey,Source survey
wave:2020:person,2020,year,ahs_year,AHS: Survey year,Survey year
wave:2020:person,2020,wave,ahs_wave,AHS: Wave identifier,Wave (survey year)
wave:2020:person,2020,sample,ahs_sample,AHS: Sample: sampled household or LSF large-scale-farmer supplement,"CS = sampled agricultural household; LSF = large-scale-farmer supplement record (2020: 2,345 list-frame farms with weight 1; 2024: 1,939 such records) -- not part of the household sample"
wave:2020:person,2020,prov,ahs_province,"AHS: Province, NISR code 1-5","Province (1-5, NISR codes)"
wave:2020:person,2020,dist,ahs_district,"AHS: District, NISR code 11-57","District (11-57, NISR current codes)"
wave:2020:person,2020,hhid,ahs_household_id,AHS: Household identifier,Household id (unique within wave)
wave:2020:person,2020,pid,ahs_person_id,AHS: Person number within the household,Person number within the household
wave:2020:person,2020,sex,ahs_sex,"AHS: Sex: 1 male, 2 female","Sex (1 male, 2 female)"
wave:2020:person,2020,age,ahs_age,AHS: Age in completed years,Age in years
wave:2020:person,2020,wt,ahs_weight,AHS: Sampling weight,"Household weight carried by every row (sums to persons in the person file, to households in the household file; repeated per record in module files)"
wave:2020:person,2020,wt_hh,ahs_household_weight,AHS: Household weight,Household weight repeated on every row of this file -- sums to the number of households ONLY in the household file (one row per household)
wave:2020:person,2020,s0q7,ahs_household_number,AHS 2020: Household number,0.7 Household number
wave:2020:person,2020,s0q9,ahs_marital_household_head,AHS 2020: Marital status of Household Head,0.9 Marital status of Household Head
wave:2020:person,2020,s0q10,ahs_ubudehe_category_hh_belongs,AHS 2020: Ubudehe category the household belongs in,0.10 Ubudehe category the household belongs in
wave:2020:person,2020,s0q12,ahs_respondent_household_head,AHS 2020: Is the respondent the Household head,0.12 Is the respondent the Household head
wave:2020:person,2020,s0q15,ahs_relation_resp_household_head,AHS 2020: Relationship of respondent to the Household head,0.15 Relationship of respondent to the Household head
wave:2020:person,2020,s0q16_1,ahs_agri_activity_household_1,AHS 2020: Agricultural activity of the Household,0.16.1 Agricultural activity of the Household
wave:2020:person,2020,s0q16_2,ahs_agri_activity_household_2,AHS 2020: Agricultural activity of the Household,0.16.2 Agricultural activity of the Household
wave:2020:person,2020,s0q16_3,ahs_agri_activity_household_3,AHS 2020: Agricultural activity of the Household,0.16.3 Agricultural activity of the Household
wave:2020:person,2020,s0q16_4,ahs_agri_activity_household_4,AHS 2020: Agricultural activity of the Household,0.16.4 Agricultural activity of the Household
wave:2020:person,2020,s0q17,ahs_agri_livelihood_activity_hh,AHS 2020: Is agriculture the main livelihood activity of your household?,0.17 Is agriculture the main livelihood activity of your household?
wave:2020:person,2020,s0q18,ahs_non_agri_activity_support_hh,AHS 2020: Other non-agricultural activity which support your household,0.18 What is the other non-agricultural activity which  support your household?
wave:2020:person,2020,s1q1,ahs_total_number_household,AHS 2020: Total number of household members,1.1 Total number of household members
wave:2020:person,2020,s1q4,ahs_hh_relation_hh_head_2020,AHS 2020: What is the household member's relationship with the household Head?,1.4 What is the household member's relationship with the household Head?
wave:2020:person,2020,s1q7,ahs_highest_educ_attained_2020,AHS 2020: Highest level of education attained by the the name of household,1.7 Highest level of education attained by the [the name of household member]
wave:2020:person,2020,s1q8,ahs_economic_activity_hh_2020,AHS 2020: What is the main economic activity of the name of household member,1.8 What is the main economic activity of [the name of household member]
wave:2020:person,2020,s1q9,ahs_engaged_agric_activ_2020,AHS 2020: Member name engaged in agric. activities in 2019/2020 agric. year,1.9 [member name] engaged in agric. activities in 2019/2020 agric. year
wave:2020:person,2020,agribus_n,ahs_agribusiness_activities_n,AHS 2020: Number of agribusiness activities of the household,Agribusiness activities (in numbers) been involved by HH members
wave:2020:person,2020,s1q10_1,ahs_involved_agribusiness_1,AHS 2020: Member name involved in any of the following agribusiness activities,1.10.1 [member name] involved in any of the following agribusiness activities
wave:2020:person,2020,s1q10_2,ahs_involved_agribusiness_2,AHS 2020: Member name involved in any of the following agribusiness activities,1.10.2 [member name] involved in any of the following agribusiness activities
wave:2020:household,2020,survey,ahs_survey,AHS: Source survey,Source survey
wave:2020:household,2020,year,ahs_year,AHS: Survey year,Survey year
wave:2020:household,2020,wave,ahs_wave,AHS: Wave identifier,Wave (survey year)
wave:2020:household,2020,sample,ahs_sample,AHS: Sample: sampled household or LSF large-scale-farmer supplement,"CS = sampled agricultural household; LSF = large-scale-farmer supplement record (2020: 2,345 list-frame farms with weight 1; 2024: 1,939 such records) -- not part of the household sample"
wave:2020:household,2020,prov,ahs_province,"AHS: Province, NISR code 1-5","Province (1-5, NISR codes)"
wave:2020:household,2020,dist,ahs_district,"AHS: District, NISR code 11-57","District (11-57, NISR current codes)"
wave:2020:household,2020,hhid,ahs_household_id,AHS: Household identifier,Household id (unique within wave)
wave:2020:household,2020,wt,ahs_weight,AHS: Sampling weight,"Household weight carried by every row (sums to persons in the person file, to households in the household file; repeated per record in module files)"
wave:2020:household,2020,wt_hh,ahs_household_weight,AHS: Household weight,Household weight repeated on every row of this file -- sums to the number of households ONLY in the household file (one row per household)
wave:2020:household,2020,s0q7,ahs_household_number_2020,AHS 2020: Household number,0.7 Household number
wave:2020:household,2020,s0q9,ahs_marital_household_head_2020,AHS 2020: Marital status of Household Head,0.9 Marital status of Household Head
wave:2020:household,2020,s0q10,ahs_ubudehe_category_hh_2020,AHS 2020: Which Ubudehe category does the household belong in,0.10 Which Ubudehe category does the household belong in
wave:2020:household,2020,s0q11,ahs_contact_household_head_2020,AHS 2020: Contact of Household Head,0.11 Contact of Household Head
wave:2020:household,2020,s0q12,ahs_resp_household_head_2020,AHS 2020: Is the respondent the Household head,0.12 Is the respondent the Household head
wave:2020:household,2020,s0q15,ahs_relation_resp_hh_head_2020,AHS 2020: Relationship of respondent to the Household head,0.15 Relationship of respondent to the Household head
wave:2020:household,2020,agricactivities_n,ahs_agri_activities_n,AHS 2020: Number of agricultural activities of the household,Agricultural activities (in numbers) of the Household
wave:2020:household,2020,s0q16_1,ahs_agri_activity_hh_activity1,AHS 2020: What is the agricultural activity of the Household?(activity1),What is the agricultural activity of the Household?(activity1)
wave:2020:household,2020,s0q16_2,ahs_agri_activity_household_2,AHS 2020: Agricultural activity of the Household,0.16.2 Agricultural activity of the Household
wave:2020:household,2020,s0q16_3,ahs_agri_activity_household_3,AHS 2020: Agricultural activity of the Household,0.16.3 Agricultural activity of the Household
wave:2020:household,2020,s0q16_4,ahs_agri_activity_household_4,AHS 2020: Agricultural activity of the Household,0.16.4 Agricultural activity of the Household
wave:2020:household,2020,s0q17,ahs_agri_livelihood_activ_2020,AHS 2020: Is agriculture the main livelihood activity of your household,0.17 Is agriculture the main livelihood activity of your household
wave:2020:household,2020,s0q18,ahs_non_agri_activ_support_2020,AHS 2020: Other non-agricultural activity which support your household,0.18 What is the other non-agricultural activity which  support your household
wave:2020:household,2020,s0q15_section_2_2,ahs_relation_resp_section_2_2,AHS 2020: Relationship of respondent to the Household head,0.15 Relationship of respondent to the Household head
wave:2020:household,2020,s0q16_2_section_2_2,ahs_agri_activity_section_2_2,AHS 2020: Agricultural activity of the Household,0.16.2 Agricultural activity of the Household
wave:2020:household,2020,s0q16_3_section_2_2,ahs_agri_activity_s0q163sect,AHS 2020: Agricultural activity of the Household,0.16.3 Agricultural activity of the Household
wave:2020:household,2020,s0q16_4_section_2_2,ahs_agri_activity_s0q164sect,AHS 2020: Agricultural activity of the Household,0.16.4 Agricultural activity of the Household
wave:2020:household,2020,s0q17_section_2_2,ahs_agri_livelihood_section_2_2,AHS 2020: Is agriculture the main livelihood activity of your household,0.17 Is agriculture the main livelihood activity of your household
wave:2020:household,2020,s2q14,ahs_hh_grow_crops_agri_year_2020,AHS 2020: Did any member of your HH grow crops during 2019/2020 agricultural,2.14 Did any member of your HH grow crops during 2019/2020 agricultural year?
wave:2020:household,2020,crops_grown,ahs_crops_grown_n,AHS 2020: Number of crops grown by the household,Crops (in numbers) grown by the household
wave:2020:household,2020,s2q15_1,ahs_crops_grown_1_2020,AHS 2020: Which crops that have been grown?,2.15.1 Which crops that have been grown?
wave:2020:household,2020,s2q15_2,ahs_crops_grown_2_2020,AHS 2020: Which crops that have been grown?,2.15.2 Which crops that have been grown?
wave:2020:household,2020,s2q15_3,ahs_crops_grown_3_2020,AHS 2020: Which crops that have been grown?,2.15.3 Which crops that have been grown?
wave:2020:household,2020,s2q15_4,ahs_crops_grown_4,AHS 2020: Which crops that have been grown?,2.15.4 Which crops that have been grown?
wave:2020:household,2020,s2q15_5,ahs_crops_grown_5,AHS 2020: Which crops that have been grown?,2.15.5 Which crops that have been grown?
wave:2020:household,2020,s2q15_6,ahs_crops_grown_6,AHS 2020: Which crops that have been grown?,2.15.6 Which crops that have been grown?
wave:2020:household,2020,s2q15_7,ahs_crops_grown_7,AHS 2020: Which crops that have been grown?,2.15.7 Which crops that have been grown?
wave:2020:household,2020,s2q15_8,ahs_crops_grown_8,AHS 2020: Which crops that have been grown?,2.15.8 Which crops that have been grown?
wave:2020:household,2020,s2q15_9,ahs_crops_grown_9,AHS 2020: Which crops that have been grown?,2.15.9 Which crops that have been grown?
wave:2020:household,2020,s2q15_10,ahs_crops_grown_10,AHS 2020: Which crops that have been grown?,2.15.10 Which crops that have been grown?
wave:2020:household,2020,nmber_vegs,ahs_vegetables_grown_n,AHS 2020: Number of vegetables grown by the household,Vegetables (in numbers) grown by the household
wave:2020:household,2020,s2q15_v_1,ahs_vegetables_grown_v_1,AHS 2020: Which vegetables that have been grown?,2.15.v.1 Which vegetables that have been grown?
wave:2020:household,2020,s2q15_v_2,ahs_vegetables_grown_v_2,AHS 2020: Which vegetables that have been grown?,2.15.v.2 Which vegetables that have been grown?
wave:2020:household,2020,s2q15_v_3,ahs_vegetables_grown_v_3,AHS 2020: Which vegetables that have been grown?,2.15.v.3 Which vegetables that have been grown?
wave:2020:household,2020,s2q15_v_4,ahs_vegetables_grown_v_4,AHS 2020: Which vegetables that have been grown?,2.15.v.4 Which vegetables that have been grown?
wave:2020:household,2020,s2q15_v_5,ahs_vegetables_grown_v_5,AHS 2020: Which vegetables that have been grown?,2.15.v.5 Which vegetables that have been grown?
wave:2020:household,2020,s2q15_v_6,ahs_vegetables_grown_v_6,AHS 2020: Which vegetables that have been grown?,2.15.v.6 Which vegetables that have been grown?
wave:2020:household,2020,s2q15_v_7,ahs_vegetables_grown_v_7,AHS 2020: Which vegetables that have been grown?,2.15.v.7 Which vegetables that have been grown?
wave:2020:household,2020,s2q15_v_8,ahs_vegetables_grown_v_8,AHS 2020: Which vegetables that have been grown?,2.15.v.8 Which vegetables that have been grown?
wave:2020:household,2020,s2q15_v_9,ahs_vegetables_grown_v_9,AHS 2020: Which vegetables that have been grown?,2.15.v.9 Which vegetables that have been grown?
wave:2020:household,2020,s2q15_v_10,ahs_vegetables_grown_v_10,AHS 2020: Which vegetables that have been grown?,2.15.v.10 Which vegetables that have been grown?
wave:2020:household,2020,s2q16,ahs_hh_stored_crops_harvest,AHS 2020: Have your household stored your crops after harvest?,2.16 Have your household stored your crops after harvest?
wave:2020:household,2020,crops_stored,ahs_crops_stored_n,AHS 2020: Number of crops stored by the household,Crops (in numbers) stored by the household
wave:2020:household,2020,s2q17_1,ahs_crops_stored_1,AHS 2020: Which crops have you stored?,2.17.1 Which crops have you stored?
wave:2020:household,2020,s2q17_2,ahs_crops_stored_2,AHS 2020: Which crops have you stored?,2.17.2 Which crops have you stored?
wave:2020:household,2020,s2q17_3,ahs_crops_stored_3,AHS 2020: Which crops have you stored?,2.17.3 Which crops have you stored?
wave:2020:household,2020,s2q17_4,ahs_crops_stored_4,AHS 2020: Which crops have you stored?,2.17.4 Which crops have you stored?
wave:2020:household,2020,s2q17_5,ahs_crops_stored_5,AHS 2020: Which crops have you stored?,2.17.5 Which crops have you stored?
wave:2020:household,2020,s2q17_6,ahs_crops_stored_6,AHS 2020: Which crops have you stored?,2.17.6 Which crops have you stored?
wave:2020:household,2020,s2q17_7,ahs_crops_stored_7,AHS 2020: Which crops have you stored?,2.17.7 Which crops have you stored?
wave:2020:household,2020,s2q18,ahs_store_crop_produces,AHS 2020: Where did you store you crop produces?,2.18 Where did you store you crop produces?
wave:2020:household,2020,s2q19,ahs_hh_used_improved_seeds_agric,AHS 2020: Any member of your HH used improved seeds during 2019/2020 agric. year,2.19 Any member of your HH used improved seeds during 2019/2020 agric. year?
wave:2020:household,2020,crops_improved,ahs_crops_improved_seeds_n,AHS 2020: Number of crops grown with improved seeds,Crops (in numbers) on which improved seeds have been used
wave:2020:household,2020,s2q20_1,ahs_crops_improved_seeds_used_1,AHS 2020: On which crops that improved seeds have been used ?,2.20.1 On which crops that improved seeds have been used ?
wave:2020:household,2020,s2q20_2,ahs_crops_improved_seeds_used_2,AHS 2020: On which crops that improved seeds have been used ?,2.20.2 On which crops that improved seeds have been used ?
wave:2020:household,2020,s2q20_3,ahs_crops_improved_seeds_used_3,AHS 2020: On which crops that improved seeds have been used ?,2.20.3 On which crops that improved seeds have been used ?
wave:2020:household,2020,s2q20_4,ahs_crops_improved_seeds_used_4,AHS 2020: On which crops that improved seeds have been used ?,2.20.4 On which crops that improved seeds have been used ?
wave:2020:household,2020,hh_members,ahs_members_improved_seeds,AHS 2020: Household members who used improved seeds,HH members (in numbers) who used improved seeds
wave:2020:household,2020,s2q21_1,ahs_household_used_improved_1,AHS 2020: Household member who used improved seed,2.21.1 Household member who used improved seed
wave:2020:household,2020,s2q21_2,ahs_household_used_improved_2,AHS 2020: Household member who used improved seed,2.21.2 Household member who used improved seed
wave:2020:household,2020,s2q21_3,ahs_household_used_improved_3,AHS 2020: Household member who used improved seed,2.21.3 Household member who used improved seed
wave:2020:household,2020,s2q21_4,ahs_household_used_improved_4,AHS 2020: Household member who used improved seed,2.21.4 Household member who used improved seed
wave:2020:household,2020,s2q21_5,ahs_household_used_improved_5,AHS 2020: Household member who used improved seed,2.21.5 Household member who used improved seed
wave:2020:household,2020,s2q21_6,ahs_household_used_improved_6,AHS 2020: Household member who used improved seed,2.21.6 Household member who used improved seed
wave:2020:household,2020,s2q22,ahs_hh_used_organic_fertilizers,AHS 2020: Any member of your HH used organic fertilizers in 2019/2020 agric.,2.22 Any member of your HH used organic fertilizers in 2019/2020 agric. year
wave:2020:household,2020,s2q23,ahs_used_inorganic_hh_agric_year,AHS 2020: Any member of your HH used inorganic fertilizers in 2019/2020 agric.,2.23 Any member of your HH used inorganic fertilizers in 2019/2020 agric. year
wave:2020:household,2020,hh_members2,ahs_members_inorganic_fert,AHS 2020: Household members who used inorganic fertilisers,HH members (in numbers) who used inorganic fertilizers
wave:2020:household,2020,s2q24_1,ahs_used_inorganic_household,AHS 2020: Household member who used inorganic fertilizers,2.24.1 Household member who used inorganic fertilizers
wave:2020:household,2020,s2q24_2,ahs_used_inorganic_s2q242,AHS 2020: Household member who used inorganic fertilizers,2.24.2 Household member who used inorganic fertilizers
wave:2020:household,2020,s2q24_3,ahs_used_inorganic_s2q243,AHS 2020: Household member who used inorganic fertilizers,2.24.3 Household member who used inorganic fertilizers
wave:2020:household,2020,s2q24_4,ahs_used_inorganic_s2q244,AHS 2020: Household member who used inorganic fertilizers,2.24.4 Household member who used inorganic fertilizers
wave:2020:household,2020,s2q24_5,ahs_used_inorganic_s2q245,AHS 2020: Household member who used inorganic fertilizers,2.24.5 Household member who used inorganic fertilizers
wave:2020:household,2020,s2q24_6,ahs_used_inorganic_s2q246,AHS 2020: Household member who used inorganic fertilizers,2.24.6 Household member who used inorganic fertilizers
wave:2020:household,2020,s2q25,ahs_source_inorganic_fertilizers,AHS 2020: Main Source of inorganic fertilizers,2.25 Main Source of inorganic fertilizers
wave:2020:household,2020,s2q26,ahs_hh_used_pesticides_agri_year,AHS 2020: Any member of your HH used pesticides during 2019/2020 agricultural,2.26 Any member of your HH used pesticides during 2019/2020 agricultural year?
wave:2020:household,2020,s2q27,ahs_hh_land_protected_against,AHS 2020: Does any member of your household has land protected against erosion?,2.27 Does any member of your household has land protected against erosion?
wave:2020:household,2020,measures_n,ahs_soil_measures_n,AHS 2020: Number of soil protection measures used,Soil protection measures (in numbers) your household used
wave:2020:household,2020,s2q28_1,ahs_soil_protection_measures_1,AHS 2020: Which soil protection measures has your household used?,2.28.1 Which soil protection measures has your household used?
wave:2020:household,2020,s2q28_2,ahs_soil_protection_measures_2,AHS 2020: Which soil protection measures has your household used?,2.28.2 Which soil protection measures has your household used?
wave:2020:household,2020,s2q28_3,ahs_soil_protection_measures_3,AHS 2020: Which soil protection measures has your household used?,2.28.3 Which soil protection measures has your household used?
wave:2020:household,2020,s2q29,ahs_agroforestry_trees_hh_plots,AHS 2020: Are there any agroforestry trees in the household plots?,2.29 Are there any agroforestry trees in the household plots?
wave:2020:household,2020,s2q30,ahs_hh_practice_irrig_least,AHS 2020: Any HH member practice irrigation at least in 1 of the plots in 2017,2.30 Any HH member practice irrigation at least in 1 of the plots in 2017 agric.
wave:2020:household,2020,s2q31,ahs_irrig_technique_used_plot,AHS 2020: What is the main irrigation technique have you used on this plot?,2.31 What is the main irrigation technique have you used on this plot?
wave:2020:household,2020,s2q32,ahs_irrigation_tool_used,AHS 2020: What was the irrigation tool used?,2.32 What was the irrigation tool used?
wave:2020:household,2020,s2q33,ahs_source_water_used_irrigation,AHS 2020: Source of water used for irrigation,2.33 Source of water used for irrigation
wave:2020:household,2020,s0q15_section_3_2,ahs_relation_resp_section_3_2,AHS 2020: Relationship of respondent to the Household head,0.15 Relationship of respondent to the Household head
wave:2020:household,2020,s0q16_2_section_3_2,ahs_agri_activity_section_3_2,AHS 2020: What is the agricultural activity of the Household?(activity2),What is the agricultural activity of the Household?(activity2)
wave:2020:household,2020,s0q16_3_section_3_2,ahs_agri_activity_s0q163sect_2,AHS 2020: What is the agricultural activity of the Household?(activity3),What is the agricultural activity of the Household?(activity3)
wave:2020:household,2020,s0q16_4_section_3_2,ahs_agri_activity_s0q164sect_2,AHS 2020: What is the agricultural activity of the Household?(activity4),What is the agricultural activity of the Household?(activity4)
wave:2020:household,2020,s0q17_section_3_2,ahs_agri_livelihood_section_3_2,AHS 2020: Is agriculture the main livelihood activity of your household,0.17 Is agriculture the main livelihood activity of your household
wave:2020:household,2020,s3q5,ahs_hh_belong_twigire_muhinzi,AHS 2020: Does any household member belong to ? Twigire muhinzi/mworozi? group?,3.5 Does any household member belong to ?Twigire muhinzi/mworozi? group?
wave:2020:household,2020,s3q5_1,ahs_number_males_1,AHS 2020: Number of Males,Number of Males
wave:2020:household,2020,s3q5_2,ahs_number_females_2,AHS 2020: Number of Females,Number of Females
wave:2020:household,2020,s3q6,ahs_hh_belong_farmer_field,AHS 2020: Does any household member belong to ? Farmer field school??,3.6 Does any household member belong to ?Farmer field school??
wave:2020:household,2020,s3q6_1,ahs_number_males_1_s3q61,AHS 2020: Number of Males,Number of Males
wave:2020:household,2020,s3q6_2,ahs_number_females_2_s3q62,AHS 2020: Number of Females,Number of Females
wave:2020:household,2020,s3q7,ahs_hh_benefited_contract,AHS 2020: Is there any household member who benefited from contract farming,3.7 Is there any household member who benefited from contract farming during 201
wave:2020:household,2020,s3q7_1,ahs_number_males_1_s3q71,AHS 2020: Number of Males,Number of Males
wave:2020:household,2020,s3q7_2,ahs_number_females_2_s3q72,AHS 2020: Number of Females,Number of Females
wave:2020:household,2020,s3q8,ahs_household_agri_insurance,AHS 2020: Is there any household member who took agriculture insurance during,3.8 Is there any household member who took agriculture insurance during 2019/202
wave:2020:household,2020,s3q8_1,ahs_number_males_1_s3q81,AHS 2020: Number of Males,Number of Males
wave:2020:household,2020,s3q8_2,ahs_number_females_2_s3q82,AHS 2020: Number of Females,Number of Females
wave:2020:household,2020,s3q9,ahs_hh_belong_agri_cooperatives,AHS 2020: Does any member of this household belong to agricultural,3.9 Does any member of this household belong to agricultural cooperatives/Associ
wave:2020:household,2020,s3q9_1,ahs_number_males_1_s3q91,AHS 2020: Number of Males,Number of Males
wave:2020:household,2020,s3q9_2,ahs_number_females_2_s3q92,AHS 2020: Number of Females,Number of Females
wave:2020:household,2020,s3q10,ahs_cooperative_multiple_2020,AHS 2020: Type of cooperative (Multiple choice),3.10 Type of cooperative (Multiple choice)
wave:2020:household,2020,s3q10_1,ahs_cooperative_multiple_1,AHS 2020: Type of cooperative (Multiple choice)?,3.10 Type of cooperative (Multiple choice)?
wave:2020:household,2020,s3q10_2,ahs_cooperative_multiple_2,AHS 2020: Type of cooperative (Multiple choice)?,3.10 Type of cooperative (Multiple choice)?
wave:2020:household,2020,s3q10_3,ahs_cooperative_multiple_3,AHS 2020: Type of cooperative (Multiple choice)?,3.10 Type of cooperative (Multiple choice)?
wave:2020:household,2020,s3q11_1,ahs_types_svc_coop_1,AHS 2020: Types of services do you get from these cooperative/or associations,3.11 What types of services do you get from these cooperative/or associations?
wave:2020:household,2020,s3q11_2,ahs_types_svc_coop_2,AHS 2020: Types of services do you get from these cooperative/or associations,3.11 What types of services do you get from these cooperative/or associations?
wave:2020:household,2020,s3q11_3,ahs_types_svc_coop_3,AHS 2020: Types of services do you get from these cooperative/or associations,3.11 What types of services do you get from these cooperative/or associations?
wave:2020:household,2020,s3q11_4,ahs_types_svc_coop_4,AHS 2020: Types of services do you get from these cooperative/or associations,3.11 What types of services do you get from these cooperative/or associations?
wave:2020:household,2020,s3q12,ahs_kitchen_garden_home,AHS 2020: Do you have a kitchen garden at your home?,3.12 Do you have a kitchen garden at your home?
wave:2020:household,2020,s3q13,ahs_reared_cow_recvd_girinka,AHS 2020: Was there any reared cow received from GIRINKA program in your,3.13 Was there any reared cow received from GIRINKA program in your household du
wave:2020:household,2020,s3q14,ahs_source_cow_donated_girinka,AHS 2020: Source of cow donated from Girinka program,3.14 Source of cow donated from Girinka program
wave:2020:household,2020,s3q15,ahs_hh_cow_provided_girinka,AHS 2020: Do your household still have cow provided by GIRINKA Program?,3.15 Do your household still have cow provided by GIRINKA Program?
wave:2020:household,2020,s3q16,ahs_reason,AHS 2020: If 'No' what is the reason?,3.16 If 'No' what is the reason?
wave:2020:household,2020,s3q17,ahs_reared_small_lvstk_goat_pig,AHS 2020: Was there any reared small livestock received from ne,"3.17 Was there any reared small livestock (goat, pig, chicken?) received from ne"
wave:2020:household,2020,s3q18,ahs_type_small_livestock,AHS 2020: Type of small livestock,3.18 Type of small livestock
wave:2020:household,2020,s3q19,ahs_source_small_lvstk_donated,AHS 2020: Source of small livestock donated from new Girinka program,3.19 Source of small livestock donated from new Girinka program
wave:2020:household,2020,s3q20,ahs_recvd_support_fund_grant,AHS 2020: Received any support/ fund for grant for agricultural purpose duri,3.20 Have you received any support/ fund for grant for agricultural purpose duri
wave:2020:household,2020,s3q21,ahs_types_support_fund_received,AHS 2020: What types of support/fund received,3.21 What types of support/fund received
wave:2020:household,2020,s3q22,ahs_origin_support,AHS 2020: What is the origin of that support?,3.22 What is the origin of that support?
wave:2020:household,2020,s0q15_section_4,ahs_relation_resp_section_4,AHS 2020: Relationship of respondent to the Household head,0.15 Relationship of respondent to the Household head
wave:2020:household,2020,s0q16_2_section_4,ahs_agri_activity_hh_section_4,AHS 2020: What is the agricultural activity of the Household?(activity2),What is the agricultural activity of the Household?(activity2)
wave:2020:household,2020,s0q16_3_section_4,ahs_agri_activity_hh_s0q163sect,AHS 2020: What is the agricultural activity of the Household?(activity3),What is the agricultural activity of the Household?(activity3)
wave:2020:household,2020,s0q16_4_section_4,ahs_agri_activity_hh_s0q164sect,AHS 2020: What is the agricultural activity of the Household?(activity4),What is the agricultural activity of the Household?(activity4)
wave:2020:household,2020,s0q17_section_4,ahs_agri_livelihood_section_4,AHS 2020: Is agriculture the main livelihood activity of your household,0.17 Is agriculture the main livelihood activity of your household
wave:2020:household,2020,s4q1,ahs_household_bank_account,AHS 2017-2020: Does any household member have any bank account?,4.1 Does any household member have any bank account?
wave:2020:household,2020,s4q2_1,ahs_hh_codes_bank_account_1,AHS 2020: HH member codes of bank account holders in your household,4.2 HH member codes of bank account holders in your household
wave:2020:household,2020,s4q2_2,ahs_hh_codes_bank_account_2,AHS 2020: HH member codes of bank account holders in your household,4.2 HH member codes of bank account holders in your household
wave:2020:household,2020,s4q2_3,ahs_hh_codes_bank_account_3,AHS 2020: HH member codes of bank account holders in your household,4.2 HH member codes of bank account holders in your household
wave:2020:household,2020,s4q2_4,ahs_hh_codes_bank_account_4,AHS 2020: HH member codes of bank account holders in your household,4.2 HH member codes of bank account holders in your household
wave:2020:household,2020,s4q2_5,ahs_hh_codes_bank_account_5,AHS 2020: HH member codes of bank account holders in your household,4.2 HH member codes of bank account holders in your household
wave:2020:household,2020,s4q2_6,ahs_codes_bank_account_holders_6,AHS 2020: Member codes of bank account holders in your household,4.2 member codes of bank account holders in your household
wave:2020:household,2020,s4q2_7,ahs_hh_codes_bank_account_7,AHS 2020: HH member codes of bank account holders in your household,4.2 HH member codes of bank account holders in your household
wave:2020:household,2020,s4q2_8,ahs_hh_codes_bank_account_8,AHS 2020: HH member codes of bank account holders in your household,4.2 HH member codes of bank account holders in your household
wave:2020:household,2020,s4q2_9,ahs_hh_codes_bank_account_9,AHS 2020: HH member codes of bank account holders in your household,4.2 HH member codes of bank account holders in your household
wave:2020:household,2020,s4q3_1,ahs_financial_instutition1_1,AHS 2020: What are main financial institution/s of bank holders(instutition1),4.3 What are main financial institution/s of bank holders(instutition1)
wave:2020:household,2020,s4q3_2,ahs_financial_instutition1_2,AHS 2020: What are main financial institution/s of bank holders(instutition1)?,4.3 What are main financial institution/s of bank holders(instutition1)?
wave:2020:household,2020,s4q3_3,ahs_financial_instutition1_3,AHS 2020: What are main financial institution/s of bank holders(instutition1)?,4.3 What are main financial institution/s of bank holders(instutition1)?
wave:2020:household,2020,s4q3_4,ahs_financial_instutition1_4,AHS 2020: What are main financial institution/s of bank holders(instutition1)?,4.3 What are main financial institution/s of bank holders(instutition1)?
wave:2020:household,2020,s4q4,ahs_hh_belonging_tontine_2020,AHS 2020: Is there any household member belonging to tontine/solidarity fund?,Is there any household member belonging to tontine/solidarity fund?
wave:2020:household,2020,s4q5,ahs_household_savings_2020,AHS 2020: Did any household member have savings during last 12 months?,4.5 Did any household member have savings during last 12 months?
wave:2020:household,2020,s4q6_1,ahs_hh_codes_bank_account_s4q61,AHS 2020: HH member codes of bank account holders in your household,4.2 HH member codes of bank account holders in your household
wave:2020:household,2020,s4q6_2,ahs_hh_codes_bank_account_s4q62,AHS 2020: HH member codes of bank account holders in your household,4.2 HH member codes of bank account holders in your household
wave:2020:household,2020,s4q6_3,ahs_hh_codes_bank_account_s4q63,AHS 2020: HH member codes of bank account holders in your household,4.2 HH member codes of bank account holders in your household
wave:2020:household,2020,s4q6_4,ahs_hh_codes_bank_account_s4q64,AHS 2020: HH member codes of bank account holders in your household,4.2 HH member codes of bank account holders in your household
wave:2020:household,2020,s4q6_5,ahs_hh_codes_bank_account_s4q65,AHS 2020: HH member codes of bank account holders in your household,4.2 HH member codes of bank account holders in your household
wave:2020:household,2020,s4q6_6,ahs_codes_bank_account_s4q66,AHS 2020: Member codes of bank account holders in your household,4.2 member codes of bank account holders in your household
wave:2020:household,2020,s4q6_7,ahs_hh_codes_bank_account_s4q67,AHS 2020: HH member codes of bank account holders in your household,4.2 HH member codes of bank account holders in your household
wave:2020:household,2020,s4q6_8,ahs_hh_codes_bank_account_s4q68,AHS 2020: HH member codes of bank account holders in your household,4.2 HH member codes of bank account holders in your household
wave:2020:household,2020,s4q6_9,ahs_hh_codes_bank_account_s4q69,AHS 2020: HH member codes of bank account holders in your household,4.2 HH member codes of bank account holders in your household
wave:2020:household,2020,s4q7_1,ahs_financial_institution_1,AHS 2020: What main financial institution/s in which savings were made(1)?,What main financial institution/s in which savings were made(1)?
wave:2020:household,2020,s4q7_2,ahs_financial_institution_2,AHS 2020: What main financial institution/s in which savings were made(2)?,What main financial institution/s in which savings were made(2)?
wave:2020:household,2020,s4q7_3,ahs_financial_institution_3,AHS 2020: What main financial institution/s in which savings were made(3)?,What main financial institution/s in which savings were made(3)?
wave:2020:household,2020,s4q7_4,ahs_financial_institution_4,AHS 2020: What main financial institution/s in which savings were made(4)?,What main financial institution/s in which savings were made(4)?
wave:2020:household,2020,s4q8,ahs_household_request_loan_2020,"AHS 2020: Did any member of your household request any loan, last 12 months",4.8 Did any member of your household request any loan during last 12 months?
wave:2020:household,2020,s4q9_1,ahs_hh_codes_bank_account_s4q91,AHS 2020: HH member codes of bank account holders in your household,4.2 HH member codes of bank account holders in your household
wave:2020:household,2020,s4q9_2,ahs_hh_codes_bank_account_s4q92,AHS 2020: HH member codes of bank account holders in your household,4.2 HH member codes of bank account holders in your household
wave:2020:household,2020,s4q9_3,ahs_hh_codes_bank_account_s4q93,AHS 2020: HH member codes of bank account holders in your household,4.2 HH member codes of bank account holders in your household
wave:2020:household,2020,s4q9_4,ahs_hh_codes_bank_account_s4q94,AHS 2020: HH member codes of bank account holders in your household,4.2 HH member codes of bank account holders in your household
wave:2020:household,2020,s4q9_5,ahs_hh_codes_bank_account_s4q95,AHS 2020: HH member codes of bank account holders in your household,4.2 HH member codes of bank account holders in your household
wave:2020:household,2020,s4q9_6,ahs_codes_bank_account_s4q96,AHS 2020: Member codes of bank account holders in your household,4.2 member codes of bank account holders in your household
wave:2020:household,2020,s4q9_7,ahs_hh_codes_bank_account_s4q97,AHS 2020: HH member codes of bank account holders in your household,4.2 HH member codes of bank account holders in your household
wave:2020:household,2020,s4q10_1,ahs_loan_requested_1,AHS 2020: From where the loan was requested?(1)?,4.10 From where the loan was requested?(1)?
wave:2020:household,2020,s4q10_2,ahs_loan_requested_2,AHS 2020: From where the loan was requested?(2)?,4.10 From where the loan was requested?(2)?
wave:2020:household,2020,s4q10_3,ahs_loan_requested_3,AHS 2020: From where the loan was requested?(3)?,4.10 From where the loan was requested?(3)?
wave:2020:household,2020,s4q10_4,ahs_loan_requested_4,AHS 2020: From where the loan was requested?(4)?,4.10 From where the loan was requested?(4)?
wave:2020:household,2020,s4q11,ahs_loans_requested_2020,AHS 2020: Among loans requested were there some of them rejected?,4.11 Among loans requested were there some of them rejected?
wave:2020:household,2020,s4q12,ahs_loan_rejected_reason_2020,AHS 2020: If the loan was rejected what was the main reason?,4.12 If the loan was rejected what was the main reason?
wave:2020:household,2020,s4q13,ahs_main_use_rejected_loan_2020,AHS 2020: What was the main use of the rejected loan?,What was the main use of the rejected loan?
wave:2020:household,2020,s0q15_section_7_3,ahs_relation_resp_section_7_3,AHS 2020: Relationship of respondent to the Household head,0.15 Relationship of respondent to the Household head
wave:2020:household,2020,s0q16_2_section_7_3,ahs_agri_activity_section_7_3,AHS 2020: What is the agricultural activity of the Household?(activity2),What is the agricultural activity of the Household?(activity2)
wave:2020:household,2020,s0q16_3_section_7_3,ahs_agri_activity_s0q163sect_3,AHS 2020: What is the agricultural activity of the Household?(activity3),What is the agricultural activity of the Household?(activity3)
wave:2020:household,2020,s0q16_4_section_7_3,ahs_agri_activity_s0q164sect_3,AHS 2020: What is the agricultural activity of the Household?(activity4),What is the agricultural activity of the Household?(activity4)
wave:2020:household,2020,s0q17_section_7_3,ahs_agri_livelihood_section_7_3,AHS 2020: Is agriculture the main livelihood activity of your household,0.17 Is agriculture the main livelihood activity of your household
wave:2020:household,2020,s1q1,ahs_total_number_household,AHS 2020: Total number of household members,1.1 Total number of household members
wave:2020:household,2020,s1q4,ahs_hh_relation_hh_head,AHS 2020: What is the household member's relationship with the household Head?,1.4 What is the household member?s relationship with the household Head?
wave:2020:household,2020,s1q5,ahs_sex_household,AHS 2020: What is the sex of household member?,1.5 What is the sex of household member?
wave:2020:household,2020,s1q6,ahs_age_household,AHS 2020: What is the age of household member?,1.6 What is the age of household member?
wave:2020:household,2020,s1q7,ahs_highest_educ_attained_hh,AHS 2020: Highest level of education attained by the household member,1.7 What is the highest level of education attained by the household member?
wave:2020:household,2020,s1q8,ahs_economic_activity_household,AHS 2020: What is the main economic activity of household member,1.8 What is the main economic activity of hh member
wave:2020:household,2020,s1q9,ahs_engaged_agri_activ_agric,AHS 2020: Been engaged in agricultural activities during last 2019/2020 agric,1.9 Have you been engaged in agricultural activities during last 2019/2020 agric
wave:2020:household,2020,s1q10,ahs_engaged_agri_activities,AHS 2020: Has member name been engaged in agricultural activities during last,Has  [member name] been engaged in agricultural activities during last 2019/2020
wave:2020:household,2020,s7q3_1,ahs_bee_keeping,AHS 2020: Have you done bee keeping in last twelve months,7.3.1 Have you done bee keeping in last twelve months
wave:2020:household,2020,s7q3_2,ahs_traditional_bee_hives_owned,AHS 2020: Number of traditional bee hives owned now,7.3.2 Number of traditional bee hives owned now
wave:2020:household,2020,s7q3_3,ahs_modern_bee_hives_owned_now,AHS 2020: Number of modern bee hives owned now,7.3.3 Number of modern bee hives owned now
wave:2020:household,2020,s7q3_4,ahs_qty_honey_produced,AHS 2020: Quantity of honey produced from traditional bee hives during 12,7.3.4 Quantity of honey produced from traditional bee hives during 12 last month
wave:2020:household,2020,s7q3_5,ahs_qty_honey_produced_modern,"AHS 2020: Quantity of honey produced from modern bee hive during 12, last months",7.3.5 Quantity of honey produced from modern bee hive during 12 last months (kg)
wave:2020:household,2020,s7q3_6,ahs_quantity_consumed_hh_kg,AHS 2020: Quantity consumed by your household during last 12 months (kg),7.3.6 Quantity consumed by your household during last 12 months (kg)
wave:2020:household,2020,s7q3_7,ahs_quantity_sold_kg_kg,AHS 2020: Quantity sold during last 12 months (kg) (Kg),7.3.7 Quantity sold during last 12 months (kg) (Kg)
wave:2020:household,2020,s7q3_8,ahs_average_selling_price_kg_rwf,AHS 2020: Average selling price per kg (RWF),7.3.8  Average selling price per kg (Rwf)
wave:2020:household,2020,s7q3_9,ahs_quantity_used_other_way_kg,AHS 2020: Quantity used in any other way during last 12 months (kg)?,7.3.9 Quantity used in any other way during last 12 months (kg)?
wave:2020:household,2020,honey_produce,ahs_honey_produced,"AHS 2020: Honey produced, no label shipped",
wave:2020:household,2020,hhsize,ahs_household_size,AHS: Household size (persons in the roster),Household size (persons in the roster)
wave:2020:household,2020,head_sex,ahs_head_sex,AHS: Sex of the household head,Sex of household head (s1q4 == 1)
wave:2020:household,2020,head_age,ahs_head_age,AHS: Age of the household head,Age of household head (s1q4 == 1)
wave:2020:section_0,2020,survey,ahs_survey,AHS: Source survey,Source survey
wave:2020:section_0,2020,year,ahs_year,AHS: Survey year,Survey year
wave:2020:section_0,2020,wave,ahs_wave,AHS: Wave identifier,Wave (survey year)
wave:2020:section_0,2020,sample,ahs_sample,AHS: Sample: sampled household or LSF large-scale-farmer supplement,"CS = sampled agricultural household; LSF = large-scale-farmer supplement record (2020: 2,345 list-frame farms with weight 1; 2024: 1,939 such records) -- not part of the household sample"
wave:2020:section_0,2020,prov,ahs_province,"AHS: Province, NISR code 1-5","Province (1-5, NISR codes)"
wave:2020:section_0,2020,dist,ahs_district,"AHS: District, NISR code 11-57","District (11-57, NISR current codes)"
wave:2020:section_0,2020,hhid,ahs_household_id,AHS: Household identifier,Household id (unique within wave)
wave:2020:section_0,2020,wt,ahs_weight,AHS: Sampling weight,"Household weight carried by every row (sums to persons in the person file, to households in the household file; repeated per record in module files)"
wave:2020:section_0,2020,wt_hh,ahs_household_weight,AHS: Household weight,Household weight repeated on every row of this file -- sums to the number of households ONLY in the household file (one row per household)
wave:2020:section_0,2020,s0q7,ahs_household_number,AHS 2020: Household number,0.7 Household number
wave:2020:section_0,2020,s0q9,ahs_marital_household_head,AHS 2020: Marital status of Household Head,0.9 Marital status of Household Head
wave:2020:section_0,2020,s0q10,ahs_ubudehe_category_hh_belongs,AHS 2020: Ubudehe category the household belongs in,0.10 Which Ubudehe category does the household belong in
wave:2020:section_0,2020,s0q11,ahs_contact_household_head_2020,AHS 2020: Contact of Household Head,0.11 Contact of Household Head
wave:2020:section_0,2020,s0q12,ahs_respondent_household_head,AHS 2020: Is the respondent the Household head,0.12 Is the respondent the Household head
wave:2020:section_0,2020,s0q15,ahs_relation_resp_household_head,AHS 2020: Relationship of respondent to the Household head,0.15 Relationship of respondent to the Household head
wave:2020:section_0,2020,agricactivities_n,ahs_agri_activities_n,AHS 2020: Number of agricultural activities of the household,Agricultural activities (in numbers) of the Household
wave:2020:section_0,2020,s0q16_1,ahs_agri_activity_household_1,AHS 2020: Agricultural activity of the Household,0.16.1 Agricultural activity of the Household
wave:2020:section_0,2020,s0q16_2,ahs_agri_activity_household_2,AHS 2020: Agricultural activity of the Household,0.16.2 Agricultural activity of the Household
wave:2020:section_0,2020,s0q16_3,ahs_agri_activity_household_3,AHS 2020: Agricultural activity of the Household,0.16.3 Agricultural activity of the Household
wave:2020:section_0,2020,s0q16_4,ahs_agri_activity_household_4,AHS 2020: Agricultural activity of the Household,0.16.4 Agricultural activity of the Household
wave:2020:section_0,2020,s0q17,ahs_agri_livelihood_activity_hh,AHS 2020: Is agriculture the main livelihood activity of your household?,0.17 Is agriculture the main livelihood activity of your household
wave:2020:section_0,2020,s0q18,ahs_non_agri_activity_support_hh,AHS 2020: Other non-agricultural activity which support your household,0.18 What is the other non-agricultural activity which  support your household
wave:2020:section_1,2020,survey,ahs_survey,AHS: Source survey,Source survey
wave:2020:section_1,2020,year,ahs_year,AHS: Survey year,Survey year
wave:2020:section_1,2020,wave,ahs_wave,AHS: Wave identifier,Wave (survey year)
wave:2020:section_1,2020,sample,ahs_sample,AHS: Sample: sampled household or LSF large-scale-farmer supplement,"CS = sampled agricultural household; LSF = large-scale-farmer supplement record (2020: 2,345 list-frame farms with weight 1; 2024: 1,939 such records) -- not part of the household sample"
wave:2020:section_1,2020,prov,ahs_province,"AHS: Province, NISR code 1-5","Province (1-5, NISR codes)"
wave:2020:section_1,2020,dist,ahs_district,"AHS: District, NISR code 11-57","District (11-57, NISR current codes)"
wave:2020:section_1,2020,hhid,ahs_household_id,AHS: Household identifier,Household id (unique within wave)
wave:2020:section_1,2020,pid,ahs_person_id,AHS: Person number within the household,Person number within the household
wave:2020:section_1,2020,wt,ahs_weight,AHS: Sampling weight,"Household weight carried by every row (sums to persons in the person file, to households in the household file; repeated per record in module files)"
wave:2020:section_1,2020,wt_hh,ahs_household_weight,AHS: Household weight,Household weight repeated on every row of this file -- sums to the number of households ONLY in the household file (one row per household)
wave:2020:section_1,2020,s0q7,ahs_household_number,AHS 2020: Household number,0.7 Household number
wave:2020:section_1,2020,s0q9,ahs_marital_household_head,AHS 2020: Marital status of Household Head,0.9 Marital status of Household Head
wave:2020:section_1,2020,s0q10,ahs_ubudehe_category_hh_belongs,AHS 2020: Ubudehe category the household belongs in,0.10 Ubudehe category the household belongs in
wave:2020:section_1,2020,s0q12,ahs_respondent_household_head,AHS 2020: Is the respondent the Household head,0.12 Is the respondent the Household head
wave:2020:section_1,2020,s0q15,ahs_relation_resp_household_head,AHS 2020: Relationship of respondent to the Household head,0.15 Relationship of respondent to the Household head
wave:2020:section_1,2020,s0q16_1,ahs_agri_activity_household_1,AHS 2020: Agricultural activity of the Household,0.16.1 Agricultural activity of the Household
wave:2020:section_1,2020,s0q16_2,ahs_agri_activity_household_2,AHS 2020: Agricultural activity of the Household,0.16.2 Agricultural activity of the Household
wave:2020:section_1,2020,s0q16_3,ahs_agri_activity_household_3,AHS 2020: Agricultural activity of the Household,0.16.3 Agricultural activity of the Household
wave:2020:section_1,2020,s0q16_4,ahs_agri_activity_household_4,AHS 2020: Agricultural activity of the Household,0.16.4 Agricultural activity of the Household
wave:2020:section_1,2020,s0q17,ahs_agri_livelihood_activity_hh,AHS 2020: Is agriculture the main livelihood activity of your household?,0.17 Is agriculture the main livelihood activity of your household?
wave:2020:section_1,2020,s0q18,ahs_non_agri_activity_support_hh,AHS 2020: Other non-agricultural activity which support your household,0.18 What is the other non-agricultural activity which  support your household?
wave:2020:section_1,2020,s1q1,ahs_total_number_household,AHS 2020: Total number of household members,1.1 Total number of household members
wave:2020:section_1,2020,s1q4,ahs_hh_relation_hh_head_2020,AHS 2020: What is the household member's relationship with the household Head?,1.4 What is the household member's relationship with the household Head?
wave:2020:section_1,2020,s1q5,ahs_sex_household,AHS 2020: What is the sex of household member?,1.5 What is the sex of [the name of household member]?
wave:2020:section_1,2020,s1q6,ahs_age_household,AHS 2020: What is the age of household member?,1.6 What is the age of [the name of household member]?
wave:2020:section_1,2020,s1q7,ahs_highest_educ_attained_2020,AHS 2020: Highest level of education attained by the the name of household,1.7 Highest level of education attained by the [the name of household member]
wave:2020:section_1,2020,s1q8,ahs_economic_activity_hh_2020,AHS 2020: What is the main economic activity of the name of household member,1.8 What is the main economic activity of [the name of household member]
wave:2020:section_1,2020,s1q9,ahs_engaged_agric_activ_2020,AHS 2020: Member name engaged in agric. activities in 2019/2020 agric. year,1.9 [member name] engaged in agric. activities in 2019/2020 agric. year
wave:2020:section_1,2020,agribus_n,ahs_agribusiness_activities_n,AHS 2020: Number of agribusiness activities of the household,Agribusiness activities (in numbers) been involved by HH members
wave:2020:section_1,2020,s1q10_1,ahs_involved_agribusiness_1,AHS 2020: Member name involved in any of the following agribusiness activities,1.10.1 [member name] involved in any of the following agribusiness activities
wave:2020:section_1,2020,s1q10_2,ahs_involved_agribusiness_2,AHS 2020: Member name involved in any of the following agribusiness activities,1.10.2 [member name] involved in any of the following agribusiness activities
wave:2020:section_2_1,2020,survey,ahs_survey,AHS: Source survey,Source survey
wave:2020:section_2_1,2020,year,ahs_year,AHS: Survey year,Survey year
wave:2020:section_2_1,2020,wave,ahs_wave,AHS: Wave identifier,Wave (survey year)
wave:2020:section_2_1,2020,sample,ahs_sample,AHS: Sample: sampled household or LSF large-scale-farmer supplement,"CS = sampled agricultural household; LSF = large-scale-farmer supplement record (2020: 2,345 list-frame farms with weight 1; 2024: 1,939 such records) -- not part of the household sample"
wave:2020:section_2_1,2020,prov,ahs_province,"AHS: Province, NISR code 1-5","Province (1-5, NISR codes)"
wave:2020:section_2_1,2020,dist,ahs_district,"AHS: District, NISR code 11-57","District (11-57, NISR current codes)"
wave:2020:section_2_1,2020,hhid,ahs_household_id,AHS: Household identifier,Household id (unique within wave)
wave:2020:section_2_1,2020,wt,ahs_weight,AHS: Sampling weight,"Household weight carried by every row (sums to persons in the person file, to households in the household file; repeated per record in module files)"
wave:2020:section_2_1,2020,wt_hh,ahs_household_weight,AHS: Household weight,Household weight repeated on every row of this file -- sums to the number of households ONLY in the household file (one row per household)
wave:2020:section_2_1,2020,s0q7,ahs_household_number,AHS 2020: Household number,0.7 Household number
wave:2020:section_2_1,2020,s0q9,ahs_marital_household_head,AHS 2020: Marital status of Household Head,0.9 Marital status of Household Head
wave:2020:section_2_1,2020,s0q10,ahs_ubudehe_category_hh_belong,AHS 2020: Which Ubudehe category does the household belong in,0.10 Which Ubudehe category does the household belong in
wave:2020:section_2_1,2020,s0q12,ahs_respondent_household_head,AHS 2020: Is the respondent the Household head,0.12 Is the respondent the Household head
wave:2020:section_2_1,2020,s0q15,ahs_relation_resp_household_head,AHS 2020: Relationship of respondent to the Household head,0.15 Relationship of respondent to the Household head
wave:2020:section_2_1,2020,s0q16_1,ahs_agri_activity_household_1,AHS 2020: Agricultural activity of the Household,0.16.1 Agricultural activity of the Household
wave:2020:section_2_1,2020,s0q16_2,ahs_agri_activity_household_2,AHS 2020: Agricultural activity of the Household,0.16.2 Agricultural activity of the Household
wave:2020:section_2_1,2020,s0q16_3,ahs_agri_activity_household_3,AHS 2020: Agricultural activity of the Household,0.16.3 Agricultural activity of the Household
wave:2020:section_2_1,2020,s0q16_4,ahs_agri_activity_household_4,AHS 2020: Agricultural activity of the Household,0.16.4 Agricultural activity of the Household
wave:2020:section_2_1,2020,s0q17,ahs_agri_livelihood_activity_hh,AHS 2020: Is agriculture the main livelihood activity of your household,0.17 Is agriculture the main livelihood activity of your household
wave:2020:section_2_1,2020,s0q18,ahs_non_agri_activity_support_hh,AHS 2020: Other non-agricultural activity which support your household,0.18 What is the other non-agricultural activity which  support your household
wave:2020:section_2_1,2020,s2q1,ahs_hh_land_used_cropping_2020,AHS 2020: Any member of your HH have land used for cropping in 2019/2020 agric.,2.1 Any member of your HH have land used for cropping in 2019/2020 agric. year?
wave:2020:section_2_1,2020,s2q2,ahs_hh_land_used_fodder_2020,AHS 2020: Any member of your HH have land used for fodder crop/pasture in,2.2 Any member of your HH have land used for fodder crop/pasture in 2019/2020
wave:2020:section_2_1,2020,s2q3,ahs_household_agri_land_2020,AHS 2020: Does any household member currently own any agricultural land?,2.3 Does any household member currently own any agricultural land?
wave:2020:section_2_1,2020,s2q4,ahs_agri_plots_hh_access_2020,AHS 2020: Agricultural plots on which your HH had access in 2019/2020 agric,2.4 How many agricultural plots on which your HH had access in 2019/2020 agric.
wave:2020:section_2_1,2020,s2q5,ahs_plot_2020,AHS 2020: Plot No,2.5 Plot No.
wave:2020:section_2_1,2020,s2q6,ahs_plot_area_sqm_2020,AHS 2020: Plot area (sqm),2.6 Plot area (sqm)
wave:2020:section_2_1,2020,hh_access,ahs_hh_numbers_right_sell_2020,AHS 2020: HH members with right to sell/use the land as guarantee for a loan,HH members (in numbers) with right to sell/use the land as guarantee for a loan
wave:2020:section_2_1,2020,s2q7_1,ahs_hh_numbers_right_1_2020,AHS 2020: HH members (in numbers) with right to access the plot,2.7.1 HH members (in numbers) with right to access the plot
wave:2020:section_2_1,2020,s2q7_2,ahs_hh_numbers_right_2_2020,AHS 2020: HH members (in numbers) with right to access the plot,2.7.2 HH members (in numbers) with right to access the plot
wave:2020:section_2_1,2020,s2q7_3,ahs_hh_numbers_right_3_2020,AHS 2020: HH members (in numbers) with right to access the plot,2.7.3 HH members (in numbers) with right to access the plot
wave:2020:section_2_1,2020,s2q7_4,ahs_hh_numbers_right_access_4,AHS 2020: HH members (in numbers) with right to access the plot,2.7.4 HH members (in numbers) with right to access the plot
wave:2020:section_2_1,2020,s2q7_5,ahs_hh_numbers_right_access_5,AHS 2020: HH members (in numbers) with right to access the plot,2.7.5 HH members (in numbers) with right to access the plot
wave:2020:section_2_1,2020,s2q7_6,ahs_hh_numbers_right_access_6,AHS 2020: HH members (in numbers) with right to access the plot,2.7.6 HH members (in numbers) with right to access the plot
wave:2020:section_2_1,2020,s2q8,ahs_owner_access_agri_land_2020,AHS 2020: How did the owner get access to agricultural land?,2.8 How did the owner get access to agricultural land?
wave:2020:section_2_1,2020,hh_loan,ahs_hh_numbers_right_hhloan,AHS 2020: HH members with right to sell/use the land as guarantee for a loan,HH members (in numbers) with right to sell/use the land as guarantee for a loan
wave:2020:section_2_1,2020,s2q9_1,ahs_hh_right_sell_use_land_1,AHS 2020: HH members with right to sell/use the land as guarantee for a loan,2.9.1 HH members with right to sell/use the land as guarantee for a loan
wave:2020:section_2_1,2020,s2q9_2,ahs_hh_right_sell_use_land_2,AHS 2020: HH members with right to sell/use the land as guarantee for a loan,2.9.2 HH members with right to sell/use the land as guarantee for a loan
wave:2020:section_2_1,2020,s2q9_3,ahs_hh_right_sell_use_land_3,AHS 2020: HH members with right to sell/use the land as guarantee for a loan,2.9.3 HH members with right to sell/use the land as guarantee for a loan
wave:2020:section_2_1,2020,s2q9_4,ahs_hh_right_sell_use_land_4,AHS 2020: HH members with right to sell/use the land as guarantee for a loan,2.9.4 HH members with right to sell/use the land as guarantee for a loan
wave:2020:section_2_1,2020,s2q9_5,ahs_hh_right_sell_use_land_5,AHS 2020: HH members with right to sell/use the land as guarantee for a loan,2.9.5 HH members with right to sell/use the land as guarantee for a loan
wave:2020:section_2_1,2020,s2q10,ahs_cultivate_plot_agri_2020,AHS 2020: Did you cultivate this plot during 2019/2020 agricultural year?,2.10 Did you cultivate this plot during 2019/2020 agricultural year?
wave:2020:section_2_1,2020,equipment_n,ahs_mechanical_equip_numbers,AHS 2020: Mechanical equipment used in cultivation in 2019/2020 agric. year,Mechanical equipment (in numbers) used in cultivation in 2019/2020 agric. year?
wave:2020:section_2_1,2020,s2q11_1,ahs_mechanical_equip_used_1,AHS 2020: Mechanical equipment used in cultivation in 2019/2020 agricultural,2.11.1 Mechanical equipment used in cultivation in 2019/2020 agricultural year?
wave:2020:section_2_1,2020,s2q11_2,ahs_mechanical_equip_used_2,AHS 2020: Mechanical equipment used in cultivation in 2019/2020 agricultural,2.11.2 Mechanical equipment used in cultivation in 2019/2020 agricultural year?
wave:2020:section_2_1,2020,s2q11_3,ahs_mechanical_equip_used_3,AHS 2020: Mechanical equipment used in cultivation in 2019/2020 agricultural,2.11.3 Mechanical equipment used in cultivation in 2019/2020 agricultural year?
wave:2020:section_2_1,2020,s2q11_4,ahs_mechanical_equip_used_4,AHS 2020: Mechanical equipment used in cultivation in 2019/2020 agricultural,2.11.4 Mechanical equipment used in cultivation in 2019/2020 agricultural year?
wave:2020:section_2_1,2020,s2q11_5,ahs_mechanical_equip_used_5,AHS 2020: Mechanical equipment used in cultivation in 2019/2020 agricultural,2.11.5 Mechanical equipment used in cultivation in 2019/2020 agricultural year?
wave:2020:section_2_1,2020,s2q12,ahs_tractor_oxen_used_plot_2020,"AHS 2020: If no tractor or oxen was used for this plot, why?","2.12 If no tractor or oxen was used for this plot, why?"
wave:2020:section_2_1,2020,s2q13,ahs_plot_land_consolidated_2020,AHS 2020: Was this plot in land consolidated site during 2019/2020 agricultural,2.13 Was this plot in land consolidated site during 2019/2020 agricultural year?
wave:2020:section_2_2,2020,survey,ahs_survey,AHS: Source survey,Source survey
wave:2020:section_2_2,2020,year,ahs_year,AHS: Survey year,Survey year
wave:2020:section_2_2,2020,wave,ahs_wave,AHS: Wave identifier,Wave (survey year)
wave:2020:section_2_2,2020,sample,ahs_sample,AHS: Sample: sampled household or LSF large-scale-farmer supplement,"CS = sampled agricultural household; LSF = large-scale-farmer supplement record (2020: 2,345 list-frame farms with weight 1; 2024: 1,939 such records) -- not part of the household sample"
wave:2020:section_2_2,2020,prov,ahs_province,"AHS: Province, NISR code 1-5","Province (1-5, NISR codes)"
wave:2020:section_2_2,2020,dist,ahs_district,"AHS: District, NISR code 11-57","District (11-57, NISR current codes)"
wave:2020:section_2_2,2020,hhid,ahs_household_id,AHS: Household identifier,Household id (unique within wave)
wave:2020:section_2_2,2020,wt,ahs_weight,AHS: Sampling weight,"Household weight carried by every row (sums to persons in the person file, to households in the household file; repeated per record in module files)"
wave:2020:section_2_2,2020,wt_hh,ahs_household_weight,AHS: Household weight,Household weight repeated on every row of this file -- sums to the number of households ONLY in the household file (one row per household)
wave:2020:section_2_2,2020,s0q7,ahs_household_number,AHS 2020: Household number,0.7 Household number
wave:2020:section_2_2,2020,s0q9,ahs_marital_household_head,AHS 2020: Marital status of Household Head,0.9 Marital status of Household Head
wave:2020:section_2_2,2020,s0q10,ahs_ubudehe_category_hh_belong,AHS 2020: Which Ubudehe category does the household belong in,0.10 Which Ubudehe category does the household belong in
wave:2020:section_2_2,2020,s0q12,ahs_respondent_household_head,AHS 2020: Is the respondent the Household head,0.12 Is the respondent the Household head
wave:2020:section_2_2,2020,s0q15,ahs_relation_resp_household_head,AHS 2020: Relationship of respondent to the Household head,0.15 Relationship of respondent to the Household head
wave:2020:section_2_2,2020,s0q16_1,ahs_agri_activity_household_1,AHS 2020: Agricultural activity of the Household,0.16.1 Agricultural activity of the Household
wave:2020:section_2_2,2020,s0q16_2,ahs_agri_activity_household_2,AHS 2020: Agricultural activity of the Household,0.16.2 Agricultural activity of the Household
wave:2020:section_2_2,2020,s0q16_3,ahs_agri_activity_household_3,AHS 2020: Agricultural activity of the Household,0.16.3 Agricultural activity of the Household
wave:2020:section_2_2,2020,s0q16_4,ahs_agri_activity_household_4,AHS 2020: Agricultural activity of the Household,0.16.4 Agricultural activity of the Household
wave:2020:section_2_2,2020,s0q17,ahs_agri_livelihood_activity_hh,AHS 2020: Is agriculture the main livelihood activity of your household,0.17 Is agriculture the main livelihood activity of your household
wave:2020:section_2_2,2020,s0q18,ahs_non_agri_activity_support_hh,AHS 2020: Other non-agricultural activity which support your household,0.18 What is the other non-agricultural activity which  support your household
wave:2020:section_2_2,2020,s2q14,ahs_hh_grow_crops_agri_year,AHS 2020: Did any member of your HH grow crops during 2019/2020 agricultural,2.14 Did any member of your HH grow crops during 2019/2020 agricultural year?
wave:2020:section_2_2,2020,crops_grown,ahs_crops_grown_n,AHS 2020: Number of crops grown by the household,Crops (in numbers) grown by the household
wave:2020:section_2_2,2020,s2q15_1,ahs_crops_grown_1,AHS 2020: Which crops that have been grown?,2.15.1 Which crops that have been grown?
wave:2020:section_2_2,2020,s2q15_2,ahs_crops_grown_2,AHS 2020: Which crops that have been grown?,2.15.2 Which crops that have been grown?
wave:2020:section_2_2,2020,s2q15_3,ahs_crops_grown_3,AHS 2020: Which crops that have been grown?,2.15.3 Which crops that have been grown?
wave:2020:section_2_2,2020,s2q15_4,ahs_crops_grown_4,AHS 2020: Which crops that have been grown?,2.15.4 Which crops that have been grown?
wave:2020:section_2_2,2020,s2q15_5,ahs_crops_grown_5,AHS 2020: Which crops that have been grown?,2.15.5 Which crops that have been grown?
wave:2020:section_2_2,2020,s2q15_6,ahs_crops_grown_6,AHS 2020: Which crops that have been grown?,2.15.6 Which crops that have been grown?
wave:2020:section_2_2,2020,s2q15_7,ahs_crops_grown_7,AHS 2020: Which crops that have been grown?,2.15.7 Which crops that have been grown?
wave:2020:section_2_2,2020,s2q15_8,ahs_crops_grown_8,AHS 2020: Which crops that have been grown?,2.15.8 Which crops that have been grown?
wave:2020:section_2_2,2020,s2q15_9,ahs_crops_grown_9,AHS 2020: Which crops that have been grown?,2.15.9 Which crops that have been grown?
wave:2020:section_2_2,2020,s2q15_10,ahs_crops_grown_10,AHS 2020: Which crops that have been grown?,2.15.10 Which crops that have been grown?
wave:2020:section_2_2,2020,nmber_vegs,ahs_vegetables_grown_n,AHS 2020: Number of vegetables grown by the household,Vegetables (in numbers) grown by the household
wave:2020:section_2_2,2020,s2q15_v_1,ahs_vegetables_grown_v_1,AHS 2020: Which vegetables that have been grown?,2.15.v.1 Which vegetables that have been grown?
wave:2020:section_2_2,2020,s2q15_v_2,ahs_vegetables_grown_v_2,AHS 2020: Which vegetables that have been grown?,2.15.v.2 Which vegetables that have been grown?
wave:2020:section_2_2,2020,s2q15_v_3,ahs_vegetables_grown_v_3,AHS 2020: Which vegetables that have been grown?,2.15.v.3 Which vegetables that have been grown?
wave:2020:section_2_2,2020,s2q15_v_4,ahs_vegetables_grown_v_4,AHS 2020: Which vegetables that have been grown?,2.15.v.4 Which vegetables that have been grown?
wave:2020:section_2_2,2020,s2q15_v_5,ahs_vegetables_grown_v_5,AHS 2020: Which vegetables that have been grown?,2.15.v.5 Which vegetables that have been grown?
wave:2020:section_2_2,2020,s2q15_v_6,ahs_vegetables_grown_v_6,AHS 2020: Which vegetables that have been grown?,2.15.v.6 Which vegetables that have been grown?
wave:2020:section_2_2,2020,s2q15_v_7,ahs_vegetables_grown_v_7,AHS 2020: Which vegetables that have been grown?,2.15.v.7 Which vegetables that have been grown?
wave:2020:section_2_2,2020,s2q15_v_8,ahs_vegetables_grown_v_8,AHS 2020: Which vegetables that have been grown?,2.15.v.8 Which vegetables that have been grown?
wave:2020:section_2_2,2020,s2q15_v_9,ahs_vegetables_grown_v_9,AHS 2020: Which vegetables that have been grown?,2.15.v.9 Which vegetables that have been grown?
wave:2020:section_2_2,2020,s2q15_v_10,ahs_vegetables_grown_v_10,AHS 2020: Which vegetables that have been grown?,2.15.v.10 Which vegetables that have been grown?
wave:2020:section_2_2,2020,s2q16,ahs_hh_stored_crops_harvest,AHS 2020: Have your household stored your crops after harvest?,2.16 Have your household stored your crops after harvest?
wave:2020:section_2_2,2020,crops_stored,ahs_crops_stored_n,AHS 2020: Number of crops stored by the household,Crops (in numbers) stored by the household
wave:2020:section_2_2,2020,s2q17_1,ahs_crops_stored_1,AHS 2020: Which crops have you stored?,2.17.1 Which crops have you stored?
wave:2020:section_2_2,2020,s2q17_2,ahs_crops_stored_2,AHS 2020: Which crops have you stored?,2.17.2 Which crops have you stored?
wave:2020:section_2_2,2020,s2q17_3,ahs_crops_stored_3,AHS 2020: Which crops have you stored?,2.17.3 Which crops have you stored?
wave:2020:section_2_2,2020,s2q17_4,ahs_crops_stored_4,AHS 2020: Which crops have you stored?,2.17.4 Which crops have you stored?
wave:2020:section_2_2,2020,s2q17_5,ahs_crops_stored_5,AHS 2020: Which crops have you stored?,2.17.5 Which crops have you stored?
wave:2020:section_2_2,2020,s2q17_6,ahs_crops_stored_6,AHS 2020: Which crops have you stored?,2.17.6 Which crops have you stored?
wave:2020:section_2_2,2020,s2q17_7,ahs_crops_stored_7,AHS 2020: Which crops have you stored?,2.17.7 Which crops have you stored?
wave:2020:section_2_2,2020,s2q18,ahs_store_crop_produces,AHS 2020: Where did you store you crop produces?,2.18 Where did you store you crop produces?
wave:2020:section_2_2,2020,s2q19,ahs_hh_used_improved_seeds_agric,AHS 2020: Any member of your HH used improved seeds during 2019/2020 agric. year,2.19 Any member of your HH used improved seeds during 2019/2020 agric. year?
wave:2020:section_2_2,2020,crops_improved,ahs_crops_improved_seeds_n,AHS 2020: Number of crops grown with improved seeds,Crops (in numbers) on which improved seeds have been used
wave:2020:section_2_2,2020,s2q20_1,ahs_crops_improved_seeds_used_1,AHS 2020: On which crops that improved seeds have been used ?,2.20.1 On which crops that improved seeds have been used ?
wave:2020:section_2_2,2020,s2q20_2,ahs_crops_improved_seeds_used_2,AHS 2020: On which crops that improved seeds have been used ?,2.20.2 On which crops that improved seeds have been used ?
wave:2020:section_2_2,2020,s2q20_3,ahs_crops_improved_seeds_used_3,AHS 2020: On which crops that improved seeds have been used ?,2.20.3 On which crops that improved seeds have been used ?
wave:2020:section_2_2,2020,s2q20_4,ahs_crops_improved_seeds_used_4,AHS 2020: On which crops that improved seeds have been used ?,2.20.4 On which crops that improved seeds have been used ?
wave:2020:section_2_2,2020,hh_members,ahs_members_improved_seeds,AHS 2020: Household members who used improved seeds,HH members (in numbers) who used improved seeds
wave:2020:section_2_2,2020,s2q21_1,ahs_household_used_improved_1,AHS 2020: Household member who used improved seed,2.21.1 Household member who used improved seed
wave:2020:section_2_2,2020,s2q21_2,ahs_household_used_improved_2,AHS 2020: Household member who used improved seed,2.21.2 Household member who used improved seed
wave:2020:section_2_2,2020,s2q21_3,ahs_household_used_improved_3,AHS 2020: Household member who used improved seed,2.21.3 Household member who used improved seed
wave:2020:section_2_2,2020,s2q21_4,ahs_household_used_improved_4,AHS 2020: Household member who used improved seed,2.21.4 Household member who used improved seed
wave:2020:section_2_2,2020,s2q21_5,ahs_household_used_improved_5,AHS 2020: Household member who used improved seed,2.21.5 Household member who used improved seed
wave:2020:section_2_2,2020,s2q21_6,ahs_household_used_improved_6,AHS 2020: Household member who used improved seed,2.21.6 Household member who used improved seed
wave:2020:section_2_2,2020,s2q22,ahs_hh_used_organic_fertilizers,AHS 2020: Any member of your HH used organic fertilizers in 2019/2020 agric.,2.22 Any member of your HH used organic fertilizers in 2019/2020 agric. year
wave:2020:section_2_2,2020,s2q23,ahs_used_inorganic_hh_agric_year,AHS 2020: Any member of your HH used inorganic fertilizers in 2019/2020 agric.,2.23 Any member of your HH used inorganic fertilizers in 2019/2020 agric. year
wave:2020:section_2_2,2020,hh_members2,ahs_members_inorganic_fert,AHS 2020: Household members who used inorganic fertilisers,HH members (in numbers) who used inorganic fertilizers
wave:2020:section_2_2,2020,s2q24_1,ahs_used_inorganic_household,AHS 2020: Household member who used inorganic fertilizers,2.24.1 Household member who used inorganic fertilizers
wave:2020:section_2_2,2020,s2q24_2,ahs_used_inorganic_s2q242,AHS 2020: Household member who used inorganic fertilizers,2.24.2 Household member who used inorganic fertilizers
wave:2020:section_2_2,2020,s2q24_3,ahs_used_inorganic_s2q243,AHS 2020: Household member who used inorganic fertilizers,2.24.3 Household member who used inorganic fertilizers
wave:2020:section_2_2,2020,s2q24_4,ahs_used_inorganic_s2q244,AHS 2020: Household member who used inorganic fertilizers,2.24.4 Household member who used inorganic fertilizers
wave:2020:section_2_2,2020,s2q24_5,ahs_used_inorganic_s2q245,AHS 2020: Household member who used inorganic fertilizers,2.24.5 Household member who used inorganic fertilizers
wave:2020:section_2_2,2020,s2q24_6,ahs_used_inorganic_s2q246,AHS 2020: Household member who used inorganic fertilizers,2.24.6 Household member who used inorganic fertilizers
wave:2020:section_2_2,2020,s2q25,ahs_source_inorganic_fertilizers,AHS 2020: Main Source of inorganic fertilizers,2.25 Main Source of inorganic fertilizers
wave:2020:section_2_2,2020,s2q26,ahs_hh_used_pesticides_agri_year,AHS 2020: Any member of your HH used pesticides during 2019/2020 agricultural,2.26 Any member of your HH used pesticides during 2019/2020 agricultural year?
wave:2020:section_2_2,2020,s2q27,ahs_hh_land_protected_against,AHS 2020: Does any member of your household has land protected against erosion?,2.27 Does any member of your household has land protected against erosion?
wave:2020:section_2_2,2020,measures_n,ahs_soil_measures_n,AHS 2020: Number of soil protection measures used,Soil protection measures (in numbers) your household used
wave:2020:section_2_2,2020,s2q28_1,ahs_soil_protection_measures_1,AHS 2020: Which soil protection measures has your household used?,2.28.1 Which soil protection measures has your household used?
wave:2020:section_2_2,2020,s2q28_2,ahs_soil_protection_measures_2,AHS 2020: Which soil protection measures has your household used?,2.28.2 Which soil protection measures has your household used?
wave:2020:section_2_2,2020,s2q28_3,ahs_soil_protection_measures_3,AHS 2020: Which soil protection measures has your household used?,2.28.3 Which soil protection measures has your household used?
wave:2020:section_2_2,2020,s2q29,ahs_agroforestry_trees_hh_plots,AHS 2020: Are there any agroforestry trees in the household plots?,2.29 Are there any agroforestry trees in the household plots?
wave:2020:section_2_2,2020,s2q30,ahs_hh_practice_irrig_least,AHS 2020: Any HH member practice irrigation at least in 1 of the plots in 2017,2.30 Any HH member practice irrigation at least in 1 of the plots in 2017 agric.
wave:2020:section_2_2,2020,s2q31,ahs_irrig_technique_used_plot,AHS 2020: What is the main irrigation technique have you used on this plot?,2.31 What is the main irrigation technique have you used on this plot?
wave:2020:section_2_2,2020,s2q32,ahs_irrigation_tool_used,AHS 2020: What was the irrigation tool used?,2.32 What was the irrigation tool used?
wave:2020:section_2_2,2020,s2q33,ahs_source_water_used_irrigation,AHS 2020: Source of water used for irrigation,2.33 Source of water used for irrigation
wave:2020:section_2_3,2020,survey,ahs_survey,AHS: Source survey,Source survey
wave:2020:section_2_3,2020,year,ahs_year,AHS: Survey year,Survey year
wave:2020:section_2_3,2020,wave,ahs_wave,AHS: Wave identifier,Wave (survey year)
wave:2020:section_2_3,2020,sample,ahs_sample,AHS: Sample: sampled household or LSF large-scale-farmer supplement,"CS = sampled agricultural household; LSF = large-scale-farmer supplement record (2020: 2,345 list-frame farms with weight 1; 2024: 1,939 such records) -- not part of the household sample"
wave:2020:section_2_3,2020,prov,ahs_province,"AHS: Province, NISR code 1-5","Province (1-5, NISR codes)"
wave:2020:section_2_3,2020,dist,ahs_district,"AHS: District, NISR code 11-57","District (11-57, NISR current codes)"
wave:2020:section_2_3,2020,hhid,ahs_household_id,AHS: Household identifier,Household id (unique within wave)
wave:2020:section_2_3,2020,wt,ahs_weight,AHS: Sampling weight,"Household weight carried by every row (sums to persons in the person file, to households in the household file; repeated per record in module files)"
wave:2020:section_2_3,2020,wt_hh,ahs_household_weight,AHS: Household weight,Household weight repeated on every row of this file -- sums to the number of households ONLY in the household file (one row per household)
wave:2020:section_2_3,2020,s0q7,ahs_household_number,AHS 2020: Household number,0.7 Household number
wave:2020:section_2_3,2020,s0q9,ahs_marital_household_head,AHS 2020: Marital status of Household Head,0.9 Marital status of Household Head
wave:2020:section_2_3,2020,s0q10,ahs_ubudehe_category_hh_belong,AHS 2020: Which Ubudehe category does the household belong in,0.10 Which Ubudehe category does the household belong in
wave:2020:section_2_3,2020,s0q12,ahs_respondent_household_head,AHS 2020: Is the respondent the Household head,0.12 Is the respondent the Household head
wave:2020:section_2_3,2020,s0q15,ahs_relation_resp_household_head,AHS 2020: Relationship of respondent to the Household head,0.15 Relationship of respondent to the Household head
wave:2020:section_2_3,2020,s0q16_1,ahs_agri_activity_hh_activity1,AHS 2020: What is the agricultural activity of the Household?(activity1),0.16 What is the agricultural activity of the Household?(activity1)
wave:2020:section_2_3,2020,s0q16_2,ahs_agri_activity_hh_activity2,AHS 2020: What is the agricultural activity of the Household?(activity2),0.16 What is the agricultural activity of the Household?(activity2)
wave:2020:section_2_3,2020,s0q16_3,ahs_agri_activity_hh_activity3,AHS 2020: What is the agricultural activity of the Household?(activity3),0.16 What is the agricultural activity of the Household?(activity3)
wave:2020:section_2_3,2020,s0q16_4,ahs_agri_activity_hh_activity4,AHS 2020: What is the agricultural activity of the Household?(activity4),0.16 What is the agricultural activity of the Household?(activity4)
wave:2020:section_2_3,2020,s0q17,ahs_agri_livelihood_activity_hh,AHS 2020: Is agriculture the main livelihood activity of your household,0.17 Is agriculture the main livelihood activity of your household
wave:2020:section_2_3,2020,s0q18,ahs_non_agri_activity_support_hh,AHS 2020: Other non-agricultural activity which support your household,0.18 What is the other non-agricultural activity which  support your household
wave:2020:section_2_3,2020,s2q34,ahs_household_grow_fruits,AHS 2020: Does your household grow fruits?,2.34 Does your household grow fruits?
wave:2020:section_2_3,2020,s2q35,ahs_fruit,AHS 2020: Fruit name,2.35 Fruit name
wave:2020:section_2_3,2020,s2q36,ahs_fruit_trees_owned_household,AHS 2020: Total Number of Fruit trees owned by your household during,2.36 Total Number of Fruit trees owned by your household during
wave:2020:section_2_3,2020,s2q37,ahs_fruits_trees_harvested_agri,AHS 2020: How many fruits trees harvested in last agricultural year,2.37 How many fruits trees harvested in last agricultural year
wave:2020:section_2_3,2020,s2q38,ahs_prod_harvested_fruits_kg,AHS 2020: What was the total production from harvested fruits? (in kg),2.38 What was the total production from harvested fruits? (in kg)
wave:2020:section_2_3,2020,s2q39,ahs_percentage_fruits_sold,AHS 2020: Percentage of fruits sold,2.39 Percentage of fruits sold
wave:2020:section_2_3,2020,s2q40,ahs_percentage_fruits_consumed,AHS 2020: Percentage of fruits consumed,2.40 Percentage of fruits consumed
wave:2020:section_3_1,2020,survey,ahs_survey,AHS: Source survey,Source survey
wave:2020:section_3_1,2020,year,ahs_year,AHS: Survey year,Survey year
wave:2020:section_3_1,2020,wave,ahs_wave,AHS: Wave identifier,Wave (survey year)
wave:2020:section_3_1,2020,sample,ahs_sample,AHS: Sample: sampled household or LSF large-scale-farmer supplement,"CS = sampled agricultural household; LSF = large-scale-farmer supplement record (2020: 2,345 list-frame farms with weight 1; 2024: 1,939 such records) -- not part of the household sample"
wave:2020:section_3_1,2020,prov,ahs_province,"AHS: Province, NISR code 1-5","Province (1-5, NISR codes)"
wave:2020:section_3_1,2020,dist,ahs_district,"AHS: District, NISR code 11-57","District (11-57, NISR current codes)"
wave:2020:section_3_1,2020,hhid,ahs_household_id,AHS: Household identifier,Household id (unique within wave)
wave:2020:section_3_1,2020,wt,ahs_weight,AHS: Sampling weight,"Household weight carried by every row (sums to persons in the person file, to households in the household file; repeated per record in module files)"
wave:2020:section_3_1,2020,wt_hh,ahs_household_weight,AHS: Household weight,Household weight repeated on every row of this file -- sums to the number of households ONLY in the household file (one row per household)
wave:2020:section_3_1,2020,s0q7,ahs_household_number,AHS 2020: Household number,0.7 Household number
wave:2020:section_3_1,2020,s0q9,ahs_marital_household_head,AHS 2020: Marital status of Household Head,0.9 Marital status of Household Head
wave:2020:section_3_1,2020,s0q10,ahs_ubudehe_category_hh_belong,AHS 2020: Which Ubudehe category does the household belong in,0.10 Which Ubudehe category does the household belong in
wave:2020:section_3_1,2020,s0q12,ahs_respondent_household_head,AHS 2020: Is the respondent the Household head,0.12 Is the respondent the Household head
wave:2020:section_3_1,2020,s0q15,ahs_relation_resp_household_head,AHS 2020: Relationship of respondent to the Household head,0.15 Relationship of respondent to the Household head
wave:2020:section_3_1,2020,s0q16_1,ahs_agri_activity_hh_activity1,AHS 2020: What is the agricultural activity of the Household?(activity1),0.16 What is the agricultural activity of the Household?(activity1)
wave:2020:section_3_1,2020,s0q16_2,ahs_agri_activity_hh_activity2,AHS 2020: What is the agricultural activity of the Household?(activity2),0.16 What is the agricultural activity of the Household?(activity2)
wave:2020:section_3_1,2020,s0q16_3,ahs_agri_activity_hh_activity3,AHS 2020: What is the agricultural activity of the Household?(activity3),0.16 What is the agricultural activity of the Household?(activity3)
wave:2020:section_3_1,2020,s0q16_4,ahs_agri_activity_hh_activity4,AHS 2020: What is the agricultural activity of the Household?(activity4),0.16 What is the agricultural activity of the Household?(activity4)
wave:2020:section_3_1,2020,s0q17,ahs_agri_livelihood_activity_hh,AHS 2020: Is agriculture the main livelihood activity of your household,0.17 Is agriculture the main livelihood activity of your household
wave:2020:section_3_1,2020,s0q18,ahs_non_agri_activity_support_hh,AHS 2020: Other non-agricultural activity which support your household,0.18 What is the other non-agricultural activity which  support your household
wave:2020:section_3_1,2020,s3q1_1,ahs_household_instrument1_1,AHS 2020: Do your household have(instrument1)?,3.1 Do your household have(instrument1)?
wave:2020:section_3_1,2020,s3q1_2,ahs_household_instrument1_2,AHS 2020: Do your household have(instrument1)?,3.1 Do your household have(instrument1)?
wave:2020:section_3_1,2020,s3q1_3,ahs_household_instrument1_3,AHS 2020: Do your household have(instrument1)?,3.1 Do your household have(instrument1)?
wave:2020:section_3_1,2020,s3q1_4,ahs_household_instrument1_4,AHS 2020: Do your household have(instrument1)?,3.1 Do your household have(instrument1)?
wave:2020:section_3_1,2020,s3q2,ahs_extension_2020,AHS 2020: Extension code and name,3.2. Extension code and name
wave:2020:section_3_1,2020,s3q3_3_1,ahs_male,AHS 2020: Male,3.3.1 Male
wave:2020:section_3_1,2020,s3q3_3_2,ahs_female,AHS 2020: Female,3.3.2 Female
wave:2020:section_3_1,2020,s3q4,ahs_source_extension_2020,AHS 2020: Source of extension/advisory services,3.4 Source of extension/advisory services
wave:2020:section_3_2,2020,survey,ahs_survey,AHS: Source survey,Source survey
wave:2020:section_3_2,2020,year,ahs_year,AHS: Survey year,Survey year
wave:2020:section_3_2,2020,wave,ahs_wave,AHS: Wave identifier,Wave (survey year)
wave:2020:section_3_2,2020,sample,ahs_sample,AHS: Sample: sampled household or LSF large-scale-farmer supplement,"CS = sampled agricultural household; LSF = large-scale-farmer supplement record (2020: 2,345 list-frame farms with weight 1; 2024: 1,939 such records) -- not part of the household sample"
wave:2020:section_3_2,2020,prov,ahs_province,"AHS: Province, NISR code 1-5","Province (1-5, NISR codes)"
wave:2020:section_3_2,2020,dist,ahs_district,"AHS: District, NISR code 11-57","District (11-57, NISR current codes)"
wave:2020:section_3_2,2020,hhid,ahs_household_id,AHS: Household identifier,Household id (unique within wave)
wave:2020:section_3_2,2020,wt,ahs_weight,AHS: Sampling weight,"Household weight carried by every row (sums to persons in the person file, to households in the household file; repeated per record in module files)"
wave:2020:section_3_2,2020,wt_hh,ahs_household_weight,AHS: Household weight,Household weight repeated on every row of this file -- sums to the number of households ONLY in the household file (one row per household)
wave:2020:section_3_2,2020,s0q7,ahs_household_number,AHS 2020: Household number,0.7 Household number
wave:2020:section_3_2,2020,s0q9,ahs_marital_household_head,AHS 2020: Marital status of Household Head,0.9 Marital status of Household Head
wave:2020:section_3_2,2020,s0q10,ahs_ubudehe_category_hh_belongs,AHS 2020: Ubudehe category the household belongs in,0.10 Which Ubudehe category does the household belong in
wave:2020:section_3_2,2020,s0q12,ahs_respondent_household_head,AHS 2020: Is the respondent the Household head,0.12 Is the respondent the Household head
wave:2020:section_3_2,2020,s0q15,ahs_relation_resp_household_head,AHS 2020: Relationship of respondent to the Household head,0.15 Relationship of respondent to the Household head
wave:2020:section_3_2,2020,s0q16_1,ahs_agri_activity_household_1,AHS 2020: Agricultural activity of the Household,What is the agricultural activity of the Household?(activity1)
wave:2020:section_3_2,2020,s0q16_2,ahs_agri_activity_household_2,AHS 2020: Agricultural activity of the Household,What is the agricultural activity of the Household?(activity2)
wave:2020:section_3_2,2020,s0q16_3,ahs_agri_activity_household_3,AHS 2020: Agricultural activity of the Household,What is the agricultural activity of the Household?(activity3)
wave:2020:section_3_2,2020,s0q16_4,ahs_agri_activity_household_4,AHS 2020: Agricultural activity of the Household,What is the agricultural activity of the Household?(activity4)
wave:2020:section_3_2,2020,s0q17,ahs_agri_livelihood_activity_hh,AHS 2020: Is agriculture the main livelihood activity of your household?,0.17 Is agriculture the main livelihood activity of your household
wave:2020:section_3_2,2020,s0q18,ahs_non_agri_activity_support_hh,AHS 2020: Other non-agricultural activity which support your household,0.18 What is the other non-agricultural activity which  support your household
wave:2020:section_3_2,2020,s3q5,ahs_hh_belong_twigire_muhinzi,AHS 2020: Does any household member belong to ? Twigire muhinzi/mworozi? group?,3.5 Does any household member belong to ?Twigire muhinzi/mworozi? group?
wave:2020:section_3_2,2020,s3q5_1,ahs_number_males_1,AHS 2020: Number of Males,Number of Males
wave:2020:section_3_2,2020,s3q5_2,ahs_number_females_2,AHS 2020: Number of Females,Number of Females
wave:2020:section_3_2,2020,s3q6,ahs_hh_belong_farmer_field,AHS 2020: Does any household member belong to ? Farmer field school??,3.6 Does any household member belong to ?Farmer field school??
wave:2020:section_3_2,2020,s3q6_1,ahs_number_males_1_s3q61,AHS 2020: Number of Males,Number of Males
wave:2020:section_3_2,2020,s3q6_2,ahs_number_females_2_s3q62,AHS 2020: Number of Females,Number of Females
wave:2020:section_3_2,2020,s3q7,ahs_hh_benefited_contract,AHS 2020: Is there any household member who benefited from contract farming,3.7 Is there any household member who benefited from contract farming during 201
wave:2020:section_3_2,2020,s3q7_1,ahs_number_males_1_s3q71,AHS 2020: Number of Males,Number of Males
wave:2020:section_3_2,2020,s3q7_2,ahs_number_females_2_s3q72,AHS 2020: Number of Females,Number of Females
wave:2020:section_3_2,2020,s3q8,ahs_household_agri_insurance,AHS 2020: Is there any household member who took agriculture insurance during,3.8 Is there any household member who took agriculture insurance during 2019/202
wave:2020:section_3_2,2020,s3q8_1,ahs_number_males_1_s3q81,AHS 2020: Number of Males,Number of Males
wave:2020:section_3_2,2020,s3q8_2,ahs_number_females_2_s3q82,AHS 2020: Number of Females,Number of Females
wave:2020:section_3_2,2020,s3q9,ahs_hh_belong_agri_cooperatives,AHS 2020: Does any member of this household belong to agricultural,3.9 Does any member of this household belong to agricultural cooperatives/Associ
wave:2020:section_3_2,2020,s3q9_1,ahs_number_males_1_s3q91,AHS 2020: Number of Males,Number of Males
wave:2020:section_3_2,2020,s3q9_2,ahs_number_females_2_s3q92,AHS 2020: Number of Females,Number of Females
wave:2020:section_3_2,2020,s3q10,ahs_cooperative_multiple_2020,AHS 2020: Type of cooperative (Multiple choice),3.10 Type of cooperative (Multiple choice)
wave:2020:section_3_2,2020,s3q10_1,ahs_cooperative_multiple_1,AHS 2020: Type of cooperative (Multiple choice)?,3.10 Type of cooperative (Multiple choice)?
wave:2020:section_3_2,2020,s3q10_2,ahs_cooperative_multiple_2,AHS 2020: Type of cooperative (Multiple choice)?,3.10 Type of cooperative (Multiple choice)?
wave:2020:section_3_2,2020,s3q10_3,ahs_cooperative_multiple_3,AHS 2020: Type of cooperative (Multiple choice)?,3.10 Type of cooperative (Multiple choice)?
wave:2020:section_3_2,2020,s3q11_1,ahs_types_svc_coop_1,AHS 2020: Types of services do you get from these cooperative/or associations,3.11 What types of services do you get from these cooperative/or associations?
wave:2020:section_3_2,2020,s3q11_2,ahs_types_svc_coop_2,AHS 2020: Types of services do you get from these cooperative/or associations,3.11 What types of services do you get from these cooperative/or associations?
wave:2020:section_3_2,2020,s3q11_3,ahs_types_svc_coop_3,AHS 2020: Types of services do you get from these cooperative/or associations,3.11 What types of services do you get from these cooperative/or associations?
wave:2020:section_3_2,2020,s3q11_4,ahs_types_svc_coop_4,AHS 2020: Types of services do you get from these cooperative/or associations,3.11 What types of services do you get from these cooperative/or associations?
wave:2020:section_3_2,2020,s3q12,ahs_kitchen_garden_home,AHS 2020: Do you have a kitchen garden at your home?,3.12 Do you have a kitchen garden at your home?
wave:2020:section_3_2,2020,s3q13,ahs_reared_cow_recvd_girinka,AHS 2020: Was there any reared cow received from GIRINKA program in your,3.13 Was there any reared cow received from GIRINKA program in your household du
wave:2020:section_3_2,2020,s3q14,ahs_source_cow_donated_girinka,AHS 2020: Source of cow donated from Girinka program,3.14 Source of cow donated from Girinka program
wave:2020:section_3_2,2020,s3q15,ahs_hh_cow_provided_girinka,AHS 2020: Do your household still have cow provided by GIRINKA Program?,3.15 Do your household still have cow provided by GIRINKA Program?
wave:2020:section_3_2,2020,s3q16,ahs_reason,AHS 2020: If 'No' what is the reason?,3.16 If 'No' what is the reason?
wave:2020:section_3_2,2020,s3q17,ahs_reared_small_lvstk_goat_pig,AHS 2020: Was there any reared small livestock received from ne,"3.17 Was there any reared small livestock (goat, pig, chicken?) received from ne"
wave:2020:section_3_2,2020,s3q18,ahs_type_small_livestock,AHS 2020: Type of small livestock,3.18 Type of small livestock
wave:2020:section_3_2,2020,s3q19,ahs_source_small_lvstk_donated,AHS 2020: Source of small livestock donated from new Girinka program,3.19 Source of small livestock donated from new Girinka program
wave:2020:section_3_2,2020,s3q20,ahs_recvd_support_fund_grant,AHS 2020: Received any support/ fund for grant for agricultural purpose duri,3.20 Have you received any support/ fund for grant for agricultural purpose duri
wave:2020:section_3_2,2020,s3q21,ahs_types_support_fund_received,AHS 2020: What types of support/fund received,3.21 What types of support/fund received
wave:2020:section_3_2,2020,s3q22,ahs_origin_support,AHS 2020: What is the origin of that support?,3.22 What is the origin of that support?
wave:2020:section_4,2020,survey,ahs_survey,AHS: Source survey,Source survey
wave:2020:section_4,2020,year,ahs_year,AHS: Survey year,Survey year
wave:2020:section_4,2020,wave,ahs_wave,AHS: Wave identifier,Wave (survey year)
wave:2020:section_4,2020,sample,ahs_sample,AHS: Sample: sampled household or LSF large-scale-farmer supplement,"CS = sampled agricultural household; LSF = large-scale-farmer supplement record (2020: 2,345 list-frame farms with weight 1; 2024: 1,939 such records) -- not part of the household sample"
wave:2020:section_4,2020,prov,ahs_province,"AHS: Province, NISR code 1-5","Province (1-5, NISR codes)"
wave:2020:section_4,2020,dist,ahs_district,"AHS: District, NISR code 11-57","District (11-57, NISR current codes)"
wave:2020:section_4,2020,hhid,ahs_household_id,AHS: Household identifier,Household id (unique within wave)
wave:2020:section_4,2020,wt,ahs_weight,AHS: Sampling weight,"Household weight carried by every row (sums to persons in the person file, to households in the household file; repeated per record in module files)"
wave:2020:section_4,2020,wt_hh,ahs_household_weight,AHS: Household weight,Household weight repeated on every row of this file -- sums to the number of households ONLY in the household file (one row per household)
wave:2020:section_4,2020,s0q7,ahs_household_number,AHS 2020: Household number,0.7 Household number
wave:2020:section_4,2020,s0q9,ahs_marital_household_head,AHS 2020: Marital status of Household Head,0.9 Marital status of Household Head
wave:2020:section_4,2020,s0q10,ahs_ubudehe_category_hh_belong,AHS 2020: Which Ubudehe category does the household belong in,0.10 Which Ubudehe category does the household belong in
wave:2020:section_4,2020,s0q12,ahs_respondent_household_head,AHS 2020: Is the respondent the Household head,0.12 Is the respondent the Household head
wave:2020:section_4,2020,s0q15,ahs_relation_resp_household_head,AHS 2020: Relationship of respondent to the Household head,0.15 Relationship of respondent to the Household head
wave:2020:section_4,2020,s0q16_1,ahs_agri_activity_hh_activity1,AHS 2020: What is the agricultural activity of the Household?(activity1),What is the agricultural activity of the Household?(activity1)
wave:2020:section_4,2020,s0q16_2,ahs_agri_activity_hh_activity2,AHS 2020: What is the agricultural activity of the Household?(activity2),What is the agricultural activity of the Household?(activity2)
wave:2020:section_4,2020,s0q16_3,ahs_agri_activity_hh_activity3,AHS 2020: What is the agricultural activity of the Household?(activity3),What is the agricultural activity of the Household?(activity3)
wave:2020:section_4,2020,s0q16_4,ahs_agri_activity_hh_activity4,AHS 2020: What is the agricultural activity of the Household?(activity4),What is the agricultural activity of the Household?(activity4)
wave:2020:section_4,2020,s0q17,ahs_agri_livelihood_activity_hh,AHS 2020: Is agriculture the main livelihood activity of your household,0.17 Is agriculture the main livelihood activity of your household
wave:2020:section_4,2020,s0q18,ahs_non_agri_activity_support_hh,AHS 2020: Other non-agricultural activity which support your household,0.18 What is the other non-agricultural activity which  support your household
wave:2020:section_4,2020,s4q1,ahs_household_bank_account,AHS 2017-2020: Does any household member have any bank account?,4.1 Does any household member have any bank account?
wave:2020:section_4,2020,s4q2_1,ahs_hh_codes_bank_account_1,AHS 2020: HH member codes of bank account holders in your household,4.2 HH member codes of bank account holders in your household
wave:2020:section_4,2020,s4q2_2,ahs_hh_codes_bank_account_2,AHS 2020: HH member codes of bank account holders in your household,4.2 HH member codes of bank account holders in your household
wave:2020:section_4,2020,s4q2_3,ahs_hh_codes_bank_account_3,AHS 2020: HH member codes of bank account holders in your household,4.2 HH member codes of bank account holders in your household
wave:2020:section_4,2020,s4q2_4,ahs_hh_codes_bank_account_4,AHS 2020: HH member codes of bank account holders in your household,4.2 HH member codes of bank account holders in your household
wave:2020:section_4,2020,s4q2_5,ahs_hh_codes_bank_account_5,AHS 2020: HH member codes of bank account holders in your household,4.2 HH member codes of bank account holders in your household
wave:2020:section_4,2020,s4q2_6,ahs_codes_bank_account_holders_6,AHS 2020: Member codes of bank account holders in your household,4.2 member codes of bank account holders in your household
wave:2020:section_4,2020,s4q2_7,ahs_hh_codes_bank_account_7,AHS 2020: HH member codes of bank account holders in your household,4.2 HH member codes of bank account holders in your household
wave:2020:section_4,2020,s4q2_8,ahs_hh_codes_bank_account_8,AHS 2020: HH member codes of bank account holders in your household,4.2 HH member codes of bank account holders in your household
wave:2020:section_4,2020,s4q2_9,ahs_hh_codes_bank_account_9,AHS 2020: HH member codes of bank account holders in your household,4.2 HH member codes of bank account holders in your household
wave:2020:section_4,2020,s4q3_1,ahs_financial_instutition1_1,AHS 2020: What are main financial institution/s of bank holders(instutition1),4.3 What are main financial institution/s of bank holders(instutition1)
wave:2020:section_4,2020,s4q3_2,ahs_financial_instutition1_2,AHS 2020: What are main financial institution/s of bank holders(instutition1)?,4.3 What are main financial institution/s of bank holders(instutition1)?
wave:2020:section_4,2020,s4q3_3,ahs_financial_instutition1_3,AHS 2020: What are main financial institution/s of bank holders(instutition1)?,4.3 What are main financial institution/s of bank holders(instutition1)?
wave:2020:section_4,2020,s4q3_4,ahs_financial_instutition1_4,AHS 2020: What are main financial institution/s of bank holders(instutition1)?,4.3 What are main financial institution/s of bank holders(instutition1)?
wave:2020:section_4,2020,s4q4,ahs_hh_belonging_tontine_2020,AHS 2020: Is there any household member belonging to tontine/solidarity fund?,Is there any household member belonging to tontine/solidarity fund?
wave:2020:section_4,2020,s4q5,ahs_household_savings_2020,AHS 2020: Did any household member have savings during last 12 months?,4.5 Did any household member have savings during last 12 months?
wave:2020:section_4,2020,s4q6_1,ahs_hh_codes_bank_account_s4q61,AHS 2020: HH member codes of bank account holders in your household,4.2 HH member codes of bank account holders in your household
wave:2020:section_4,2020,s4q6_2,ahs_hh_codes_bank_account_s4q62,AHS 2020: HH member codes of bank account holders in your household,4.2 HH member codes of bank account holders in your household
wave:2020:section_4,2020,s4q6_3,ahs_hh_codes_bank_account_s4q63,AHS 2020: HH member codes of bank account holders in your household,4.2 HH member codes of bank account holders in your household
wave:2020:section_4,2020,s4q6_4,ahs_hh_codes_bank_account_s4q64,AHS 2020: HH member codes of bank account holders in your household,4.2 HH member codes of bank account holders in your household
wave:2020:section_4,2020,s4q6_5,ahs_hh_codes_bank_account_s4q65,AHS 2020: HH member codes of bank account holders in your household,4.2 HH member codes of bank account holders in your household
wave:2020:section_4,2020,s4q6_6,ahs_codes_bank_account_s4q66,AHS 2020: Member codes of bank account holders in your household,4.2 member codes of bank account holders in your household
wave:2020:section_4,2020,s4q6_7,ahs_hh_codes_bank_account_s4q67,AHS 2020: HH member codes of bank account holders in your household,4.2 HH member codes of bank account holders in your household
wave:2020:section_4,2020,s4q6_8,ahs_hh_codes_bank_account_s4q68,AHS 2020: HH member codes of bank account holders in your household,4.2 HH member codes of bank account holders in your household
wave:2020:section_4,2020,s4q6_9,ahs_hh_codes_bank_account_s4q69,AHS 2020: HH member codes of bank account holders in your household,4.2 HH member codes of bank account holders in your household
wave:2020:section_4,2020,s4q7_1,ahs_financial_institution_1,AHS 2020: What main financial institution/s in which savings were made(1)?,What main financial institution/s in which savings were made(1)?
wave:2020:section_4,2020,s4q7_2,ahs_financial_institution_2,AHS 2020: What main financial institution/s in which savings were made(2)?,What main financial institution/s in which savings were made(2)?
wave:2020:section_4,2020,s4q7_3,ahs_financial_institution_3,AHS 2020: What main financial institution/s in which savings were made(3)?,What main financial institution/s in which savings were made(3)?
wave:2020:section_4,2020,s4q7_4,ahs_financial_institution_4,AHS 2020: What main financial institution/s in which savings were made(4)?,What main financial institution/s in which savings were made(4)?
wave:2020:section_4,2020,s4q8,ahs_household_request_loan_2020,"AHS 2020: Did any member of your household request any loan, last 12 months",4.8 Did any member of your household request any loan during last 12 months?
wave:2020:section_4,2020,s4q9_1,ahs_hh_codes_bank_account_s4q91,AHS 2020: HH member codes of bank account holders in your household,4.2 HH member codes of bank account holders in your household
wave:2020:section_4,2020,s4q9_2,ahs_hh_codes_bank_account_s4q92,AHS 2020: HH member codes of bank account holders in your household,4.2 HH member codes of bank account holders in your household
wave:2020:section_4,2020,s4q9_3,ahs_hh_codes_bank_account_s4q93,AHS 2020: HH member codes of bank account holders in your household,4.2 HH member codes of bank account holders in your household
wave:2020:section_4,2020,s4q9_4,ahs_hh_codes_bank_account_s4q94,AHS 2020: HH member codes of bank account holders in your household,4.2 HH member codes of bank account holders in your household
wave:2020:section_4,2020,s4q9_5,ahs_hh_codes_bank_account_s4q95,AHS 2020: HH member codes of bank account holders in your household,4.2 HH member codes of bank account holders in your household
wave:2020:section_4,2020,s4q9_6,ahs_codes_bank_account_s4q96,AHS 2020: Member codes of bank account holders in your household,4.2 member codes of bank account holders in your household
wave:2020:section_4,2020,s4q9_7,ahs_hh_codes_bank_account_s4q97,AHS 2020: HH member codes of bank account holders in your household,4.2 HH member codes of bank account holders in your household
wave:2020:section_4,2020,s4q10_1,ahs_loan_requested_1,AHS 2020: From where the loan was requested?(1)?,4.10 From where the loan was requested?(1)?
wave:2020:section_4,2020,s4q10_2,ahs_loan_requested_2,AHS 2020: From where the loan was requested?(2)?,4.10 From where the loan was requested?(2)?
wave:2020:section_4,2020,s4q10_3,ahs_loan_requested_3,AHS 2020: From where the loan was requested?(3)?,4.10 From where the loan was requested?(3)?
wave:2020:section_4,2020,s4q10_4,ahs_loan_requested_4,AHS 2020: From where the loan was requested?(4)?,4.10 From where the loan was requested?(4)?
wave:2020:section_4,2020,s4q11,ahs_loans_requested_2020,AHS 2020: Among loans requested were there some of them rejected?,4.11 Among loans requested were there some of them rejected?
wave:2020:section_4,2020,s4q12,ahs_loan_rejected_reason_2020,AHS 2020: If the loan was rejected what was the main reason?,4.12 If the loan was rejected what was the main reason?
wave:2020:section_4,2020,s4q13,ahs_main_use_rejected_loan_2020,AHS 2020: What was the main use of the rejected loan?,What was the main use of the rejected loan?
wave:2020:section_5,2020,survey,ahs_survey,AHS: Source survey,Source survey
wave:2020:section_5,2020,year,ahs_year,AHS: Survey year,Survey year
wave:2020:section_5,2020,wave,ahs_wave,AHS: Wave identifier,Wave (survey year)
wave:2020:section_5,2020,sample,ahs_sample,AHS: Sample: sampled household or LSF large-scale-farmer supplement,"CS = sampled agricultural household; LSF = large-scale-farmer supplement record (2020: 2,345 list-frame farms with weight 1; 2024: 1,939 such records) -- not part of the household sample"
wave:2020:section_5,2020,prov,ahs_province,"AHS: Province, NISR code 1-5","Province (1-5, NISR codes)"
wave:2020:section_5,2020,dist,ahs_district,"AHS: District, NISR code 11-57","District (11-57, NISR current codes)"
wave:2020:section_5,2020,hhid,ahs_household_id,AHS: Household identifier,Household id (unique within wave)
wave:2020:section_5,2020,wt,ahs_weight,AHS: Sampling weight,"Household weight carried by every row (sums to persons in the person file, to households in the household file; repeated per record in module files)"
wave:2020:section_5,2020,wt_hh,ahs_household_weight,AHS: Household weight,Household weight repeated on every row of this file -- sums to the number of households ONLY in the household file (one row per household)
wave:2020:section_5,2020,s0q7,ahs_household_number,AHS 2020: Household number,0.7 Household number
wave:2020:section_5,2020,s0q9,ahs_marital_household_head,AHS 2020: Marital status of Household Head,0.9 Marital status of Household Head
wave:2020:section_5,2020,s0q10,ahs_ubudehe_category_hh_belongs,AHS 2020: Ubudehe category the household belongs in,0.10 Ubudehe category the household belongs in
wave:2020:section_5,2020,s0q12,ahs_respondent_household_head,AHS 2020: Is the respondent the Household head,0.12 Is the respondent the Household head
wave:2020:section_5,2020,s0q15,ahs_relation_resp_household_head,AHS 2020: Relationship of respondent to the Household head,0.15 Relationship of respondent to the Household head
wave:2020:section_5,2020,s0q16_1,ahs_agri_activity_household_1,AHS 2020: Agricultural activity of the Household,0.16.1 Agricultural activity of the Household
wave:2020:section_5,2020,s0q16_2,ahs_agri_activity_household_2,AHS 2020: Agricultural activity of the Household,0.16.2 Agricultural activity of the Household
wave:2020:section_5,2020,s0q16_3,ahs_agri_activity_household_3,AHS 2020: Agricultural activity of the Household,0.16.3 Agricultural activity of the Household
wave:2020:section_5,2020,s0q16_4,ahs_agri_activity_household_4,AHS 2020: Agricultural activity of the Household,0.16.4 Agricultural activity of the Household
wave:2020:section_5,2020,s0q17,ahs_agri_livelihood_activity_hh,AHS 2020: Agriculture is the main livelihood activity of your household,0.17 Agriculture is the main livelihood activity of your household
wave:2020:section_5,2020,s0q18,ahs_non_agri_activ_supporting_hh,AHS 2020: The other non-agricultural activity supporting your household,0.18 The other non-agricultural activity supporting your household
wave:2020:section_5,2020,s5q1,ahs_household_rear_animals,AHS 2020: Did your household rear animals during last 12 months?,5.1 Did your household rear animals during last 12 months?
wave:2020:section_5,2020,s5q2,ahs_animal_reared_2020,AHS 2020: Animal reared in last 12 months,5.2 Animal reared in last 12 months
wave:2020:section_5,2020,s5q2_o,ahs_other_animal_reared,AHS 2020: Other animal reared in last 12 months,5.2 Other animal reared in last 12 months
wave:2020:section_5,2020,s5q3,ahs_number_animals_reared_2020,AHS 2020: Number of animals reared now,5.3. Number of animals reared now
wave:2020:section_5,2020,s5q3_male,ahs_total_male_animals_ages_male,AHS 2020: Total male animals all ages,Total male animals all ages
wave:2020:section_5,2020,s5q3_female,ahs_total_female_animals_female,AHS 2020: Total female animals all ages,Total female animals all ages
wave:2020:section_5,2020,s5q4_1,ahs_male_animal0_months_1,AHS 2020: Male animal 0-6 months,5.4.1 Male animal [0-6]months
wave:2020:section_5,2020,s5q4_2,ahs_female_animal0_months_2,AHS 2020: Female animal 0-6 months,5.4.2 Female animal [0-6]months
wave:2020:section_5,2020,s5q4_3,ahs_male_animal7_months_3,AHS 2020: Male animal 7-12 months,5.4.3 Male animal [7-12]months
wave:2020:section_5,2020,s5q4_4,ahs_female_animal7_months_4,AHS 2020: Female animal 7-12 months,5.4.4 Female animal [7-12]months
wave:2020:section_5,2020,s5q4_5,ahs_male_animal13_months_5,AHS 2020: Male animal 13-24 months,5.4.5 Male animal [13-24]months
wave:2020:section_5,2020,s5q4_6,ahs_female_animal13_months_6,AHS 2020: Female animal 13-24 months,5.4.6 Female animal [13-24]months
wave:2020:section_5,2020,s5q4_7,ahs_male_animal_above_months_7,AHS 2020: Male animal above 24 months,5.4.7 Male animal above 24 months
wave:2020:section_5,2020,s5q4_8,ahs_female_animal_above_months_8,AHS 2020: Female animal above 24 months,5.4.8 Female animal above 24 months
wave:2020:section_5,2020,owner,ahs_owner,AHS 2020-2024: Owner,owner
wave:2020:section_5,2020,total,ahs_total_unlabelled,"AHS 2020: Total, no label shipped",
wave:2020:section_6,2020,survey,ahs_survey,AHS: Source survey,Source survey
wave:2020:section_6,2020,year,ahs_year,AHS: Survey year,Survey year
wave:2020:section_6,2020,wave,ahs_wave,AHS: Wave identifier,Wave (survey year)
wave:2020:section_6,2020,sample,ahs_sample,AHS: Sample: sampled household or LSF large-scale-farmer supplement,"CS = sampled agricultural household; LSF = large-scale-farmer supplement record (2020: 2,345 list-frame farms with weight 1; 2024: 1,939 such records) -- not part of the household sample"
wave:2020:section_6,2020,prov,ahs_province,"AHS: Province, NISR code 1-5","Province (1-5, NISR codes)"
wave:2020:section_6,2020,dist,ahs_district,"AHS: District, NISR code 11-57","District (11-57, NISR current codes)"
wave:2020:section_6,2020,hhid,ahs_household_id,AHS: Household identifier,Household id (unique within wave)
wave:2020:section_6,2020,wt,ahs_weight,AHS: Sampling weight,"Household weight carried by every row (sums to persons in the person file, to households in the household file; repeated per record in module files)"
wave:2020:section_6,2020,wt_hh,ahs_household_weight,AHS: Household weight,Household weight repeated on every row of this file -- sums to the number of households ONLY in the household file (one row per household)
wave:2020:section_6,2020,s0q7,ahs_household_number,AHS 2020: Household number,0.7 Household number
wave:2020:section_6,2020,s0q9,ahs_marital_household_head,AHS 2020: Marital status of Household Head,0.9 Marital status of Household Head
wave:2020:section_6,2020,s0q10,ahs_ubudehe_category_hh_belongs,AHS 2020: Ubudehe category the household belongs in,0.10 Ubudehe category the household belongs in
wave:2020:section_6,2020,s0q12,ahs_respondent_household_head,AHS 2020: Is the respondent the Household head,0.12 Is the respondent the Household head
wave:2020:section_6,2020,s0q15,ahs_relation_resp_household_head,AHS 2020: Relationship of respondent to the Household head,0.15 Relationship of respondent to the Household head
wave:2020:section_6,2020,s0q16_1,ahs_agri_activity_household_1,AHS 2020: Agricultural activity of the Household,0.16.1 Agricultural activity of the Household
wave:2020:section_6,2020,s0q16_2,ahs_agri_activity_household_2,AHS 2020: Agricultural activity of the Household,0.16.2 Agricultural activity of the Household
wave:2020:section_6,2020,s0q16_3,ahs_agri_activity_household_3,AHS 2020: Agricultural activity of the Household,0.16.3 Agricultural activity of the Household
wave:2020:section_6,2020,s0q16_4,ahs_agri_activity_household_4,AHS 2020: Agricultural activity of the Household,0.16.4 Agricultural activity of the Household
wave:2020:section_6,2020,s0q17,ahs_agri_livelihood_activity_hh,AHS 2020: Is agriculture the main livelihood activity of your household?,0.17 Agriculture is the main livelihood activity of your household
wave:2020:section_6,2020,s0q18,ahs_non_agri_activity_support_hh,AHS 2020: Other non-agricultural activity which support your household,0.18 The other non-agricultural activity supporting your household
wave:2020:section_6,2020,s5q2,ahs_animal_reared,AHS: Animal reared in last 12 months,5.2 Animal reared in last 12 months
wave:2020:section_6,2020,s5q2_o,ahs_other_animal_reared,AHS: Other animal reared in last 12 months,5.2 Other animal reared in last 12 months
wave:2020:section_6,2020,s6q2_1,ahs_animals_born_male,AHS: How many animals born-Male?,6.2.1 How many animals born-Male?
wave:2020:section_6,2020,s6q2_2,ahs_animals_born_female,AHS: How many animals born-Female?,6.2.2 How many animals born-Female?
wave:2020:section_6,2020,s6q3_1,ahs_animals_bought_male,AHS: How many animals bought-Male?,6.3.1 How many animals bought-Male?
wave:2020:section_6,2020,s6q3_2,ahs_animals_bought_female,AHS: How many animals bought-Female?,6.3.2 How many animals bought-Female?
wave:2020:section_6,2020,s6q4,ahs_amount_paid_frw,AHS: Amount paid (Frw),6.4 Amount paid (Frw)
wave:2020:section_6,2020,s6q5_1,ahs_animals_received_gift_male,AHS: How many animals received as gift-Male?,6.5.1 How many animals received as gift-Male?
wave:2020:section_6,2020,s6q5_2,ahs_animals_received_gift_female,AHS: How many animals received as gift-Female?,6.5.2 How many animals received as gift-Female?
wave:2020:section_6,2020,s6q6_1,ahs_animals_sold_farmers_male,AHS: How many animals Sold to farmers-Male?,6.6.1 How many animals Sold to farmers-Male?
wave:2020:section_6,2020,s6q6_2,ahs_animals_sold_farmers_female,AHS: How many animals Sold to farmers-Female?,6.6.2 How many animals Sold to farmers-Female?
wave:2020:section_6,2020,s6q7,ahs_amount_received_frw,AHS: Amount received (Frw),6.7 Amount received (Frw)
wave:2020:section_6,2020,s6q8_1,ahs_animals_sold_male,AHS: How many animals Sold to consumers other than farmers-Male?,6.8.1 How many animals Sold to consumers other than farmers-Male?
wave:2020:section_6,2020,s6q8_2,ahs_animals_sold_female,AHS: How many animals Sold to consumers other than farmers-Female?,6.8.2 How many animals Sold to consumers other than farmers-Female?
wave:2020:section_6,2020,s6q9,ahs_total_amount_received_frw,AHS: Total Amount received (Frw),6.9 Total Amount received (Frw)
wave:2020:section_6,2020,s6q10_1,ahs_animals_slaughtered_male,AHS: How many animals slaughtered for own consumption-Male?,6.10.1 How many animals slaughtered for own consumption-Male?
wave:2020:section_6,2020,s6q10_2,ahs_animals_slaughtered_female,AHS: How many animals slaughtered for own consumption-Female?,6.10.2 How many animals slaughtered for own consumption-Female?
wave:2020:section_6,2020,s6q11_1,ahs_animals_gift_male,AHS: How many animals given as gift-Male?,6.11.1 How many animals given as gift-Male?
wave:2020:section_6,2020,s6q11_2,ahs_animals_gift_female,AHS: How many animals given as gift-Female?,6.11.2 How many animals given as gift-Female?
wave:2020:section_6,2020,s6q12_1,ahs_animals_others_male,AHS: How many animals given to others-Male?,6.12.1 How many animals given to others-Male?
wave:2020:section_6,2020,s6q12_2,ahs_animals_others_female,AHS: How many animals given to others-Female?,6.12.2 How many animals given to others-Female?
wave:2020:section_6,2020,s6q13_1,ahs_animals_dead_male,AHS: How many animals dead-Male?,6.13.1 How many animals dead-Male?
wave:2020:section_6,2020,s6q13_2,ahs_animals_dead_female,AHS: How many animals dead-Female?,6.13.2 How many animals dead-Female?
wave:2020:section_6,2020,s6q14_1,ahs_animals_stolen_male,AHS: How many animals stolen-Male?,6.14.1 How many animals stolen-Male?
wave:2020:section_6,2020,s6q14_2,ahs_animals_stolen_female,AHS: How many animals stolen-Female?,6.14.2 How many animals stolen-Female?
wave:2020:section_6,2020,owner,ahs_owner,AHS: Owner,owner
wave:2020:section_7_1,2020,survey,ahs_survey,AHS: Source survey,Source survey
wave:2020:section_7_1,2020,year,ahs_year,AHS: Survey year,Survey year
wave:2020:section_7_1,2020,wave,ahs_wave,AHS: Wave identifier,Wave (survey year)
wave:2020:section_7_1,2020,sample,ahs_sample,AHS: Sample: sampled household or LSF large-scale-farmer supplement,"CS = sampled agricultural household; LSF = large-scale-farmer supplement record (2020: 2,345 list-frame farms with weight 1; 2024: 1,939 such records) -- not part of the household sample"
wave:2020:section_7_1,2020,prov,ahs_province,"AHS: Province, NISR code 1-5","Province (1-5, NISR codes)"
wave:2020:section_7_1,2020,dist,ahs_district,"AHS: District, NISR code 11-57","District (11-57, NISR current codes)"
wave:2020:section_7_1,2020,hhid,ahs_household_id,AHS: Household identifier,Household id (unique within wave)
wave:2020:section_7_1,2020,wt,ahs_weight,AHS: Sampling weight,"Household weight carried by every row (sums to persons in the person file, to households in the household file; repeated per record in module files)"
wave:2020:section_7_1,2020,wt_hh,ahs_household_weight,AHS: Household weight,Household weight repeated on every row of this file -- sums to the number of households ONLY in the household file (one row per household)
wave:2020:section_7_1,2020,s0q7,ahs_household_number,AHS 2020: Household number,0.7 Household number
wave:2020:section_7_1,2020,s0q9,ahs_marital_household_head,AHS 2020: Marital status of Household Head,0.9 Marital status of Household Head
wave:2020:section_7_1,2020,s0q10,ahs_ubudehe_category_hh_belongs,AHS 2020: Ubudehe category the household belongs in,0.10 Ubudehe category the household belongs in
wave:2020:section_7_1,2020,s0q12,ahs_respondent_household_head,AHS 2020: Is the respondent the Household head,0.12 Is the respondent the Household head
wave:2020:section_7_1,2020,s0q15,ahs_relation_resp_household_head,AHS 2020: Relationship of respondent to the Household head,0.15 Relationship of respondent to the Household head
wave:2020:section_7_1,2020,s0q16_1,ahs_agri_activity_household_1,AHS 2020: Agricultural activity of the Household,0.16.1 Agricultural activity of the Household
wave:2020:section_7_1,2020,s0q16_2,ahs_agri_activity_household_2,AHS 2020: Agricultural activity of the Household,0.16.2 Agricultural activity of the Household
wave:2020:section_7_1,2020,s0q16_3,ahs_agri_activity_household_3,AHS 2020: Agricultural activity of the Household,0.16.3 Agricultural activity of the Household
wave:2020:section_7_1,2020,s0q16_4,ahs_agri_activity_household_4,AHS 2020: Agricultural activity of the Household,0.16.4 Agricultural activity of the Household
wave:2020:section_7_1,2020,s0q17,ahs_agri_livelihood_activity_hh,AHS 2020: Agriculture is the main livelihood activity of your household,0.17 Agriculture is the main livelihood activity of your household
wave:2020:section_7_1,2020,s0q18,ahs_non_agri_activ_supporting_hh,AHS 2020: The other non-agricultural activity supporting your household,0.18 The other non-agricultural activity supporting your household
wave:2020:section_7_1,2020,s7q1_1,ahs_household_produce_milk_1,AHS 2020: Did your household produce milk during last 12 months?,7.1.1 Did your household produce milk during last 12 months?
wave:2020:section_7_1,2020,s7q1_2,ahs_month_2_s7q12,AHS 2020: Month,7.1.2 Month
wave:2020:section_7_1,2020,s7q1_3,ahs_animals_lactating_month,AHS 2020: Number of Animals that were lactating in this month,7.1.3 Number of Animals that were lactating in this month
wave:2020:section_7_1,2020,s7q1_4,ahs_quantity_produced_litre,AHS 2020: Quantity produced (litre),7.1.4 Quantity produced (litre)
wave:2020:section_7_1,2020,s7q1_5,ahs_quantity_consumed_litre,AHS 2020: Quantity consumed (litre),7.1.5 Quantity consumed (litre)
wave:2020:section_7_1,2020,s7q1_6,ahs_quantity_sold_litre,AHS 2020: Quantity sold (litre),7.1.6 Quantity sold (litre)
wave:2020:section_7_1,2020,s7q1_7,ahs_price_litre,AHS 2020: Price per litre,7.1.7 Price per litre
wave:2020:section_7_1,2020,s7q1_8,ahs_quantity_gift_litre,AHS 2020: Quantity given as gift (litre),7.1.8 Quantity given as gift (litre)
wave:2020:section_7_1,2020,s7q1_9,ahs_quantity_used_way_litre,AHS 2020: Quantity used in any other way (litre),7.1.9 Quantity used in any other way (litre)
wave:2020:section_7_1,2020,av_daily_milk_cow,ahs_average_cow_daily_milk_prod,AHS 2020: Average one cow daily milk production,Average one cow daily milk production
wave:2020:section_7_2,2020,survey,ahs_survey,AHS: Source survey,Source survey
wave:2020:section_7_2,2020,year,ahs_year,AHS: Survey year,Survey year
wave:2020:section_7_2,2020,wave,ahs_wave,AHS: Wave identifier,Wave (survey year)
wave:2020:section_7_2,2020,sample,ahs_sample,AHS: Sample: sampled household or LSF large-scale-farmer supplement,"CS = sampled agricultural household; LSF = large-scale-farmer supplement record (2020: 2,345 list-frame farms with weight 1; 2024: 1,939 such records) -- not part of the household sample"
wave:2020:section_7_2,2020,prov,ahs_province,"AHS: Province, NISR code 1-5","Province (1-5, NISR codes)"
wave:2020:section_7_2,2020,dist,ahs_district,"AHS: District, NISR code 11-57","District (11-57, NISR current codes)"
wave:2020:section_7_2,2020,hhid,ahs_household_id,AHS: Household identifier,Household id (unique within wave)
wave:2020:section_7_2,2020,wt,ahs_weight,AHS: Sampling weight,"Household weight carried by every row (sums to persons in the person file, to households in the household file; repeated per record in module files)"
wave:2020:section_7_2,2020,wt_hh,ahs_household_weight,AHS: Household weight,Household weight repeated on every row of this file -- sums to the number of households ONLY in the household file (one row per household)
wave:2020:section_7_2,2020,s0q7,ahs_household_number,AHS 2020: Household number,0.7 Household number
wave:2020:section_7_2,2020,s0q9,ahs_marital_household_head,AHS 2020: Marital status of Household Head,0.9 Marital status of Household Head
wave:2020:section_7_2,2020,s0q10,ahs_ubudehe_category_hh_belong,AHS 2020: Which Ubudehe category does the household belong in,0.10 Which Ubudehe category does the household belong in
wave:2020:section_7_2,2020,s0q12,ahs_respondent_household_head,AHS 2020: Is the respondent the Household head,0.12 Is the respondent the Household head
wave:2020:section_7_2,2020,s0q15,ahs_relation_resp_household_head,AHS 2020: Relationship of respondent to the Household head,0.15 Relationship of respondent to the Household head
wave:2020:section_7_2,2020,s0q16_1,ahs_agri_activity_hh_activity1,AHS 2020: What is the agricultural activity of the Household?(activity1),What is the agricultural activity of the Household?(activity1)
wave:2020:section_7_2,2020,s0q16_2,ahs_agri_activity_hh_activity2,AHS 2020: What is the agricultural activity of the Household?(activity2),What is the agricultural activity of the Household?(activity2)
wave:2020:section_7_2,2020,s0q16_3,ahs_agri_activity_hh_activity3,AHS 2020: What is the agricultural activity of the Household?(activity3),What is the agricultural activity of the Household?(activity3)
wave:2020:section_7_2,2020,s0q16_4,ahs_agri_activity_hh_activity4,AHS 2020: What is the agricultural activity of the Household?(activity4),What is the agricultural activity of the Household?(activity4)
wave:2020:section_7_2,2020,s0q17,ahs_agri_livelihood_activity_hh,AHS 2020: Is agriculture the main livelihood activity of your household,0.17 Is agriculture the main livelihood activity of your household
wave:2020:section_7_2,2020,s0q18,ahs_non_agri_activity_support_hh,AHS 2020: Other non-agricultural activity which support your household,0.18 What is the other non-agricultural activity which  support your household
wave:2020:section_7_2,2020,s1q1,ahs_total_number_household,AHS 2020: Total number of household members,1.1 Total number of household members
wave:2020:section_7_2,2020,s1q4,ahs_hh_relation_hh_head,AHS 2020: What is the household member's relationship with the household Head?,1.4 What is the household member?s relationship with the household Head?
wave:2020:section_7_2,2020,s1q5,ahs_sex_household,AHS 2020: What is the sex of household member?,1.5 What is the sex of household member?
wave:2020:section_7_2,2020,s1q6,ahs_age_household,AHS 2020: What is the age of household member?,1.6 What is the age of household member?
wave:2020:section_7_2,2020,s1q7,ahs_highest_educ_attained_hh,AHS 2020: Highest level of education attained by the household member,1.7 What is the highest level of education attained by the household member?
wave:2020:section_7_2,2020,s1q8,ahs_economic_activity_household,AHS 2020: What is the main economic activity of household member,1.8 What is the main economic activity of hh member
wave:2020:section_7_2,2020,s1q9,ahs_engaged_agri_activ_agric,AHS 2020: Been engaged in agricultural activities during last 2019/2020 agric,1.9 Have you been engaged in agricultural activities during last 2019/2020 agric
wave:2020:section_7_2,2020,s1q10,ahs_engaged_agribusiness_activ,AHS 2020: Has...been/engaged in any of the following agribusiness activities,s1q10 Has...been/engaged in any of the following agribusiness activities during
wave:2020:section_7_2,2020,s7q2_1,ahs_household_produce_s7q21,AHS 2020: Did your household produce eggs during last 12 months?,7.2.1 Did your household produce eggs during last 12 months?
wave:2020:section_7_2,2020,s7q2_2,ahs_month_2_s7q22,AHS 2020: Month,7.2.2 Month
wave:2020:section_7_2,2020,s7q2_3,ahs_number_eggs_produced_month_3,AHS 2020: Number of eggs produced in that month,7.2.3 Number of eggs produced in that month
wave:2020:section_7_2,2020,s7q2_4,ahs_number_eggs_consumed_month,AHS 2020: Number of eggs consumed in that month,7.2.4 Number of eggs consumed in that month
wave:2020:section_7_2,2020,s7q2_5,ahs_number_eggs_sold_month_5,AHS 2020: Number of eggs sold in that month,7.2.5 Number of eggs sold in that month
wave:2020:section_7_2,2020,s7q2_6,ahs_price_egg_price_sold_eggs_6,AHS 2020: Price per egg (price for last sold eggs),7.2.6 Price per egg (price for last sold eggs)
wave:2020:section_7_2,2020,s7q2_7,ahs_quantity_used_other_way,AHS 2020: Quantity used in any other way,7.2.7 Quantity used in any other way
wave:2020:section_7_2,2020,total_egg,ahs_eggs_total,"AHS 2020: Total eggs, no label shipped",
wave:2020:section_7_3,2020,survey,ahs_survey,AHS: Source survey,Source survey
wave:2020:section_7_3,2020,year,ahs_year,AHS: Survey year,Survey year
wave:2020:section_7_3,2020,wave,ahs_wave,AHS: Wave identifier,Wave (survey year)
wave:2020:section_7_3,2020,sample,ahs_sample,AHS: Sample: sampled household or LSF large-scale-farmer supplement,"CS = sampled agricultural household; LSF = large-scale-farmer supplement record (2020: 2,345 list-frame farms with weight 1; 2024: 1,939 such records) -- not part of the household sample"
wave:2020:section_7_3,2020,prov,ahs_province,"AHS: Province, NISR code 1-5","Province (1-5, NISR codes)"
wave:2020:section_7_3,2020,dist,ahs_district,"AHS: District, NISR code 11-57","District (11-57, NISR current codes)"
wave:2020:section_7_3,2020,hhid,ahs_household_id,AHS: Household identifier,Household id (unique within wave)
wave:2020:section_7_3,2020,wt,ahs_weight,AHS: Sampling weight,"Household weight carried by every row (sums to persons in the person file, to households in the household file; repeated per record in module files)"
wave:2020:section_7_3,2020,wt_hh,ahs_household_weight,AHS: Household weight,Household weight repeated on every row of this file -- sums to the number of households ONLY in the household file (one row per household)
wave:2020:section_7_3,2020,s0q7,ahs_household_number,AHS 2020: Household number,0.7 Household number
wave:2020:section_7_3,2020,s0q9,ahs_marital_household_head,AHS 2020: Marital status of Household Head,0.9 Marital status of Household Head
wave:2020:section_7_3,2020,s0q10,ahs_ubudehe_category_hh_belong,AHS 2020: Which Ubudehe category does the household belong in,0.10 Which Ubudehe category does the household belong in
wave:2020:section_7_3,2020,s0q12,ahs_respondent_household_head,AHS 2020: Is the respondent the Household head,0.12 Is the respondent the Household head
wave:2020:section_7_3,2020,s0q15,ahs_relation_resp_household_head,AHS 2020: Relationship of respondent to the Household head,0.15 Relationship of respondent to the Household head
wave:2020:section_7_3,2020,s0q16_1,ahs_agri_activity_hh_activity1,AHS 2020: What is the agricultural activity of the Household?(activity1),What is the agricultural activity of the Household?(activity1)
wave:2020:section_7_3,2020,s0q16_2,ahs_agri_activity_hh_activity2,AHS 2020: What is the agricultural activity of the Household?(activity2),What is the agricultural activity of the Household?(activity2)
wave:2020:section_7_3,2020,s0q16_3,ahs_agri_activity_hh_activity3,AHS 2020: What is the agricultural activity of the Household?(activity3),What is the agricultural activity of the Household?(activity3)
wave:2020:section_7_3,2020,s0q16_4,ahs_agri_activity_hh_activity4,AHS 2020: What is the agricultural activity of the Household?(activity4),What is the agricultural activity of the Household?(activity4)
wave:2020:section_7_3,2020,s0q17,ahs_agri_livelihood_activity_hh,AHS 2020: Is agriculture the main livelihood activity of your household,0.17 Is agriculture the main livelihood activity of your household
wave:2020:section_7_3,2020,s0q18,ahs_non_agri_activity_support_hh,AHS 2020: Other non-agricultural activity which support your household,0.18 What is the other non-agricultural activity which  support your household
wave:2020:section_7_3,2020,s1q1,ahs_total_number_household,AHS 2020: Total number of household members,1.1 Total number of household members
wave:2020:section_7_3,2020,s1q4,ahs_hh_relation_hh_head,AHS 2020: What is the household member's relationship with the household Head?,1.4 What is the household member?s relationship with the household Head?
wave:2020:section_7_3,2020,s1q5,ahs_sex_household,AHS 2020: What is the sex of household member?,1.5 What is the sex of household member?
wave:2020:section_7_3,2020,s1q6,ahs_age_household,AHS 2020: What is the age of household member?,1.6 What is the age of household member?
wave:2020:section_7_3,2020,s1q7,ahs_highest_educ_attained_hh,AHS 2020: Highest level of education attained by the household member,1.7 What is the highest level of education attained by the household member?
wave:2020:section_7_3,2020,s1q8,ahs_economic_activity_household,AHS 2020: What is the main economic activity of household member,1.8 What is the main economic activity of hh member
wave:2020:section_7_3,2020,s1q9,ahs_engaged_agri_activ_agric,AHS 2020: Been engaged in agricultural activities during last 2019/2020 agric,1.9 Have you been engaged in agricultural activities during last 2019/2020 agric
wave:2020:section_7_3,2020,s1q10,ahs_engaged_agri_activities,AHS 2020: Has member name been engaged in agricultural activities during last,Has  [member name] been engaged in agricultural activities during last 2019/2020
wave:2020:section_7_3,2020,s7q3_1,ahs_bee_keeping_1_s7q31,AHS 2020: Have you done bee keeping in last twelve months,7.3.1 Have you done bee keeping in last twelve months
wave:2020:section_7_3,2020,s7q3_2,ahs_traditional_bee_hives_s7q32,AHS 2020: Number of traditional bee hives owned now,7.3.2 Number of traditional bee hives owned now
wave:2020:section_7_3,2020,s7q3_3,ahs_modern_bee_hives_s7q33,AHS 2020: Number of modern bee hives owned now,7.3.3 Number of modern bee hives owned now
wave:2020:section_7_3,2020,s7q3_4,ahs_qty_honey_produced_4_s7q34,AHS 2020: Quantity of honey produced from traditional bee hives during 12,7.3.4 Quantity of honey produced from traditional bee hives during 12 last month
wave:2020:section_7_3,2020,s7q3_5,ahs_qty_honey_produced_s7q35,"AHS 2020: Quantity of honey produced from modern bee hive during 12, last months",7.3.5 Quantity of honey produced from modern bee hive during 12 last months (kg)
wave:2020:section_7_3,2020,s7q3_6,ahs_quantity_consumed_hh_s7q36,AHS 2020: Quantity consumed by your household during last 12 months (kg),7.3.6 Quantity consumed by your household during last 12 months (kg)
wave:2020:section_7_3,2020,s7q3_7,ahs_quantity_sold_kg_kg,AHS 2020: Quantity sold during last 12 months (kg) (Kg),7.3.7 Quantity sold during last 12 months (kg) (Kg)
wave:2020:section_7_3,2020,s7q3_8,ahs_average_selling_price_kg_rwf,AHS 2020: Average selling price per kg (RWF),7.3.8  Average selling price per kg (Rwf)
wave:2020:section_7_3,2020,s7q3_9,ahs_quantity_used_other_s7q39,AHS 2020: Quantity used in any other way during last 12 months (kg)?,7.3.9 Quantity used in any other way during last 12 months (kg)?
wave:2020:section_7_3,2020,honey_produce,ahs_honey_produced,"AHS 2020: Honey produced, no label shipped",
wave:2020:section_8,2020,survey,ahs_survey,AHS: Source survey,Source survey
wave:2020:section_8,2020,year,ahs_year,AHS: Survey year,Survey year
wave:2020:section_8,2020,wave,ahs_wave,AHS: Wave identifier,Wave (survey year)
wave:2020:section_8,2020,sample,ahs_sample,AHS: Sample: sampled household or LSF large-scale-farmer supplement,"CS = sampled agricultural household; LSF = large-scale-farmer supplement record (2020: 2,345 list-frame farms with weight 1; 2024: 1,939 such records) -- not part of the household sample"
wave:2020:section_8,2020,prov,ahs_province,"AHS: Province, NISR code 1-5","Province (1-5, NISR codes)"
wave:2020:section_8,2020,dist,ahs_district,"AHS: District, NISR code 11-57","District (11-57, NISR current codes)"
wave:2020:section_8,2020,hhid,ahs_household_id,AHS: Household identifier,Household id (unique within wave)
wave:2020:section_8,2020,wt,ahs_weight,AHS: Sampling weight,"Household weight carried by every row (sums to persons in the person file, to households in the household file; repeated per record in module files)"
wave:2020:section_8,2020,wt_hh,ahs_household_weight,AHS: Household weight,Household weight repeated on every row of this file -- sums to the number of households ONLY in the household file (one row per household)
wave:2020:section_8,2020,s0q7,ahs_household_number,AHS 2020: Household number,0.7 Household number
wave:2020:section_8,2020,s0q9,ahs_marital_household_head,AHS 2020: Marital status of Household Head,0.9 Marital status of Household Head
wave:2020:section_8,2020,s0q10,ahs_ubudehe_category_hh_belongs,AHS 2020: Ubudehe category the household belongs in,0.10 Ubudehe category the household belongs in
wave:2020:section_8,2020,s0q12,ahs_respondent_household_head,AHS 2020: Is the respondent the Household head,0.12 Is the respondent the Household head
wave:2020:section_8,2020,s0q15,ahs_relation_resp_household_head,AHS 2020: Relationship of respondent to the Household head,0.15 Relationship of respondent to the Household head
wave:2020:section_8,2020,s0q16_1,ahs_agri_activity_household_1,AHS 2020: Agricultural activity of the Household,0.16.1 Agricultural activity of the Household
wave:2020:section_8,2020,s0q16_2,ahs_agri_activity_household_2,AHS 2020: Agricultural activity of the Household,0.16.2 Agricultural activity of the Household
wave:2020:section_8,2020,s0q16_3,ahs_agri_activity_household_3,AHS 2020: Agricultural activity of the Household,0.16.3 Agricultural activity of the Household
wave:2020:section_8,2020,s0q16_4,ahs_agri_activity_household_4,AHS 2020: Agricultural activity of the Household,0.16.4 Agricultural activity of the Household
wave:2020:section_8,2020,s0q17,ahs_agri_livelihood_activity_hh,AHS 2020: Is agriculture the main livelihood activity of your household?,0.17 Agriculture is the main livelihood activity of your household
wave:2020:section_8,2020,s0q18,ahs_non_agri_activity_support_hh,AHS 2020: Other non-agricultural activity which support your household,0.18 The other non-agricultural activity supporting your household
wave:2020:section_8,2020,s5q2,ahs_animal_reared,AHS: Animal reared in last 12 months,5.2 Animal reared in last 12 months
wave:2020:section_8,2020,s5q2_o,ahs_other_animal_reared,AHS: Other animal reared in last 12 months,5.2 Other animal reared in last 12 months
wave:2020:section_8,2020,s5q3,ahs_number_animals_reared_now,AHS: Number of animals reared now,5.3. Number of animals reared now
wave:2020:section_8,2020,s8q2,ahs_livestock_suffered_type,AHS: Has livestock type suffered from any disease in the past 12 months?,8.2 Has [livestock type] suffered from any disease in the past 12 months?
wave:2020:section_8,2020,s8q3,ahs_disease_affect_livestock,AHS: What kind of disease did affect your livestock in the past 12 months?,8.3 What kind of disease did affect your livestock in the past 12 months?
wave:2020:section_8,2020,s8q4,ahs_livestock_suffered_disease_4,AHS: How many livestock suffered from any disease in the past 12 months?,8.4 How many livestock suffered from any disease in the past 12 months?
wave:2020:section_8,2020,s8q5,ahs_household_treated_livestock,AHS: Has this household treated this livestock type in the past 12 months?,8.5 Has this household treated this [livestock type] in the past 12 months?
wave:2020:section_8,2020,s8q6,ahs_treated_livestock_type,AHS: Who treated this livestock type ?,8.6 Who treated this [livestock type]?
wave:2020:section_8,2020,s8q6_o,ahs_treated_livestock_type_other,AHS: Who treated this livestock type (other-specify)?,8.6.o Who treated this [livestock type] (other-specify)?
wave:2020:section_8,2020,s8q7,ahs_hh_vaccinated_livestock,AHS: This household vaccinated this livestock type during the last 12 months,8.7 This household vaccinated this [livestock type] during the last 12 months
wave:2020:section_8,2020,s8q8,ahs_artificial_insemination,AHS: Got artificial insemination for this livestock type in last 12 months,8.8 Got artificial insemination for this [livestock type] in last 12 months
wave:2020:section_8,2020,s8q9,ahs_improved_animal_feeds_fodder,AHS: Gave improved animal feeds/fodder to livestock type in last 12 months,8.9 Gave improved animal feeds/fodder to [livestock type] in last 12 months
wave:2020:section_8,2020,s8q10,ahs_household_water_livestock,AHS: Household gave water to livestock type during the last 12 months,8.10 Household gave water to [livestock type] during the last 12 months
wave:2020:section_8,2020,s8q11,ahs_frequence_hh_watered_lvstk,AHS: Frequence the household watered this livestock type in last 12 months,8.11 Frequence the household watered this [livestock type] in last 12 months
wave:2020:section_8,2020,s8q12,ahs_major_feeding_practices,AHS: The the major feeding practices for livestock type in last 12 months,8.12 The the major feeding practices for [livestock type] in last 12 months
wave:2020:section_8,2020,owner,ahs_owner,AHS: Owner,owner
wave:2020:section_9,2020,survey,ahs_survey,AHS: Source survey,Source survey
wave:2020:section_9,2020,year,ahs_year,AHS: Survey year,Survey year
wave:2020:section_9,2020,wave,ahs_wave,AHS: Wave identifier,Wave (survey year)
wave:2020:section_9,2020,sample,ahs_sample,AHS: Sample: sampled household or LSF large-scale-farmer supplement,"CS = sampled agricultural household; LSF = large-scale-farmer supplement record (2020: 2,345 list-frame farms with weight 1; 2024: 1,939 such records) -- not part of the household sample"
wave:2020:section_9,2020,prov,ahs_province,"AHS: Province, NISR code 1-5","Province (1-5, NISR codes)"
wave:2020:section_9,2020,dist,ahs_district,"AHS: District, NISR code 11-57","District (11-57, NISR current codes)"
wave:2020:section_9,2020,hhid,ahs_household_id,AHS: Household identifier,Household id (unique within wave)
wave:2020:section_9,2020,wt,ahs_weight,AHS: Sampling weight,"Household weight carried by every row (sums to persons in the person file, to households in the household file; repeated per record in module files)"
wave:2020:section_9,2020,wt_hh,ahs_household_weight,AHS: Household weight,Household weight repeated on every row of this file -- sums to the number of households ONLY in the household file (one row per household)
wave:2020:section_9,2020,s0q7,ahs_household_number,AHS 2020: Household number,0.7 Household number
wave:2020:section_9,2020,s0q9,ahs_marital_household_head,AHS 2020: Marital status of Household Head,0.9 Marital status of Household Head
wave:2020:section_9,2020,s0q10,ahs_ubudehe_category_hh_belongs,AHS 2020: Ubudehe category the household belongs in,0.10 Ubudehe category the household belongs in
wave:2020:section_9,2020,s0q12,ahs_respondent_household_head,AHS 2020: Is the respondent the Household head,0.12 Is the respondent the Household head
wave:2020:section_9,2020,s0q15,ahs_relation_resp_household_head,AHS 2020: Relationship of respondent to the Household head,0.15 Relationship of respondent to the Household head
wave:2020:section_9,2020,s0q16_1,ahs_agri_activity_household_1,AHS 2020: Agricultural activity of the Household,0.16.1 Agricultural activity of the Household
wave:2020:section_9,2020,s0q16_2,ahs_agri_activity_household_2,AHS 2020: Agricultural activity of the Household,0.16.2 Agricultural activity of the Household
wave:2020:section_9,2020,s0q16_3,ahs_agri_activity_household_3,AHS 2020: Agricultural activity of the Household,0.16.3 Agricultural activity of the Household
wave:2020:section_9,2020,s0q16_4,ahs_agri_activity_household_4,AHS 2020: Agricultural activity of the Household,0.16.4 Agricultural activity of the Household
wave:2020:section_9,2020,s0q17,ahs_agri_livelihood_activity_hh,AHS 2020: Agriculture is the main livelihood activity of your household,0.17 Agriculture is the main livelihood activity of your household
wave:2020:section_9,2020,s0q18,ahs_non_agri_activ_supporting_hh,AHS 2020: The other non-agricultural activity supporting your household,0.18 The other non-agricultural activity supporting your household
wave:2020:section_9,2020,s5q2,ahs_animal_reared,AHS 2020: Animal reared in last 12 months,5.2 Animal reared in last 12 months
wave:2020:section_9,2020,s5q2_o,ahs_other_animal_reared,AHS 2020: Other animal reared in last 12 months,5.2 Other animal reared in last 12 months
wave:2020:section_9,2020,s5q3,ahs_number_animals_reared_now,AHS 2020: Number of animals reared now,5.3. Number of animals reared now
wave:2020:section_9,2020,s9q2,ahs_amount_rent_kraal_renting,AHS 2020: Amount spent on rent for land grazing/kraal/renting animal shelter,9.2 Amount spent on rent for land grazing/kraal/renting animal shelter
wave:2020:section_9,2020,s9q3,ahs_amount_purchasing_2020,AHS 2020: Amount spent on purchasing fodder crop,9.3 Amount spent on purchasing fodder crop
wave:2020:section_9,2020,s9q4,ahs_amount_purchasing_feeds,AHS 2020: Amount spent on purchasing feeds/water,9.4 Amount spent on purchasing feeds/water
wave:2020:section_9,2020,s9q5,ahs_amount_purchasing_salt_2020,AHS 2020: Amount spent on purchasing salt and minerals,9.5 Amount spent on purchasing salt and minerals
wave:2020:section_9,2020,s9q6,ahs_amount_purchasing_2020_s9q6,AHS 2020: Amount spent on purchasing artificial insemination,9.6 Amount spent on purchasing artificial insemination
wave:2020:section_9,2020,s9q7,ahs_amount_purchasing_medicine,"AHS 2020: Amount spent on purchasing vaccines, dips, sprays and medicine","9.7 Amount spent on purchasing vaccines, dips, sprays and medicine"
wave:2020:section_9,2020,s9q8,ahs_amount_purchasing_2020_s9q8,AHS 2020: Amount spent on purchasing veterinary services,9.8 Amount spent on purchasing veterinary services
wave:2020:section_9,2020,s9q9,ahs_amount_setting_new_fences,AHS 2020: Amount spent on setting new fences/sheds or repairs of fencing/sheds,9.9 Amount spent on setting new fences/sheds or repairs of fencing/sheds
wave:2020:section_9,2020,s9q10,ahs_amount_farm_maint_2020,AHS 2020: Amount spent on farm maintenance activities,9.10 Amount spent on farm maintenance activities
wave:2020:section_9,2020,s9q11,ahs_amount_payment_shepherds,AHS 2020: Amount spent on payment of shepherds,9.11 Amount spent on payment of shepherds
wave:2020:section_9,2020,s9q12,ahs_other_expenditures,AHS 2020: Other expenditures,9.12 Other expenditures
wave:2020:section_9,2020,owner,ahs_owner,AHS 2020: Owner,owner
wave:2024:person,2024,survey,ahs_survey,AHS: Source survey,Source survey
wave:2024:person,2024,year,ahs_year,AHS: Survey year,Survey year
wave:2024:person,2024,wave,ahs_wave,AHS: Wave identifier,Wave (survey year)
wave:2024:person,2024,sample,ahs_sample,AHS: Sample: sampled household or LSF large-scale-farmer supplement,"CS = sampled agricultural household; LSF = large-scale-farmer supplement record (2020: 2,345 list-frame farms with weight 1; 2024: 1,939 such records) -- not part of the household sample"
wave:2024:person,2024,prov,ahs_province,"AHS: Province, NISR code 1-5","Province (1-5, NISR codes)"
wave:2024:person,2024,dist,ahs_district,"AHS: District, NISR code 11-57","District (11-57, NISR current codes)"
wave:2024:person,2024,cluster,ahs_cluster,AHS 2017-2024: Sampling cluster or village identifier,Sampling segment / cluster (as shipped)
wave:2024:person,2024,hhid,ahs_household_id,AHS: Household identifier,Household id (unique within wave)
wave:2024:person,2024,pid,ahs_person_id,AHS: Person number within the household,Person number within the household
wave:2024:person,2024,sex,ahs_sex,"AHS: Sex: 1 male, 2 female","Sex (1 male, 2 female)"
wave:2024:person,2024,age,ahs_age,AHS: Age in completed years,Age in years
wave:2024:person,2024,wt,ahs_weight,AHS: Sampling weight,"Household weight carried by every row (sums to persons in the person file, to households in the household file; repeated per record in module files)"
wave:2024:person,2024,wt_hh,ahs_household_weight,AHS: Household weight,Household weight repeated on every row of this file -- sums to the number of households ONLY in the household file (one row per household)
wave:2024:person,2024,s1q2,ahs_relation_head_household_2024,AHS 2024: Relation with the head of household,Relation with the head of household
wave:2024:person,2024,s1q3m,ahs_age_months,AHS 2024: Age (Months),Age (Months)
wave:2024:person,2024,s1q4,ahs_marital_status_2024,AHS 2024: Marital status,Marital status
wave:2024:person,2024,s1q5a,ahs_country_birth,AHS 2024: Country of birth,country of birth
wave:2024:person,2024,s1q5b,ahs_district_birth,AHS 2024: District of birth,District of birth
wave:2024:person,2024,s1q6,ahs_nationality_2024,AHS 2024: Nationality,Nationality
wave:2024:person,2024,s1q7a,ahs_absent_12_months,AHS 2024: Absent during the past 12 months,Absent during past 12 months
wave:2024:person,2024,s1q7,ahs_months_away_household_2024,"AHS 2024: How many months has been away from this household, past 12 months",how many months has been away from this household during past 12 months
wave:2024:person,2024,s1q8,ahs_prim_reason_absence_hh_2024,AHS 2024: Primary reason of absence from household in the last 12 months,primary  reason of absence from household in the last 12 months
wave:2024:person,2024,s1q9,ahs_resident_another_hh_2024,AHS 2024: Resident of another household in the last 12 months,Resident of another household in the last 12 months
wave:2024:person,2024,s1q10,ahs_resident_hh_period_2024,AHS 2024: Will be resident in the household during the period of enumeration,Will be resident in the household during the period of enumeration
wave:2024:person,2024,s1q11,ahs_prim_n_reason_absence_2024,AHS 2024: Primary n reason for absence during enumeration,primary n reason for absence during enumeration
wave:2024:person,2024,s1q12,ahs_father_alive_2024,AHS 2024: Father still alive,Father still alive
wave:2024:person,2024,s1q13,ahs_mother_alive_2024,AHS 2024: Mother still alive,Mother still alive
wave:2024:person,2024,s1q14,ahs_household_membership_2024,AHS 2024: Household membership,Household membership
wave:2024:person,2024,s2q2,ahs_always_lived_district,AHS 2024: Always lived in the district,Always lived in the district
wave:2024:person,2024,s2q3y,ahs_duration_last_move_years,AHS 2024: Duration since last move (years),Duration since last move (years)
wave:2024:person,2024,s2q3m,ahs_duration_last_move_months,AHS 2024: Duration since last move (months),Duration since last move (months)
wave:2024:person,2024,s2q4a,ahs_country_lived_prior_place,AHS 2024: Country lived prior to current place,country  lived prior to current place
wave:2024:person,2024,s2q4b,ahs_district_lived_prior_place,AHS 2024: District lived prior to current place,District lived prior to current place
wave:2024:person,2024,s2q5,ahs_place_lived_prior_place,AHS 2024: Kind of place lived prior to current place,Kind of place lived prior to current place
wave:2024:person,2024,s2q6,ahs_duration_lived_previuos,AHS 2024: Duration lived in the previuos location years,Duration lived in the previuos location years
wave:2024:person,2024,s2q7,ahs_primary_reason_moving,AHS 2024: Primary reason for moving,Primary reason for moving
wave:2024:person,2024,s2q8,ahs_move_alone_other_household,AHS 2024: Move alone or with other members of your household,Move alone or with other members of your household
wave:2024:person,2024,s3q2,ahs_covered_health_insurance,AHS 2024: In the last 12 Months was covered by any health insurance?,In the last 12 Months was covered by any health insurance?
wave:2024:person,2024,s3q3,ahs_main_health_insurance_carry,AHS 2024: Main health insurance carry,Main health insurance carry
wave:2024:person,2024,s3q4,ahs_suffer_illness_injury,AHS 2024: Suffer from an illness or injury over the last 4weeks,Suffer from an illness or injury over the last 4weeks
wave:2024:person,2024,s3q5,ahs_medical_consultation,AHS 2024: Medical consultation in the over last 4 weeks,Medical consultation in the over last 4 weeks
wave:2024:person,2024,s3q5a,ahs_why_not_consult_medical,AHS 2024: Why not consult any Medical profession,why not consult any Medical profession
wave:2024:person,2024,s3q6,ahs_reason_medical_consultation,AHS 2024: Main reason for medical consultation,Main reason for medical consultation
wave:2024:person,2024,s3q7,ahs_difficulty_seeing,AHS 2024: Difficulty in seeing,Difficulty in seeing
wave:2024:person,2024,s3q8,ahs_difficulty_hearing,AHS 2024: Difficulty hearing,Difficulty hearing
wave:2024:person,2024,s3q9,ahs_difficulty_moving,AHS 2024: Difficulty in moving,Difficulty in moving
wave:2024:person,2024,s3q10,ahs_difficulty_remembering,AHS 2024: Difficulty in remembering or concentrating,Difficulty in remembering or concentrating
wave:2024:person,2024,s3q11,ahs_difficulty_communicating,AHS 2024: Difficulty communicating,Difficulty communicating
wave:2024:person,2024,s3q12,ahs_difficulty_self_care_washing,AHS 2024: Difficulty in self-care (such as: washing all over or dressing),Difficulty in self-care (such as: washing all over or dressing)
wave:2024:person,2024,s4aq1,ahs_school_organized_learning,AHS 2024: Ever been to school or organized learning,Ever been to school or organized learning
wave:2024:person,2024,s4aq1a,ahs_reason_never_attended_school,AHS 2024: Main reason of never attended school,Main reason of never attended school
wave:2024:person,2024,s4aq2,ahs_highest_class_succesfully,AHS 2024: Highest class succesfully attended in school,Highest class succesfully attended in school
wave:2024:person,2024,s4aq2a,ahs_years_school_complete,AHS 2024: Years of school complete successfully at that level?,years of school  complete successfully at that level?
wave:2024:person,2024,s4aq3,ahs_highest_diploma_certificate,AHS 2024: Highest diploma/certificate/ degree you have ever obtained,Highest diploma/certificate/ degree you have ever obtained
wave:2024:person,2024,s4aq6a,ahs_class_attended_2024,AHS 2024: Class attended in 2022/2023,Class attended in 2022/2023
wave:2024:person,2024,s4aq6b,ahs_class_attended_2024_s4aq6b,AHS 2024: Class attended in 2023/2024,Class attended in 2023/2024
wave:2024:person,2024,s4aq6c,ahs_class_attended_2024_s4aq6c,AHS 2024: Class attended in 2024/2025,Class attended in 2024/2025
wave:2024:person,2024,s4aq6d,ahs_cause_repeat_class,AHS 2024: Cause of repeat the 2023 class in 2024,Cause of repeat the 2023 class in 2024
wave:2024:person,2024,s4aq7,ahs_attended_school,AHS 2024: Attended school in the last 12 months,Attended school in the last 12 months
wave:2024:person,2024,s4aq8,ahs_highest_education_attended,AHS 2024: Highest level of education attended in last 12 months,Highest level of education attended in last 12 months
wave:2024:person,2024,s4aq8a,ahs_highest_class_attended,AHS 2024: Highest class attended in last 12 months,Highest class attended in last 12 months
wave:2024:person,2024,s4aq8b,ahs_boarding_school,AHS 2024: Boarding School,Boarding School
wave:2024:person,2024,s4aq9,ahs_age_studying_reported_class,AHS 2024: Age when studying in the Reported class,Age when studying in the Reported class
wave:2024:person,2024,s4aq10,ahs_reason_delaying_start_school,AHS 2024: Reason for delaying start the school?,Reason for delaying start the school?
wave:2024:person,2024,s4aq11,ahs_type_school,AHS 2024: Type of school,Type of school
wave:2024:person,2024,s4aq14a,ahs_registration_school_fees,AHS 2024: Registration and school fees,Registration and school fees
wave:2024:person,2024,s4aq14b,ahs_parent_contributions,AHS 2024: Parent contributions,Parent contributions
wave:2024:person,2024,s4aq14c,ahs_school_uniforms,AHS 2024: School uniforms,School uniforms
wave:2024:person,2024,s4aq14d,ahs_books_school_supplies,AHS 2024: Books and school supplies,Books and school supplies
wave:2024:person,2024,s4aq14e,ahs_transport_school,AHS 2024: Transport to and from school,Transport to and from school
wave:2024:person,2024,s4aq14f,ahs_room_board_board,AHS 2024: Room and board (or board only),Room and board (or board only)
wave:2024:person,2024,s4aq14g,ahs_other_schooling_expenditures,AHS 2024: Other schooling expenditures,Other schooling expenditures
wave:2024:person,2024,s4aq14h,ahs_educ_expenses_non,AHS 2024: Total education expenses (non-distributed option),Total education expenses (non-distributed option)
wave:2024:person,2024,s4aq20,ahs_reason_leaving_school,AHS 2024: Reason for leaving school,Reason for leaving school
wave:2024:person,2024,s4bq1,ahs_attended_vocational_training,AHS 2024: Attended any vocational training,attended any vocational training
wave:2024:person,2024,s4bq2,ahs_expense_training_including,"AHS 2024: Expense of this training including fees, expenses and accommodation","Expense of this training including fees, expenses and accommodation"
wave:2024:person,2024,s4bq3,ahs_attended_literacy_course,AHS 2024: Have you attended a literacy course?,Have you attended a literacy course?
wave:2024:person,2024,s4bq4,ahs_able_read_simple_note,AHS 2024: Able to read a simple note,Able to read a simple note
wave:2024:person,2024,s4bq5,ahs_read_proposed_sentence,AHS 2024: Can read proposed a sentence,Can read proposed a sentence
wave:2024:person,2024,s4bq6,ahs_able_simple_note,AHS 2024: Able to write a simple note,Able to write a simple note
wave:2024:person,2024,s4bq7,ahs_able_written_calculation,AHS 2024: Able to do a written calculation,Able to do a written calculation
wave:2024:person,2024,s4bq8,ahs_mobile_telephone,AHS 2024: Have a mobile telephone,Have a mobile telephone
wave:2024:person,2024,s4bq9,ahs_phone_functionalities_owned,AHS 2024: Phone functionalities. Owned by,Phone functionalities. Owned by ...
wave:2024:person,2024,s4bq10,ahs_type_phone_own,AHS 2024: Type of phone do you own?,type of phone do you own?
wave:2024:person,2024,s4bq11,ahs_reasons_not_having,AHS 2024: Reasons for not having a smartphone,reasons for not having a smartphone
wave:2024:person,2024,s4bq12,ahs_why_not_mobile_telephone,AHS 2024: Why does not have a mobile telephone,Why does not have a mobile telephone
wave:2024:person,2024,s4bq13a,ahs_own_computer,AHS 2024: Own a computer,Own a computer
wave:2024:person,2024,s4bq13b,ahs_computer_literacy,AHS 2024: Computer literacy,Computer literacy
wave:2024:person,2024,s4bq13c,ahs_often_use_computer,AHS 2024: How often did use a computer in the last three months?,How often did use a computer in the last three months?
wave:2024:person,2024,s4bq14a,ahs_copying_moving_file_folder,AHS 2024: Copying or moving a file or a folder,Copying or moving a file or a folder
wave:2024:person,2024,s4bq14b,ahs_using_copy_paste_tools,AHS 2024: Using copy and paste tools to duplicate or move information,Using copy and paste tools to duplicate or move information
wave:2024:person,2024,s4bq14c,ahs_sending_mails_attached_files,AHS 2024: Sending e-mails with attached files,Sending e-mails with attached files
wave:2024:person,2024,s4bq14d,ahs_using_basic_arithmetic,AHS 2024: Using basic arithmetic formula in a spreadsheet,Using basic arithmetic formula in a spreadsheet
wave:2024:person,2024,s4bq14e,ahs_connecting_installing_new,AHS 2024: Connecting and installing new devices,Connecting and installing new devices
wave:2024:person,2024,s4bq14f,ahs_finding_downloading,"AHS 2024: Finding, downloading, installing and configuring software","Finding, downloading, installing and configuring software"
wave:2024:person,2024,s4bq14g,ahs_creating_electronic,AHS 2024: Creating electronic presentations with presentation software,Creating electronic presentations with presentation software
wave:2024:person,2024,s4bq14h,ahs_transferring_files_computer,AHS 2024: Transferring files between a computer and other devices,Transferring files between a computer and other devices
wave:2024:person,2024,s4bq14i,ahs_writing_computer_program,AHS 2024: Writing a computer program using a specialized programming language,Writing a computer program using a specialized programming language
wave:2024:person,2024,s4bq15,ahs_used_internet,AHS 2024: Used of internet in the last 3 months,Used of internet in the last 3 months
wave:2024:person,2024,s4bq16,ahs_reason_not_using_internet,AHS 2024: Reason for not using internet in the last three months?,Reason for not using internet in the last three months?
wave:2024:person,2024,s4bq17,ahs_often_use_internet,AHS 2024: How often did use the internet in the last three months?,How often did use the internet in the last three months?
wave:2024:person,2024,s4bq18,ahs_use_internet_finding_info,AHS 2024: Use of the internet for finding information about goods,Use of the internet in the last three months for finding information about goods
wave:2024:person,2024,s4bq19,ahs_use_internet_reading,AHS 2024: Use of internet for reading or downloading online news,Use of internet in the last three months for reading or downloading online news/
wave:2024:person,2024,s4bq20,ahs_use_internet_obtaining_info,AHS 2024: Use of the internet for obtaining information from webs,Use of the internet in the last three months for obtaining information from webs
wave:2024:person,2024,s4bq21,ahs_use_internet_seeking_health,"AHS 2024: Use of the internet for seeking health information, last three months",Use of the internet in the last three months for seeking health information
wave:2024:person,2024,s4bq22,ahs_use_internet_social_media,AHS 2024: Use of internet on social media in the last 3 months,Use of internet on social media in the last 3 months
wave:2024:person,2024,s4bq23,ahs_able_apply_digital_skills,AHS 2024: Able to apply any of the following digital skills,able to apply any of the following digital skills
wave:2024:person,2024,s4bq23a,ahs_use_ussd_access_svc_info,AHS 2024: Use only USSD code to access E-services or information,Use only USSD code  to access E-services or information
wave:2024:person,2024,s4bq23b,ahs_use_application_based_system,AHS 2024: Use application based system to access E-services or information,Use application based system  to access E-services or information
wave:2024:person,2024,s4bq23c,ahs_use_mobile_financial_svc,AHS 2024: Use mobile financial services(MOMO/AIRTEL MONEY/MOCASH/PUSH AND PULL),Use mobile financial services(MOMO/AIRTEL MONEY/MOCASH/PUSH AND PULL)
wave:2024:person,2024,s4bq23d,ahs_use_social_media_whatsapp,AHS 2024: Use any social media (whatsapp or facebook," Use any social media (whatsapp or facebook, or instagram or youtube or twitter"
wave:2024:person,2024,s4bq23e,ahs_access_info_through_web,AHS 2024: Access information through web browser,Access information through web browser
wave:2024:person,2024,s4bq23f,ahs_access_irembo_services,AHS 2024: Access IREMBO services,Access IREMBO services
wave:2024:person,2024,s4bq23g,ahs_use_commerce_plaforms,AHS 2024: Use any E-commerce plaforms,Use any E-commerce plaforms
wave:2024:person,2024,s4bq23h,ahs_access_learning_platforms,AHS 2024: Access E-learning platforms,Access E-learning platforms
wave:2024:person,2024,s4bq25,ahs_use_internet,AHS 2024: Use the internet from in the last 3 months,Use the internet from  in the last 3 months
wave:2024:person,2024,s4bq26,ahs_device_used_accessing_social,AHS 2024: Type of device used in accessing social media in the last three months,Type of device used in accessing social media in the last three months
wave:2024:person,2024,s6aq2,ahs_worked_own_farm_payment,AHS 2024: Worked on own farm no payment,Worked on own farm no payment
wave:2024:person,2024,s6aq3,ahs_products_obtained_agri_activ,AHS 2024: Products obtained from this agricultural activity for,products obtained from this agricultural  activity for
wave:2024:person,2024,s6aq4,ahs_carry_agricultural_activity,AHS 2024: Carry out any agricultural activity,Carry out any agricultural activity
wave:2024:person,2024,s6aq5,ahs_worked_salary_wages_non_farm,AHS 2024: Worked for salary or wages in non-farm sector,Worked for salary or wages in non-farm sector
wave:2024:person,2024,s6aq6,ahs_run_non_farm_biz_cash_profit,AHS 2024: Run a non-farm business for cash or profit,Run a non-farm business for cash or profit
wave:2024:person,2024,s6aq7,ahs_worked_non_fam_business,AHS 2024: Worked in a non-fam business,Worked in a non-fam business
wave:2024:person,2024,s6aq8,ahs_work_unpaid_trainee_wkr,AHS 2024: Work as an unpaid trainee worker or as a volunteer worker in any,work as an unpaid trainee worker or as a volunteer worker in any economic activi
wave:2024:person,2024,s6aq9,ahs_economic_activ_job_biz_agri,AHS 2024: Any economic activity from which the person was tempo,"any economic activity (job, business or agriculture) from which he/she was tempo"
wave:2024:person,2024,s6aq10,ahs_main_reason_not_working,AHS 2024: Main reason not working over the last 7 days,Main reason not working over the last 7 days
wave:2024:person,2024,s6aq11,ahs_receiving_income_economic,AHS 2024: Receiving an income from their economic activity during absence?,Receiving an income from his/her economic activity during absence?
wave:2024:person,2024,s6aq12,ahs_work_period_less_months,AHS 2024: To work for a period less than 3 months?,to work for a period less than 3 months?
wave:2024:person,2024,s6bq1,ahs_hours_work_week,AHS 2024: Hours usually work in the all economic activities over a week,Hours usually work in the all economic activities over a week
wave:2024:person,2024,s6bq2,ahs_hours_work_economic_2024,AHS 2024: Hours actually work in all economic activities last 7 days,Hours  actually work in all economic activities last 7 days
wave:2024:person,2024,s6bq3a,ahs_isco_description_table,AHS 2024: ISCO code description from table,ISCO code description from table
wave:2024:person,2024,s6bq5,ahs_institutional_sector,AHS 2024: 's institutional sector of the main economic activity,What is [NAME]?s institutional sector of the main economic activity?
wave:2024:person,2024,s6bq6,ahs_perform_economic_activ,AHS 2024: Perform this main economic activity overnight from 6pm to 6 am?,perform this main economic activity overnight from 6pm to 6 am?
wave:2024:person,2024,s6bq7,ahs_status_economic_activity,AHS 2024: What is the person's status in economic activity,What is [NAME]?s status in economic activity
wave:2024:person,2024,s6bq8,ahs_nature_economic_activ,AHS 2024: Nature of ??'s? economic activity contract?,nature of ???s? economic activity contract?
wave:2024:person,2024,s6bq9a,ahs_earn_main_job_amount,AHS 2024: Usually earn in this main job (Amount),usually earn in this main job (Amount)
wave:2024:person,2024,s6bq9b,ahs_earn_main_job_unit,AHS 2024: Usually earn in this main job (Unit),usually earn in this main job (Unit)
wave:2024:person,2024,s6cq2,ahs_number_hours_fetching_water,AHS 2024: Number of hours spend fetching water over the last 7 days,Number of hours spend fetching water over the last 7 days
wave:2024:person,2024,s6cq3,ahs_forage_firewood_household,"AHS 2024: Over the last 7 days, forage for firewood for the household","Over the last 7 days,   forage for firewood for the household"
wave:2024:person,2024,s6cq4,ahs_hours_foraging_wood,AHS 2024: How many hours spend foraging for wood over the last 7 days,How many hours    spend foraging for wood over the last 7 days
wave:2024:person,2024,s6cq5,ahs_searching_fodder_grazing_hh,"AHS 2024: Searching for fodder or grazing for the household's anima, last 7 days","Over the last 7 days, searching for  fodder or grazing for the household?s anima"
wave:2024:person,2024,s6cq6,ahs_hours_caring_searching,"AHS 2024: How many hours spend caring for or searching for fodder, last 7 days",How many hours spend  caring for or searching for fodder over the last 7 days?
wave:2024:person,2024,s6cq7,ahs_go_market_household_shopping,"AHS 2024: Did go to the market for the household for shopping, last 7 days","Over the last 7 days, did go to the market for the household for shopping?"
wave:2024:person,2024,s6cq8,ahs_hours_going_market_shopping,"AHS 2024: Hours did spend going to market for shopping (to and fr, last 7 days",How many hours did spend going to market for shopping the last 7 days (to and fr
wave:2024:person,2024,s6cq9,ahs_cook_household,"AHS 2024: Over the last 7 days, did cook for the household?","Over the last 7 days, did cook for the household?"
wave:2024:person,2024,s6cq10,ahs_hours_cooking,AHS 2024: How many hours did spend cooking over the last 7 days?,How many hours did spend cooking over the last 7 days?
wave:2024:person,2024,s6cq11,ahs_time_household_chores_laund,AHS 2024: Did spend any time on other household chores such as laund,"Over the last 7 days, did spend any time on other household chores such as laund"
wave:2024:person,2024,s6cq12,ahs_hours_other_household_chores,"AHS 2024: How many hours did spend on other household chores, last 7 days",How many hours did spend on other household chores over the last 7 days?
wave:2024:household,2024,survey,ahs_survey,AHS: Source survey,Source survey
wave:2024:household,2024,year,ahs_year,AHS: Survey year,Survey year
wave:2024:household,2024,wave,ahs_wave,AHS: Wave identifier,Wave (survey year)
wave:2024:household,2024,sample,ahs_sample,AHS: Sample: sampled household or LSF large-scale-farmer supplement,"CS = sampled agricultural household; LSF = large-scale-farmer supplement record (2020: 2,345 list-frame farms with weight 1; 2024: 1,939 such records) -- not part of the household sample"
wave:2024:household,2024,prov,ahs_province,"AHS: Province, NISR code 1-5","Province (1-5, NISR codes)"
wave:2024:household,2024,dist,ahs_district,"AHS: District, NISR code 11-57","District (11-57, NISR current codes)"
wave:2024:household,2024,cluster,ahs_cluster,AHS 2017-2024: Sampling cluster or village identifier,Sampling segment / cluster (as shipped)
wave:2024:household,2024,hhid,ahs_household_id,AHS: Household identifier,Household id (unique within wave)
wave:2024:household,2024,wt,ahs_weight,AHS: Sampling weight,"Household weight carried by every row (sums to persons in the person file, to households in the household file; repeated per record in module files)"
wave:2024:household,2024,wt_hh,ahs_household_weight,AHS: Household weight,Household weight repeated on every row of this file -- sums to the number of households ONLY in the household file (one row per household)
wave:2024:household,2024,s0q13,ahs_relation_resp_hh_head_2024,AHS 2024: 13 Relationship of respondent to the Household head,0. 13 Relationship of respondent to the Household head
wave:2024:household,2024,s0q14,ahs_livelihood_activity_hh_2024,AHS 2024: The main livelihood activity of your household,0.14 The main livelihood activity of your household
wave:2024:household,2024,s0q15,ahs_agri_activity_household_2024,AHS 2024: What is the agricultural activity of the Household?,0.15 What is the agricultural activity of the Household?
wave:2024:household,2024,s0q16,ahs_agricultural_activities_2024,AHS 2024: No agricultural activities,0.16 No agricultural activities
wave:2024:household,2024,s8q1,ahs_aware_environmental_risks,AHS 2024: Aware of the environmental risks associated with the excessive use o,8.1 Are you aware of the environmental risks associated with the excessive use o
wave:2024:household,2024,s8q2,ahs_hh_specific_measures,AHS 2024: Take specific measures to mitigate the environmental risk,8.2 Did your household take specific measures to mitigate the environmental risk
wave:2024:household,2024,s8q3,ahs_specific_measures_mitigate,AHS 2024: Among the following specific measures to mitigate the environmental,8.3 Among the following specific measures to mitigate the environmental risks as
wave:2024:household,2024,s8q4,ahs_aware_environmental_health,AHS 2024: Aware of the environmental and health risks associated with the use,8.4 Are you aware of the environmental and health risks associated with the use
wave:2024:household,2024,s8q5,ahs_season_measures_hh_adopt,"AHS 2024: In this season, which of the following measures did your household","8.5 In this season, which of the following measures did your household adopt to"
wave:2024:household,2024,s8q6,ahs_avoid_environ_related_risk,"AHS 2024: To avoid environment-related risk, which of the following measures","8.6 To avoid environment-related risk, which of the following measures did your"
wave:2024:household,2024,hhsize,ahs_household_size,AHS: Household size (persons in the roster),Household size (persons in the roster)
wave:2024:household,2024,head_sex,ahs_head_sex,AHS: Sex of the household head,Sex of household head (s1q2 == 1)
wave:2024:household,2024,head_age,ahs_head_age,AHS: Age of the household head,Age of household head (s1q2 == 1)
wave:2024:credits,2024,survey,ahs_survey,AHS: Source survey,Source survey
wave:2024:credits,2024,year,ahs_year,AHS: Survey year,Survey year
wave:2024:credits,2024,wave,ahs_wave,AHS: Wave identifier,Wave (survey year)
wave:2024:credits,2024,sample,ahs_sample,AHS: Sample: sampled household or LSF large-scale-farmer supplement,"CS = sampled agricultural household; LSF = large-scale-farmer supplement record (2020: 2,345 list-frame farms with weight 1; 2024: 1,939 such records) -- not part of the household sample"
wave:2024:credits,2024,prov,ahs_province,"AHS: Province, NISR code 1-5","Province (1-5, NISR codes)"
wave:2024:credits,2024,dist,ahs_district,"AHS: District, NISR code 11-57","District (11-57, NISR current codes)"
wave:2024:credits,2024,cluster,ahs_cluster,AHS 2017-2024: Sampling cluster or village identifier,Sampling segment / cluster (as shipped)
wave:2024:credits,2024,hhid,ahs_household_id,AHS: Household identifier,Household id (unique within wave)
wave:2024:credits,2024,pid,ahs_person_id,AHS 2024: Person number within the household,Person number within the household
wave:2024:credits,2024,wt,ahs_weight,AHS: Sampling weight,"Household weight carried by every row (sums to persons in the person file, to households in the household file; repeated per record in module files)"
wave:2024:credits,2024,wt_hh,ahs_household_weight,AHS: Household weight,Household weight repeated on every row of this file -- sums to the number of households ONLY in the household file (one row per household)
wave:2024:credits,2024,s10aq1,ahs_household_tried_obtain_loan,AHS 2024: Household member tried to obtain a loan,Household member tried to obtain a loan
wave:2024:credits,2024,s10aq2,ahs_main_reason_why_loan_denied,AHS 2024: Main reason why loan was denied,Main reason why loan was denied
wave:2024:credits,2024,s10aq3,ahs_household_owe_money,AHS 2024: Household members owe money,Household members owe money
wave:2024:credits,2024,s10aq4,ahs_loan_id_number,AHS 2024: Loan Id Number,Loan Id Number
wave:2024:credits,2024,s10q6,ahs_source_loan,AHS 2024: Source of loan,source of loan
wave:2024:credits,2024,s10aq6_other,ahs_other_origin_loan,AHS 2024: Specify Other origin of the loan,Specify Other origin  of the loan
wave:2024:credits,2024,s10aq7,ahs_main_purpose_loan_2024,AHS 2024: Main purpose of loan,Main purpose of loan
wave:2024:credits,2024,s10aq7_o,ahs_main_purpose_loan_o,AHS 2024: Main purpose of loan,Main purpose of loan
wave:2024:credits,2024,loan,ahs_household_requested_loan,AHS 2024: Does any household member requested any loan?,does any household member requested any loan?
wave:2024:saving,2024,survey,ahs_survey,AHS: Source survey,Source survey
wave:2024:saving,2024,year,ahs_year,AHS: Survey year,Survey year
wave:2024:saving,2024,wave,ahs_wave,AHS: Wave identifier,Wave (survey year)
wave:2024:saving,2024,sample,ahs_sample,AHS: Sample: sampled household or LSF large-scale-farmer supplement,"CS = sampled agricultural household; LSF = large-scale-farmer supplement record (2020: 2,345 list-frame farms with weight 1; 2024: 1,939 such records) -- not part of the household sample"
wave:2024:saving,2024,prov,ahs_province,"AHS: Province, NISR code 1-5","Province (1-5, NISR codes)"
wave:2024:saving,2024,dist,ahs_district,"AHS: District, NISR code 11-57","District (11-57, NISR current codes)"
wave:2024:saving,2024,cluster,ahs_cluster,AHS 2017-2024: Sampling cluster or village identifier,Sampling segment / cluster (as shipped)
wave:2024:saving,2024,hhid,ahs_household_id,AHS: Household identifier,Household id (unique within wave)
wave:2024:saving,2024,pid,ahs_person_id,AHS: Person number within the household,Person number within the household
wave:2024:saving,2024,wt,ahs_weight,AHS: Sampling weight,"Household weight carried by every row (sums to persons in the person file, to households in the household file; repeated per record in module files)"
wave:2024:saving,2024,wt_hh,ahs_household_weight,AHS: Household weight,Household weight repeated on every row of this file -- sums to the number of households ONLY in the household file (one row per household)
wave:2024:saving,2024,s10cq1,ahs_ownership_bank_account,AHS: Ownership of bank account(Financial Institution/momo/Tontine),Ownership of bank account(Financial Institution/momo/Tontine)
wave:2024:saving,2024,s10cq3,ahs_id_number_account,AHS: Id Number of account,Id Number of account
wave:2024:saving,2024,s10cq4,ahs_account_bank_account_momo,AHS: Does ... have account (bank account/momo)?,Does ... have account (bank account/momo)?
wave:2024:saving,2024,s10q5,ahs_financial_institutions_bank,AHS: Type of financial institutions in which they have a bank account,type of financial institutions in which they have a bank account
wave:2024:saving,2024,s10cq6,ahs_type_account_own,AHS: Which type of account does ... own?,Which type of account does ... own?
wave:2024:saving,2024,s10cq7,ahs_account_generate_interest,AHS: Does the account generate interest?,Does the account generate interest?
wave:2024:saving,2024,s10cq8,ahs_participate_tontine,AHS: Does ... participate in a tontine,Does ... participate in a tontine
wave:2024:saving,2024,account,ahs_household_bank_acount,AHS: Does any household member have any bank acount?,does any household member have any bank acount?
wave:2024:saving,2024,saving,ahs_unlabelled_saving,AHS: Unlabelled column saving as shipped by NISR,
wave:2024:section0,2024,survey,ahs_survey,AHS: Source survey,Source survey
wave:2024:section0,2024,year,ahs_year,AHS: Survey year,Survey year
wave:2024:section0,2024,wave,ahs_wave,AHS: Wave identifier,Wave (survey year)
wave:2024:section0,2024,sample,ahs_sample,AHS: Sample: sampled household or LSF large-scale-farmer supplement,"CS = sampled agricultural household; LSF = large-scale-farmer supplement record (2020: 2,345 list-frame farms with weight 1; 2024: 1,939 such records) -- not part of the household sample"
wave:2024:section0,2024,prov,ahs_province,"AHS: Province, NISR code 1-5","Province (1-5, NISR codes)"
wave:2024:section0,2024,dist,ahs_district,"AHS: District, NISR code 11-57","District (11-57, NISR current codes)"
wave:2024:section0,2024,cluster,ahs_cluster,AHS 2017-2024: Sampling cluster or village identifier,Sampling segment / cluster (as shipped)
wave:2024:section0,2024,hhid,ahs_household_id,AHS: Household identifier,Household id (unique within wave)
wave:2024:section0,2024,wt,ahs_weight,AHS: Sampling weight,"Household weight carried by every row (sums to persons in the person file, to households in the household file; repeated per record in module files)"
wave:2024:section0,2024,wt_hh,ahs_household_weight,AHS: Household weight,Household weight repeated on every row of this file -- sums to the number of households ONLY in the household file (one row per household)
wave:2024:section0,2024,s0q13,ahs_relation_resp_hh_head_2024,AHS 2024: 13 Relationship of respondent to the Household head,0. 13 Relationship of respondent to the Household head
wave:2024:section0,2024,s0q14,ahs_livelihood_activity_hh_2024,AHS 2024: The main livelihood activity of your household,0.14 The main livelihood activity of your household
wave:2024:section0,2024,s0q15,ahs_agri_activity_household_2024,AHS 2024: What is the agricultural activity of the Household?,0.15 What is the agricultural activity of the Household?
wave:2024:section0,2024,s0q16,ahs_agricultural_activities_2024,AHS 2024: No agricultural activities,0.16 No agricultural activities
wave:2024:section11_1_cattle_milk_production_and_use,2024,survey,ahs_survey,AHS: Source survey,Source survey
wave:2024:section11_1_cattle_milk_production_and_use,2024,year,ahs_year,AHS: Survey year,Survey year
wave:2024:section11_1_cattle_milk_production_and_use,2024,wave,ahs_wave,AHS: Wave identifier,Wave (survey year)
wave:2024:section11_1_cattle_milk_production_and_use,2024,sample,ahs_sample,AHS: Sample: sampled household or LSF large-scale-farmer supplement,"CS = sampled agricultural household; LSF = large-scale-farmer supplement record (2020: 2,345 list-frame farms with weight 1; 2024: 1,939 such records) -- not part of the household sample"
wave:2024:section11_1_cattle_milk_production_and_use,2024,prov,ahs_province,"AHS: Province, NISR code 1-5","Province (1-5, NISR codes)"
wave:2024:section11_1_cattle_milk_production_and_use,2024,dist,ahs_district,"AHS: District, NISR code 11-57","District (11-57, NISR current codes)"
wave:2024:section11_1_cattle_milk_production_and_use,2024,cluster,ahs_cluster,AHS 2017-2024: Sampling cluster or village identifier,Sampling segment / cluster (as shipped)
wave:2024:section11_1_cattle_milk_production_and_use,2024,hhid,ahs_household_id,AHS: Household identifier,Household id (unique within wave)
wave:2024:section11_1_cattle_milk_production_and_use,2024,wt,ahs_weight,AHS: Sampling weight,"Household weight carried by every row (sums to persons in the person file, to households in the household file; repeated per record in module files)"
wave:2024:section11_1_cattle_milk_production_and_use,2024,wt_hh,ahs_household_weight,AHS: Household weight,Household weight repeated on every row of this file -- sums to the number of households ONLY in the household file (one row per household)
wave:2024:section11_1_cattle_milk_production_and_use,2024,s10q1_0,ahs_household_produce_milk_0,AHS 2024: Did your household produce milk during the last 6 months?,10.1.1 Did your household produce milk during the last 6 months?
wave:2024:section11_1_cattle_milk_production_and_use,2024,s11q1_1,ahs_cattle_lactating_month_1,AHS 2024: Cattle that were lactating in this/that month of ?,11.1.3   Cattle that were lactating in this/that month of ?
wave:2024:section11_1_cattle_milk_production_and_use,2024,s11q1_2,ahs_month_2,AHS 2024: Month,11.1.2   Month
wave:2024:section11_1_cattle_milk_production_and_use,2024,s11q1_3,ahs_cattle_lactating_month_3,AHS 2024: Cattle that were lactating in this/that month of ?,11.1.3   Cattle that were lactating in this/that month of ?
wave:2024:section11_1_cattle_milk_production_and_use,2024,s11q1_4_1,ahs_exotic_cattle_lactating_mo,AHS 2024: Number (Exotic) of cattle that were lactating in this/that month of ?,11.1.4   Number (Exotic) of cattle that were lactating in this/that month of ?
wave:2024:section11_1_cattle_milk_production_and_use,2024,s11q1_5_1,ahs_exotic_days_cattle_lactating,AHS 2024: Number of days that cattle were lactating in this/that month o,11.1.5   Number (Exotic) of days that cattle were lactating in this/that month o
wave:2024:section11_1_cattle_milk_production_and_use,2024,s11q1_6_1,ahs_qty_exotic_produced_liter,AHS 2024: Quantity (Exotic) produced(liter) per day,11.1.6   quantity (Exotic) produced(liter) per day
wave:2024:section11_1_cattle_milk_production_and_use,2024,s11q1_7_1,ahs_qty_exotic_consumed_liter,AHS 2024: Quantity (Exotic) consumed (liter),11.1.7   Quantity (Exotic) consumed (liter)
wave:2024:section11_1_cattle_milk_production_and_use,2024,s11q1_8_1,ahs_quantity_exotic_sold_liter,AHS 2024: Quantity (Exotic) sold (liter),11.1.8   Quantity (Exotic) sold (liter)
wave:2024:section11_1_cattle_milk_production_and_use,2024,s11q1_9_1,ahs_price_exotic_liter,AHS 2024: Price (Exotic) per/ liter,11.1.9   Price (Exotic) per/ liter
wave:2024:section11_1_cattle_milk_production_and_use,2024,s11q1_10_1,ahs_quantity_exotic_gift_liter,AHS 2024: Quantity (Exotic) given as gift (liter),11.1.10  Quantity (Exotic) given as gift (liter)
wave:2024:section11_1_cattle_milk_production_and_use,2024,s11q1_11_1,ahs_qty_exotic_used_way_liter,AHS 2024: Quantity (Exotic) used in any other way (liter),11.1.11  Quantity (Exotic) used in any other way (liter)
wave:2024:section11_1_cattle_milk_production_and_use,2024,s11q1_4_2,ahs_cross_cattle_lactating_month,AHS 2024: Number (Cross) of cattle that were lactating in this/that month of ?,11.2.4   Number (Cross) of cattle that were lactating in this/that month of ?
wave:2024:section11_1_cattle_milk_production_and_use,2024,s11q1_5_2,ahs_cross_days_cattle_lactating,AHS 2024: Number of days that cattle were lactating in this/that month of,11.2.5   Number (Cross) of days that cattle were lactating in this/that month of
wave:2024:section11_1_cattle_milk_production_and_use,2024,s11q1_6_2,ahs_qty_cross_produced_liter_day,AHS 2024: Quantity (Cross) produced(liter) per day,11.2.6   quantity (Cross) produced(liter) per day
wave:2024:section11_1_cattle_milk_production_and_use,2024,s11q1_7_2,ahs_qty_cross_consumed_liter,AHS 2024: Quantity (Cross) consumed (liter),11.2.7   Quantity (Cross) consumed (liter)
wave:2024:section11_1_cattle_milk_production_and_use,2024,s11q1_8_2,ahs_quantity_cross_sold_liter,AHS 2024: Quantity (Cross) sold (liter),11.2.8   Quantity (Cross) sold (liter)
wave:2024:section11_1_cattle_milk_production_and_use,2024,s11q1_9_2,ahs_price_cross_liter,AHS 2024: Price (Cross) per/ liter,11.2.9   Price (Cross) per/ liter
wave:2024:section11_1_cattle_milk_production_and_use,2024,s11q1_10_2,ahs_quantity_cross_gift_liter,AHS 2024: Quantity (Cross) given as gift (liter),11.2.10  Quantity (Cross) given as gift (liter)
wave:2024:section11_1_cattle_milk_production_and_use,2024,s11q1_11_2,ahs_qty_cross_used_way_liter,AHS 2024: Quantity (Cross) used in any other way (liter),11.2.11  Quantity (Cross) used in any other way (liter)
wave:2024:section11_1_cattle_milk_production_and_use,2024,s11q1_4_3,ahs_local_cattle_lactating_month,AHS 2024: Number (Local) of cattle that were lactating in this/that month of ?,11.3.4   Number (Local) of cattle that were lactating in this/that month of ?
wave:2024:section11_1_cattle_milk_production_and_use,2024,s11q1_5_3,ahs_local_days_cattle_lactating,AHS 2024: Number of days that cattle were lactating in this/that month of,11.3.5   Number (Local) of days that cattle were lactating in this/that month of
wave:2024:section11_1_cattle_milk_production_and_use,2024,s11q1_6_3,ahs_qty_local_produced_liter_day,AHS 2024: Quantity (Local) produced(liter) per day,11.3.6   quantity (Local) produced(liter) per day
wave:2024:section11_1_cattle_milk_production_and_use,2024,s11q1_7_3,ahs_qty_local_consumed_liter,AHS 2024: Quantity (Local) consumed (liter),11.3.7   Quantity (Local) consumed (liter)
wave:2024:section11_1_cattle_milk_production_and_use,2024,s11q1_8_3,ahs_quantity_local_sold_liter,AHS 2024: Quantity (Local) sold (liter),11.3.8   Quantity (Local) sold (liter)
wave:2024:section11_1_cattle_milk_production_and_use,2024,s11q1_9_3,ahs_price_local_liter,AHS 2024: Price (Local) per/ liter,11.3.9   Price (Local) per/ liter
wave:2024:section11_1_cattle_milk_production_and_use,2024,s11q1_10_3,ahs_quantity_local_gift_liter,AHS 2024: Quantity (Local) given as gift (liter),11.3.10  Quantity (Local) given as gift (liter)
wave:2024:section11_1_cattle_milk_production_and_use,2024,s11q1_11_3,ahs_qty_local_used_way_liter,AHS 2024: Quantity (Local) used in any other way (liter),11.3.11  Quantity (Local) used in any other way (liter)
wave:2024:section11_1_cattle_milk_production_and_use,2024,s11q1_4,ahs_cattle_lactating,AHS 2024: Total Number of cattle that were lactating in this/that month of ?, Total Number of cattle that were lactating in this/that month of ?
wave:2024:section11_1_cattle_milk_production_and_use,2024,s11q1_5,ahs_days_cattle_lactating_month,AHS 2024: Total Number of days that cattle were lactating in this/that month of, Total Number of days that cattle were lactating in this/that month of ?
wave:2024:section11_1_cattle_milk_production_and_use,2024,s11q1_6,ahs_quantity_produced_liter_day,AHS 2024: Total quantity produced(liter) per day, Total quantity produced(liter) per day
wave:2024:section11_1_cattle_milk_production_and_use,2024,s11q1_7,ahs_quantity_consumed_liter,AHS 2024: Total Quantity consumed (liter), Total Quantity consumed (liter)
wave:2024:section11_1_cattle_milk_production_and_use,2024,s11q1_8,ahs_total_quantity_sold_liter,AHS 2024: Total Quantity sold (liter), Total Quantity sold (liter)
wave:2024:section11_1_cattle_milk_production_and_use,2024,s11q1_10,ahs_total_quantity_gift_liter,AHS 2024: Total Quantity given as gift (liter), Total Quantity given as gift (liter)
wave:2024:section11_1_cattle_milk_production_and_use,2024,s11q1_11,ahs_quantity_used_way_liter,AHS 2024: Total Quantity used in any other way (liter), Total Quantity used in any other way (liter)
wave:2024:section11_2_egg_production,2024,survey,ahs_survey,AHS: Source survey,Source survey
wave:2024:section11_2_egg_production,2024,year,ahs_year,AHS: Survey year,Survey year
wave:2024:section11_2_egg_production,2024,wave,ahs_wave,AHS: Wave identifier,Wave (survey year)
wave:2024:section11_2_egg_production,2024,sample,ahs_sample,AHS: Sample: sampled household or LSF large-scale-farmer supplement,"CS = sampled agricultural household; LSF = large-scale-farmer supplement record (2020: 2,345 list-frame farms with weight 1; 2024: 1,939 such records) -- not part of the household sample"
wave:2024:section11_2_egg_production,2024,prov,ahs_province,"AHS: Province, NISR code 1-5","Province (1-5, NISR codes)"
wave:2024:section11_2_egg_production,2024,dist,ahs_district,"AHS: District, NISR code 11-57","District (11-57, NISR current codes)"
wave:2024:section11_2_egg_production,2024,cluster,ahs_cluster,AHS 2024: Sampling cluster or village identifier,Sampling segment / cluster (as shipped)
wave:2024:section11_2_egg_production,2024,hhid,ahs_household_id,AHS: Household identifier,Household id (unique within wave)
wave:2024:section11_2_egg_production,2024,wt,ahs_weight,AHS: Sampling weight,"Household weight carried by every row (sums to persons in the person file, to households in the household file; repeated per record in module files)"
wave:2024:section11_2_egg_production,2024,wt_hh,ahs_household_weight,AHS: Household weight,Household weight repeated on every row of this file -- sums to the number of households ONLY in the household file (one row per household)
wave:2024:section11_2_egg_production,2024,s11q2_1,ahs_household_produce_eggs_1,AHS 2024: Did your household produce eggs during the last 6 months,11.2.1 did your household produce eggs during the last 6 months
wave:2024:section11_2_egg_production,2024,s11q2_2,ahs_month_2,AHS 2024: Month,11.2.2 Month
wave:2024:section11_2_egg_production,2024,s11q2_0,ahs_yield,AHS 2024: Yield,Yield
wave:2024:section11_2_egg_production,2024,s11q2_3,ahs_number_laying_hen_month,AHS 2024: Number of laying hen in the month of ?,11.2.3 Number of laying hen in the month of ?
wave:2024:section11_2_egg_production,2024,s11q2_4,ahs_number_eggs_produced_month_4,AHS 2024: Number of eggs produced in the month of ?,11.2.4 Number of eggs produced in the month of ?
wave:2024:section11_2_egg_production,2024,s11q2_5,ahs_eggs_consumed_home_month,AHS 2024: Number of eggs consumed at home in the month of,11.2.5 Number of eggs consumed at home in the month of
wave:2024:section11_2_egg_production,2024,s11q2_6,ahs_number_eggs_sold_month_6,AHS 2024: Number of eggs sold in the month of ?,11.2.6 Number of eggs sold in the month of ?
wave:2024:section11_2_egg_production,2024,s11q2_7,ahs_price_egg_price_sold_eggs_7,AHS 2024: Price per egg (price for last sold eggs),11.2.7 Price per egg (price for last sold eggs)
wave:2024:section11_2_egg_production,2024,s11q2_8,ahs_quantity_used_hatching_month,AHS 2024: Quantity used in hatching in the month of?,11.2.8 Quantity used in hatching in the month of?
wave:2024:section11_2_egg_production,2024,s11q2_9,ahs_quantity_used_way_month,AHS 2024: Quantity used in any other way in the month of?,11.2.9 Quantity used in any other way in the month of?
wave:2024:section11_2_egg_production,2024,owner,ahs_owner,AHS 2024: Owner,owner
wave:2024:section11_2_egg_production,2024,_merge,ahs_matching_result_merge,AHS 2024: Matching result from merge,Matching result from merge
wave:2024:section11_3_honey_production,2024,survey,ahs_survey,AHS: Source survey,Source survey
wave:2024:section11_3_honey_production,2024,year,ahs_year,AHS: Survey year,Survey year
wave:2024:section11_3_honey_production,2024,wave,ahs_wave,AHS: Wave identifier,Wave (survey year)
wave:2024:section11_3_honey_production,2024,sample,ahs_sample,AHS: Sample: sampled household or LSF large-scale-farmer supplement,"CS = sampled agricultural household; LSF = large-scale-farmer supplement record (2020: 2,345 list-frame farms with weight 1; 2024: 1,939 such records) -- not part of the household sample"
wave:2024:section11_3_honey_production,2024,prov,ahs_province,"AHS: Province, NISR code 1-5","Province (1-5, NISR codes)"
wave:2024:section11_3_honey_production,2024,dist,ahs_district,"AHS: District, NISR code 11-57","District (11-57, NISR current codes)"
wave:2024:section11_3_honey_production,2024,cluster,ahs_cluster,AHS 2017-2024: Sampling cluster or village identifier,Sampling segment / cluster (as shipped)
wave:2024:section11_3_honey_production,2024,hhid,ahs_household_id,AHS: Household identifier,Household id (unique within wave)
wave:2024:section11_3_honey_production,2024,wt,ahs_weight,AHS: Sampling weight,"Household weight carried by every row (sums to persons in the person file, to households in the household file; repeated per record in module files)"
wave:2024:section11_3_honey_production,2024,wt_hh,ahs_household_weight,AHS: Household weight,Household weight repeated on every row of this file -- sums to the number of households ONLY in the household file (one row per household)
wave:2024:section11_3_honey_production,2024,s11q3_1,ahs_bee_keeping_1,AHS 2024: Have you done bee keeping in last Six months?,11.3.1 Have you done bee keeping in last Six months?
wave:2024:section11_3_honey_production,2024,s11q3_2,ahs_traditional_bee_hives_2,AHS 2024: Number of traditional bee hives owned now,11.3.2 Number of traditional bee hives owned now
wave:2024:section11_3_honey_production,2024,s11q3_3,ahs_modern_bee_hives_owned_now_3,AHS 2024: Number of modern bee hives owned now,11.3.3 Number of modern bee hives owned now
wave:2024:section11_3_honey_production,2024,s11q3_4,ahs_qty_honey_produced_4,AHS 2024: Quantity of honey produced from traditional bee hives during 6,11.3.4 Quantity of honey produced from traditional bee hives during 6 last month
wave:2024:section11_3_honey_production,2024,s11q3_5,ahs_qty_honey_produced_modern_5,"AHS 2024: Quantity of honey produced from modern bee hive during 6, last months",11.3.5 Quantity of honey produced from modern bee hive during 6 last months (kg)
wave:2024:section11_3_honey_production,2024,s11q3_6,ahs_quantity_consumed_hh_kg_6,AHS 2024: Quantity consumed by your household during last 6 months (kg),11.3.6 Quantity consumed by your household during last 6 months (kg)
wave:2024:section11_3_honey_production,2024,s11q3_7,ahs_quantity_sold_kg,AHS 2024: Quantity sold during last 6 months (kg),11.3.7 Quantity sold during last 6 months (kg)
wave:2024:section11_3_honey_production,2024,s11q3_8,ahs_avg_saling_price_kg_rwf,AHS 2024: Average saling price per kg (RWF) (price for last sold honey),11.3.8 Average saling price per kg (Rwf) (price for last sold honey)
wave:2024:section11_3_honey_production,2024,s11q3_9,ahs_quantity_used_other_way_kg_9,AHS 2024: Quantity used in any other way during last 6 months (kg)?,11.3.9 Quantity used in any other way during last 6 months (kg)?
wave:2024:section11_3_honey_production,2024,owner,ahs_owner,AHS 2024: Owner,owner
wave:2024:section11_3_honey_production,2024,_merge,ahs_matching_result_merge,AHS 2024: Matching result from merge,Matching result from merge
wave:2024:section1_household_members_characteristics,2024,survey,ahs_survey,AHS: Source survey,Source survey
wave:2024:section1_household_members_characteristics,2024,year,ahs_year,AHS: Survey year,Survey year
wave:2024:section1_household_members_characteristics,2024,wave,ahs_wave,AHS: Wave identifier,Wave (survey year)
wave:2024:section1_household_members_characteristics,2024,sample,ahs_sample,AHS: Sample: sampled household or LSF large-scale-farmer supplement,"CS = sampled agricultural household; LSF = large-scale-farmer supplement record (2020: 2,345 list-frame farms with weight 1; 2024: 1,939 such records) -- not part of the household sample"
wave:2024:section1_household_members_characteristics,2024,prov,ahs_province,"AHS: Province, NISR code 1-5","Province (1-5, NISR codes)"
wave:2024:section1_household_members_characteristics,2024,dist,ahs_district,"AHS: District, NISR code 11-57","District (11-57, NISR current codes)"
wave:2024:section1_household_members_characteristics,2024,cluster,ahs_cluster,AHS 2017-2024: Sampling cluster or village identifier,Sampling segment / cluster (as shipped)
wave:2024:section1_household_members_characteristics,2024,hhid,ahs_household_id,AHS: Household identifier,Household id (unique within wave)
wave:2024:section1_household_members_characteristics,2024,pid,ahs_person_id,AHS: Person number within the household,Person number within the household
wave:2024:section1_household_members_characteristics,2024,wt,ahs_weight,AHS: Sampling weight,"Household weight carried by every row (sums to persons in the person file, to households in the household file; repeated per record in module files)"
wave:2024:section1_household_members_characteristics,2024,wt_hh,ahs_household_weight,AHS: Household weight,Household weight repeated on every row of this file -- sums to the number of households ONLY in the household file (one row per household)
wave:2024:section1_household_members_characteristics,2024,s1q2,ahs_relation_head_household_2024,AHS 2024: Relation with the head of household,Relation with the head of household
wave:2024:section1_household_members_characteristics,2024,s1q3m,ahs_age_months,AHS 2024: Age (Months),Age (Months)
wave:2024:section1_household_members_characteristics,2024,s1q4,ahs_marital_status_2024,AHS 2024: Marital status,Marital status
wave:2024:section1_household_members_characteristics,2024,s1q5a,ahs_country_birth,AHS 2024: Country of birth,country of birth
wave:2024:section1_household_members_characteristics,2024,s1q5b,ahs_district_birth,AHS 2024: District of birth,District of birth
wave:2024:section1_household_members_characteristics,2024,s1q6,ahs_nationality_2024,AHS 2024: Nationality,Nationality
wave:2024:section1_household_members_characteristics,2024,s1q7a,ahs_absent_12_months,AHS 2024: Absent during the past 12 months,Absent during past 12 months
wave:2024:section1_household_members_characteristics,2024,s1q7,ahs_months_away_household_2024,"AHS 2024: How many months has been away from this household, past 12 months",how many months has been away from this household during past 12 months
wave:2024:section1_household_members_characteristics,2024,s1q8,ahs_prim_reason_absence_hh_2024,AHS 2024: Primary reason of absence from household in the last 12 months,primary  reason of absence from household in the last 12 months
wave:2024:section1_household_members_characteristics,2024,s1q9,ahs_resident_another_hh_2024,AHS 2024: Resident of another household in the last 12 months,Resident of another household in the last 12 months
wave:2024:section1_household_members_characteristics,2024,s1q10,ahs_resident_hh_period_2024,AHS 2024: Will be resident in the household during the period of enumeration,Will be resident in the household during the period of enumeration
wave:2024:section1_household_members_characteristics,2024,s1q11,ahs_prim_n_reason_absence_2024,AHS 2024: Primary n reason for absence during enumeration,primary n reason for absence during enumeration
wave:2024:section1_household_members_characteristics,2024,s1q12,ahs_father_alive_2024,AHS 2024: Father still alive,Father still alive
wave:2024:section1_household_members_characteristics,2024,s1q13,ahs_mother_alive_2024,AHS 2024: Mother still alive,Mother still alive
wave:2024:section1_household_members_characteristics,2024,s1q14,ahs_household_membership_2024,AHS 2024: Household membership,Household membership
wave:2024:section1_household_members_characteristics,2024,s2q2,ahs_always_lived_district,AHS 2024: Always lived in the district,Always lived in the district
wave:2024:section1_household_members_characteristics,2024,s2q3y,ahs_duration_last_move_years,AHS 2024: Duration since last move (years),Duration since last move (years)
wave:2024:section1_household_members_characteristics,2024,s2q3m,ahs_duration_last_move_months,AHS 2024: Duration since last move (months),Duration since last move (months)
wave:2024:section1_household_members_characteristics,2024,s2q4a,ahs_country_lived_prior_place,AHS 2024: Country lived prior to current place,country  lived prior to current place
wave:2024:section1_household_members_characteristics,2024,s2q4b,ahs_district_lived_prior_place,AHS 2024: District lived prior to current place,District lived prior to current place
wave:2024:section1_household_members_characteristics,2024,s2q5,ahs_place_lived_prior_place,AHS 2024: Kind of place lived prior to current place,Kind of place lived prior to current place
wave:2024:section1_household_members_characteristics,2024,s2q6,ahs_duration_lived_previuos,AHS 2024: Duration lived in the previuos location years,Duration lived in the previuos location years
wave:2024:section1_household_members_characteristics,2024,s2q7,ahs_primary_reason_moving,AHS 2024: Primary reason for moving,Primary reason for moving
wave:2024:section1_household_members_characteristics,2024,s2q8,ahs_move_alone_other_household,AHS 2024: Move alone or with other members of your household,Move alone or with other members of your household
wave:2024:section1_household_members_characteristics,2024,s3q2,ahs_covered_health_insurance,AHS 2024: In the last 12 Months was covered by any health insurance?,In the last 12 Months was covered by any health insurance?
wave:2024:section1_household_members_characteristics,2024,s3q3,ahs_main_health_insurance_carry,AHS 2024: Main health insurance carry,Main health insurance carry
wave:2024:section1_household_members_characteristics,2024,s3q4,ahs_suffer_illness_injury,AHS 2024: Suffer from an illness or injury over the last 4weeks,Suffer from an illness or injury over the last 4weeks
wave:2024:section1_household_members_characteristics,2024,s3q5,ahs_medical_consultation,AHS 2024: Medical consultation in the over last 4 weeks,Medical consultation in the over last 4 weeks
wave:2024:section1_household_members_characteristics,2024,s3q5a,ahs_why_not_consult_medical,AHS 2024: Why not consult any Medical profession,why not consult any Medical profession
wave:2024:section1_household_members_characteristics,2024,s3q6,ahs_reason_medical_consultation,AHS 2024: Main reason for medical consultation,Main reason for medical consultation
wave:2024:section1_household_members_characteristics,2024,s3q7,ahs_difficulty_seeing,AHS 2024: Difficulty in seeing,Difficulty in seeing
wave:2024:section1_household_members_characteristics,2024,s3q8,ahs_difficulty_hearing,AHS 2024: Difficulty hearing,Difficulty hearing
wave:2024:section1_household_members_characteristics,2024,s3q9,ahs_difficulty_moving,AHS 2024: Difficulty in moving,Difficulty in moving
wave:2024:section1_household_members_characteristics,2024,s3q10,ahs_difficulty_remembering,AHS 2024: Difficulty in remembering or concentrating,Difficulty in remembering or concentrating
wave:2024:section1_household_members_characteristics,2024,s3q11,ahs_difficulty_communicating,AHS 2024: Difficulty communicating,Difficulty communicating
wave:2024:section1_household_members_characteristics,2024,s3q12,ahs_difficulty_self_care_washing,AHS 2024: Difficulty in self-care (such as: washing all over or dressing),Difficulty in self-care (such as: washing all over or dressing)
wave:2024:section1_household_members_characteristics,2024,s4aq1,ahs_school_organized_learning,AHS 2024: Ever been to school or organized learning,Ever been to school or organized learning
wave:2024:section1_household_members_characteristics,2024,s4aq1a,ahs_reason_never_attended_school,AHS 2024: Main reason of never attended school,Main reason of never attended school
wave:2024:section1_household_members_characteristics,2024,s4aq2,ahs_highest_class_succesfully,AHS 2024: Highest class succesfully attended in school,Highest class succesfully attended in school
wave:2024:section1_household_members_characteristics,2024,s4aq2a,ahs_years_school_complete,AHS 2024: Years of school complete successfully at that level?,years of school  complete successfully at that level?
wave:2024:section1_household_members_characteristics,2024,s4aq3,ahs_highest_diploma_certificate,AHS 2024: Highest diploma/certificate/ degree you have ever obtained,Highest diploma/certificate/ degree you have ever obtained
wave:2024:section1_household_members_characteristics,2024,s4aq6a,ahs_class_attended_2024,AHS 2024: Class attended in 2022/2023,Class attended in 2022/2023
wave:2024:section1_household_members_characteristics,2024,s4aq6b,ahs_class_attended_2024_s4aq6b,AHS 2024: Class attended in 2023/2024,Class attended in 2023/2024
wave:2024:section1_household_members_characteristics,2024,s4aq6c,ahs_class_attended_2024_s4aq6c,AHS 2024: Class attended in 2024/2025,Class attended in 2024/2025
wave:2024:section1_household_members_characteristics,2024,s4aq6d,ahs_cause_repeat_class,AHS 2024: Cause of repeat the 2023 class in 2024,Cause of repeat the 2023 class in 2024
wave:2024:section1_household_members_characteristics,2024,s4aq7,ahs_attended_school,AHS 2024: Attended school in the last 12 months,Attended school in the last 12 months
wave:2024:section1_household_members_characteristics,2024,s4aq8,ahs_highest_education_attended,AHS 2024: Highest level of education attended in last 12 months,Highest level of education attended in last 12 months
wave:2024:section1_household_members_characteristics,2024,s4aq8a,ahs_highest_class_attended,AHS 2024: Highest class attended in last 12 months,Highest class attended in last 12 months
wave:2024:section1_household_members_characteristics,2024,s4aq8b,ahs_boarding_school,AHS 2024: Boarding School,Boarding School
wave:2024:section1_household_members_characteristics,2024,s4aq9,ahs_age_studying_reported_class,AHS 2024: Age when studying in the Reported class,Age when studying in the Reported class
wave:2024:section1_household_members_characteristics,2024,s4aq10,ahs_reason_delaying_start_school,AHS 2024: Reason for delaying start the school?,Reason for delaying start the school?
wave:2024:section1_household_members_characteristics,2024,s4aq11,ahs_type_school,AHS 2024: Type of school,Type of school
wave:2024:section1_household_members_characteristics,2024,s4aq14a,ahs_registration_school_fees,AHS 2024: Registration and school fees,Registration and school fees
wave:2024:section1_household_members_characteristics,2024,s4aq14b,ahs_parent_contributions,AHS 2024: Parent contributions,Parent contributions
wave:2024:section1_household_members_characteristics,2024,s4aq14c,ahs_school_uniforms,AHS 2024: School uniforms,School uniforms
wave:2024:section1_household_members_characteristics,2024,s4aq14d,ahs_books_school_supplies,AHS 2024: Books and school supplies,Books and school supplies
wave:2024:section1_household_members_characteristics,2024,s4aq14e,ahs_transport_school,AHS 2024: Transport to and from school,Transport to and from school
wave:2024:section1_household_members_characteristics,2024,s4aq14f,ahs_room_board_board,AHS 2024: Room and board (or board only),Room and board (or board only)
wave:2024:section1_household_members_characteristics,2024,s4aq14g,ahs_other_schooling_expenditures,AHS 2024: Other schooling expenditures,Other schooling expenditures
wave:2024:section1_household_members_characteristics,2024,s4aq14h,ahs_educ_expenses_non,AHS 2024: Total education expenses (non-distributed option),Total education expenses (non-distributed option)
wave:2024:section1_household_members_characteristics,2024,s4aq20,ahs_reason_leaving_school,AHS 2024: Reason for leaving school,Reason for leaving school
wave:2024:section1_household_members_characteristics,2024,s4bq1,ahs_attended_vocational_training,AHS 2024: Attended any vocational training,attended any vocational training
wave:2024:section1_household_members_characteristics,2024,s4bq2,ahs_expense_training_including,"AHS 2024: Expense of this training including fees, expenses and accommodation","Expense of this training including fees, expenses and accommodation"
wave:2024:section1_household_members_characteristics,2024,s4bq3,ahs_attended_literacy_course,AHS 2024: Have you attended a literacy course?,Have you attended a literacy course?
wave:2024:section1_household_members_characteristics,2024,s4bq4,ahs_able_read_simple_note,AHS 2024: Able to read a simple note,Able to read a simple note
wave:2024:section1_household_members_characteristics,2024,s4bq5,ahs_read_proposed_sentence,AHS 2024: Can read proposed a sentence,Can read proposed a sentence
wave:2024:section1_household_members_characteristics,2024,s4bq6,ahs_able_simple_note,AHS 2024: Able to write a simple note,Able to write a simple note
wave:2024:section1_household_members_characteristics,2024,s4bq7,ahs_able_written_calculation,AHS 2024: Able to do a written calculation,Able to do a written calculation
wave:2024:section1_household_members_characteristics,2024,s4bq8,ahs_mobile_telephone,AHS 2024: Have a mobile telephone,Have a mobile telephone
wave:2024:section1_household_members_characteristics,2024,s4bq9,ahs_phone_functionalities_owned,AHS 2024: Phone functionalities. Owned by,Phone functionalities. Owned by ...
wave:2024:section1_household_members_characteristics,2024,s4bq10,ahs_type_phone_own,AHS 2024: Type of phone do you own?,type of phone do you own?
wave:2024:section1_household_members_characteristics,2024,s4bq11,ahs_reasons_not_having,AHS 2024: Reasons for not having a smartphone,reasons for not having a smartphone
wave:2024:section1_household_members_characteristics,2024,s4bq12,ahs_why_not_mobile_telephone,AHS 2024: Why does not have a mobile telephone,Why does not have a mobile telephone
wave:2024:section1_household_members_characteristics,2024,s4bq13a,ahs_own_computer,AHS 2024: Own a computer,Own a computer
wave:2024:section1_household_members_characteristics,2024,s4bq13b,ahs_computer_literacy,AHS 2024: Computer literacy,Computer literacy
wave:2024:section1_household_members_characteristics,2024,s4bq13c,ahs_often_use_computer,AHS 2024: How often did use a computer in the last three months?,How often did use a computer in the last three months?
wave:2024:section1_household_members_characteristics,2024,s4bq14a,ahs_copying_moving_file_folder,AHS 2024: Copying or moving a file or a folder,Copying or moving a file or a folder
wave:2024:section1_household_members_characteristics,2024,s4bq14b,ahs_using_copy_paste_tools,AHS 2024: Using copy and paste tools to duplicate or move information,Using copy and paste tools to duplicate or move information
wave:2024:section1_household_members_characteristics,2024,s4bq14c,ahs_sending_mails_attached_files,AHS 2024: Sending e-mails with attached files,Sending e-mails with attached files
wave:2024:section1_household_members_characteristics,2024,s4bq14d,ahs_using_basic_arithmetic,AHS 2024: Using basic arithmetic formula in a spreadsheet,Using basic arithmetic formula in a spreadsheet
wave:2024:section1_household_members_characteristics,2024,s4bq14e,ahs_connecting_installing_new,AHS 2024: Connecting and installing new devices,Connecting and installing new devices
wave:2024:section1_household_members_characteristics,2024,s4bq14f,ahs_finding_downloading,"AHS 2024: Finding, downloading, installing and configuring software","Finding, downloading, installing and configuring software"
wave:2024:section1_household_members_characteristics,2024,s4bq14g,ahs_creating_electronic,AHS 2024: Creating electronic presentations with presentation software,Creating electronic presentations with presentation software
wave:2024:section1_household_members_characteristics,2024,s4bq14h,ahs_transferring_files_computer,AHS 2024: Transferring files between a computer and other devices,Transferring files between a computer and other devices
wave:2024:section1_household_members_characteristics,2024,s4bq14i,ahs_writing_computer_program,AHS 2024: Writing a computer program using a specialized programming language,Writing a computer program using a specialized programming language
wave:2024:section1_household_members_characteristics,2024,s4bq15,ahs_used_internet,AHS 2024: Used of internet in the last 3 months,Used of internet in the last 3 months
wave:2024:section1_household_members_characteristics,2024,s4bq16,ahs_reason_not_using_internet,AHS 2024: Reason for not using internet in the last three months?,Reason for not using internet in the last three months?
wave:2024:section1_household_members_characteristics,2024,s4bq17,ahs_often_use_internet,AHS 2024: How often did use the internet in the last three months?,How often did use the internet in the last three months?
wave:2024:section1_household_members_characteristics,2024,s4bq18,ahs_use_internet_finding_info,AHS 2024: Use of the internet for finding information about goods,Use of the internet in the last three months for finding information about goods
wave:2024:section1_household_members_characteristics,2024,s4bq19,ahs_use_internet_reading,AHS 2024: Use of internet for reading or downloading online news,Use of internet in the last three months for reading or downloading online news/
wave:2024:section1_household_members_characteristics,2024,s4bq20,ahs_use_internet_obtaining_info,AHS 2024: Use of the internet for obtaining information from webs,Use of the internet in the last three months for obtaining information from webs
wave:2024:section1_household_members_characteristics,2024,s4bq21,ahs_use_internet_seeking_health,"AHS 2024: Use of the internet for seeking health information, last three months",Use of the internet in the last three months for seeking health information
wave:2024:section1_household_members_characteristics,2024,s4bq22,ahs_use_internet_social_media,AHS 2024: Use of internet on social media in the last 3 months,Use of internet on social media in the last 3 months
wave:2024:section1_household_members_characteristics,2024,s4bq23,ahs_able_apply_digital_skills,AHS 2024: Able to apply any of the following digital skills,able to apply any of the following digital skills
wave:2024:section1_household_members_characteristics,2024,s4bq23a,ahs_use_ussd_access_svc_info,AHS 2024: Use only USSD code to access E-services or information,Use only USSD code  to access E-services or information
wave:2024:section1_household_members_characteristics,2024,s4bq23b,ahs_use_application_based_system,AHS 2024: Use application based system to access E-services or information,Use application based system  to access E-services or information
wave:2024:section1_household_members_characteristics,2024,s4bq23c,ahs_use_mobile_financial_svc,AHS 2024: Use mobile financial services(MOMO/AIRTEL MONEY/MOCASH/PUSH AND PULL),Use mobile financial services(MOMO/AIRTEL MONEY/MOCASH/PUSH AND PULL)
wave:2024:section1_household_members_characteristics,2024,s4bq23d,ahs_use_social_media_whatsapp,AHS 2024: Use any social media (whatsapp or facebook," Use any social media (whatsapp or facebook, or instagram or youtube or twitter"
wave:2024:section1_household_members_characteristics,2024,s4bq23e,ahs_access_info_through_web,AHS 2024: Access information through web browser,Access information through web browser
wave:2024:section1_household_members_characteristics,2024,s4bq23f,ahs_access_irembo_services,AHS 2024: Access IREMBO services,Access IREMBO services
wave:2024:section1_household_members_characteristics,2024,s4bq23g,ahs_use_commerce_plaforms,AHS 2024: Use any E-commerce plaforms,Use any E-commerce plaforms
wave:2024:section1_household_members_characteristics,2024,s4bq23h,ahs_access_learning_platforms,AHS 2024: Access E-learning platforms,Access E-learning platforms
wave:2024:section1_household_members_characteristics,2024,s4bq25,ahs_use_internet,AHS 2024: Use the internet from in the last 3 months,Use the internet from  in the last 3 months
wave:2024:section1_household_members_characteristics,2024,s4bq26,ahs_device_used_accessing_social,AHS 2024: Type of device used in accessing social media in the last three months,Type of device used in accessing social media in the last three months
wave:2024:section1_household_members_characteristics,2024,s6aq2,ahs_worked_own_farm_payment,AHS 2024: Worked on own farm no payment,Worked on own farm no payment
wave:2024:section1_household_members_characteristics,2024,s6aq3,ahs_products_obtained_agri_activ,AHS 2024: Products obtained from this agricultural activity for,products obtained from this agricultural  activity for
wave:2024:section1_household_members_characteristics,2024,s6aq4,ahs_carry_agricultural_activity,AHS 2024: Carry out any agricultural activity,Carry out any agricultural activity
wave:2024:section1_household_members_characteristics,2024,s6aq5,ahs_worked_salary_wages_non_farm,AHS 2024: Worked for salary or wages in non-farm sector,Worked for salary or wages in non-farm sector
wave:2024:section1_household_members_characteristics,2024,s6aq6,ahs_run_non_farm_biz_cash_profit,AHS 2024: Run a non-farm business for cash or profit,Run a non-farm business for cash or profit
wave:2024:section1_household_members_characteristics,2024,s6aq7,ahs_worked_non_fam_business,AHS 2024: Worked in a non-fam business,Worked in a non-fam business
wave:2024:section1_household_members_characteristics,2024,s6aq8,ahs_work_unpaid_trainee_wkr,AHS 2024: Work as an unpaid trainee worker or as a volunteer worker in any,work as an unpaid trainee worker or as a volunteer worker in any economic activi
wave:2024:section1_household_members_characteristics,2024,s6aq9,ahs_economic_activ_job_biz_agri,AHS 2024: Any economic activity from which the person was tempo,"any economic activity (job, business or agriculture) from which he/she was tempo"
wave:2024:section1_household_members_characteristics,2024,s6aq10,ahs_main_reason_not_working,AHS 2024: Main reason not working over the last 7 days,Main reason not working over the last 7 days
wave:2024:section1_household_members_characteristics,2024,s6aq11,ahs_receiving_income_economic,AHS 2024: Receiving an income from their economic activity during absence?,Receiving an income from his/her economic activity during absence?
wave:2024:section1_household_members_characteristics,2024,s6aq12,ahs_work_period_less_months,AHS 2024: To work for a period less than 3 months?,to work for a period less than 3 months?
wave:2024:section1_household_members_characteristics,2024,s6bq1,ahs_hours_work_week,AHS 2024: Hours usually work in the all economic activities over a week,Hours usually work in the all economic activities over a week
wave:2024:section1_household_members_characteristics,2024,s6bq2,ahs_hours_work_economic_2024,AHS 2024: Hours actually work in all economic activities last 7 days,Hours  actually work in all economic activities last 7 days
wave:2024:section1_household_members_characteristics,2024,s6bq3a,ahs_isco_description_table,AHS 2024: ISCO code description from table,ISCO code description from table
wave:2024:section1_household_members_characteristics,2024,s6bq5,ahs_institutional_sector,AHS 2024: 's institutional sector of the main economic activity,What is [NAME]?s institutional sector of the main economic activity?
wave:2024:section1_household_members_characteristics,2024,s6bq6,ahs_perform_economic_activ,AHS 2024: Perform this main economic activity overnight from 6pm to 6 am?,perform this main economic activity overnight from 6pm to 6 am?
wave:2024:section1_household_members_characteristics,2024,s6bq7,ahs_status_economic_activity,AHS 2024: What is the person's status in economic activity,What is [NAME]?s status in economic activity
wave:2024:section1_household_members_characteristics,2024,s6bq8,ahs_nature_economic_activ,AHS 2024: Nature of ??'s? economic activity contract?,nature of ???s? economic activity contract?
wave:2024:section1_household_members_characteristics,2024,s6bq9a,ahs_earn_main_job_amount,AHS 2024: Usually earn in this main job (Amount),usually earn in this main job (Amount)
wave:2024:section1_household_members_characteristics,2024,s6bq9b,ahs_earn_main_job_unit,AHS 2024: Usually earn in this main job (Unit),usually earn in this main job (Unit)
wave:2024:section1_household_members_characteristics,2024,s6cq2,ahs_number_hours_fetching_water,AHS 2024: Number of hours spend fetching water over the last 7 days,Number of hours spend fetching water over the last 7 days
wave:2024:section1_household_members_characteristics,2024,s6cq3,ahs_forage_firewood_household,"AHS 2024: Over the last 7 days, forage for firewood for the household","Over the last 7 days,   forage for firewood for the household"
wave:2024:section1_household_members_characteristics,2024,s6cq4,ahs_hours_foraging_wood,AHS 2024: How many hours spend foraging for wood over the last 7 days,How many hours    spend foraging for wood over the last 7 days
wave:2024:section1_household_members_characteristics,2024,s6cq5,ahs_searching_fodder_grazing_hh,"AHS 2024: Searching for fodder or grazing for the household's anima, last 7 days","Over the last 7 days, searching for  fodder or grazing for the household?s anima"
wave:2024:section1_household_members_characteristics,2024,s6cq6,ahs_hours_caring_searching,"AHS 2024: How many hours spend caring for or searching for fodder, last 7 days",How many hours spend  caring for or searching for fodder over the last 7 days?
wave:2024:section1_household_members_characteristics,2024,s6cq7,ahs_go_market_household_shopping,"AHS 2024: Did go to the market for the household for shopping, last 7 days","Over the last 7 days, did go to the market for the household for shopping?"
wave:2024:section1_household_members_characteristics,2024,s6cq8,ahs_hours_going_market_shopping,"AHS 2024: Hours did spend going to market for shopping (to and fr, last 7 days",How many hours did spend going to market for shopping the last 7 days (to and fr
wave:2024:section1_household_members_characteristics,2024,s6cq9,ahs_cook_household,"AHS 2024: Over the last 7 days, did cook for the household?","Over the last 7 days, did cook for the household?"
wave:2024:section1_household_members_characteristics,2024,s6cq10,ahs_hours_cooking,AHS 2024: How many hours did spend cooking over the last 7 days?,How many hours did spend cooking over the last 7 days?
wave:2024:section1_household_members_characteristics,2024,s6cq11,ahs_time_household_chores_laund,AHS 2024: Did spend any time on other household chores such as laund,"Over the last 7 days, did spend any time on other household chores such as laund"
wave:2024:section1_household_members_characteristics,2024,s6cq12,ahs_hours_other_household_chores,"AHS 2024: How many hours did spend on other household chores, last 7 days",How many hours did spend on other household chores over the last 7 days?
wave:2024:section1_household_members_characteristics,2024,s1q1,ahs_sex,AHS: Sex,Sex
wave:2024:section1_household_members_characteristics,2024,s1q3y,ahs_age_years,AHS: Age (Years),Age (Years)
wave:2024:section2_land_tenure,2024,survey,ahs_survey,AHS: Source survey,Source survey
wave:2024:section2_land_tenure,2024,year,ahs_year,AHS: Survey year,Survey year
wave:2024:section2_land_tenure,2024,wave,ahs_wave,AHS: Wave identifier,Wave (survey year)
wave:2024:section2_land_tenure,2024,sample,ahs_sample,AHS: Sample: sampled household or LSF large-scale-farmer supplement,"CS = sampled agricultural household; LSF = large-scale-farmer supplement record (2020: 2,345 list-frame farms with weight 1; 2024: 1,939 such records) -- not part of the household sample"
wave:2024:section2_land_tenure,2024,prov,ahs_province,"AHS: Province, NISR code 1-5","Province (1-5, NISR codes)"
wave:2024:section2_land_tenure,2024,dist,ahs_district,"AHS: District, NISR code 11-57","District (11-57, NISR current codes)"
wave:2024:section2_land_tenure,2024,cluster,ahs_cluster,AHS 2017-2024: Sampling cluster or village identifier,Sampling segment / cluster (as shipped)
wave:2024:section2_land_tenure,2024,hhid,ahs_household_id,AHS: Household identifier,Household id (unique within wave)
wave:2024:section2_land_tenure,2024,wt,ahs_weight,AHS: Sampling weight,"Household weight carried by every row (sums to persons in the person file, to households in the household file; repeated per record in module files)"
wave:2024:section2_land_tenure,2024,wt_hh,ahs_household_weight,AHS: Household weight,Household weight repeated on every row of this file -- sums to the number of households ONLY in the household file (one row per household)
wave:2024:section2_land_tenure,2024,s2q1,ahs_plot_2024,AHS 2024: Plot No,2.1 Plot No.
wave:2024:section2_land_tenure,2024,s2q2,ahs_area_sqm_2024,AHS 2024: Area in sqm,Area in sqm
wave:2024:section2_land_tenure,2024,s2q2a,ahs_plot_land_use,AHS 2024: Plot land use,Plot land use
wave:2024:section2_land_tenure,2024,s2q3,ahs_owners_users_plot_2024,AHS 2024: Owners/users of this plot,2.3 Owners/users of this plot
wave:2024:section2_land_tenure,2024,s2q4,ahs_owners_users_access_2024,AHS 2024: How did the owners/users get access to this plot?,2.4 How did the owners/users get access to this plot?
wave:2024:section2_land_tenure,2024,s2q5,ahs_pay_cash_renting_plot_2024,AHS 2024: How much did you pay in cash for renting this plot this season?,2.5 How much did you pay in cash for renting this plot this season?
wave:2024:section2_land_tenure,2024,s2q6,ahs_value_products_shared_2024,AHS 2024: Value of the products you shared as a payment of the rent of thi,2.6 What is the value of the products you shared as a payment of the rent of thi
wave:2024:section2_land_tenure,2024,s2q7,ahs_plot_belong_hh_parcels_land,AHS 2024: Is this plot belong in household parcels that have a land title?,2.7 Is this plot belong in household parcels that have a land title?
wave:2024:section2_land_tenure,2024,s2q8,ahs_hh_right_sell_use_land_2024,AHS 2024: Household members with the right to sell/use the land as a guarantee,2.8 Household members with the right to sell/use the land as a guarantee for a l
wave:2024:section2_land_tenure,2024,s2q9,ahs_hh_right_bequeath_land_2024,AHS 2024: Household members with the right to bequeath the land,2.9 Household members with the right to bequeath the land.
wave:2024:section2_land_tenure,2024,season,ahs_season,AHS 2024: Agricultural season,
wave:2024:section2_land_tenure,2024,quintile,ahs_quintiles_real_consum_ae,AHS 2024: Quintiles of real consumption per ae,Quintiles of real consumption per ae
wave:2024:section2_land_tenure,2024,epov_jan,ahs_extreme_poverty,AHS 2024: Extreme Poverty,Extreme Poverty
wave:2024:section2_land_tenure,2024,pov_jan,ahs_poverty_rate,AHS 2024: Poverty Rate,Poverty Rate
wave:2024:section2_land_tenure,2024,total_agr_land,ahs_agri_land_household_ha,AHS 2024: Total agriculture land/household in ha,Total agriculture land/household in ha
wave:2024:section3_4_crop_grown_seeds_and_production_agricultural_inputs_and_practices,2024,survey,ahs_survey,AHS: Source survey,Source survey
wave:2024:section3_4_crop_grown_seeds_and_production_agricultural_inputs_and_practices,2024,year,ahs_year,AHS: Survey year,Survey year
wave:2024:section3_4_crop_grown_seeds_and_production_agricultural_inputs_and_practices,2024,wave,ahs_wave,AHS: Wave identifier,Wave (survey year)
wave:2024:section3_4_crop_grown_seeds_and_production_agricultural_inputs_and_practices,2024,sample,ahs_sample,AHS: Sample: sampled household or LSF large-scale-farmer supplement,"CS = sampled agricultural household; LSF = large-scale-farmer supplement record (2020: 2,345 list-frame farms with weight 1; 2024: 1,939 such records) -- not part of the household sample"
wave:2024:section3_4_crop_grown_seeds_and_production_agricultural_inputs_and_practices,2024,prov,ahs_province,"AHS: Province, NISR code 1-5","Province (1-5, NISR codes)"
wave:2024:section3_4_crop_grown_seeds_and_production_agricultural_inputs_and_practices,2024,dist,ahs_district,"AHS: District, NISR code 11-57","District (11-57, NISR current codes)"
wave:2024:section3_4_crop_grown_seeds_and_production_agricultural_inputs_and_practices,2024,cluster,ahs_cluster,AHS 2017-2024: Sampling cluster or village identifier,Sampling segment / cluster (as shipped)
wave:2024:section3_4_crop_grown_seeds_and_production_agricultural_inputs_and_practices,2024,hhid,ahs_household_id,AHS: Household identifier,Household id (unique within wave)
wave:2024:section3_4_crop_grown_seeds_and_production_agricultural_inputs_and_practices,2024,wt,ahs_weight,AHS: Sampling weight,"Household weight carried by every row (sums to persons in the person file, to households in the household file; repeated per record in module files)"
wave:2024:section3_4_crop_grown_seeds_and_production_agricultural_inputs_and_practices,2024,wt_hh,ahs_household_weight,AHS: Household weight,Household weight repeated on every row of this file -- sums to the number of households ONLY in the household file (one row per household)
wave:2024:section3_4_crop_grown_seeds_and_production_agricultural_inputs_and_practices,2024,s2q2,ahs_always_lived_district,AHS 2024: Always lived in the district,area_sqm
wave:2024:section3_4_crop_grown_seeds_and_production_agricultural_inputs_and_practices,2024,cluster_id,ahs_cluster_number,AHS: Cluster Number,Cluster Number
wave:2024:section3_4_crop_grown_seeds_and_production_agricultural_inputs_and_practices,2024,season,ahs_season,AHS: Agricultural season,Season
wave:2024:section3_4_crop_grown_seeds_and_production_agricultural_inputs_and_practices,2024,s2q1,ahs_plot,AHS: Plot No,2.1 Plot No.
wave:2024:section3_4_crop_grown_seeds_and_production_agricultural_inputs_and_practices,2024,s3_q3,ahs_crops_surveyed_season_plot,AHS: Number of crops to be surveyed on during this season in the plot,3.3 Number of crops to be surveyed on during this season in the plot.
wave:2024:section3_4_crop_grown_seeds_and_production_agricultural_inputs_and_practices,2024,s3_q4_1,ahs_crop_1,AHS: Crop name,3.4 Crop name
wave:2024:section3_4_crop_grown_seeds_and_production_agricultural_inputs_and_practices,2024,s3q4_o1,ahs_other_crop_1,AHS: Other Crop name,3.4 Other Crop name
wave:2024:section3_4_crop_grown_seeds_and_production_agricultural_inputs_and_practices,2024,s3_q4_1a,ahs_crop_proportion_1a,AHS: Crop proportion (in %),Crop proportion (in %)
wave:2024:section3_4_crop_grown_seeds_and_production_agricultural_inputs_and_practices,2024,s3_q4_1b,ahs_crop_density_1b,AHS: Crop density (in %),Crop density (in %)
wave:2024:section3_4_crop_grown_seeds_and_production_agricultural_inputs_and_practices,2024,s3_q5_1,ahs_plants_plot_perennial_1,AHS: Number of plants in this plot (for perennial crops),3.5  Number of plants in this plot (for perennial crops)
wave:2024:section3_4_crop_grown_seeds_and_production_agricultural_inputs_and_practices,2024,s3_q6_1,ahs_plants_harvested_season_1,AHS: Number of plants to be harvested in this season (for perennial crops),3.6 Number of plants to be harvested in this season (for perennial crops)
wave:2024:section3_4_crop_grown_seeds_and_production_agricultural_inputs_and_practices,2024,s3_q7_1,ahs_sowing_date_1,AHS: 7 Sowing date,3. 7 Sowing date
wave:2024:section3_4_crop_grown_seeds_and_production_agricultural_inputs_and_practices,2024,s3_q7_1a,ahs_crop_planted_season_1a,AHS: Was this crop planted in this season?,Was this crop planted in this season?
wave:2024:section3_4_crop_grown_seeds_and_production_agricultural_inputs_and_practices,2024,s3_q7_1b,ahs_crop_harvested_season_1b,AHS: Will this crop be harvested in this season?,Will this crop be harvested in this season?
wave:2024:section3_4_crop_grown_seeds_and_production_agricultural_inputs_and_practices,2024,s3_q8_1,ahs_expected_period_crop_1,AHS: Expected period for crop harvesting,3.8 Expected period for crop harvesting
wave:2024:section3_4_crop_grown_seeds_and_production_agricultural_inputs_and_practices,2024,s3_q9_1,ahs_type_seeds_sown_plot_1,AHS: Type of seeds sown in this plot,3.9 Type of seeds sown in this plot
wave:2024:section3_4_crop_grown_seeds_and_production_agricultural_inputs_and_practices,2024,s3q10_1,ahs_improved_seeds_sown_come_1,AHS: Where did improved seeds sown come from?,3.10 Where did improved seeds sown come from?
wave:2024:section3_4_crop_grown_seeds_and_production_agricultural_inputs_and_practices,2024,s3q10_o1,ahs_improved_seeds_sown_s3q10o1,AHS: Where did improved seeds sown come from?,3.10 Where did improved seeds sown come from?
wave:2024:section3_4_crop_grown_seeds_and_production_agricultural_inputs_and_practices,2024,s3_q11_1,ahs_quantity_traditional_unit,AHS: Quantity of traditional seeds sown in this plot-Unit,3.11 Quantity of traditional seeds sown in this plot-Unit
wave:2024:section3_4_crop_grown_seeds_and_production_agricultural_inputs_and_practices,2024,s3_q11b_1,ahs_qty_traditional_seeds_sown_1,AHS: Quantity of traditional seeds sown in this plot-Quantity,3.11 Quantity of traditional seeds sown in this plot-Quantity
wave:2024:section3_4_crop_grown_seeds_and_production_agricultural_inputs_and_practices,2024,s3_q12_1,ahs_qty_traditional_seeds_1,AHS: Quantity of traditional seeds purchased and sown in the plot,3.12 Quantity of traditional seeds purchased and sown in the plot
wave:2024:section3_4_crop_grown_seeds_and_production_agricultural_inputs_and_practices,2024,s3_q13_1,ahs_amount_purchase_1,AHS: Amount spent for the purchase of traditional seeds for this plot (RWF),3.13 Amount spent for the purchase of traditional seeds for this plot (Rwf)
wave:2024:section3_4_crop_grown_seeds_and_production_agricultural_inputs_and_practices,2024,s3_q14_1,ahs_quantity_improved_unit,AHS: Quantity of improved seeds sown in this plot-Unit,3.14 Quantity of improved seeds sown in this plot-Unit
wave:2024:section3_4_crop_grown_seeds_and_production_agricultural_inputs_and_practices,2024,s3_q14b_1,ahs_qty_improved_seeds_sown_1,AHS: Quantity of improved seeds sown in this plot-Quantity,3.14 Quantity of improved seeds sown in this plot-Quantity
wave:2024:section3_4_crop_grown_seeds_and_production_agricultural_inputs_and_practices,2024,s3_q15_1,ahs_qty_improved_seeds_bought_1,AHS: Quantity of improved seeds purchased and sown in this plot,3.15 Quantity of improved seeds purchased and sown in this plot
wave:2024:section3_4_crop_grown_seeds_and_production_agricultural_inputs_and_practices,2024,s3_q16_1,ahs_amount_purchase_improved_1,AHS: Amount spent for the purchase of improved seeds sown in this plot (RWF),3.16 Amount spent for the purchase of improved seeds sown in this plot (Rwf)
wave:2024:section3_4_crop_grown_seeds_and_production_agricultural_inputs_and_practices,2024,s3_q17_1,ahs_unit_measurement_used_1,AHS: Unit measurement (in used local recipient),3.17 Unit measurement (in used local recipient)
wave:2024:section3_4_crop_grown_seeds_and_production_agricultural_inputs_and_practices,2024,s3_q17_o_1,ahs_unit_measurement_other,AHS: Other unit measurement (in used local recipient),3.17 Other unit measurement (in used local recipient)
wave:2024:section3_4_crop_grown_seeds_and_production_agricultural_inputs_and_practices,2024,s3_q18_1,ahs_qty_already_harvested_1,AHS: Quantity already harvested in this season for this plot-Quantity harvested,3.18 Quantity already harvested in this season for this plot-Quantity harvested
wave:2024:section3_4_crop_grown_seeds_and_production_agricultural_inputs_and_practices,2024,s3q18_3_1,ahs_qty_already_estimate_harvest,AHS: Quantity already harvested in this season for this plot-Estimate of harvest,3.18 Quantity already harvested in this season for this plot-Estimate of harvest
wave:2024:section3_4_crop_grown_seeds_and_production_agricultural_inputs_and_practices,2024,s3_q19_1,ahs_remaining_qty_harvested_1,AHS: Remaining quantity to be harvested in this season for this plot-Quantity to,3.19 Remaining quantity to be harvested in this season for this plot-Quantity to
wave:2024:section3_4_crop_grown_seeds_and_production_agricultural_inputs_and_practices,2024,s3q19_3_1,ahs_remaining_qty_estimates_o,AHS: Remaining quantity to be harvested in this season for this plot-Estimates o,3.19 Remaining quantity to be harvested in this season for this plot-Estimates o
wave:2024:section3_4_crop_grown_seeds_and_production_agricultural_inputs_and_practices,2024,s3_q20_1,ahs_qty_harvest_season_plot_kg_1,AHS: Total quantity of harvest for this season in this plot (in Kg),3.20 Total quantity of harvest for this season in this plot (in Kg)
wave:2024:section3_4_crop_grown_seeds_and_production_agricultural_inputs_and_practices,2024,s2q23_1,ahs_compare_prod_crop_season_1,AHS: How do you compare the production of this crop in this season and its produ,2.22 How do you compare the production of this crop in this season and its produ
wave:2024:section3_4_crop_grown_seeds_and_production_agricultural_inputs_and_practices,2024,s3_q21_1_1,ahs_explanation_crop_prod_1,AHS: Explanation on crop production status(Order the explanations starting by t,3.21. Explanation on crop production status(Order the explanations starting by t
wave:2024:section3_4_crop_grown_seeds_and_production_agricultural_inputs_and_practices,2024,s3_q21_1_o1,ahs_explanation_crop_1,AHS: Other explanation on crop production status,3.21. Other explanation on crop production status
wave:2024:section3_4_crop_grown_seeds_and_production_agricultural_inputs_and_practices,2024,s3_q4_2,ahs_crop_2,AHS: Crop name,3.4 Crop name
wave:2024:section3_4_crop_grown_seeds_and_production_agricultural_inputs_and_practices,2024,s3q4_o2,ahs_other_crop_2,AHS: Other Crop name,3.4 Other Crop name
wave:2024:section3_4_crop_grown_seeds_and_production_agricultural_inputs_and_practices,2024,s3_q4_2a,ahs_crop_proportion_2a,AHS: Crop proportion (in %),Crop proportion (in %)
wave:2024:section3_4_crop_grown_seeds_and_production_agricultural_inputs_and_practices,2024,s3_q4_2b,ahs_crop_density_2b,AHS: Crop density (in %),Crop density (in %)
wave:2024:section3_4_crop_grown_seeds_and_production_agricultural_inputs_and_practices,2024,s3_q5_2,ahs_plants_plot_perennial_2,AHS: Number of plants in this plot (for perennial crops),3.5  Number of plants in this plot (for perennial crops)
wave:2024:section3_4_crop_grown_seeds_and_production_agricultural_inputs_and_practices,2024,s3_q6_2,ahs_plants_harvested_season_2,AHS: Number of plants to be harvested in this season (for perennial crops),3.6 Number of plants to be harvested in this season (for perennial crops)
wave:2024:section3_4_crop_grown_seeds_and_production_agricultural_inputs_and_practices,2024,s3_q7_2,ahs_sowing_date_2,AHS: 7 Sowing date,3. 7 Sowing date
wave:2024:section3_4_crop_grown_seeds_and_production_agricultural_inputs_and_practices,2024,s3_q7_2a,ahs_crop_planted_season_2a,AHS: Was this crop planted in this season?,Was this crop planted in this season?
wave:2024:section3_4_crop_grown_seeds_and_production_agricultural_inputs_and_practices,2024,s3_q7_2b,ahs_crop_harvested_season_2b,AHS: Will this crop be harvested in this season?,Will this crop be harvested in this season?
wave:2024:section3_4_crop_grown_seeds_and_production_agricultural_inputs_and_practices,2024,s3_q8_2,ahs_expected_period_crop_2,AHS: Expected period for crop harvesting,3.8 Expected period for crop harvesting
wave:2024:section3_4_crop_grown_seeds_and_production_agricultural_inputs_and_practices,2024,s3_q9_2,ahs_type_seeds_sown_plot_2,AHS: Type of seeds sown in this plot,3.9 Type of seeds sown in this plot
wave:2024:section3_4_crop_grown_seeds_and_production_agricultural_inputs_and_practices,2024,s3q10_2,ahs_improved_seeds_sown_come_2,AHS: Where did improved seeds sown come from?,3.10 Where did improved seeds sown come from?
wave:2024:section3_4_crop_grown_seeds_and_production_agricultural_inputs_and_practices,2024,s3q10_o2,ahs_improved_seeds_sown_s3q10o2,AHS: Where did improved seeds sown come from?,3.10 Where did improved seeds sown come from?
wave:2024:section3_4_crop_grown_seeds_and_production_agricultural_inputs_and_practices,2024,s3_q11_2,ahs_quantity_traditional_s3q112,AHS: Quantity of traditional seeds sown in this plot-Unit,3.11 Quantity of traditional seeds sown in this plot-Unit
wave:2024:section3_4_crop_grown_seeds_and_production_agricultural_inputs_and_practices,2024,s3_q11b_2,ahs_qty_traditional_seeds_sown_2,AHS: Quantity of traditional seeds sown in this plot-Quantity,3.11 Quantity of traditional seeds sown in this plot-Quantity
wave:2024:section3_4_crop_grown_seeds_and_production_agricultural_inputs_and_practices,2024,s3_q12_2,ahs_qty_traditional_seeds_2,AHS: Quantity of traditional seeds purchased and sown in the plot,3.12 Quantity of traditional seeds purchased and sown in the plot
wave:2024:section3_4_crop_grown_seeds_and_production_agricultural_inputs_and_practices,2024,s3_q13_2,ahs_amount_purchase_2,AHS: Amount spent for the purchase of traditional seeds for this plot (RWF),3.13 Amount spent for the purchase of traditional seeds for this plot (Rwf)
wave:2024:section3_4_crop_grown_seeds_and_production_agricultural_inputs_and_practices,2024,s3_q14_2,ahs_quantity_improved_s3q142,AHS: Quantity of improved seeds sown in this plot-Unit,3.14 Quantity of improved seeds sown in this plot-Unit
wave:2024:section3_4_crop_grown_seeds_and_production_agricultural_inputs_and_practices,2024,s3_q14b_2,ahs_qty_improved_seeds_sown_2,AHS: Quantity of improved seeds sown in this plot-Quantity,3.14 Quantity of improved seeds sown in this plot-Quantity
wave:2024:section3_4_crop_grown_seeds_and_production_agricultural_inputs_and_practices,2024,s3_q15_2,ahs_qty_improved_seeds_bought_2,AHS: Quantity of improved seeds purchased and sown in this plot,3.15 Quantity of improved seeds purchased and sown in this plot
wave:2024:section3_4_crop_grown_seeds_and_production_agricultural_inputs_and_practices,2024,s3_q16_2,ahs_amount_purchase_improved_2,AHS: Amount spent for the purchase of improved seeds sown in this plot (RWF),3.16 Amount spent for the purchase of improved seeds sown in this plot (Rwf)
wave:2024:section3_4_crop_grown_seeds_and_production_agricultural_inputs_and_practices,2024,s3_q17_2,ahs_unit_measurement_used_2,AHS: Unit measurement (in used local recipient),3.17 Unit measurement (in used local recipient)
wave:2024:section3_4_crop_grown_seeds_and_production_agricultural_inputs_and_practices,2024,s3_q17_o_2,ahs_unit_measurement_s3q17o2,AHS: Other unit measurement (in used local recipient),3.17 Other unit measurement (in used local recipient)
wave:2024:section3_4_crop_grown_seeds_and_production_agricultural_inputs_and_practices,2024,s3_q18_2,ahs_qty_already_harvested_2,AHS: Quantity already harvested in this season for this plot-Quantity harvested,3.18 Quantity already harvested in this season for this plot-Quantity harvested
wave:2024:section3_4_crop_grown_seeds_and_production_agricultural_inputs_and_practices,2024,s3q18_3_2,ahs_qty_already_s3q1832,AHS: Quantity already harvested in this season for this plot-Estimate of harvest,3.18 Quantity already harvested in this season for this plot-Estimate of harvest
wave:2024:section3_4_crop_grown_seeds_and_production_agricultural_inputs_and_practices,2024,s3_q19_2,ahs_remaining_qty_harvested_2,AHS: Remaining quantity to be harvested in this season for this plot-Quantity to,3.19 Remaining quantity to be harvested in this season for this plot-Quantity to
wave:2024:section3_4_crop_grown_seeds_and_production_agricultural_inputs_and_practices,2024,s3q19_3_2,ahs_remaining_qty_s3q1932,AHS: Remaining quantity to be harvested in this season for this plot-Estimates o,3.19 Remaining quantity to be harvested in this season for this plot-Estimates o
wave:2024:section3_4_crop_grown_seeds_and_production_agricultural_inputs_and_practices,2024,s3_q20_2,ahs_qty_harvest_season_plot_kg_2,AHS: Total quantity of harvest for this season in this plot (in Kg),3.20 Total quantity of harvest for this season in this plot (in Kg)
wave:2024:section3_4_crop_grown_seeds_and_production_agricultural_inputs_and_practices,2024,s2q23_2,ahs_compare_prod_crop_season_2,AHS: How do you compare the production of this crop in this season and its produ,2.22 How do you compare the production of this crop in this season and its produ
wave:2024:section3_4_crop_grown_seeds_and_production_agricultural_inputs_and_practices,2024,ss3_q21_1_2,ahs_explanation_crop_prod_2,AHS: Explanation on crop production status(Order the explanations starting by t,3.21. Explanation on crop production status(Order the explanations starting by t
wave:2024:section3_4_crop_grown_seeds_and_production_agricultural_inputs_and_practices,2024,s3_q21_1_o2,ahs_explanation_crop_2,AHS: Other explanation on crop production status,3.21. Other explanation on crop production status
wave:2024:section3_4_crop_grown_seeds_and_production_agricultural_inputs_and_practices,2024,s3_q4_3,ahs_crop_3,AHS: Crop name,3.4 Crop name
wave:2024:section3_4_crop_grown_seeds_and_production_agricultural_inputs_and_practices,2024,s3q4_o3,ahs_other_crop_3,AHS: Other Crop name,3.4 Other Crop name
wave:2024:section3_4_crop_grown_seeds_and_production_agricultural_inputs_and_practices,2024,s3_q4_3a,ahs_crop_proportion_3a,AHS: Crop proportion (in %),Crop proportion (in %)
wave:2024:section3_4_crop_grown_seeds_and_production_agricultural_inputs_and_practices,2024,s3_q4_3b,ahs_crop_density_3b,AHS: Crop density (in %),Crop density (in %)
wave:2024:section3_4_crop_grown_seeds_and_production_agricultural_inputs_and_practices,2024,s3_q5_3,ahs_plants_plot_perennial_3,AHS: Number of plants in this plot (for perennial crops),3.5  Number of plants in this plot (for perennial crops)
wave:2024:section3_4_crop_grown_seeds_and_production_agricultural_inputs_and_practices,2024,s3_q6_3,ahs_plants_harvested_season_3,AHS: Number of plants to be harvested in this season (for perennial crops),3.6 Number of plants to be harvested in this season (for perennial crops)
wave:2024:section3_4_crop_grown_seeds_and_production_agricultural_inputs_and_practices,2024,s3_q7_3,ahs_sowing_date_3,AHS: 7 Sowing date,3. 7 Sowing date
wave:2024:section3_4_crop_grown_seeds_and_production_agricultural_inputs_and_practices,2024,s3_q7_3a,ahs_crop_planted_season_3a,AHS: Was this crop planted in this season?,Was this crop planted in this season?
wave:2024:section3_4_crop_grown_seeds_and_production_agricultural_inputs_and_practices,2024,s3_q7_3b,ahs_crop_harvested_season_3b,AHS: Will this crop be harvested in this season?,Will this crop be harvested in this season?
wave:2024:section3_4_crop_grown_seeds_and_production_agricultural_inputs_and_practices,2024,s3_q8_3,ahs_expected_period_crop_3,AHS: Expected period for crop harvesting,3.8 Expected period for crop harvesting
wave:2024:section3_4_crop_grown_seeds_and_production_agricultural_inputs_and_practices,2024,s3_q9_3,ahs_type_seeds_sown_plot_3,AHS: Type of seeds sown in this plot,3.9 Type of seeds sown in this plot
wave:2024:section3_4_crop_grown_seeds_and_production_agricultural_inputs_and_practices,2024,s3q10_3,ahs_improved_seeds_sown_come_3,AHS: Where did improved seeds sown come from?,3.10 Where did improved seeds sown come from?
wave:2024:section3_4_crop_grown_seeds_and_production_agricultural_inputs_and_practices,2024,s3q10_o3,ahs_improved_seeds_sown_s3q10o3,AHS: Where did improved seeds sown come from?,3.10 Where did improved seeds sown come from?
wave:2024:section3_4_crop_grown_seeds_and_production_agricultural_inputs_and_practices,2024,s3_q11_3,ahs_quantity_traditional_s3q113,AHS: Quantity of traditional seeds sown in this plot-Unit,3.11 Quantity of traditional seeds sown in this plot-Unit
wave:2024:section3_4_crop_grown_seeds_and_production_agricultural_inputs_and_practices,2024,s3_q11b_3,ahs_qty_traditional_seeds_sown_3,AHS: Quantity of traditional seeds sown in this plot-Quantity,3.11 Quantity of traditional seeds sown in this plot-Quantity
wave:2024:section3_4_crop_grown_seeds_and_production_agricultural_inputs_and_practices,2024,s3_q12_3,ahs_qty_traditional_seeds_3,AHS: Quantity of traditional seeds purchased and sown in the plot,3.12 Quantity of traditional seeds purchased and sown in the plot
wave:2024:section3_4_crop_grown_seeds_and_production_agricultural_inputs_and_practices,2024,s3_q13_3,ahs_amount_purchase_3,AHS: Amount spent for the purchase of traditional seeds for this plot (RWF),3.13 Amount spent for the purchase of traditional seeds for this plot (Rwf)
wave:2024:section3_4_crop_grown_seeds_and_production_agricultural_inputs_and_practices,2024,s3_q14_3,ahs_quantity_improved_s3q143,AHS: Quantity of improved seeds sown in this plot-Unit,3.14 Quantity of improved seeds sown in this plot-Unit
wave:2024:section3_4_crop_grown_seeds_and_production_agricultural_inputs_and_practices,2024,s3_q14b_3,ahs_qty_improved_seeds_sown_3,AHS: Quantity of improved seeds sown in this plot-Quantity,3.14 Quantity of improved seeds sown in this plot-Quantity
wave:2024:section3_4_crop_grown_seeds_and_production_agricultural_inputs_and_practices,2024,s3_q15_3,ahs_qty_improved_seeds_bought_3,AHS: Quantity of improved seeds purchased and sown in this plot,3.15 Quantity of improved seeds purchased and sown in this plot
wave:2024:section3_4_crop_grown_seeds_and_production_agricultural_inputs_and_practices,2024,s3_q16_3,ahs_amount_purchase_improved_3,AHS: Amount spent for the purchase of improved seeds sown in this plot (RWF),3.16 Amount spent for the purchase of improved seeds sown in this plot (Rwf)
wave:2024:section3_4_crop_grown_seeds_and_production_agricultural_inputs_and_practices,2024,s3_q17_3,ahs_unit_measurement_used_3,AHS: Unit measurement (in used local recipient),3.17 Unit measurement (in used local recipient)
wave:2024:section3_4_crop_grown_seeds_and_production_agricultural_inputs_and_practices,2024,s3_q17_o_3,ahs_unit_measurement_s3q17o3,AHS: Other unit measurement (in used local recipient),3.17 Other unit measurement (in used local recipient)
wave:2024:section3_4_crop_grown_seeds_and_production_agricultural_inputs_and_practices,2024,s3_q18_3,ahs_qty_already_harvested_3,AHS: Quantity already harvested in this season for this plot-Quantity harvested,3.18 Quantity already harvested in this season for this plot-Quantity harvested
wave:2024:section3_4_crop_grown_seeds_and_production_agricultural_inputs_and_practices,2024,s3q18_3_3,ahs_qty_already_s3q1833,AHS: Quantity already harvested in this season for this plot-Estimate of harvest,3.18 Quantity already harvested in this season for this plot-Estimate of harvest
wave:2024:section3_4_crop_grown_seeds_and_production_agricultural_inputs_and_practices,2024,s3_q19_3,ahs_remaining_qty_harvested_3,AHS: Remaining quantity to be harvested in this season for this plot-Quantity to,3.19 Remaining quantity to be harvested in this season for this plot-Quantity to
wave:2024:section3_4_crop_grown_seeds_and_production_agricultural_inputs_and_practices,2024,s3q19_3_3,ahs_remaining_qty_s3q1933,AHS: Remaining quantity to be harvested in this season for this plot-Estimates o,3.19 Remaining quantity to be harvested in this season for this plot-Estimates o
wave:2024:section3_4_crop_grown_seeds_and_production_agricultural_inputs_and_practices,2024,s3_q20_3,ahs_qty_harvest_season_plot_kg_3,AHS: Total quantity of harvest for this season in this plot (in Kg),3.20 Total quantity of harvest for this season in this plot (in Kg)
wave:2024:section3_4_crop_grown_seeds_and_production_agricultural_inputs_and_practices,2024,s2q23_3,ahs_compare_prod_crop_season_3,AHS: How do you compare the production of this crop in this season and its produ,2.22 How do you compare the production of this crop in this season and its produ
wave:2024:section3_4_crop_grown_seeds_and_production_agricultural_inputs_and_practices,2024,s3_q21_1_3,ahs_explanation_crop_prod_3,AHS: Explanation on crop production status(Order the explanations starting by t,3.21. Explanation on crop production status(Order the explanations starting by t
wave:2024:section3_4_crop_grown_seeds_and_production_agricultural_inputs_and_practices,2024,s3_q21_1_o3,ahs_explanation_crop_3,AHS: Other explanation on crop production status,3.21. Other explanation on crop production status
wave:2024:section3_4_crop_grown_seeds_and_production_agricultural_inputs_and_practices,2024,s3_q4_4,ahs_crop_4,AHS: Crop name,3.4 Crop name
wave:2024:section3_4_crop_grown_seeds_and_production_agricultural_inputs_and_practices,2024,s3q4_o4,ahs_other_crop_4,AHS: Other Crop name,3.4 Other Crop name
wave:2024:section3_4_crop_grown_seeds_and_production_agricultural_inputs_and_practices,2024,s3_q4_4a,ahs_crop_proportion_4a,AHS: Crop proportion (in %),Crop proportion (in %)
wave:2024:section3_4_crop_grown_seeds_and_production_agricultural_inputs_and_practices,2024,s3_q4_4b,ahs_crop_density_4b,AHS: Crop density (in %),Crop density (in %)
wave:2024:section3_4_crop_grown_seeds_and_production_agricultural_inputs_and_practices,2024,s3_q5_4,ahs_plants_plot_perennial_4,AHS: Number of plants in this plot (for perennial crops),3.5  Number of plants in this plot (for perennial crops)
wave:2024:section3_4_crop_grown_seeds_and_production_agricultural_inputs_and_practices,2024,s3_q6_4,ahs_plants_harvested_season_4,AHS: Number of plants to be harvested in this season (for perennial crops),3.6 Number of plants to be harvested in this season (for perennial crops)
wave:2024:section3_4_crop_grown_seeds_and_production_agricultural_inputs_and_practices,2024,s3_q7_4,ahs_sowing_date_4,AHS: 7 Sowing date,3. 7 Sowing date
wave:2024:section3_4_crop_grown_seeds_and_production_agricultural_inputs_and_practices,2024,s3_q7_4a,ahs_crop_planted_season_4a,AHS: Was this crop planted in this season?,Was this crop planted in this season?
wave:2024:section3_4_crop_grown_seeds_and_production_agricultural_inputs_and_practices,2024,s3_q7_4b,ahs_crop_harvested_season_4b,AHS: Will this crop be harvested in this season?,Will this crop be harvested in this season?
wave:2024:section3_4_crop_grown_seeds_and_production_agricultural_inputs_and_practices,2024,s3_q8_4,ahs_expected_period_crop_4,AHS: Expected period for crop harvesting,3.8 Expected period for crop harvesting
wave:2024:section3_4_crop_grown_seeds_and_production_agricultural_inputs_and_practices,2024,s3_q9_4,ahs_type_seeds_sown_plot_4,AHS: Type of seeds sown in this plot,3.9 Type of seeds sown in this plot
wave:2024:section3_4_crop_grown_seeds_and_production_agricultural_inputs_and_practices,2024,s3q10_4,ahs_improved_seeds_sown_come_4,AHS: Where did improved seeds sown come from?,3.10 Where did improved seeds sown come from?
wave:2024:section3_4_crop_grown_seeds_and_production_agricultural_inputs_and_practices,2024,s3q10_o4,ahs_improved_seeds_sown_s3q10o4,AHS: Where did improved seeds sown come from?,3.10 Where did improved seeds sown come from?
wave:2024:section3_4_crop_grown_seeds_and_production_agricultural_inputs_and_practices,2024,s3_q11_4,ahs_quantity_traditional_s3q114,AHS: Quantity of traditional seeds sown in this plot-Unit,3.11 Quantity of traditional seeds sown in this plot-Unit
wave:2024:section3_4_crop_grown_seeds_and_production_agricultural_inputs_and_practices,2024,s3_q11b_4,ahs_qty_traditional_seeds_sown_4,AHS: Quantity of traditional seeds sown in this plot-Quantity,3.11 Quantity of traditional seeds sown in this plot-Quantity
wave:2024:section3_4_crop_grown_seeds_and_production_agricultural_inputs_and_practices,2024,s3_q12_4,ahs_qty_traditional_seeds_4,AHS: Quantity of traditional seeds purchased and sown in the plot,3.12 Quantity of traditional seeds purchased and sown in the plot
wave:2024:section3_4_crop_grown_seeds_and_production_agricultural_inputs_and_practices,2024,s3_q13_4,ahs_amount_purchase_4,AHS: Amount spent for the purchase of traditional seeds for this plot (RWF),3.13 Amount spent for the purchase of traditional seeds for this plot (Rwf)
wave:2024:section3_4_crop_grown_seeds_and_production_agricultural_inputs_and_practices,2024,s3_q14_4,ahs_quantity_improved_s3q144,AHS: Quantity of improved seeds sown in this plot-Unit,3.14 Quantity of improved seeds sown in this plot-Unit
wave:2024:section3_4_crop_grown_seeds_and_production_agricultural_inputs_and_practices,2024,s3_q14b_4,ahs_qty_improved_seeds_sown_4,AHS: Quantity of improved seeds sown in this plot-Quantity,3.14 Quantity of improved seeds sown in this plot-Quantity
wave:2024:section3_4_crop_grown_seeds_and_production_agricultural_inputs_and_practices,2024,s3_q15_4,ahs_qty_improved_seeds_bought_4,AHS: Quantity of improved seeds purchased and sown in this plot,3.15 Quantity of improved seeds purchased and sown in this plot
wave:2024:section3_4_crop_grown_seeds_and_production_agricultural_inputs_and_practices,2024,s3_q16_4,ahs_amount_purchase_improved_4,AHS: Amount spent for the purchase of improved seeds sown in this plot (RWF),3.16 Amount spent for the purchase of improved seeds sown in this plot (Rwf)
wave:2024:section3_4_crop_grown_seeds_and_production_agricultural_inputs_and_practices,2024,s3_q17_4,ahs_unit_measurement_used_4,AHS: Unit measurement (in used local recipient),3.17 Unit measurement (in used local recipient)
wave:2024:section3_4_crop_grown_seeds_and_production_agricultural_inputs_and_practices,2024,s3_q17_o_4,ahs_unit_measurement_s3q17o4,AHS: Other unit measurement (in used local recipient),3.17 Other unit measurement (in used local recipient)
wave:2024:section3_4_crop_grown_seeds_and_production_agricultural_inputs_and_practices,2024,s3_q18_4,ahs_qty_already_harvested_4,AHS: Quantity already harvested in this season for this plot-Quantity harvested,3.18 Quantity already harvested in this season for this plot-Quantity harvested
wave:2024:section3_4_crop_grown_seeds_and_production_agricultural_inputs_and_practices,2024,s3q18_3_4,ahs_qty_already_s3q1834,AHS: Quantity already harvested in this season for this plot-Estimate of harvest,3.18 Quantity already harvested in this season for this plot-Estimate of harvest
wave:2024:section3_4_crop_grown_seeds_and_production_agricultural_inputs_and_practices,2024,s3_q19_4,ahs_remaining_qty_harvested_4,AHS: Remaining quantity to be harvested in this season for this plot-Quantity to,3.19 Remaining quantity to be harvested in this season for this plot-Quantity to
wave:2024:section3_4_crop_grown_seeds_and_production_agricultural_inputs_and_practices,2024,s3q19_3_4,ahs_remaining_qty_s3q1934,AHS: Remaining quantity to be harvested in this season for this plot-Estimates o,3.19 Remaining quantity to be harvested in this season for this plot-Estimates o
wave:2024:section3_4_crop_grown_seeds_and_production_agricultural_inputs_and_practices,2024,s3_q20_4,ahs_qty_harvest_season_plot_kg_4,AHS: Total quantity of harvest for this season in this plot (in Kg),3.20 Total quantity of harvest for this season in this plot (in Kg)
wave:2024:section3_4_crop_grown_seeds_and_production_agricultural_inputs_and_practices,2024,s2q23_4,ahs_compare_prod_crop_season_4,AHS: How do you compare the production of this crop in this season and its produ,2.22 How do you compare the production of this crop in this season and its produ
wave:2024:section3_4_crop_grown_seeds_and_production_agricultural_inputs_and_practices,2024,s3_q21_1_4,ahs_explanation_crop_prod_4,AHS: Explanation on crop production status(Order the explanations starting by t,3.21. Explanation on crop production status(Order the explanations starting by t
wave:2024:section3_4_crop_grown_seeds_and_production_agricultural_inputs_and_practices,2024,s3_q21_1_o4,ahs_explanation_crop_4,AHS: Other explanation on crop production status,3.21. Other explanation on crop production status
wave:2024:section3_4_crop_grown_seeds_and_production_agricultural_inputs_and_practices,2024,s3_q4_5,ahs_crop_5,AHS: Crop name,3.4 Crop name
wave:2024:section3_4_crop_grown_seeds_and_production_agricultural_inputs_and_practices,2024,s3q4_o5,ahs_other_crop_5,AHS: Other Crop name,3.4 Other Crop name
wave:2024:section3_4_crop_grown_seeds_and_production_agricultural_inputs_and_practices,2024,s3_q4_5a,ahs_crop_proportion_5a,AHS: Crop proportion (in %),Crop proportion (in %)
wave:2024:section3_4_crop_grown_seeds_and_production_agricultural_inputs_and_practices,2024,s3_q4_5b,ahs_crop_density_5b,AHS: Crop density (in %),Crop density (in %)
wave:2024:section3_4_crop_grown_seeds_and_production_agricultural_inputs_and_practices,2024,s3_q5_5,ahs_plants_plot_perennial_5,AHS: Number of plants in this plot (for perennial crops),3.5  Number of plants in this plot (for perennial crops)
wave:2024:section3_4_crop_grown_seeds_and_production_agricultural_inputs_and_practices,2024,s3_q6_5,ahs_plants_harvested_season_5,AHS: Number of plants to be harvested in this season (for perennial crops),3.6 Number of plants to be harvested in this season (for perennial crops)
wave:2024:section3_4_crop_grown_seeds_and_production_agricultural_inputs_and_practices,2024,s3_q7_5,ahs_sowing_date_5,AHS: 7 Sowing date,3. 7 Sowing date
wave:2024:section3_4_crop_grown_seeds_and_production_agricultural_inputs_and_practices,2024,s3_q7_5a,ahs_crop_planted_season_5a,AHS: Was this crop planted in this season?,Was this crop planted in this season?
wave:2024:section3_4_crop_grown_seeds_and_production_agricultural_inputs_and_practices,2024,s3_q7_5b,ahs_crop_harvested_season_5b,AHS: Will this crop be harvested in this season?,Will this crop be harvested in this season?
wave:2024:section3_4_crop_grown_seeds_and_production_agricultural_inputs_and_practices,2024,s3_q8_5,ahs_expected_period_crop_5,AHS: Expected period for crop harvesting,3.8 Expected period for crop harvesting
wave:2024:section3_4_crop_grown_seeds_and_production_agricultural_inputs_and_practices,2024,s3_q9_5,ahs_type_seeds_sown_plot_5,AHS: Type of seeds sown in this plot,3.9 Type of seeds sown in this plot
wave:2024:section3_4_crop_grown_seeds_and_production_agricultural_inputs_and_practices,2024,s3q10_5,ahs_improved_seeds_sown_come_5,AHS: Where did improved seeds sown come from?,3.10 Where did improved seeds sown come from?
wave:2024:section3_4_crop_grown_seeds_and_production_agricultural_inputs_and_practices,2024,s3q10_o5,ahs_improved_seeds_sown_s3q10o5,AHS: Where did improved seeds sown come from?,3.10 Where did improved seeds sown come from?
wave:2024:section3_4_crop_grown_seeds_and_production_agricultural_inputs_and_practices,2024,s3_q11_5,ahs_quantity_traditional_s3q115,AHS: Quantity of traditional seeds sown in this plot-Unit,3.11 Quantity of traditional seeds sown in this plot-Unit
wave:2024:section3_4_crop_grown_seeds_and_production_agricultural_inputs_and_practices,2024,s3_q11b_5,ahs_qty_traditional_seeds_sown_5,AHS: Quantity of traditional seeds sown in this plot-Quantity,3.11 Quantity of traditional seeds sown in this plot-Quantity
wave:2024:section3_4_crop_grown_seeds_and_production_agricultural_inputs_and_practices,2024,s3_q12_5,ahs_qty_traditional_seeds_5,AHS: Quantity of traditional seeds purchased and sown in the plot,3.12 Quantity of traditional seeds purchased and sown in the plot
wave:2024:section3_4_crop_grown_seeds_and_production_agricultural_inputs_and_practices,2024,s3_q13_5,ahs_amount_purchase_5,AHS: Amount spent for the purchase of traditional seeds for this plot (RWF),3.13 Amount spent for the purchase of traditional seeds for this plot (Rwf)
wave:2024:section3_4_crop_grown_seeds_and_production_agricultural_inputs_and_practices,2024,s3_q14_5,ahs_quantity_improved_s3q145,AHS: Quantity of improved seeds sown in this plot-Unit,3.14 Quantity of improved seeds sown in this plot-Unit
wave:2024:section3_4_crop_grown_seeds_and_production_agricultural_inputs_and_practices,2024,s3_q14b_5,ahs_qty_improved_seeds_sown_5,AHS: Quantity of improved seeds sown in this plot-Quantity,3.14 Quantity of improved seeds sown in this plot-Quantity
wave:2024:section3_4_crop_grown_seeds_and_production_agricultural_inputs_and_practices,2024,s3_q15_5,ahs_qty_improved_seeds_bought_5,AHS: Quantity of improved seeds purchased and sown in this plot,3.15 Quantity of improved seeds purchased and sown in this plot
wave:2024:section3_4_crop_grown_seeds_and_production_agricultural_inputs_and_practices,2024,s3_q16_5,ahs_amount_purchase_improved_5,AHS: Amount spent for the purchase of improved seeds sown in this plot (RWF),3.16 Amount spent for the purchase of improved seeds sown in this plot (Rwf)
wave:2024:section3_4_crop_grown_seeds_and_production_agricultural_inputs_and_practices,2024,s3_q17_5,ahs_unit_measurement_used_5,AHS: Unit measurement (in used local recipient),3.17 Unit measurement (in used local recipient)
wave:2024:section3_4_crop_grown_seeds_and_production_agricultural_inputs_and_practices,2024,s3_q17_o_5,ahs_unit_measurement_s3q17o5,AHS: Other unit measurement (in used local recipient),3.17 Other unit measurement (in used local recipient)
wave:2024:section3_4_crop_grown_seeds_and_production_agricultural_inputs_and_practices,2024,s3_q18_5,ahs_qty_already_harvested_5,AHS: Quantity already harvested in this season for this plot-Quantity harvested,3.18 Quantity already harvested in this season for this plot-Quantity harvested
wave:2024:section3_4_crop_grown_seeds_and_production_agricultural_inputs_and_practices,2024,s3q18_3_5,ahs_qty_already_s3q1835,AHS: Quantity already harvested in this season for this plot-Estimate of harvest,3.18 Quantity already harvested in this season for this plot-Estimate of harvest
wave:2024:section3_4_crop_grown_seeds_and_production_agricultural_inputs_and_practices,2024,s3_q19_5,ahs_remaining_qty_harvested_5,AHS: Remaining quantity to be harvested in this season for this plot-Quantity to,3.19 Remaining quantity to be harvested in this season for this plot-Quantity to
wave:2024:section3_4_crop_grown_seeds_and_production_agricultural_inputs_and_practices,2024,s3q19_3_5,ahs_remaining_qty_s3q1935,AHS: Remaining quantity to be harvested in this season for this plot-Estimates o,3.19 Remaining quantity to be harvested in this season for this plot-Estimates o
wave:2024:section3_4_crop_grown_seeds_and_production_agricultural_inputs_and_practices,2024,s3_q20_5,ahs_qty_harvest_season_plot_kg_5,AHS: Total quantity of harvest for this season in this plot (in Kg),3.20 Total quantity of harvest for this season in this plot (in Kg)
wave:2024:section3_4_crop_grown_seeds_and_production_agricultural_inputs_and_practices,2024,s2q23_5,ahs_compare_prod_crop_season_5,AHS: How do you compare the production of this crop in this season and its produ,2.22 How do you compare the production of this crop in this season and its produ
wave:2024:section3_4_crop_grown_seeds_and_production_agricultural_inputs_and_practices,2024,s3_q21_1_5,ahs_explanation_crop_prod_5,AHS: Explanation on crop production status(Order the explanations starting by t,3.21. Explanation on crop production status(Order the explanations starting by t
wave:2024:section3_4_crop_grown_seeds_and_production_agricultural_inputs_and_practices,2024,s3_q21_1_o5,ahs_explanation_crop_5,AHS: Other explanation on crop production status,3.21. Other explanation on crop production status
wave:2024:section3_4_crop_grown_seeds_and_production_agricultural_inputs_and_practices,2024,s3_q4_6,ahs_crop_6,AHS: Crop name,3.4 Crop name
wave:2024:section3_4_crop_grown_seeds_and_production_agricultural_inputs_and_practices,2024,s3q4_o6,ahs_other_crop_6,AHS: Other Crop name,3.4 Other Crop name
wave:2024:section3_4_crop_grown_seeds_and_production_agricultural_inputs_and_practices,2024,s3_q4_6a,ahs_crop_proportion_6a,AHS: Crop proportion (in %),Crop proportion (in %)
wave:2024:section3_4_crop_grown_seeds_and_production_agricultural_inputs_and_practices,2024,s3_q4_6b,ahs_crop_density_6b,AHS: Crop density (in %),Crop density (in %)
wave:2024:section3_4_crop_grown_seeds_and_production_agricultural_inputs_and_practices,2024,s3_q5_6,ahs_plants_plot_perennial_6,AHS: Number of plants in this plot (for perennial crops),3.5  Number of plants in this plot (for perennial crops)
wave:2024:section3_4_crop_grown_seeds_and_production_agricultural_inputs_and_practices,2024,s3_q6_6,ahs_plants_harvested_season_6,AHS: Number of plants to be harvested in this season (for perennial crops),3.6 Number of plants to be harvested in this season (for perennial crops)
wave:2024:section3_4_crop_grown_seeds_and_production_agricultural_inputs_and_practices,2024,s3_q7_6,ahs_sowing_date_6,AHS: 7 Sowing date,3. 7 Sowing date
wave:2024:section3_4_crop_grown_seeds_and_production_agricultural_inputs_and_practices,2024,s3_q7_6a,ahs_crop_planted_season_6a,AHS: Was this crop planted in this season?,Was this crop planted in this season?
wave:2024:section3_4_crop_grown_seeds_and_production_agricultural_inputs_and_practices,2024,s3_q7_6b,ahs_crop_harvested_season_6b,AHS: Will this crop be harvested in this season?,Will this crop be harvested in this season?
wave:2024:section3_4_crop_grown_seeds_and_production_agricultural_inputs_and_practices,2024,s3_q8_6,ahs_expected_period_crop_6,AHS: Expected period for crop harvesting,3.8 Expected period for crop harvesting
wave:2024:section3_4_crop_grown_seeds_and_production_agricultural_inputs_and_practices,2024,s3_q9_6,ahs_type_seeds_sown_plot_6,AHS: Type of seeds sown in this plot,3.9 Type of seeds sown in this plot
wave:2024:section3_4_crop_grown_seeds_and_production_agricultural_inputs_and_practices,2024,s3q10_6,ahs_improved_seeds_sown_come_6,AHS: Where did improved seeds sown come from?,3.10 Where did improved seeds sown come from?
wave:2024:section3_4_crop_grown_seeds_and_production_agricultural_inputs_and_practices,2024,s3q10_o6,ahs_improved_seeds_sown_s3q10o6,AHS: Where did improved seeds sown come from?,3.10 Where did improved seeds sown come from?
wave:2024:section3_4_crop_grown_seeds_and_production_agricultural_inputs_and_practices,2024,s3_q11_6,ahs_quantity_traditional_s3q116,AHS: Quantity of traditional seeds sown in this plot-Unit,3.11 Quantity of traditional seeds sown in this plot-Unit
wave:2024:section3_4_crop_grown_seeds_and_production_agricultural_inputs_and_practices,2024,s3_q11b_6,ahs_qty_traditional_seeds_sown_6,AHS: Quantity of traditional seeds sown in this plot-Quantity,3.11 Quantity of traditional seeds sown in this plot-Quantity
wave:2024:section3_4_crop_grown_seeds_and_production_agricultural_inputs_and_practices,2024,s3_q12_6,ahs_qty_traditional_seeds_6,AHS: Quantity of traditional seeds purchased and sown in the plot,3.12 Quantity of traditional seeds purchased and sown in the plot
wave:2024:section3_4_crop_grown_seeds_and_production_agricultural_inputs_and_practices,2024,s3_q13_6,ahs_amount_purchase_6,AHS: Amount spent for the purchase of traditional seeds for this plot (RWF),3.13 Amount spent for the purchase of traditional seeds for this plot (Rwf)
wave:2024:section3_4_crop_grown_seeds_and_production_agricultural_inputs_and_practices,2024,s3_q14_6,ahs_quantity_improved_s3q146,AHS: Quantity of improved seeds sown in this plot-Unit,3.14 Quantity of improved seeds sown in this plot-Unit
wave:2024:section3_4_crop_grown_seeds_and_production_agricultural_inputs_and_practices,2024,s3_q14b_6,ahs_qty_improved_seeds_sown_6,AHS: Quantity of improved seeds sown in this plot-Quantity,3.14 Quantity of improved seeds sown in this plot-Quantity
wave:2024:section3_4_crop_grown_seeds_and_production_agricultural_inputs_and_practices,2024,s3_q15_6,ahs_qty_improved_seeds_bought_6,AHS: Quantity of improved seeds purchased and sown in this plot,3.15 Quantity of improved seeds purchased and sown in this plot
wave:2024:section3_4_crop_grown_seeds_and_production_agricultural_inputs_and_practices,2024,s3_q16_6,ahs_amount_purchase_improved_6,AHS: Amount spent for the purchase of improved seeds sown in this plot (RWF),3.16 Amount spent for the purchase of improved seeds sown in this plot (Rwf)
wave:2024:section3_4_crop_grown_seeds_and_production_agricultural_inputs_and_practices,2024,s3_q17_6,ahs_unit_measurement_used_6,AHS: Unit measurement (in used local recipient),3.17 Unit measurement (in used local recipient)
wave:2024:section3_4_crop_grown_seeds_and_production_agricultural_inputs_and_practices,2024,s3_q17_o_6,ahs_unit_measurement_s3q17o6,AHS: Other unit measurement (in used local recipient),3.17 Other unit measurement (in used local recipient)
wave:2024:section3_4_crop_grown_seeds_and_production_agricultural_inputs_and_practices,2024,s3_q18_6,ahs_qty_already_harvested_6,AHS: Quantity already harvested in this season for this plot-Quantity harvested,3.18 Quantity already harvested in this season for this plot-Quantity harvested
wave:2024:section3_4_crop_grown_seeds_and_production_agricultural_inputs_and_practices,2024,s3q18_3_6,ahs_qty_already_s3q1836,AHS: Quantity already harvested in this season for this plot-Estimate of harvest,3.18 Quantity already harvested in this season for this plot-Estimate of harvest
wave:2024:section3_4_crop_grown_seeds_and_production_agricultural_inputs_and_practices,2024,s3_q19_6,ahs_remaining_qty_harvested_6,AHS: Remaining quantity to be harvested in this season for this plot-Quantity to,3.19 Remaining quantity to be harvested in this season for this plot-Quantity to
wave:2024:section3_4_crop_grown_seeds_and_production_agricultural_inputs_and_practices,2024,s3q19_3_6,ahs_remaining_qty_s3q1936,AHS: Remaining quantity to be harvested in this season for this plot-Estimates o,3.19 Remaining quantity to be harvested in this season for this plot-Estimates o
wave:2024:section3_4_crop_grown_seeds_and_production_agricultural_inputs_and_practices,2024,s3_q20_6,ahs_qty_harvest_season_plot_kg_6,AHS: Total quantity of harvest for this season in this plot (in Kg),3.20 Total quantity of harvest for this season in this plot (in Kg)
wave:2024:section3_4_crop_grown_seeds_and_production_agricultural_inputs_and_practices,2024,s2q23_6,ahs_compare_prod_crop_season_6,AHS: How do you compare the production of this crop in this season and its produ,2.22 How do you compare the production of this crop in this season and its produ
wave:2024:section3_4_crop_grown_seeds_and_production_agricultural_inputs_and_practices,2024,s3_q21_1_6,ahs_explanation_crop_prod_6,AHS: Explanation on crop production status(Order the explanations starting by t,3.21. Explanation on crop production status(Order the explanations starting by t
wave:2024:section3_4_crop_grown_seeds_and_production_agricultural_inputs_and_practices,2024,s3_q21_1_o6,ahs_explanation_crop_6,AHS: Other explanation on crop production status,3.21. Other explanation on crop production status
wave:2024:section3_4_crop_grown_seeds_and_production_agricultural_inputs_and_practices,2024,s3_q4_7,ahs_crop_7,AHS: Crop name,3.4 Crop name
wave:2024:section3_4_crop_grown_seeds_and_production_agricultural_inputs_and_practices,2024,s3q4_o7,ahs_other_crop_7,AHS: Other Crop name,3.4 Other Crop name
wave:2024:section3_4_crop_grown_seeds_and_production_agricultural_inputs_and_practices,2024,s3_q4_7a,ahs_crop_proportion_7a,AHS: Crop proportion (in %),Crop proportion (in %)
wave:2024:section3_4_crop_grown_seeds_and_production_agricultural_inputs_and_practices,2024,s3_q4_7b,ahs_crop_density_7b,AHS: Crop density (in %),Crop density (in %)
wave:2024:section3_4_crop_grown_seeds_and_production_agricultural_inputs_and_practices,2024,s3_q5_7,ahs_plants_plot_perennial_7,AHS: Number of plants in this plot (for perennial crops),3.5  Number of plants in this plot (for perennial crops)
wave:2024:section3_4_crop_grown_seeds_and_production_agricultural_inputs_and_practices,2024,s3_q6_7,ahs_plants_harvested_season_7,AHS: Number of plants to be harvested in this season (for perennial crops),3.6 Number of plants to be harvested in this season (for perennial crops)
wave:2024:section3_4_crop_grown_seeds_and_production_agricultural_inputs_and_practices,2024,s3_q7_7,ahs_sowing_date_7,AHS: 7 Sowing date,3. 7 Sowing date
wave:2024:section3_4_crop_grown_seeds_and_production_agricultural_inputs_and_practices,2024,s3_q7_7a,ahs_crop_planted_season_7a,AHS: Was this crop planted in this season?,Was this crop planted in this season?
wave:2024:section3_4_crop_grown_seeds_and_production_agricultural_inputs_and_practices,2024,s3_q7_7b,ahs_crop_harvested_season_7b,AHS: Will this crop be harvested in this season?,Will this crop be harvested in this season?
wave:2024:section3_4_crop_grown_seeds_and_production_agricultural_inputs_and_practices,2024,s3_q8_7,ahs_expected_period_crop_7,AHS: Expected period for crop harvesting,3.8 Expected period for crop harvesting
wave:2024:section3_4_crop_grown_seeds_and_production_agricultural_inputs_and_practices,2024,s3_q9_7,ahs_type_seeds_sown_plot_7,AHS: Type of seeds sown in this plot,3.9 Type of seeds sown in this plot
wave:2024:section3_4_crop_grown_seeds_and_production_agricultural_inputs_and_practices,2024,s3q10_7,ahs_improved_seeds_sown_come_7,AHS: Where did improved seeds sown come from?,3.10 Where did improved seeds sown come from?
wave:2024:section3_4_crop_grown_seeds_and_production_agricultural_inputs_and_practices,2024,s3q10_o7,ahs_improved_seeds_sown_s3q10o7,AHS: Where did improved seeds sown come from?,3.10 Where did improved seeds sown come from?
wave:2024:section3_4_crop_grown_seeds_and_production_agricultural_inputs_and_practices,2024,s3_q11_7,ahs_quantity_traditional_s3q117,AHS: Quantity of traditional seeds sown in this plot-Unit,3.11 Quantity of traditional seeds sown in this plot-Unit
wave:2024:section3_4_crop_grown_seeds_and_production_agricultural_inputs_and_practices,2024,s3_q11b_7,ahs_qty_traditional_seeds_sown_7,AHS: Quantity of traditional seeds sown in this plot-Quantity,3.11 Quantity of traditional seeds sown in this plot-Quantity
wave:2024:section3_4_crop_grown_seeds_and_production_agricultural_inputs_and_practices,2024,s3_q12_7,ahs_qty_traditional_seeds_7,AHS: Quantity of traditional seeds purchased and sown in the plot,3.12 Quantity of traditional seeds purchased and sown in the plot
wave:2024:section3_4_crop_grown_seeds_and_production_agricultural_inputs_and_practices,2024,s3_q13_7,ahs_amount_purchase_7,AHS: Amount spent for the purchase of traditional seeds for this plot (RWF),3.13 Amount spent for the purchase of traditional seeds for this plot (Rwf)
wave:2024:section3_4_crop_grown_seeds_and_production_agricultural_inputs_and_practices,2024,s3_q14_7,ahs_quantity_improved_s3q147,AHS: Quantity of improved seeds sown in this plot-Unit,3.14 Quantity of improved seeds sown in this plot-Unit
wave:2024:section3_4_crop_grown_seeds_and_production_agricultural_inputs_and_practices,2024,s3_q14b_7,ahs_qty_improved_seeds_sown_7,AHS: Quantity of improved seeds sown in this plot-Quantity,3.14 Quantity of improved seeds sown in this plot-Quantity
wave:2024:section3_4_crop_grown_seeds_and_production_agricultural_inputs_and_practices,2024,s3_q15_7,ahs_qty_improved_seeds_bought_7,AHS: Quantity of improved seeds purchased and sown in this plot,3.15 Quantity of improved seeds purchased and sown in this plot
wave:2024:section3_4_crop_grown_seeds_and_production_agricultural_inputs_and_practices,2024,s3_q16_7,ahs_amount_purchase_improved_7,AHS: Amount spent for the purchase of improved seeds sown in this plot (RWF),3.16 Amount spent for the purchase of improved seeds sown in this plot (Rwf)
wave:2024:section3_4_crop_grown_seeds_and_production_agricultural_inputs_and_practices,2024,s3_q17_7,ahs_unit_measurement_used_7,AHS: Unit measurement (in used local recipient),3.17 Unit measurement (in used local recipient)
wave:2024:section3_4_crop_grown_seeds_and_production_agricultural_inputs_and_practices,2024,s3_q17_o_7,ahs_unit_measurement_s3q17o7,AHS: Other unit measurement (in used local recipient),3.17 Other unit measurement (in used local recipient)
wave:2024:section3_4_crop_grown_seeds_and_production_agricultural_inputs_and_practices,2024,s3_q18_7,ahs_qty_already_harvested_7,AHS: Quantity already harvested in this season for this plot-Quantity harvested,3.18 Quantity already harvested in this season for this plot-Quantity harvested
wave:2024:section3_4_crop_grown_seeds_and_production_agricultural_inputs_and_practices,2024,s3q18_3_7,ahs_qty_already_s3q1837,AHS: Quantity already harvested in this season for this plot-Estimate of harvest,3.18 Quantity already harvested in this season for this plot-Estimate of harvest
wave:2024:section3_4_crop_grown_seeds_and_production_agricultural_inputs_and_practices,2024,s3_q19_7,ahs_remaining_qty_harvested_7,AHS: Remaining quantity to be harvested in this season for this plot-Quantity to,3.19 Remaining quantity to be harvested in this season for this plot-Quantity to
wave:2024:section3_4_crop_grown_seeds_and_production_agricultural_inputs_and_practices,2024,s3q19_3_7,ahs_remaining_qty_s3q1937,AHS: Remaining quantity to be harvested in this season for this plot-Estimates o,3.19 Remaining quantity to be harvested in this season for this plot-Estimates o
wave:2024:section3_4_crop_grown_seeds_and_production_agricultural_inputs_and_practices,2024,s3_q20_7,ahs_qty_harvest_season_plot_kg_7,AHS: Total quantity of harvest for this season in this plot (in Kg),3.20 Total quantity of harvest for this season in this plot (in Kg)
wave:2024:section3_4_crop_grown_seeds_and_production_agricultural_inputs_and_practices,2024,s2q23_7,ahs_compare_prod_crop_season_7,AHS: How do you compare the production of this crop in this season and its produ,2.22 How do you compare the production of this crop in this season and its produ
wave:2024:section3_4_crop_grown_seeds_and_production_agricultural_inputs_and_practices,2024,s3_q21_1_7,ahs_explanation_crop_prod_7,AHS: Explanation on crop production status(Order the explanations starting by t,3.21. Explanation on crop production status(Order the explanations starting by t
wave:2024:section3_4_crop_grown_seeds_and_production_agricultural_inputs_and_practices,2024,s3_q21_1_o7,ahs_explanation_crop_7,AHS: Other explanation on crop production status,3.21. Other explanation on crop production status
wave:2024:section3_4_crop_grown_seeds_and_production_agricultural_inputs_and_practices,2024,s4_q1,ahs_used_organic_fert_plot,AHS: Have you used organic fertilizer in this plot during this season?,4.1 Have you used organic fertilizer in this plot during this season?
wave:2024:section3_4_crop_grown_seeds_and_production_agricultural_inputs_and_practices,2024,s4_q2,ahs_organic_fertilizer_used_2,AHS: Where did organic fertilizer used came from?,4.2 Where did organic fertilizer used came from?
wave:2024:section3_4_crop_grown_seeds_and_production_agricultural_inputs_and_practices,2024,s4_q2_1,ahs_organic_fert_used_source1,AHS: Where did organic fertilizer used came from? source 1,q.4.2 Where did organic fertilizer used came from?_source 1
wave:2024:section3_4_crop_grown_seeds_and_production_agricultural_inputs_and_practices,2024,s4_q2_2,ahs_organic_fert_used_source2,AHS: Where did organic fertilizer used came from? source 2,q.4.2 Where did organic fertilizer used came from?_source 2
wave:2024:section3_4_crop_grown_seeds_and_production_agricultural_inputs_and_practices,2024,s4_q2_3,ahs_organic_fert_used_source3,AHS: Where did organic fertilizer used came from? source 3,q.4.2 Where did organic fertilizer used came from?_source 3
wave:2024:section3_4_crop_grown_seeds_and_production_agricultural_inputs_and_practices,2024,s4_q2_o,ahs_organic_fertilizer_other,AHS: Where did organic fertilizer used came from-Other,4.2 Where did organic fertilizer used came from-Other
wave:2024:section3_4_crop_grown_seeds_and_production_agricultural_inputs_and_practices,2024,s4_q3,ahs_cost_organic_fert_bought_frw,AHS: Total cost of organic fertilizer purchased (Frw),4.3 Total cost of organic fertilizer purchased (Frw)
wave:2024:section3_4_crop_grown_seeds_and_production_agricultural_inputs_and_practices,2024,s4_q4,ahs_used_inorganic_fert_plot,AHS: Have you used inorganic fertilizer in this plot during this season?,4.4 Have you used inorganic fertilizer in this plot during this season?
wave:2024:section3_4_crop_grown_seeds_and_production_agricultural_inputs_and_practices,2024,s4_q5,ahs_main_source_fertilizer_used,AHS: What is the main source of fertilizer used?,4.5 What is the main source of fertilizer used?
wave:2024:section3_4_crop_grown_seeds_and_production_agricultural_inputs_and_practices,2024,s4_q5_o,ahs_source_fertilizer_used,AHS: Other main source of fertilizer used?,4.5 Other main source of fertilizer used?
wave:2024:section3_4_crop_grown_seeds_and_production_agricultural_inputs_and_practices,2024,s4_q6,ahs_inorganic_fertilizer_used_6,AHS: Type of inorganic fertilizer used,4.6 Type of inorganic fertilizer used
wave:2024:section3_4_crop_grown_seeds_and_production_agricultural_inputs_and_practices,2024,s4_q6_o,ahs_type_inorganic_other,AHS: Other type of inorganic fertilizer used,4.6 Other type of inorganic fertilizer used
wave:2024:section3_4_crop_grown_seeds_and_production_agricultural_inputs_and_practices,2024,s4_q7,ahs_measurement_unit_7,AHS: Measurement unit,4.7 Measurement unit
wave:2024:section3_4_crop_grown_seeds_and_production_agricultural_inputs_and_practices,2024,s4_q8,ahs_total_quantity_used_plot_8,AHS: Total quantity used in this plot,4.8 Total quantity used in this plot
wave:2024:section3_4_crop_grown_seeds_and_production_agricultural_inputs_and_practices,2024,s4_q9,ahs_quantity_purchased_used_9,AHS: Quantity purchased and used in this plot,4.9 Quantity purchased and used in this plot
wave:2024:section3_4_crop_grown_seeds_and_production_agricultural_inputs_and_practices,2024,s4_q10,ahs_unit_price_rwf_10,AHS: Unit price (RWF),4.10 Unit price (Rwf)
wave:2024:section3_4_crop_grown_seeds_and_production_agricultural_inputs_and_practices,2024,s4_q11,ahs_main_crops_fertilized_11,AHS: Main crops to be fertilized?,4.11 Main crops to be fertilized?
wave:2024:section3_4_crop_grown_seeds_and_production_agricultural_inputs_and_practices,2024,s4_q11_o,ahs_other_main_crops_fertilized,AHS: Other main crops to be fertilized?,4.11 Other main crops to be fertilized?
wave:2024:section3_4_crop_grown_seeds_and_production_agricultural_inputs_and_practices,2024,s4_q6_2,ahs_inorganic_fertilizer_used_2,AHS: Type of inorganic fertilizer used,4.6 Type of inorganic fertilizer used
wave:2024:section3_4_crop_grown_seeds_and_production_agricultural_inputs_and_practices,2024,s4_q6_o2,ahs_type_inorganic_other_s4q6o2,AHS: Other type of inorganic fertilizer used,4.6 Other type of inorganic fertilizer used
wave:2024:section3_4_crop_grown_seeds_and_production_agricultural_inputs_and_practices,2024,s4_q7_2,ahs_measurement_unit_2,AHS: Measurement unit,4.7 Measurement unit
wave:2024:section3_4_crop_grown_seeds_and_production_agricultural_inputs_and_practices,2024,s4_q8_2,ahs_total_quantity_used_plot_2,AHS: Total quantity used in this plot,4.8 Total quantity used in this plot
wave:2024:section3_4_crop_grown_seeds_and_production_agricultural_inputs_and_practices,2024,s4_q9_2,ahs_quantity_purchased_used_2,AHS: Quantity purchased and used in this plot,4.9 Quantity purchased and used in this plot
wave:2024:section3_4_crop_grown_seeds_and_production_agricultural_inputs_and_practices,2024,s4_q10_2,ahs_unit_price_rwf_2,AHS: Unit price (RWF),4.10 Unit price (Rwf)
wave:2024:section3_4_crop_grown_seeds_and_production_agricultural_inputs_and_practices,2024,s4_q11_2,ahs_main_crops_fertilized_2,AHS: Main crops to be fertilized?,4.11 Main crops to be fertilized?
wave:2024:section3_4_crop_grown_seeds_and_production_agricultural_inputs_and_practices,2024,s4_q11_o2,ahs_other_main_crops_2,AHS: Other main crops to be fertilized?,4.11 Other main crops to be fertilized?
wave:2024:section3_4_crop_grown_seeds_and_production_agricultural_inputs_and_practices,2024,s4_q6_3,ahs_inorganic_fertilizer_used_3,AHS: Type of inorganic fertilizer used,4.6 Type of inorganic fertilizer used
wave:2024:section3_4_crop_grown_seeds_and_production_agricultural_inputs_and_practices,2024,s4_q6_o3,ahs_type_inorganic_other_s4q6o3,AHS: Other type of inorganic fertilizer used,4.6 Other type of inorganic fertilizer used
wave:2024:section3_4_crop_grown_seeds_and_production_agricultural_inputs_and_practices,2024,s4_q7_3,ahs_measurement_unit_3,AHS: Measurement unit,4.7 Measurement unit
wave:2024:section3_4_crop_grown_seeds_and_production_agricultural_inputs_and_practices,2024,s4_q8_3,ahs_total_quantity_used_plot_3,AHS: Total quantity used in this plot,4.8 Total quantity used in this plot
wave:2024:section3_4_crop_grown_seeds_and_production_agricultural_inputs_and_practices,2024,s4_q9_3,ahs_quantity_purchased_used_3,AHS: Quantity purchased and used in this plot,4.9 Quantity purchased and used in this plot
wave:2024:section3_4_crop_grown_seeds_and_production_agricultural_inputs_and_practices,2024,s4_q10_3,ahs_unit_price_rwf_3,AHS: Unit price (RWF),4.10 Unit price (Rwf)
wave:2024:section3_4_crop_grown_seeds_and_production_agricultural_inputs_and_practices,2024,s4_q11_3,ahs_main_crops_fertilized_3,AHS: Main crops to be fertilized?,4.11 Main crops to be fertilized?
wave:2024:section3_4_crop_grown_seeds_and_production_agricultural_inputs_and_practices,2024,s4_q11_o3,ahs_other_main_crops_3,AHS: Other main crops to be fertilized?,4.11 Other main crops to be fertilized?
wave:2024:section3_4_crop_grown_seeds_and_production_agricultural_inputs_and_practices,2024,s4_q6_4,ahs_inorganic_fertilizer_used_4,AHS: Type of inorganic fertilizer used,4.6 Type of inorganic fertilizer used
wave:2024:section3_4_crop_grown_seeds_and_production_agricultural_inputs_and_practices,2024,s4_q6_o4,ahs_type_inorganic_other_s4q6o4,AHS: Other type of inorganic fertilizer used,4.6 Other type of inorganic fertilizer used
wave:2024:section3_4_crop_grown_seeds_and_production_agricultural_inputs_and_practices,2024,s4_q7_4,ahs_measurement_unit_4,AHS: Measurement unit,4.7 Measurement unit
wave:2024:section3_4_crop_grown_seeds_and_production_agricultural_inputs_and_practices,2024,s4_q8_4,ahs_total_quantity_used_plot_4,AHS: Total quantity used in this plot,4.8 Total quantity used in this plot
wave:2024:section3_4_crop_grown_seeds_and_production_agricultural_inputs_and_practices,2024,s4_q9_4,ahs_quantity_purchased_used_4,AHS: Quantity purchased and used in this plot,4.9 Quantity purchased and used in this plot
wave:2024:section3_4_crop_grown_seeds_and_production_agricultural_inputs_and_practices,2024,s4_q10_4,ahs_unit_price_rwf_4,AHS: Unit price (RWF),4.10 Unit price (Rwf)
wave:2024:section3_4_crop_grown_seeds_and_production_agricultural_inputs_and_practices,2024,s4_q11_4,ahs_main_crops_fertilized_4,AHS: Main crops to be fertilized?,4.11 Main crops to be fertilized?
wave:2024:section3_4_crop_grown_seeds_and_production_agricultural_inputs_and_practices,2024,s4_q11_o4,ahs_other_main_crops_4,AHS: Other main crops to be fertilized?,4.11 Other main crops to be fertilized?
wave:2024:section3_4_crop_grown_seeds_and_production_agricultural_inputs_and_practices,2024,s4_q12,ahs_used_pest_fungicide_plot,AHS: Have you used pesticide/Fungicide in this plot during this current season?,4.12 Have you used pesticide/Fungicide in this plot during this current season?
wave:2024:section3_4_crop_grown_seeds_and_production_agricultural_inputs_and_practices,2024,s4_q13,ahs_pesticide_fungicide_used_13,AHS: Type of pesticide/fungicide used,4.13 Type of pesticide/fungicide used
wave:2024:section3_4_crop_grown_seeds_and_production_agricultural_inputs_and_practices,2024,s4_q13_o,ahs_type_pesticide_other,AHS: Other type of pesticide/fungicide used,4.13 Other type of pesticide/fungicide used
wave:2024:section3_4_crop_grown_seeds_and_production_agricultural_inputs_and_practices,2024,s4_q14,ahs_measurement_unit_14,AHS: Measurement unit,4.14 Measurement unit
wave:2024:section3_4_crop_grown_seeds_and_production_agricultural_inputs_and_practices,2024,s4_q15,ahs_total_quantity_used_15,AHS: Total quantity used,4.15 Total quantity used
wave:2024:section3_4_crop_grown_seeds_and_production_agricultural_inputs_and_practices,2024,s4_q16,ahs_quantity_purchased_used_16,AHS: Quantity purchased and used in the plot,4.16 Quantity purchased and used in the plot
wave:2024:section3_4_crop_grown_seeds_and_production_agricultural_inputs_and_practices,2024,s4_q17,ahs_amount_quantity_bought_17,AHS: Total amount spent on quantity purchased (Frw),4.17 Total amount spent on quantity purchased (Frw)
wave:2024:section3_4_crop_grown_seeds_and_production_agricultural_inputs_and_practices,2024,s4_q13_2,ahs_pesticide_fungicide_used_2,AHS: Type of pesticide/fungicide used,4.13 Type of pesticide/fungicide used
wave:2024:section3_4_crop_grown_seeds_and_production_agricultural_inputs_and_practices,2024,s4_q13_o2,ahs_type_pesticide_other_s4q13o2,AHS: Other type of pesticide/fungicide used,4.13 Other type of pesticide/fungicide used
wave:2024:section3_4_crop_grown_seeds_and_production_agricultural_inputs_and_practices,2024,s4_q14_2,ahs_measurement_unit_2_s4q142,AHS: Measurement unit,4.14 Measurement unit
wave:2024:section3_4_crop_grown_seeds_and_production_agricultural_inputs_and_practices,2024,s4_q15_2,ahs_total_quantity_used_2,AHS: Total quantity used,4.15 Total quantity used
wave:2024:section3_4_crop_grown_seeds_and_production_agricultural_inputs_and_practices,2024,s4_q16_2,ahs_quantity_purchased_s4q162,AHS: Quantity purchased and used in the plot,4.16 Quantity purchased and used in the plot
wave:2024:section3_4_crop_grown_seeds_and_production_agricultural_inputs_and_practices,2024,s4_q17_2,ahs_amount_quantity_bought_frw_2,AHS: Total amount spent on quantity purchased (Frw),4.17 Total amount spent on quantity purchased (Frw)
wave:2024:section3_4_crop_grown_seeds_and_production_agricultural_inputs_and_practices,2024,s4_q13_3,ahs_pesticide_fungicide_used_3,AHS: Type of pesticide/fungicide used,4.13 Type of pesticide/fungicide used
wave:2024:section3_4_crop_grown_seeds_and_production_agricultural_inputs_and_practices,2024,s4_q13_o3,ahs_type_pesticide_other_s4q13o3,AHS: Other type of pesticide/fungicide used,4.13 Other type of pesticide/fungicide used
wave:2024:section3_4_crop_grown_seeds_and_production_agricultural_inputs_and_practices,2024,s4_q14_3,ahs_measurement_unit_3_s4q143,AHS: Measurement unit,4.14 Measurement unit
wave:2024:section3_4_crop_grown_seeds_and_production_agricultural_inputs_and_practices,2024,s4_q15_3,ahs_total_quantity_used_3,AHS: Total quantity used,4.15 Total quantity used
wave:2024:section3_4_crop_grown_seeds_and_production_agricultural_inputs_and_practices,2024,s4_q16_3,ahs_quantity_purchased_s4q163,AHS: Quantity purchased and used in the plot,4.16 Quantity purchased and used in the plot
wave:2024:section3_4_crop_grown_seeds_and_production_agricultural_inputs_and_practices,2024,s4_q17_3,ahs_amount_quantity_bought_frw_3,AHS: Total amount spent on quantity purchased (Frw),4.17 Total amount spent on quantity purchased (Frw)
wave:2024:section3_4_crop_grown_seeds_and_production_agricultural_inputs_and_practices,2024,s4_q13_4,ahs_pesticide_fungicide_used_4,AHS: Type of pesticide/fungicide used,4.13 Type of pesticide/fungicide used
wave:2024:section3_4_crop_grown_seeds_and_production_agricultural_inputs_and_practices,2024,s4_q13_o4,ahs_type_pesticide_other_s4q13o4,AHS: Other type of pesticide/fungicide used,4.13 Other type of pesticide/fungicide used
wave:2024:section3_4_crop_grown_seeds_and_production_agricultural_inputs_and_practices,2024,s4_q14_4,ahs_measurement_unit_4_s4q144,AHS: Measurement unit,4.14 Measurement unit
wave:2024:section3_4_crop_grown_seeds_and_production_agricultural_inputs_and_practices,2024,s4_q15_4,ahs_total_quantity_used_4,AHS: Total quantity used,4.15 Total quantity used
wave:2024:section3_4_crop_grown_seeds_and_production_agricultural_inputs_and_practices,2024,s4_q16_4,ahs_quantity_purchased_s4q164,AHS: Quantity purchased and used in the plot,4.16 Quantity purchased and used in the plot
wave:2024:section3_4_crop_grown_seeds_and_production_agricultural_inputs_and_practices,2024,s4_q17_4,ahs_amount_quantity_bought_frw_4,AHS: Total amount spent on quantity purchased (Frw),4.17 Total amount spent on quantity purchased (Frw)
wave:2024:section3_4_crop_grown_seeds_and_production_agricultural_inputs_and_practices,2024,s4_q18,ahs_experienced_soil_18,AHS: Have you experienced any of the following soil degradation threats on this,4.18 Have you experienced any of the following soil degradation threats on this
wave:2024:section3_4_crop_grown_seeds_and_production_agricultural_inputs_and_practices,2024,s4_q18_1,ahs_experienced_soil_1,AHS: Have you experienced any of the following soil degradation threats on this,Have you experienced any of the following soil degradation threats on this
wave:2024:section3_4_crop_grown_seeds_and_production_agricultural_inputs_and_practices,2024,s4_q18_2,ahs_experienced_soil_2,AHS: Have you experienced any of the following soil degradation threats on this,Have you experienced any of the following soil degradation threats on this
wave:2024:section3_4_crop_grown_seeds_and_production_agricultural_inputs_and_practices,2024,s4_q18_3,ahs_experienced_soil_3,AHS: Have you experienced any of the following soil degradation threats on this,Have you experienced any of the following soil degradation threats on this
wave:2024:section3_4_crop_grown_seeds_and_production_agricultural_inputs_and_practices,2024,s4_q18_o,ahs_soil_degradation_threats,AHS: Other soil degradation threats on this plot?,4.18 Other soil degradation threats on this plot?
wave:2024:section3_4_crop_grown_seeds_and_production_agricultural_inputs_and_practices,2024,s4_q19,ahs_anti_erosion_activity_plot,AHS: Anti-erosion activity on this plot,Anti-erosion activity on this plot
wave:2024:section3_4_crop_grown_seeds_and_production_agricultural_inputs_and_practices,2024,s4_q19_a,ahs_anti_erosion_activ_existing,AHS: Anti-erosion activities existing on this plot,Anti-erosion activities existing on this plot
wave:2024:section3_4_crop_grown_seeds_and_production_agricultural_inputs_and_practices,2024,s4_q19_a_o,ahs_anti_erosion_other,AHS: Other anti-erosion activities existing on this plot,Other anti-erosion activities existing on this plot
wave:2024:section3_4_crop_grown_seeds_and_production_agricultural_inputs_and_practices,2024,s4_q19_a1,ahs_anti_erosion_activ_type1,AHS: Anti-erosion activities existing on this plot type 1,Anti-erosion activities existing on this plot type 1
wave:2024:section3_4_crop_grown_seeds_and_production_agricultural_inputs_and_practices,2024,s4_q19_a2,ahs_anti_erosion_activ_type2,AHS: Anti-erosion activities existing on this plot type 2,Anti-erosion activities existing on this plot type 2
wave:2024:section3_4_crop_grown_seeds_and_production_agricultural_inputs_and_practices,2024,s4_q19_a3,ahs_anti_erosion_activ_type3,AHS: Anti-erosion activities existing on this plot type 3,Anti-erosion activities existing on this plot type 3
wave:2024:section3_4_crop_grown_seeds_and_production_agricultural_inputs_and_practices,2024,s4_q20,ahs_anti_erosion_activ_agri_sea,AHS: Were these anti-erosion activities done during the current agricultural sea,4.20 Were these anti-erosion activities done during the current agricultural sea
wave:2024:section3_4_crop_grown_seeds_and_production_agricultural_inputs_and_practices,2024,s4_q21,ahs_cost_anti_erosion_activ,AHS: What is the total cost of anti-erosion activities done during this season (,4.21 What is the total cost of anti-erosion activities done during this season (
wave:2024:section3_4_crop_grown_seeds_and_production_agricultural_inputs_and_practices,2024,s4_q22,ahs_plot_irrigated_agri_season,AHS: Has this plot been irrigated during this agricultural season?,4.22 Has this plot been irrigated during this agricultural season?
wave:2024:section3_4_crop_grown_seeds_and_production_agricultural_inputs_and_practices,2024,s4_q23,ahs_irrig_technique_used_plot,AHS: What is irrigation technique used on this plot?,4.23 What is irrigation technique used on this plot?
wave:2024:section3_4_crop_grown_seeds_and_production_agricultural_inputs_and_practices,2024,s4_q24,ahs_source_water_irrigation_24,AHS: What is the source of water for irrigation?,4.24 What is the source of water for irrigation?
wave:2024:section3_4_crop_grown_seeds_and_production_agricultural_inputs_and_practices,2024,s4_q24_1,ahs_source_water_irrigation_1,AHS: What is the source of water for irrigation?,What is the source of water for irrigation?
wave:2024:section3_4_crop_grown_seeds_and_production_agricultural_inputs_and_practices,2024,s4_q24_2,ahs_source_water_irrigation_2,AHS: What is the source of water for irrigation?,What is the source of water for irrigation?
wave:2024:section3_4_crop_grown_seeds_and_production_agricultural_inputs_and_practices,2024,s4_q24_3,ahs_source_water_irrigation_3,AHS: What is the source of water for irrigation?,What is the source of water for irrigation?
wave:2024:section3_4_crop_grown_seeds_and_production_agricultural_inputs_and_practices,2024,s4_q24_o,ahs_source_water_other,AHS: Other source of water for irrigation?,4.24 Other source of water for irrigation?
wave:2024:section3_4_crop_grown_seeds_and_production_agricultural_inputs_and_practices,2024,s4_q25,ahs_irrigation_tool_used_25,AHS: What is the irrigation tool have you used?,4.25 What is the irrigation tool have you used?
wave:2024:section3_4_crop_grown_seeds_and_production_agricultural_inputs_and_practices,2024,s4_q25_1,ahs_irrigation_tool_used_1,AHS: What is the irrigation tool have you used?,What is the irrigation tool have you used?
wave:2024:section3_4_crop_grown_seeds_and_production_agricultural_inputs_and_practices,2024,s4_q25_2,ahs_irrigation_tool_used_2,AHS: What is the irrigation tool have you used?,What is the irrigation tool have you used?
wave:2024:section3_4_crop_grown_seeds_and_production_agricultural_inputs_and_practices,2024,s4_q25_o,ahs_other_irrigation_tool_used,AHS: Other irrigation tool have you used?,4.25 Other irrigation tool have you used?
wave:2024:section3_4_crop_grown_seeds_and_production_agricultural_inputs_and_practices,2024,s4_q26,ahs_cost_irrigation_activ_rwf,AHS: What is the cost spent for irrigation activities? (RWF),4.26 What is the cost spent for irrigation activities? (Rwf)
wave:2024:section3_4_crop_grown_seeds_and_production_agricultural_inputs_and_practices,2024,s4_q27,ahs_use_mechanical_equip_agri,AHS: Did you use any mechanical equipment for agriculture activities on this plo,4.27 Did you use any mechanical equipment for agriculture activities on this plo
wave:2024:section3_4_crop_grown_seeds_and_production_agricultural_inputs_and_practices,2024,s4_q28,ahs_mechanical_equipment_used_28,AHS: Type of mechanical equipment used,4.28 Type of mechanical equipment used.
wave:2024:section3_4_crop_grown_seeds_and_production_agricultural_inputs_and_practices,2024,s4_q28_o,ahs_type_mechanical_other,AHS: Other type of mechanical equipment used,4.28 Other type of mechanical equipment used.
wave:2024:section3_4_crop_grown_seeds_and_production_agricultural_inputs_and_practices,2024,s4_q29,ahs_amount_paid_use_mechanical,AHS: Amount paid for use of mechanical equipment on this plot during this season,4.29 Amount paid for use of mechanical equipment on this plot during this season
wave:2024:section3_4_crop_grown_seeds_and_production_agricultural_inputs_and_practices,2024,s4_q30,ahs_amount_agri_related_activ,AHS: Amount spent on any other agricultural related activities including hired l,4.30 Amount spent on any other agricultural related activities including hired l
wave:2024:section3_4_crop_grown_seeds_and_production_agricultural_inputs_and_practices,2024,s4_q31,ahs_agroforestry_practice_plot,AHS: Agroforestry practice on this plot,agroforestry practice on this plot
wave:2024:section3_4_crop_grown_seeds_and_production_agricultural_inputs_and_practices,2024,s4_q32,ahs_agroforestry_trees_32,AHS: Agroforestry trees planted in this plot,Agroforestry trees planted in this plot
wave:2024:section3_4_crop_grown_seeds_and_production_agricultural_inputs_and_practices,2024,s4_q32_o,ahs_agroforestry_trees_other,AHS: Other agroforestry trees planted in this plot,Other agroforestry trees planted in this plot
wave:2024:section3_4_crop_grown_seeds_and_production_agricultural_inputs_and_practices,2024,s4_q33,ahs_agroforestry_trees_type1,AHS: Agroforestry trees planted in this plot-type 1,Agroforestry trees planted in this plot-type 1
wave:2024:section3_4_crop_grown_seeds_and_production_agricultural_inputs_and_practices,2024,s4_q34,ahs_agroforestry_trees_type2,AHS: Agroforestry trees planted in this plot-type 2,Agroforestry trees planted in this plot-type 2
wave:2024:section3_4_crop_grown_seeds_and_production_agricultural_inputs_and_practices,2024,s4_q35,ahs_agroforestry_trees_type3,AHS: Agroforestry trees planted in this plot-type 3,Agroforestry trees planted in this plot-type 3
wave:2024:section3_4_crop_grown_seeds_and_production_agricultural_inputs_and_practices,2024,s4_q36,ahs_agroforestry_trees_type4,AHS: Agroforestry trees planted in this plot-type 4,Agroforestry trees planted in this plot-type 4
wave:2024:section5_fruits_production,2024,survey,ahs_survey,AHS: Source survey,Source survey
wave:2024:section5_fruits_production,2024,year,ahs_year,AHS: Survey year,Survey year
wave:2024:section5_fruits_production,2024,wave,ahs_wave,AHS: Wave identifier,Wave (survey year)
wave:2024:section5_fruits_production,2024,sample,ahs_sample,AHS: Sample: sampled household or LSF large-scale-farmer supplement,"CS = sampled agricultural household; LSF = large-scale-farmer supplement record (2020: 2,345 list-frame farms with weight 1; 2024: 1,939 such records) -- not part of the household sample"
wave:2024:section5_fruits_production,2024,prov,ahs_province,"AHS: Province, NISR code 1-5","Province (1-5, NISR codes)"
wave:2024:section5_fruits_production,2024,dist,ahs_district,"AHS: District, NISR code 11-57","District (11-57, NISR current codes)"
wave:2024:section5_fruits_production,2024,cluster,ahs_cluster,AHS 2024: Sampling cluster or village identifier,Sampling segment / cluster (as shipped)
wave:2024:section5_fruits_production,2024,hhid,ahs_household_id,AHS: Household identifier,Household id (unique within wave)
wave:2024:section5_fruits_production,2024,wt,ahs_weight,AHS: Sampling weight,"Household weight carried by every row (sums to persons in the person file, to households in the household file; repeated per record in module files)"
wave:2024:section5_fruits_production,2024,wt_hh,ahs_household_weight,AHS: Household weight,Household weight repeated on every row of this file -- sums to the number of households ONLY in the household file (one row per household)
wave:2024:section5_fruits_production,2024,cluster_id,ahs_cluster_number,AHS 2024: Cluster Number,Cluster Number
wave:2024:section5_fruits_production,2024,season,ahs_season,AHS 2024: Agricultural season,Season
wave:2024:section5_fruits_production,2024,s5_q1,ahs_hh_fruits_trees_scattered,AHS 2024: Have fruits trees scattered in any of your plot during th,Did your household have fruits trees scattered in any of your plot during th
wave:2024:section5_fruits_production,2024,s5_q2,ahs_fuits,AHS 2024: Fuits Name,Fuits Name
wave:2024:section5_fruits_production,2024,s5_q3,ahs_nber_fruits_trees,AHS 2024: Nber of fruits trees,Nber of fruits trees
wave:2024:section5_fruits_production,2024,s5_q4,ahs_nber_fruits_trees_harvested,AHS 2024: Nber of fruits trees to be harvested,Nber of fruits trees to be harvested
wave:2024:section5_fruits_production,2024,s5_q5,ahs_total_production_kg,AHS 2024: Total Production in Kg,Total Production in Kg
wave:2024:section5_fruits_production,2024,s5_q6,ahs_prod_fruit_quantity_sol,AHS 2024: On the total production of this fruit what is the quantity that has,On the total production of this fruit what is the quantity that has been sol
wave:2024:section5_fruits_production,2024,s5_q7,ahs_selling_price_kilogram_rwf,AHS 2024: What was the selling price per kilogram? (RWF/Kg),What was the selling price per kilogram? (Rwf/Kg)
wave:2024:section5_fruits_production,2024,s5_q8,ahs_quantity_used_used_hh_consum,AHS 2024: Quantity that has been used/ to be used as household consumption,what is the quantity that has been used/ to be used as household consumption
wave:2024:section5_fruits_production,2024,s6_q9,ahs_quantity_used_used_way_kg,AHS 2024: Quantity that has been used /to be used in any other way? (Kg),what is the quantity that has been used /to be used in any other way?  (Kg)
wave:2024:section6_extension_services_and_agricultural_programmes,2024,survey,ahs_survey,AHS: Source survey,Source survey
wave:2024:section6_extension_services_and_agricultural_programmes,2024,year,ahs_year,AHS: Survey year,Survey year
wave:2024:section6_extension_services_and_agricultural_programmes,2024,wave,ahs_wave,AHS: Wave identifier,Wave (survey year)
wave:2024:section6_extension_services_and_agricultural_programmes,2024,sample,ahs_sample,AHS: Sample: sampled household or LSF large-scale-farmer supplement,"CS = sampled agricultural household; LSF = large-scale-farmer supplement record (2020: 2,345 list-frame farms with weight 1; 2024: 1,939 such records) -- not part of the household sample"
wave:2024:section6_extension_services_and_agricultural_programmes,2024,prov,ahs_province,"AHS: Province, NISR code 1-5","Province (1-5, NISR codes)"
wave:2024:section6_extension_services_and_agricultural_programmes,2024,dist,ahs_district,"AHS: District, NISR code 11-57","District (11-57, NISR current codes)"
wave:2024:section6_extension_services_and_agricultural_programmes,2024,cluster,ahs_cluster,AHS 2017-2024: Sampling cluster or village identifier,Sampling segment / cluster (as shipped)
wave:2024:section6_extension_services_and_agricultural_programmes,2024,hhid,ahs_household_id,AHS: Household identifier,Household id (unique within wave)
wave:2024:section6_extension_services_and_agricultural_programmes,2024,wt,ahs_weight,AHS: Sampling weight,"Household weight carried by every row (sums to persons in the person file, to households in the household file; repeated per record in module files)"
wave:2024:section6_extension_services_and_agricultural_programmes,2024,wt_hh,ahs_household_weight,AHS: Household weight,Household weight repeated on every row of this file -- sums to the number of households ONLY in the household file (one row per household)
wave:2024:section6_extension_services_and_agricultural_programmes,2024,s6q1,ahs_extension_service,AHS 2024: Extension service code and name,Extension service code and name
wave:2024:section6_extension_services_and_agricultural_programmes,2024,s6q2,ahs_hh_recvd_extension_2024,AHS 2024: Household members who ever received extension/advisory services,Household members who ever received extension/advisory services.
wave:2024:section6_extension_services_and_agricultural_programmes,2024,s6q3,ahs_household_received_season,AHS 2024: Household members who received extension/advisory services in this,Household members who received extension/advisory services in this season
wave:2024:section6_extension_services_and_agricultural_programmes,2024,s6q4,ahs_source_extension_2024,AHS 2024: Source of extension/advisory services?,Source of extension/advisory services?
wave:2024:section6_extension_services_and_agricultural_programmes,2024,s6q4_1,ahs_source_extension_services_1,AHS 2024: Source of extension services (1),Source of extension services (1)
wave:2024:section6_extension_services_and_agricultural_programmes,2024,s6q4_2,ahs_source_extension_services_2,AHS 2024: Source of extension services (2),Source of extension services (2)
wave:2024:section6_extension_services_and_agricultural_programmes,2024,s6q4_3,ahs_source_extension_services_3,AHS 2024: Source of extension services (3),Source of extension services (3)
wave:2024:section6_extension_services_and_agricultural_programmes,2024,s6q5,ahs_belong_twigire_hh_mworozi,AHS 2024: Does any household member belong to ? Twigire muhinzi/mworozi? group?,Does any household member belong to ?Twigire muhinzi/mworozi? group?
wave:2024:section6_extension_services_and_agricultural_programmes,2024,s6q5_a,ahs_belong_twigire_hh_s6q5a,AHS 2024: Household member belong to ? Twigire muhinzi/mworozi? group?,Household member belong to ?Twigire muhinzi/mworozi? group?
wave:2024:section6_extension_services_and_agricultural_programmes,2024,s6q6,ahs_hh_belong_farmer_field_2024,AHS 2024: Does any household member belong to ? Farmer field school??,Does any household member belong to ?Farmer field school??
wave:2024:section6_extension_services_and_agricultural_programmes,2024,s6q6_a,ahs_hh_belong_farmer_field_a,AHS 2024: Does any household member belong to ? Farmer field school??,Does any household member belong to ?Farmer field school??
wave:2024:section6_extension_services_and_agricultural_programmes,2024,s6q7,ahs_benefited_contract_household,AHS 2024: Is there any household member who benefited from contract farming in,Is there any household member who benefited from contract farming in this s
wave:2024:section6_extension_services_and_agricultural_programmes,2024,s6q7_a,ahs_benefited_contract_s6q7a,AHS 2024: Is there any household member who benefited from contract farming in,Is there any household member who benefited from contract farming in this s
wave:2024:section6_extension_services_and_agricultural_programmes,2024,s6q8,ahs_hh_crop_insurance_2024,AHS 2024: Is there any household member who took crop insurance in this season?,Is there any household member who took crop insurance in this season?
wave:2024:section6_extension_services_and_agricultural_programmes,2024,s6q8_a,ahs_hh_crop_insurance_season_a,AHS 2024: Is there any household member who took crop insurance in this season?,Is there any household member who took crop insurance in this season?
wave:2024:section6_extension_services_and_agricultural_programmes,2024,s6q9,ahs_hh_livestock_insur_2024,AHS 2024: Is there any household member who took livestock insurance in this,Is there any household member who took livestock insurance in this season?
wave:2024:section6_extension_services_and_agricultural_programmes,2024,s6q9_a,ahs_hh_livestock_insur_season_a,AHS 2024: Is there any household member who took livestock insurance in this,Is there any household member who took livestock insurance in this season?
wave:2024:section6_extension_services_and_agricultural_programmes,2024,s6q10,ahs_hh_belong_agri_2024,AHS 2024: Does any member of this household belong to agricultural, Does any member of this household belong to agricultural cooperatives/Asso
wave:2024:section6_extension_services_and_agricultural_programmes,2024,s6q10_a,ahs_hh_belong_agri_a,AHS 2024: Does any member of this household belong to agricultural, Does any member of this household belong to agricultural cooperatives/Asso
wave:2024:section6_extension_services_and_agricultural_programmes,2024,s6q11,ahs_type_cooperative,AHS 2024: Type of cooperative, Type of cooperative
wave:2024:section6_extension_services_and_agricultural_programmes,2024,s6q12,ahs_types_svc_coop_associations,AHS 2024: Types of services do you get from these cooperative/or associations, What types of services do you get from these cooperative/or associations?
wave:2024:section6_extension_services_and_agricultural_programmes,2024,s6q13,ahs_kitchen_garden_home_2024,AHS 2024: Do you have a kitchen garden at your home?, Do you have a kitchen garden at your home?
wave:2024:section6_extension_services_and_agricultural_programmes,2024,s6q14,ahs_recvd_support_fund_grant,AHS 2024: Received any support/ fund for grant for agricultural purpose in, Have you received any support/ fund for grant for agricultural purpose in
wave:2024:section6_extension_services_and_agricultural_programmes,2024,s6q15,ahs_types_support_funds_received,AHS 2024: What types of support/funds received?, What types of support/funds received?
wave:2024:section6_extension_services_and_agricultural_programmes,2024,s6q16,ahs_origin_support,AHS 2024: What is the origin of that support?, What is the origin of that support?
wave:2024:section7_agricultural_tools,2024,survey,ahs_survey,AHS: Source survey,Source survey
wave:2024:section7_agricultural_tools,2024,year,ahs_year,AHS: Survey year,Survey year
wave:2024:section7_agricultural_tools,2024,wave,ahs_wave,AHS: Wave identifier,Wave (survey year)
wave:2024:section7_agricultural_tools,2024,sample,ahs_sample,AHS: Sample: sampled household or LSF large-scale-farmer supplement,"CS = sampled agricultural household; LSF = large-scale-farmer supplement record (2020: 2,345 list-frame farms with weight 1; 2024: 1,939 such records) -- not part of the household sample"
wave:2024:section7_agricultural_tools,2024,prov,ahs_province,"AHS: Province, NISR code 1-5","Province (1-5, NISR codes)"
wave:2024:section7_agricultural_tools,2024,dist,ahs_district,"AHS: District, NISR code 11-57","District (11-57, NISR current codes)"
wave:2024:section7_agricultural_tools,2024,cluster,ahs_cluster,AHS: Sampling cluster or village identifier,Sampling segment / cluster (as shipped)
wave:2024:section7_agricultural_tools,2024,hhid,ahs_household_id,AHS: Household identifier,Household id (unique within wave)
wave:2024:section7_agricultural_tools,2024,wt,ahs_weight,AHS: Sampling weight,"Household weight carried by every row (sums to persons in the person file, to households in the household file; repeated per record in module files)"
wave:2024:section7_agricultural_tools,2024,wt_hh,ahs_household_weight,AHS: Household weight,Household weight repeated on every row of this file -- sums to the number of households ONLY in the household file (one row per household)
wave:2024:section7_agricultural_tools,2024,s7qa,ahs_hh_bought_used_tool_season,AHS 2024: Did your household purchased and used any tool during this season?,did your household purchased and used any tool during this season?
wave:2024:section7_agricultural_tools,2024,s7q1,ahs_tool_1_2024,AHS 2024: Tool name,tool_name
wave:2024:section7_agricultural_tools,2024,s7q1_o,ahs_other_tool_o,AHS 2024: Other tool,other tool
wave:2024:section7_agricultural_tools,2024,s7q2,ahs_hh_bought_used_tool_se_2024,AHS 2024: Has any member of your household purchased and used this tool during,7.2 Has any member of your household purchased and used this tool during this se
wave:2024:section7_agricultural_tools,2024,s7q3,ahs_tools_bought_used_2024,AHS 2024: Number of tools purchased and used during this season?,7.3 Number of tools purchased and used during this season?
wave:2024:section7_agricultural_tools,2024,s7q4,ahs_avg_unit_price_bought_2024,AHS 2024: What was the average unit price for the purchased tools? (RWF),7.4 What was the average unit price for the purchased tools? (RwF)
wave:2024:section7_agricultural_tools,2024,s7q5,ahs_tool_household_rented_2024,AHS 2024: Number of the tool that any member of your household has rented,7.5 What is the number of the tool that any member of your household has rented
wave:2024:section7_agricultural_tools,2024,s7q6,ahs_amount_paid_rented_2024,AHS 2024: Amount paid for rented small tools,7.6 Amount paid for rented small tools
wave:2024:section7_agricultural_tools,2024,s7q7,ahs_tool_7_2024,AHS 2024: Tool name,tool_name
wave:2024:section7_agricultural_tools,2024,s7q7_o,ahs_other_tool_o_s7q7o,AHS 2024: Other tool,other tool
wave:2024:section7_agricultural_tools,2024,s7q8,ahs_hh_bought_equipment_season,AHS 2024: Has any member of your household purchased this equipment during this,7.8 Has any member of your household purchased this equipment during this season
wave:2024:section7_agricultural_tools,2024,s7q9,ahs_equipment_purchased_hh_se,AHS 2024: Number of this equipment purchased by your household in this se,7.9 What was the number of this equipment purchased by your household in this se
wave:2024:section7_agricultural_tools,2024,s7q10,ahs_unit_price_bought_equip_rwf,AHS 2024: What was the unit price for the purchased equipment? (RWF),7.10 What was the unit price for the purchased equipment? (RwF)
wave:2024:section7_agricultural_tools,2024,s7q11,ahs_equipment_hh_rented_thi,AHS 2024: Number of the equipment that any member of your household has rented,7.11 Number of the equipment that any member of your household has rented in thi
wave:2024:section7_agricultural_tools,2024,s7q12,ahs_amount_paid_rented_durable,AHS 2024: Amount paid for rented durable tools,7.12 Amount paid for rented durable tools
wave:2024:section8_sustainable_agriculture,2024,survey,ahs_survey,AHS: Source survey,Source survey
wave:2024:section8_sustainable_agriculture,2024,year,ahs_year,AHS: Survey year,Survey year
wave:2024:section8_sustainable_agriculture,2024,wave,ahs_wave,AHS: Wave identifier,Wave (survey year)
wave:2024:section8_sustainable_agriculture,2024,sample,ahs_sample,AHS: Sample: sampled household or LSF large-scale-farmer supplement,"CS = sampled agricultural household; LSF = large-scale-farmer supplement record (2020: 2,345 list-frame farms with weight 1; 2024: 1,939 such records) -- not part of the household sample"
wave:2024:section8_sustainable_agriculture,2024,prov,ahs_province,"AHS: Province, NISR code 1-5","Province (1-5, NISR codes)"
wave:2024:section8_sustainable_agriculture,2024,dist,ahs_district,"AHS: District, NISR code 11-57","District (11-57, NISR current codes)"
wave:2024:section8_sustainable_agriculture,2024,cluster,ahs_cluster,AHS 2017-2024: Sampling cluster or village identifier,Sampling segment / cluster (as shipped)
wave:2024:section8_sustainable_agriculture,2024,hhid,ahs_household_id,AHS: Household identifier,Household id (unique within wave)
wave:2024:section8_sustainable_agriculture,2024,wt,ahs_weight,AHS: Sampling weight,"Household weight carried by every row (sums to persons in the person file, to households in the household file; repeated per record in module files)"
wave:2024:section8_sustainable_agriculture,2024,wt_hh,ahs_household_weight,AHS: Household weight,Household weight repeated on every row of this file -- sums to the number of households ONLY in the household file (one row per household)
wave:2024:section8_sustainable_agriculture,2024,s8q1,ahs_aware_environmental_risks,AHS 2024: Aware of the environmental risks associated with the excessive use o,8.1 Are you aware of the environmental risks associated with the excessive use o
wave:2024:section8_sustainable_agriculture,2024,s8q2,ahs_hh_specific_measures,AHS 2024: Take specific measures to mitigate the environmental risk,8.2 Did your household take specific measures to mitigate the environmental risk
wave:2024:section8_sustainable_agriculture,2024,s8q3,ahs_specific_measures_mitigate,AHS 2024: Among the following specific measures to mitigate the environmental,8.3 Among the following specific measures to mitigate the environmental risks as
wave:2024:section8_sustainable_agriculture,2024,s8q4,ahs_aware_environmental_health,AHS 2024: Aware of the environmental and health risks associated with the use,8.4 Are you aware of the environmental and health risks associated with the use
wave:2024:section8_sustainable_agriculture,2024,s8q5,ahs_season_measures_hh_adopt,"AHS 2024: In this season, which of the following measures did your household","8.5 In this season, which of the following measures did your household adopt to"
wave:2024:section8_sustainable_agriculture,2024,s8q6,ahs_avoid_environ_related_risk,"AHS 2024: To avoid environment-related risk, which of the following measures","8.6 To avoid environment-related risk, which of the following measures did your"
wave:2024:section9_10_12_livestock_and_animal_inputs_expenditures,2024,survey,ahs_survey,AHS: Source survey,Source survey
wave:2024:section9_10_12_livestock_and_animal_inputs_expenditures,2024,year,ahs_year,AHS: Survey year,Survey year
wave:2024:section9_10_12_livestock_and_animal_inputs_expenditures,2024,wave,ahs_wave,AHS: Wave identifier,Wave (survey year)
wave:2024:section9_10_12_livestock_and_animal_inputs_expenditures,2024,sample,ahs_sample,AHS: Sample: sampled household or LSF large-scale-farmer supplement,"CS = sampled agricultural household; LSF = large-scale-farmer supplement record (2020: 2,345 list-frame farms with weight 1; 2024: 1,939 such records) -- not part of the household sample"
wave:2024:section9_10_12_livestock_and_animal_inputs_expenditures,2024,prov,ahs_province,"AHS: Province, NISR code 1-5","Province (1-5, NISR codes)"
wave:2024:section9_10_12_livestock_and_animal_inputs_expenditures,2024,dist,ahs_district,"AHS: District, NISR code 11-57","District (11-57, NISR current codes)"
wave:2024:section9_10_12_livestock_and_animal_inputs_expenditures,2024,cluster,ahs_cluster,AHS 2017-2024: Sampling cluster or village identifier,Sampling segment / cluster (as shipped)
wave:2024:section9_10_12_livestock_and_animal_inputs_expenditures,2024,hhid,ahs_household_id,AHS: Household identifier,Household id (unique within wave)
wave:2024:section9_10_12_livestock_and_animal_inputs_expenditures,2024,wt,ahs_weight,AHS: Sampling weight,"Household weight carried by every row (sums to persons in the person file, to households in the household file; repeated per record in module files)"
wave:2024:section9_10_12_livestock_and_animal_inputs_expenditures,2024,wt_hh,ahs_household_weight,AHS: Household weight,Household weight repeated on every row of this file -- sums to the number of households ONLY in the household file (one row per household)
wave:2024:section9_10_12_livestock_and_animal_inputs_expenditures,2024,s9q1,ahs_hh_rear_domestic_animals,AHS 2024: Did your household rear any domestic animals during last 6 months?,Did your household rear any domestic animals during last 6 months?
wave:2024:section9_10_12_livestock_and_animal_inputs_expenditures,2024,s9q2,ahs_animal_reared_2024,AHS 2024: Animal reared in last 6 months,Animal reared in last 6 months
wave:2024:section9_10_12_livestock_and_animal_inputs_expenditures,2024,s9q4_male,ahs_total_male_animals_s9q4male,AHS 2024: Total male animals all ages,Total male animals all ages
wave:2024:section9_10_12_livestock_and_animal_inputs_expenditures,2024,s9q4_female,ahs_total_female_s9q4female,AHS 2024: Total female animals all ages,Total female animals all ages
wave:2024:section9_10_12_livestock_and_animal_inputs_expenditures,2024,s9q4,ahs_number_animals_reared_2024,AHS 2024: Number of animals reared now,Number of animals reared now
wave:2024:section9_10_12_livestock_and_animal_inputs_expenditures,2024,s9q5_1,ahs_male_animal0_months_1_s9q51,AHS 2024: Male Animal 0-6 months,Male Animal [0-6]months
wave:2024:section9_10_12_livestock_and_animal_inputs_expenditures,2024,s9q5_2,ahs_female_animal0_months_s9q52,AHS 2024: Female Animal 0-6 months,Female Animal [0-6]months
wave:2024:section9_10_12_livestock_and_animal_inputs_expenditures,2024,s9q5_3,ahs_male_animal7_months_3_s9q53,AHS 2024: Male Animal 7-12 months,Male Animal [7-12]months
wave:2024:section9_10_12_livestock_and_animal_inputs_expenditures,2024,s9q5_4,ahs_female_animal7_months_s9q54,AHS 2024: Female Animal 7-12 months,Female Animal [7-12]months
wave:2024:section9_10_12_livestock_and_animal_inputs_expenditures,2024,s9q5_5,ahs_male_animal13_months_5_s9q55,AHS 2024: Male Animal 13-24 months,Male Animal [13-24]months
wave:2024:section9_10_12_livestock_and_animal_inputs_expenditures,2024,s9q5_6,ahs_female_animal13_s9q56,AHS 2024: Female Animal 13-24 months,Female Animal [13-24]months
wave:2024:section9_10_12_livestock_and_animal_inputs_expenditures,2024,s9q5_7,ahs_male_animal_above_s9q57,AHS 2024: Male Animal above 24 months,Male Animal above 24 months
wave:2024:section9_10_12_livestock_and_animal_inputs_expenditures,2024,s9q5_8,ahs_female_animal_above_s9q58,AHS 2024: Female Animal above 24 months,Female Animal above 24 months
wave:2024:section9_10_12_livestock_and_animal_inputs_expenditures,2024,s10q2_1,ahs_animals_born_male,AHS 2024: How many animals born-Male,10.2 How many animals born-Male
wave:2024:section9_10_12_livestock_and_animal_inputs_expenditures,2024,s10q2_2,ahs_animals_born_female,AHS 2024: How many animals born-Female,10.2 How many animals born-Female
wave:2024:section9_10_12_livestock_and_animal_inputs_expenditures,2024,s10q3_1,ahs_animals_bought_male_female_1,"AHS 2024: How many animals bought If male=0 and female=0, skip to 13.5-Male","10.3 How many animals bought If male=0 and female=0, skip to 13.5-Male"
wave:2024:section9_10_12_livestock_and_animal_inputs_expenditures,2024,s10q3_2,ahs_animals_bought_male_female_2,"AHS 2024: How many animals bought If male=0 and female=0, skip to 13.5-Female","10.3 How many animals bought If male=0 and female=0, skip to 13.5-Female"
wave:2024:section9_10_12_livestock_and_animal_inputs_expenditures,2024,s10q4,ahs_amount_paid_frw,AHS 2024: Amount paid (Frw),10.4 Amount paid (Frw)
wave:2024:section9_10_12_livestock_and_animal_inputs_expenditures,2024,s10q5_1,ahs_animals_received_gift_male,AHS 2024: How many animals received as gift-Male,10.5 How many animals received as gift-Male
wave:2024:section9_10_12_livestock_and_animal_inputs_expenditures,2024,s10q5_2,ahs_animals_received_gift_female,AHS 2024: How many animals received as gift-Female,10.5 How many animals received as gift-Female
wave:2024:section9_10_12_livestock_and_animal_inputs_expenditures,2024,s10q6_1,ahs_animals_sold_farmers_male_1,"AHS 2024: Animals Sold to farmers If male=0 and female=0, skip to 13.8-Male","10.6 How many animals Sold to farmers If male=0 and female=0, skip to 13.8-Male"
wave:2024:section9_10_12_livestock_and_animal_inputs_expenditures,2024,s10q6_2,ahs_animals_sold_femal,"AHS 2024: Animals Sold to farmers If male=0 and female=0, skip to 13.8-Femal","10.6 How many animals Sold to farmers If male=0 and female=0, skip to 13.8-Femal"
wave:2024:section9_10_12_livestock_and_animal_inputs_expenditures,2024,s10q7,ahs_amount_received_frw,AHS 2024: Amount received (Frw),10.7 Amount received (Frw)
wave:2024:section9_10_12_livestock_and_animal_inputs_expenditures,2024,s10q8_1,ahs_animals_sold_consumers_1,"AHS 2024: Animals Sold to consumers (abbatoirs, hotels, resto,etc..) If male","10.8 How many animals Sold to consumers (abbatoirs, hotels, resto,etc..) If male"
wave:2024:section9_10_12_livestock_and_animal_inputs_expenditures,2024,s10q8_2,ahs_animals_sold_consumers_2,"AHS 2024: Animals Sold to consumers (abbatoirs, hotels, resto,etc..) If male","10.8 How many animals Sold to consumers (abbatoirs, hotels, resto,etc..) If male"
wave:2024:section9_10_12_livestock_and_animal_inputs_expenditures,2024,s10q9,ahs_total_amount_received_frw,AHS 2024: Total Amount received (Frw),10.9 Total Amount received (Frw)
wave:2024:section9_10_12_livestock_and_animal_inputs_expenditures,2024,s10q10_1,ahs_animals_slaughtered_male,AHS 2024: How many animals slaughtered for own consumption-Male,10.10 How many animals slaughtered for own consumption-Male
wave:2024:section9_10_12_livestock_and_animal_inputs_expenditures,2024,s10q10_2,ahs_animals_slaughtered_female,AHS 2024: How many animals slaughtered for own consumption-Female,10.10 How many animals slaughtered for own consumption-Female
wave:2024:section9_10_12_livestock_and_animal_inputs_expenditures,2024,s10q11_1,ahs_animals_gift_male,AHS 2024: How many animals given as gift-Male,10.11 How many animals given as gift-Male
wave:2024:section9_10_12_livestock_and_animal_inputs_expenditures,2024,s10q11_2,ahs_animals_gift_female,AHS 2024: How many animals given as gift-Female,10.11 How many animals given as gift-Female
wave:2024:section9_10_12_livestock_and_animal_inputs_expenditures,2024,s10q12_1,ahs_animals_others_male,AHS 2024: How many animals given to others for keeping at a given period-Male,10.12 How many animals given to others for keeping at a given period-Male
wave:2024:section9_10_12_livestock_and_animal_inputs_expenditures,2024,s10q12_2,ahs_animals_others_female,AHS 2024: How many animals given to others for keeping at a given period-Female,10.12 How many animals given to others for keeping at a given period-Female
wave:2024:section9_10_12_livestock_and_animal_inputs_expenditures,2024,s10q13_1,ahs_animals_dead_male,AHS 2024: How many animals? dead-Male,10.13 How many animals? dead-Male
wave:2024:section9_10_12_livestock_and_animal_inputs_expenditures,2024,s10q13_2,ahs_animals_dead_female,AHS 2024: How many animals? dead-Female,10.13 How many animals? dead-Female
wave:2024:section9_10_12_livestock_and_animal_inputs_expenditures,2024,s10q14_1,ahs_animals_stolen_male,AHS 2024: How many animals stolen-Male,10.14 How many animals stolen-Male
wave:2024:section9_10_12_livestock_and_animal_inputs_expenditures,2024,s10q14_2,ahs_animals_stolen_female,AHS 2024: How many animals stolen-Female,10.14 How many animals stolen-Female
wave:2024:section9_10_12_livestock_and_animal_inputs_expenditures,2024,s12q2,ahs_amount_rent_land_grazing,AHS 2024: Amount spent on rent for land grazing/ kraal/ renting animal shelter, 12.2 Amount spent on rent for land grazing/ kraal/ renting animal shelter
wave:2024:section9_10_12_livestock_and_animal_inputs_expenditures,2024,s12q3,ahs_amount_purchasing_fodder,AHS 2024: Amount spent on purchasing fodder crop, 12.3 Amount spent on purchasing fodder crop
wave:2024:section9_10_12_livestock_and_animal_inputs_expenditures,2024,s12q4,ahs_amount_purchasing_feeds,AHS 2024: Amount spent on purchasing feeds/water, 12.4 Amount spent on purchasing feeds/water
wave:2024:section9_10_12_livestock_and_animal_inputs_expenditures,2024,s12q5,ahs_amount_purchasing_salt,AHS 2024: Amount spent on purchasing salt and minerals, 12.5 Amount spent on purchasing salt and minerals
wave:2024:section9_10_12_livestock_and_animal_inputs_expenditures,2024,s12q6,ahs_amount_purchasing_artificial,AHS 2024: Amount spent on purchasing artificial insemination, 12.6 Amount spent on purchasing artificial insemination
wave:2024:section9_10_12_livestock_and_animal_inputs_expenditures,2024,s12q7,ahs_amount_purchasing_vaccines,"AHS 2024: Amount spent on purchasing vaccines, dips, sprays and medicine"," 12.7 Amount spent on purchasing vaccines, dips, sprays and medicine"
wave:2024:section9_10_12_livestock_and_animal_inputs_expenditures,2024,s12q8,ahs_amount_paying_veterinary_svc,AHS 2024: Amount spent on paying veterinary services, 12.8 Amount spent on paying veterinary services
wave:2024:section9_10_12_livestock_and_animal_inputs_expenditures,2024,s12q9,ahs_amount_setting_new_fences,AHS 2024: Amount spent on setting new fences/sheds or repairs of fencing/ sheds, 12.9 Amount spent on setting new fences/sheds or repairs of fencing/ sheds
wave:2024:section9_10_12_livestock_and_animal_inputs_expenditures,2024,s12q10,ahs_amount_farm_maint_activities,AHS 2024: Amount spent on farm maintenance activities, 12.10 Amount spent on farm maintenance activities
wave:2024:section9_10_12_livestock_and_animal_inputs_expenditures,2024,s12q11,ahs_amount_payment_shepherds,AHS 2024: Amount spent on payment of shepherds, 12.11 Amount spent on payment of shepherds
wave:2024:section9_10_12_livestock_and_animal_inputs_expenditures,2024,s12q12,ahs_other_expenditures_livestock,AHS 2024: Other expenditures in livestock, 12.12 Other expenditures in livestock
wave:2024:section9_10_12_livestock_and_animal_inputs_expenditures,2024,owner,ahs_owner,AHS 2020-2024: Owner,owner
wave:2024:section9_10_12_livestock_and_animal_inputs_expenditures,2024,_merge,ahs_matching_result_merge,AHS 2024: Matching result from merge,Matching result from merge
