16:58:59 01_clean INFO ==== 01_clean | run 20260906-165858 | python 3.13.5 | pandas 2.2.3 | pyreadstat 1.3.4
16:58:59 01_clean INFO ================ 2006 ================
16:59:00 01_clean INFO PASS  2006: household id unique (2,783 households)
16:59:00 01_clean INFO PASS  2006: household weight > 0
16:59:00 01_clean INFO PASS  2006 household: province codes 1-5
16:59:00 01_clean INFO PASS  2006 household: district codes on the 11-57 scheme (29 districts)
16:59:05 01_clean INFO wrote CFSVA_2006_household_clean.dta  (2,783 rows x 1573 vars, 8.2 MB)
16:59:05 01_clean INFO   2006 woman: 3 keys attached from the household file (100.0% of rows matched)
16:59:05 01_clean INFO PASS  2006 woman: rows link to a household in the household file (100.0%)
16:59:05 01_clean INFO PASS  2006 woman: province codes 1-5
16:59:05 01_clean INFO PASS  2006 woman: district codes on the 11-57 scheme (29 districts)
16:59:05 01_clean INFO wrote CFSVA_2006_woman_clean.dta  (3,671 rows x 43 vars, 0.4 MB)
16:59:05 01_clean INFO   2006 child: 3 keys attached from the household file (100.0% of rows matched)
16:59:05 01_clean INFO PASS  2006 child: rows link to a household in the household file (100.0%)
16:59:05 01_clean INFO destring childidn (2059 values)
16:59:05 01_clean INFO PASS  2006 child: province codes 1-5
16:59:05 01_clean INFO PASS  2006 child: district codes on the 11-57 scheme (29 districts)
16:59:05 01_clean INFO wrote CFSVA_2006_child_clean.dta  (2,059 rows x 54 vars, 0.4 MB)
16:59:05 01_clean INFO all hard checks passed (0 soft warnings)
16:59:05 01_clean INFO ================ 2009 ================
16:59:05 01_clean INFO   2009: district names matched by closest spelling: {'RURINDO': 41}
16:59:05 01_clean INFO destring s11q1g (412 values)
16:59:05 01_clean INFO destring s11q1h (412 values)
16:59:05 01_clean INFO PASS  2009: household id unique (5,400 households)
16:59:05 01_clean WARNING WARN  2009: no household weight shipped (wt absent; treat as unweighted)
16:59:05 01_clean INFO PASS  2009 household: province codes 1-5
16:59:05 01_clean INFO PASS  2009 household: district codes on the 11-57 scheme (27 districts)
16:59:06 01_clean INFO wrote CFSVA_2009_household_clean.dta  (5,400 rows x 249 vars, 3.3 MB)
16:59:06 01_clean INFO   2009 woman: 1 keys attached from the household file (100.0% of rows matched)
16:59:06 01_clean INFO PASS  2009 woman: rows link to a household in the household file (100.0%)
16:59:06 01_clean INFO PASS  2009 woman: province codes 1-5
16:59:06 01_clean INFO PASS  2009 woman: district codes on the 11-57 scheme (27 districts)
16:59:06 01_clean INFO wrote CFSVA_2009_woman_clean.dta  (6,252 rows x 35 vars, 0.7 MB)
16:59:06 01_clean INFO   2009 child: 1 keys attached from the household file (100.0% of rows matched)
16:59:06 01_clean INFO PASS  2009 child: rows link to a household in the household file (100.0%)
16:59:06 01_clean INFO PASS  2009 child: province codes 1-5
16:59:06 01_clean INFO PASS  2009 child: district codes on the 11-57 scheme (27 districts)
16:59:06 01_clean INFO wrote CFSVA_2009_child_clean.dta  (7,819 rows x 50 vars, 0.9 MB)
16:59:06 01_clean INFO   2009: district names matched by closest spelling: {'RURINDO': 41}
16:59:06 01_clean INFO PASS  2009 village: province codes 1-5
16:59:06 01_clean INFO PASS  2009 village: district codes on the 11-57 scheme (27 districts)
16:59:06 01_clean INFO wrote CFSVA_2009_village_clean.dta  (427 rows x 28 vars, 0.1 MB)
16:59:06 01_clean INFO   2009 other: 1 keys attached from the household file (100.0% of rows matched)
16:59:06 01_clean INFO PASS  2009 other: rows link to a household in the household file (100.0%)
16:59:06 01_clean INFO PASS  2009 other: province codes 1-5
16:59:06 01_clean INFO PASS  2009 other: district codes on the 11-57 scheme (27 districts)
16:59:06 01_clean INFO wrote CFSVA_2009_s10b_clean.dta  (5,948 rows x 32 vars, 0.4 MB)
16:59:06 01_clean INFO   2009 other: 1 keys attached from the household file (100.0% of rows matched)
16:59:06 01_clean INFO PASS  2009 other: rows link to a household in the household file (100.0%)
16:59:06 01_clean INFO PASS  2009 other: province codes 1-5
16:59:06 01_clean INFO PASS  2009 other: district codes on the 11-57 scheme (27 districts)
16:59:06 01_clean INFO wrote CFSVA_2009_s1_13_question_clean.dta  (5,406 rows x 17 vars, 0.3 MB)
16:59:07 01_clean INFO   2009 other: 1 keys attached from the household file (100.0% of rows matched)
16:59:07 01_clean INFO PASS  2009 other: rows link to a household in the household file (100.0%)
16:59:07 01_clean INFO PASS  2009 other: province codes 1-5
16:59:07 01_clean INFO PASS  2009 other: district codes on the 11-57 scheme (27 districts)
16:59:07 01_clean INFO wrote CFSVA_2009_s1_15_question_clean.dta  (5,457 rows x 18 vars, 0.4 MB)
16:59:07 01_clean INFO   2009 other: 1 keys attached from the household file (100.0% of rows matched)
16:59:07 01_clean INFO PASS  2009 other: rows link to a household in the household file (100.0%)
16:59:07 01_clean INFO PASS  2009 other: province codes 1-5
16:59:07 01_clean INFO PASS  2009 other: district codes on the 11-57 scheme (27 districts)
16:59:07 01_clean INFO wrote CFSVA_2009_s1_21question_clean.dta  (5,894 rows x 17 vars, 0.3 MB)
16:59:07 01_clean INFO   2009 other: 1 keys attached from the household file (100.0% of rows matched)
16:59:07 01_clean INFO PASS  2009 other: rows link to a household in the household file (100.0%)
16:59:07 01_clean INFO PASS  2009 other: province codes 1-5
16:59:07 01_clean INFO PASS  2009 other: district codes on the 11-57 scheme (27 districts)
16:59:07 01_clean INFO wrote CFSVA_2009_s3_17_question_clean.dta  (42,309 rows x 17 vars, 2.5 MB)
16:59:07 01_clean INFO   2009 other: 1 keys attached from the household file (100.0% of rows matched)
16:59:07 01_clean INFO PASS  2009 other: rows link to a household in the household file (100.0%)
16:59:07 01_clean INFO PASS  2009 other: province codes 1-5
16:59:07 01_clean INFO PASS  2009 other: district codes on the 11-57 scheme (27 districts)
16:59:08 01_clean INFO wrote CFSVA_2009_s4_clean.dta  (21,600 rows x 33 vars, 1.7 MB)
16:59:08 01_clean INFO   2009 other: 1 keys attached from the household file (100.0% of rows matched)
16:59:08 01_clean INFO PASS  2009 other: rows link to a household in the household file (100.0%)
16:59:08 01_clean INFO PASS  2009 other: province codes 1-5
16:59:08 01_clean INFO PASS  2009 other: district codes on the 11-57 scheme (27 districts)
16:59:08 01_clean INFO wrote CFSVA_2009_s7_clean.dta  (43,200 rows x 22 vars, 3.9 MB)
16:59:09 01_clean INFO   2009 other: 1 keys attached from the household file (100.0% of rows matched)
16:59:09 01_clean INFO PASS  2009 other: rows link to a household in the household file (100.0%)
16:59:09 01_clean INFO PASS  2009 other: province codes 1-5
16:59:09 01_clean INFO PASS  2009 other: district codes on the 11-57 scheme (27 districts)
16:59:10 01_clean INFO wrote CFSVA_2009_s8_clean.dta  (118,800 rows x 19 vars, 11.2 MB)
16:59:10 01_clean INFO   2009 other: 1 keys attached from the household file (100.0% of rows matched)
16:59:10 01_clean INFO PASS  2009 other: rows link to a household in the household file (100.0%)
16:59:10 01_clean INFO PASS  2009 other: province codes 1-5
16:59:10 01_clean INFO PASS  2009 other: district codes on the 11-57 scheme (27 districts)
16:59:11 01_clean INFO wrote CFSVA_2009_s8_823_32question_clean.dta  (54,000 rows x 32 vars, 5.8 MB)
16:59:11 01_clean INFO   2009 other: 1 keys attached from the household file (100.0% of rows matched)
16:59:11 01_clean INFO PASS  2009 other: rows link to a household in the household file (100.0%)
16:59:12 01_clean INFO PASS  2009 other: province codes 1-5
16:59:12 01_clean INFO PASS  2009 other: district codes on the 11-57 scheme (27 districts)
16:59:12 01_clean INFO wrote CFSVA_2009_s9_question_clean.dta  (118,800 rows x 26 vars, 10.9 MB)
16:59:12 01_clean INFO all hard checks passed (1 soft warnings)
16:59:12 01_clean INFO ================ 2012 ================
16:59:13 01_clean INFO PASS  2012 household: urban coded 1 / 2 only (100.0% non-missing)
16:59:14 01_clean INFO PASS  2012: household id unique (7,498 households)
16:59:14 01_clean INFO PASS  2012: household weight > 0
16:59:14 01_clean INFO PASS  2012 household: province codes 1-5
16:59:14 01_clean INFO PASS  2012 household: district codes on the 11-57 scheme (30 districts)
16:59:25 01_clean INFO value labels on cfsva_village truncated to 8 chars each (14837 codes, 111242 chars shipped)
16:59:25 01_clean WARNING value labels on cfsva_village dropped (too many codes)
16:59:26 01_clean INFO wrote CFSVA_2012_household_clean.dta  (7,498 rows x 1024 vars, 20.1 MB)
16:59:26 01_clean INFO   2012 woman: 1 keys attached from the household file (100.0% of rows matched)
16:59:26 01_clean INFO PASS  2012 woman: rows link to a household in the household file (100.0%)
16:59:27 01_clean INFO PASS  2012 woman: province codes 1-5
16:59:27 01_clean INFO PASS  2012 woman: district codes on the 11-57 scheme (30 districts)
16:59:38 01_clean INFO value labels on cfsva_village truncated to 8 chars each (14837 codes, 111242 chars shipped)
16:59:38 01_clean WARNING value labels on cfsva_village dropped (too many codes)
16:59:38 01_clean INFO wrote CFSVA_2012_woman_clean.dta  (7,456 rows x 626 vars, 8.2 MB)
16:59:39 01_clean INFO PASS  2012 child: urban coded 1 / 2 only (100.0% non-missing)
16:59:39 01_clean INFO PASS  2012 child: province codes 1-5
16:59:39 01_clean INFO PASS  2012 child: district codes on the 11-57 scheme (30 districts)
16:59:50 01_clean INFO value labels on cfsva_village_2012 truncated to 8 chars each (14837 codes, 111242 chars shipped)
16:59:50 01_clean WARNING value labels on cfsva_village_2012 dropped (too many codes)
16:59:51 01_clean INFO wrote CFSVA_2012_child_clean.dta  (4,601 rows x 768 vars, 7.5 MB)
16:59:51 01_clean INFO PASS  2012 child_mother_household: urban coded 1 / 2 only (100.0% non-missing)
16:59:51 01_clean INFO PASS  2012 child_mother_household: province codes 1-5
16:59:51 01_clean INFO PASS  2012 child_mother_household: district codes on the 11-57 scheme (30 districts)
17:00:02 01_clean INFO value labels on cfsva_village truncated to 8 chars each (14837 codes, 111242 chars shipped)
17:00:02 01_clean WARNING value labels on cfsva_village dropped (too many codes)
17:00:02 01_clean INFO wrote CFSVA_2012_children_mothers_household_clean.dta  (4,601 rows x 636 vars, 7.2 MB)
17:00:02 01_clean INFO PASS  2012 village: province codes 1-5
17:00:02 01_clean INFO PASS  2012 village: district codes on the 11-57 scheme (30 districts)
17:00:03 01_clean INFO wrote CFSVA_2012_village_clean.dta  (748 rows x 253 vars, 0.5 MB)
17:00:03 01_clean INFO all hard checks passed (0 soft warnings)
17:00:03 01_clean INFO ================ 2015 ================
17:00:03 01_clean INFO PASS  2015 household: urban coded 1 / 2 only (100.0% non-missing)
17:00:03 01_clean INFO PASS  2015: embedded village signature forms 750 groups of 10 households (750 groups, sizes [np.int64(10)])
17:00:03 01_clean INFO PASS  2015: v_s2_01 constant within the reconstructed village
17:00:03 01_clean INFO PASS  2015: v_s2_02 constant within the reconstructed village
17:00:03 01_clean INFO PASS  2015: v_s2_03_1 constant within the reconstructed village
17:00:03 01_clean INFO PASS  2015: v_s2_03_2 constant within the reconstructed village
17:00:03 01_clean INFO PASS  2015: v_s2_03_3 constant within the reconstructed village
17:00:03 01_clean INFO PASS  2015: v_s2_03_4 constant within the reconstructed village
17:00:03 01_clean INFO PASS  2015: v_s3_01 constant within the reconstructed village
17:00:03 01_clean INFO PASS  2015: v_s3_02 constant within the reconstructed village
17:00:03 01_clean INFO PASS  2015: v_s3_02_2 constant within the reconstructed village
17:00:03 01_clean INFO PASS  2015: v_s3_03 constant within the reconstructed village
17:00:03 01_clean INFO PASS  2015: v_s3_03_2 constant within the reconstructed village
17:00:03 01_clean INFO PASS  2015: v_s4_01 constant within the reconstructed village
17:00:03 01_clean INFO PASS  2015: v_s4_02_2 constant within the reconstructed village
17:00:03 01_clean INFO PASS  2015: v_s4_02_3 constant within the reconstructed village
17:00:03 01_clean INFO PASS  2015: v_s4_02_4 constant within the reconstructed village
17:00:03 01_clean INFO PASS  2015: road_distance constant within the reconstructed village
17:00:03 01_clean INFO PASS  2015: household id unique (7,500 households)
17:00:03 01_clean INFO PASS  2015: household weight > 0
17:00:03 01_clean INFO PASS  2015 household: province codes 1-5
17:00:03 01_clean INFO PASS  2015 household: district codes on the 11-57 scheme (30 districts)
17:00:04 01_clean INFO wrote CFSVA_2015_household_clean.dta  (7,500 rows x 286 vars, 5.9 MB)
17:00:04 01_clean INFO wrote CFSVA_2015_village_clean.dta  (750 rows x 24 vars, 0.1 MB)
17:00:04 01_clean INFO PASS  2015 woman: urban coded 1 / 2 only (100.0% non-missing)
17:00:04 01_clean INFO PASS  2015 woman: province codes 1-5
17:00:04 01_clean INFO PASS  2015 woman: district codes on the 11-57 scheme (30 districts)
17:00:04 01_clean INFO wrote CFSVA_2015_woman_clean.dta  (6,768 rows x 70 vars, 1.7 MB)
17:00:05 01_clean INFO PASS  2015 child: urban coded 1 / 2 only (100.0% non-missing)
17:00:05 01_clean INFO PASS  2015 child: province codes 1-5
17:00:05 01_clean INFO PASS  2015 child: district codes on the 11-57 scheme (30 districts)
17:00:06 01_clean INFO wrote CFSVA_2015_child_clean.dta  (4,058 rows x 184 vars, 2.3 MB)
17:00:06 01_clean INFO all hard checks passed (0 soft warnings)
17:00:06 01_clean INFO ================ 2018 ================
17:00:06 01_clean INFO PASS  2018 household: urban coded 1 / 2 only (100.0% non-missing)
17:00:06 01_clean INFO PASS  2018: household id unique (9,709 households)
17:00:06 01_clean INFO PASS  2018: household weight > 0
17:00:06 01_clean INFO PASS  2018 household: province codes 1-5
17:00:06 01_clean INFO PASS  2018 household: district codes on the 11-57 scheme (30 districts)
17:00:07 01_clean INFO wrote CFSVA_2018_household_clean.dta  (9,709 rows x 346 vars, 5.9 MB)
17:00:08 01_clean INFO PASS  2018 child: urban coded 1 / 2 only (100.0% non-missing)
17:00:08 01_clean INFO PASS  2018 child: province codes 1-5
17:00:08 01_clean INFO PASS  2018 child: district codes on the 11-57 scheme (30 districts)
17:00:08 01_clean INFO wrote CFSVA_2018_child_clean.dta  (6,736 rows x 223 vars, 4.8 MB)
17:00:08 01_clean INFO PASS  2018 village: province codes 1-5
17:00:08 01_clean INFO PASS  2018 village: district codes on the 11-57 scheme (30 districts)
17:00:09 01_clean INFO wrote CFSVA_2018_village_clean.dta  (987 rows x 167 vars, 0.4 MB)
17:00:09 01_clean INFO all hard checks passed (0 soft warnings)
17:00:09 01_clean INFO ================ 2021 ================
17:00:11 01_clean INFO PASS  2021 household: urban coded 1 / 2 only (100.0% non-missing)
17:00:11 01_clean INFO destring bs11_04_3 (113 values)
17:00:11 01_clean INFO destring ds11_04_3 (3 values)
17:00:11 01_clean INFO destring as11_07_3 (2 values)
17:00:11 01_clean INFO destring cs11_07_3 (24 values)
17:00:11 01_clean INFO destring ds11_07_3 (2 values)
17:00:11 01_clean INFO destring es11_07_3 (18 values)
17:00:11 01_clean INFO destring fs11_07_3 (32 values)
17:00:11 01_clean INFO destring hs11_07_3 (3 values)
17:00:11 01_clean INFO destring is11_07_3 (31 values)
17:00:12 01_clean INFO PASS  2021: household id unique (9,000 households)
17:00:12 01_clean INFO PASS  2021: household weight > 0
17:00:12 01_clean INFO PASS  2021 household: province codes 1-5
17:00:12 01_clean INFO PASS  2021 household: district codes on the 11-57 scheme (30 districts)
17:00:15 01_clean INFO wrote CFSVA_2021_household_clean.dta  (9,000 rows x 1084 vars, 54.1 MB)
17:00:15 01_clean INFO PASS  2021 child: urban coded 1 / 2 only (100.0% non-missing)
17:00:15 01_clean INFO   2021 child: 1 keys attached from the household file (100.0% of rows matched)
17:00:15 01_clean INFO PASS  2021 child: rows link to a household in the household file (100.0%)
17:00:15 01_clean INFO destring weight (5150 values)
17:00:15 01_clean INFO destring height (5137 values)
17:00:15 01_clean INFO PASS  2021 child: province codes 1-5
17:00:15 01_clean INFO PASS  2021 child: district codes on the 11-57 scheme (30 districts)
17:00:16 01_clean INFO wrote CFSVA_2021_child_clean.dta  (5,776 rows x 125 vars, 2.3 MB)
17:00:16 01_clean INFO PASS  2021 village: urban coded 1 / 2 only (100.0% non-missing)
17:00:16 01_clean INFO PASS  2021 village: province codes 1-5
17:00:16 01_clean INFO PASS  2021 village: district codes on the 11-57 scheme (30 districts)
17:00:16 01_clean INFO wrote CFSVA_2021_village_clean.dta  (900 rows x 168 vars, 1.1 MB)
17:00:16 01_clean INFO all hard checks passed (0 soft warnings)
17:00:16 01_clean INFO ================ 2024 ================
17:00:17 01_clean INFO PASS  2024 household: urban coded 1 / 2 only (100.0% non-missing)
17:00:18 01_clean INFO PASS  2024: household id unique (9,000 households)
17:00:18 01_clean INFO PASS  2024: household weight > 0
17:00:18 01_clean INFO PASS  2024 household: province codes 1-5
17:00:18 01_clean INFO PASS  2024 household: district codes on the 11-57 scheme (30 districts)
17:00:22 01_clean INFO wrote CFSVA_2024_household_clean.dta  (9,000 rows x 1073 vars, 14.0 MB)
17:00:22 01_clean INFO   2024 woman: 2 keys attached from the household file (100.0% of rows matched)
17:00:22 01_clean INFO PASS  2024 woman: rows link to a household in the household file (100.0%)
17:00:22 01_clean INFO PASS  2024 woman: province codes 1-5
17:00:22 01_clean INFO PASS  2024 woman: district codes on the 11-57 scheme (30 districts)
17:00:22 01_clean INFO wrote CFSVA_2024_woman_clean.dta  (6,891 rows x 76 vars, 1.5 MB)
17:00:22 01_clean INFO PASS  2024 child: urban coded 1 / 2 only (100.0% non-missing)
17:00:22 01_clean INFO   2024 child: 1 keys attached from the household file (100.0% of rows matched)
17:00:22 01_clean INFO PASS  2024 child: rows link to a household in the household file (100.0%)
17:00:22 01_clean INFO destring s13_04_01_1 (37 values)
17:00:22 01_clean INFO destring s13_06 (4715 values)
17:00:22 01_clean INFO destring s13_20 (4261 values)
17:00:22 01_clean INFO destring weight (4261 values)
17:00:22 01_clean INFO destring height (4261 values)
17:00:22 01_clean INFO PASS  2024 child: province codes 1-5
17:00:22 01_clean INFO PASS  2024 child: district codes on the 11-57 scheme (30 districts)
17:00:22 01_clean INFO wrote CFSVA_2024_child_clean.dta  (4,715 rows x 112 vars, 0.9 MB)
17:00:22 01_clean INFO all hard checks passed (0 soft warnings)
17:00:22 01_clean INFO 01_clean done for ['2006', '2009', '2012', '2015', '2018', '2021', '2024']
17:00:24 02_merge INFO ==== 02_merge | run 20260906-165858 | python 3.13.5 | pandas 2.2.3 | pyreadstat 1.3.4
17:00:24 02_merge INFO ---------------- CFSVA_pooled_household.dta (['2006', '2009', '2012', '2015', '2018', '2021', '2024'])
17:00:25 02_merge INFO   loaded 2006       CFSVA_2006_household_clean.dta                              2,783 rows x 1573
17:00:25 02_merge INFO   loaded 2009       CFSVA_2009_household_clean.dta                              5,400 rows x  249
17:00:27 02_merge INFO   loaded 2012       CFSVA_2012_household_clean.dta                              7,498 rows x 1024
17:00:27 02_merge INFO   loaded 2015       CFSVA_2015_household_clean.dta                              7,500 rows x  286
17:00:28 02_merge INFO   loaded 2018       CFSVA_2018_household_clean.dta                              9,709 rows x  346
17:00:30 02_merge INFO   loaded 2021       CFSVA_2021_household_clean.dta                              9,000 rows x 1084
17:00:31 02_merge INFO   loaded 2024       CFSVA_2024_household_clean.dta                              9,000 rows x 1073
17:00:31 02_merge INFO   VERSIONS as10_05: {'as10_05': 1, 'as10_05_v2': 1} | 2024 vs 2021: value labels differ -- 21: 'Heavy rain' vs 'COVID-19'
17:00:31 02_merge INFO   VERSIONS as10_05_4: {'as10_05_4': 1, 'as10_05_4_v2': 1} | 2024 vs 2021: 2021 is unlabelled and its values reach 13, beyond the labelled codes (1-12)
17:00:31 02_merge INFO   VERSIONS as10_05_4_smt_1: {'as10_05_4_smt_1': 1, 'as10_05_4_smt_1_v2': 1} | 2024 vs 2021: variable label differs ('AS10_05_4/March of 2024' vs 'March of 2021')
17:00:31 02_merge INFO   VERSIONS as10_05_4_smt_10: {'as10_05_4_smt_10': 1, 'as10_05_4_smt_10_v2': 1} | 2024 vs 2021: variable label differs ('AS10_05_4/June of 2023' vs 'June of 2020')
17:00:31 02_merge INFO   VERSIONS as10_05_4_smt_11: {'as10_05_4_smt_11': 1, 'as10_05_4_smt_11_v2': 1} | 2024 vs 2021: variable label differs ('AS10_05_4/May of 2023' vs 'May of 2020')
17:00:31 02_merge INFO   VERSIONS as10_05_4_smt_12: {'as10_05_4_smt_12': 1, 'as10_05_4_smt_12_v2': 1} | 2024 vs 2021: variable label differs ('AS10_05_4/April of 2023' vs 'April of 2020')
17:00:31 02_merge INFO   VERSIONS as10_05_4_smt_2: {'as10_05_4_smt_2': 1, 'as10_05_4_smt_2_v2': 1} | 2024 vs 2021: variable label differs ('AS10_05_4/February of 2024' vs 'February of 2021')
17:00:31 02_merge INFO   VERSIONS as10_05_4_smt_3: {'as10_05_4_smt_3': 1, 'as10_05_4_smt_3_v2': 1} | 2024 vs 2021: variable label differs ('AS10_05_4/January of 2024' vs 'January of 2021')
17:00:31 02_merge INFO   VERSIONS as10_05_4_smt_4: {'as10_05_4_smt_4': 1, 'as10_05_4_smt_4_v2': 1} | 2024 vs 2021: variable label differs ('AS10_05_4/December of 2023' vs 'December of 2020')
17:00:31 02_merge INFO   VERSIONS as10_05_4_smt_5: {'as10_05_4_smt_5': 1, 'as10_05_4_smt_5_v2': 1} | 2024 vs 2021: variable label differs ('AS10_05_4/November of 2023' vs 'November of 2020')
17:00:31 02_merge INFO   VERSIONS as10_05_4_smt_6: {'as10_05_4_smt_6': 1, 'as10_05_4_smt_6_v2': 1} | 2024 vs 2021: variable label differs ('AS10_05_4/October of 2023' vs 'October of 2020')
17:00:31 02_merge INFO   VERSIONS as10_05_4_smt_7: {'as10_05_4_smt_7': 1, 'as10_05_4_smt_7_v2': 1} | 2024 vs 2021: variable label differs ('AS10_05_4/September of 2023' vs 'September of 2020')
17:00:31 02_merge INFO   VERSIONS as10_05_4_smt_8: {'as10_05_4_smt_8': 1, 'as10_05_4_smt_8_v2': 1} | 2024 vs 2021: variable label differs ('AS10_05_4/August of 2023' vs 'August of 2020')
17:00:31 02_merge INFO   VERSIONS as10_05_4_smt_9: {'as10_05_4_smt_9': 1, 'as10_05_4_smt_9_v2': 1} | 2024 vs 2021: variable label differs ('AS10_05_4/July of 2023' vs 'July of 2020')
17:00:31 02_merge INFO   VERSIONS as11_04_3_smt_1: {'as11_04_3_smt_1': 1, 'as11_04_3_smt_1_v2': 1} | 2024 vs 2021: variable label differs ('AS11_04_3/Government' vs 'Government')
17:00:31 02_merge INFO   VERSIONS as11_04_3_smt_2: {'as11_04_3_smt_2': 1, 'as11_04_3_smt_2_v2': 1} | 2024 vs 2021: variable label differs ('AS11_04_3/WFP' vs 'WFP')
17:00:31 02_merge INFO   VERSIONS as11_04_3_smt_4: {'as11_04_3_smt_4': 1, 'as11_04_3_smt_4_v2': 1} | 2024 vs 2021: variable label differs ('AS11_04_3/NGO' vs 'NGO')
17:00:31 02_merge INFO   VERSIONS as11_04_3_smt_6: {'as11_04_3_smt_6': 1, 'as11_04_3_smt_6_v2': 1} | 2024 vs 2021: variable label differs ('AS11_04_3/Community' vs 'Community')
17:00:31 02_merge INFO   VERSIONS as11_04_3_smt_8: {'as11_04_3_smt_8': 1, 'as11_04_3_smt_8_v2': 1} | 2024 vs 2021: variable label differs ('AS11_04_3/Other' vs 'Other')
17:00:31 02_merge INFO   VERSIONS as11_07_3_smt_1: {'as11_07_3_smt_1': 1, 'as11_07_3_smt_1_v2': 1} | 2024 vs 2021: variable label differs ('AS11_07_3/Government' vs 'Government')
17:00:31 02_merge INFO   VERSIONS as11_07_3_smt_2: {'as11_07_3_smt_2': 1, 'as11_07_3_smt_2_v2': 1} | 2024 vs 2021: variable label differs ('AS11_07_3/WFP' vs 'WFP')
17:00:31 02_merge INFO   VERSIONS as11_07_3_smt_4: {'as11_07_3_smt_4': 1, 'as11_07_3_smt_4_v2': 1} | 2024 vs 2021: variable label differs ('AS11_07_3/NGO' vs 'NGO')
17:00:31 02_merge INFO   VERSIONS as11_07_3_smt_6: {'as11_07_3_smt_6': 1, 'as11_07_3_smt_6_v2': 1} | 2024 vs 2021: variable label differs ('AS11_07_3/Community' vs 'Community')
17:00:31 02_merge INFO   VERSIONS as11_07_3_smt_8: {'as11_07_3_smt_8': 1, 'as11_07_3_smt_8_v2': 1} | 2024 vs 2021: variable label differs ('AS11_07_3/Other' vs 'Other')
17:00:31 02_merge INFO   VERSIONS as5_03: {'as5_03': 2, 'as5_03_v2': 1} | 2021 vs 2018: value labels differ -- 2: 'Purchase with Government support' vs 'Exchange with farmers'; 3: 'Exchange with farmers' vs 'Gift from relatives/family'; 4: 'Gift from relatives/family' vs 'Reserved from  previous harvest' / 2024 vs 2018: value labels differ -- 2: 'Purchase with Government support' vs 'Exchange with farmers'; 3: 'Exchange with farmers' vs 'Gift from relatives/family'; 4: 'Gift from relatives/family' vs 'Reserved from  previous harvest'
17:00:31 02_merge INFO   VERSIONS as5_04_2: {'as5_04_2': 2, 'as5_04_2_v2': 1} | 2024 vs 2018: variable label differs ('AS5_04_2 What quantity of your productio' vs 'What % of your  production for this crop')
17:00:31 02_merge INFO   VERSIONS as5_05_2: {'as5_05_2': 2, 'as5_05_2_v2': 1} | 2021 vs 2018: value labels differ -- 2: 'Purchase with Government Contribution' vs 'Exchange with farmers'; 3: 'Exchange with farmers' vs 'Gift from relatives/family'; 4: 'Gift from relatives/family' vs 'received from NGOs, govt…' / 2024 vs 2018: value labels differ -- 2: 'Purchase with Government Contribution(Subsidie)' vs 'Exchange with farmers'; 3: 'Exchange with farmers' vs 'Gift from relatives/family'; 4: 'Gift from relatives/family' vs 'received from NGOs, govt…'
17:00:31 02_merge INFO   VERSIONS as5_05_3: {'as5_05_3': 2, 'as5_05_3_v2': 1} | 2021 vs 2018: value labels differ -- 2: 'Purchase with Government Contribution' vs 'Exchange with farmers'; 3: 'Exchange with farmers' vs 'Gift from relatives/family'; 4: 'Gift from relatives/family' vs 'received from NGOs, govt…' / 2024 vs 2018: value labels differ -- 2: 'Purchase with Government Contribution(Subsidie)' vs 'Exchange with farmers'; 3: 'Exchange with farmers' vs 'Gift from relatives/family'; 4: 'Gift from relatives/family' vs 'received from NGOs, govt…'
17:00:31 02_merge INFO   VERSIONS beans: {'beans': 1, 'beans_v2': 1} | 2012 vs 2006: variable label differs ('beans cultivated' vs 'Beans Monthly total')
17:00:31 02_merge INFO   VERSIONS bs10_05: {'bs10_05': 1, 'bs10_05_v2': 1} | 2024 vs 2021: value labels differ -- 21: 'Heavy rain' vs 'COVID-19'
17:00:31 02_merge INFO   VERSIONS bs10_05_4: {'bs10_05_4': 1, 'bs10_05_4_v2': 1} | 2024 vs 2021: 2021 is unlabelled and its values reach 13, beyond the labelled codes (1-12)
17:00:31 02_merge INFO   VERSIONS bs10_05_4_smt_1: {'bs10_05_4_smt_1': 1, 'bs10_05_4_smt_1_v2': 1} | 2024 vs 2021: variable label differs ('BS10_05_4/March of 2024' vs 'March of 2021')
17:00:31 02_merge INFO   VERSIONS bs10_05_4_smt_10: {'bs10_05_4_smt_10': 1, 'bs10_05_4_smt_10_v2': 1} | 2024 vs 2021: variable label differs ('BS10_05_4/June of 2023' vs 'June of 2020')
17:00:31 02_merge INFO   VERSIONS bs10_05_4_smt_11: {'bs10_05_4_smt_11': 1, 'bs10_05_4_smt_11_v2': 1} | 2024 vs 2021: variable label differs ('BS10_05_4/May of 2023' vs 'May of 2020')
17:00:31 02_merge INFO   VERSIONS bs10_05_4_smt_12: {'bs10_05_4_smt_12': 1, 'bs10_05_4_smt_12_v2': 1} | 2024 vs 2021: variable label differs ('BS10_05_4/April of 2023' vs 'April of 2020')
17:00:31 02_merge INFO   VERSIONS bs10_05_4_smt_2: {'bs10_05_4_smt_2': 1, 'bs10_05_4_smt_2_v2': 1} | 2024 vs 2021: variable label differs ('BS10_05_4/February of 2024' vs 'February of 2021')
17:00:31 02_merge INFO   VERSIONS bs10_05_4_smt_3: {'bs10_05_4_smt_3': 1, 'bs10_05_4_smt_3_v2': 1} | 2024 vs 2021: variable label differs ('BS10_05_4/January of 2024' vs 'January of 2021')
17:00:31 02_merge INFO   VERSIONS bs10_05_4_smt_4: {'bs10_05_4_smt_4': 1, 'bs10_05_4_smt_4_v2': 1} | 2024 vs 2021: variable label differs ('BS10_05_4/December of 2023' vs 'December of 2020')
17:00:31 02_merge INFO   VERSIONS bs10_05_4_smt_5: {'bs10_05_4_smt_5': 1, 'bs10_05_4_smt_5_v2': 1} | 2024 vs 2021: variable label differs ('BS10_05_4/November of 2023' vs 'November of 2020')
17:00:31 02_merge INFO   VERSIONS bs10_05_4_smt_6: {'bs10_05_4_smt_6': 1, 'bs10_05_4_smt_6_v2': 1} | 2024 vs 2021: variable label differs ('BS10_05_4/October of 2023' vs 'October of 2020')
17:00:31 02_merge INFO   VERSIONS bs10_05_4_smt_7: {'bs10_05_4_smt_7': 1, 'bs10_05_4_smt_7_v2': 1} | 2024 vs 2021: variable label differs ('BS10_05_4/September of 2023' vs 'September of 2020')
17:00:31 02_merge INFO   VERSIONS bs10_05_4_smt_8: {'bs10_05_4_smt_8': 1, 'bs10_05_4_smt_8_v2': 1} | 2024 vs 2021: variable label differs ('BS10_05_4/August of 2023' vs 'August of 2020')
17:00:31 02_merge INFO   VERSIONS bs10_05_4_smt_9: {'bs10_05_4_smt_9': 1, 'bs10_05_4_smt_9_v2': 1} | 2024 vs 2021: variable label differs ('BS10_05_4/July of 2023' vs 'July of 2020')
17:00:31 02_merge INFO   VERSIONS bs11_04_3_smt_1: {'bs11_04_3_smt_1': 1, 'bs11_04_3_smt_1_v2': 1} | 2024 vs 2021: variable label differs ('BS11_04_3/Government' vs 'Government')
17:00:31 02_merge INFO   VERSIONS bs11_04_3_smt_2: {'bs11_04_3_smt_2': 1, 'bs11_04_3_smt_2_v2': 1} | 2024 vs 2021: variable label differs ('BS11_04_3/WFP' vs 'WFP')
17:00:31 02_merge INFO   VERSIONS bs11_04_3_smt_4: {'bs11_04_3_smt_4': 1, 'bs11_04_3_smt_4_v2': 1} | 2024 vs 2021: variable label differs ('BS11_04_3/NGO' vs 'NGO')
17:00:31 02_merge INFO   VERSIONS bs11_04_3_smt_6: {'bs11_04_3_smt_6': 1, 'bs11_04_3_smt_6_v2': 1} | 2024 vs 2021: variable label differs ('BS11_04_3/Community' vs 'Community')
17:00:31 02_merge INFO   VERSIONS bs11_04_3_smt_8: {'bs11_04_3_smt_8': 1, 'bs11_04_3_smt_8_v2': 1} | 2024 vs 2021: variable label differs ('BS11_04_3/Other' vs 'Other')
17:00:31 02_merge INFO   VERSIONS bs11_07_3_smt_1: {'bs11_07_3_smt_1': 1, 'bs11_07_3_smt_1_v2': 1} | 2024 vs 2021: variable label differs ('BS11_07_3/Government' vs 'Government')
17:00:31 02_merge INFO   VERSIONS bs11_07_3_smt_2: {'bs11_07_3_smt_2': 1, 'bs11_07_3_smt_2_v2': 1} | 2024 vs 2021: variable label differs ('BS11_07_3/WFP' vs 'WFP')
17:00:31 02_merge INFO   VERSIONS bs11_07_3_smt_4: {'bs11_07_3_smt_4': 1, 'bs11_07_3_smt_4_v2': 1} | 2024 vs 2021: variable label differs ('BS11_07_3/NGO' vs 'NGO')
17:00:31 02_merge INFO   VERSIONS bs11_07_3_smt_6: {'bs11_07_3_smt_6': 1, 'bs11_07_3_smt_6_v2': 1} | 2024 vs 2021: variable label differs ('BS11_07_3/Community' vs 'Community')
17:00:31 02_merge INFO   VERSIONS bs11_07_3_smt_8: {'bs11_07_3_smt_8': 1, 'bs11_07_3_smt_8_v2': 1} | 2024 vs 2021: variable label differs ('BS11_07_3/Other' vs 'Other')
17:00:31 02_merge INFO   VERSIONS bs5_03: {'bs5_03': 2, 'bs5_03_v2': 1} | 2021 vs 2018: value labels differ -- 2: 'Purchase with Government support' vs 'Exchange with farmers'; 3: 'Exchange with farmers' vs 'Gift from relatives/family'; 4: 'Gift from relatives/family' vs 'Reserved from  previous harvest' / 2024 vs 2018: value labels differ -- 2: 'Purchase with Government support' vs 'Exchange with farmers'; 3: 'Exchange with farmers' vs 'Gift from relatives/family'; 4: 'Gift from relatives/family' vs 'Reserved from  previous harvest'
17:00:31 02_merge INFO   VERSIONS bs5_04_2: {'bs5_04_2': 2, 'bs5_04_2_v2': 1} | 2024 vs 2018: variable label differs ('BS5_04_2 What quantity of your productio' vs 'What % of your  production for this crop')
17:00:31 02_merge INFO   VERSIONS bs5_05_2: {'bs5_05_2': 2, 'bs5_05_2_v2': 1} | 2021 vs 2018: value labels differ -- 2: 'Purchase with Government Contribution' vs 'Exchange with farmers'; 3: 'Exchange with farmers' vs 'Gift from relatives/family'; 4: 'Gift from relatives/family' vs 'received from NGOs, govt…' / 2024 vs 2018: value labels differ -- 2: 'Purchase with Government Contribution(Subsidie)' vs 'Exchange with farmers'; 3: 'Exchange with farmers' vs 'Gift from relatives/family'; 4: 'Gift from relatives/family' vs 'received from NGOs, govt…'
17:00:31 02_merge INFO   VERSIONS bs5_05_3: {'bs5_05_3': 2, 'bs5_05_3_v2': 1} | 2021 vs 2018: value labels differ -- 2: 'Purchase with Government Contribution' vs 'Exchange with farmers'; 3: 'Exchange with farmers' vs 'Gift from relatives/family'; 4: 'Gift from relatives/family' vs 'received from NGOs, govt…' / 2024 vs 2018: value labels differ -- 2: 'Purchase with Government Contribution(Subsidie)' vs 'Exchange with farmers'; 3: 'Exchange with farmers' vs 'Gift from relatives/family'; 4: 'Gift from relatives/family' vs 'received from NGOs, govt…'
17:00:31 02_merge INFO   VERSIONS cassava: {'cassava': 1, 'cassava_v2': 1} | 2012 vs 2006: variable label differs ('cassava cultivated' vs 'Cassava Monthly total')
17:00:31 02_merge INFO   VERSIONS chronically_fs: {'chronically_fs': 1, 'chronically_fs_v2': 1} | 2021 vs 2018: variable label differs ('Food access situation' vs 'Household food security situation (seaso')
17:00:31 02_merge INFO   VERSIONS crisis_coping: {'crisis_coping': 1, 'crisis_coping_v2': 1} | 2021 vs 2018: variable label differs ('did HH engage in crisis coping strategie' vs 'Last 30 days, household was engaged in c')
17:00:31 02_merge INFO   VERSIONS cs10_05: {'cs10_05': 1, 'cs10_05_v2': 1} | 2024 vs 2021: value labels differ -- 21: 'Heavy rain' vs 'COVID-19'
17:00:31 02_merge INFO   VERSIONS cs10_05_4: {'cs10_05_4': 1, 'cs10_05_4_v2': 1} | 2024 vs 2021: 2021 is unlabelled and its values reach 13, beyond the labelled codes (1-12)
17:00:31 02_merge INFO   VERSIONS cs10_05_4_smt_1: {'cs10_05_4_smt_1': 1, 'cs10_05_4_smt_1_v2': 1} | 2024 vs 2021: variable label differs ('CS10_05_4/March of 2024' vs 'March of 2021')
17:00:31 02_merge INFO   VERSIONS cs10_05_4_smt_10: {'cs10_05_4_smt_10': 1, 'cs10_05_4_smt_10_v2': 1} | 2024 vs 2021: variable label differs ('CS10_05_4/June of 2023' vs 'June of 2020')
17:00:31 02_merge INFO   VERSIONS cs10_05_4_smt_11: {'cs10_05_4_smt_11': 1, 'cs10_05_4_smt_11_v2': 1} | 2024 vs 2021: variable label differs ('CS10_05_4/May of 2023' vs 'May of 2020')
17:00:31 02_merge INFO   VERSIONS cs10_05_4_smt_12: {'cs10_05_4_smt_12': 1, 'cs10_05_4_smt_12_v2': 1} | 2024 vs 2021: variable label differs ('CS10_05_4/April of 2023' vs 'April of 2020')
17:00:31 02_merge INFO   VERSIONS cs10_05_4_smt_2: {'cs10_05_4_smt_2': 1, 'cs10_05_4_smt_2_v2': 1} | 2024 vs 2021: variable label differs ('CS10_05_4/February of 2024' vs 'February of 2021')
17:00:31 02_merge INFO   VERSIONS cs10_05_4_smt_3: {'cs10_05_4_smt_3': 1, 'cs10_05_4_smt_3_v2': 1} | 2024 vs 2021: variable label differs ('CS10_05_4/January of 2024' vs 'January of 2021')
17:00:31 02_merge INFO   VERSIONS cs10_05_4_smt_4: {'cs10_05_4_smt_4': 1, 'cs10_05_4_smt_4_v2': 1} | 2024 vs 2021: variable label differs ('CS10_05_4/December of 2023' vs 'December of 2020')
17:00:31 02_merge INFO   VERSIONS cs10_05_4_smt_5: {'cs10_05_4_smt_5': 1, 'cs10_05_4_smt_5_v2': 1} | 2024 vs 2021: variable label differs ('CS10_05_4/November of 2023' vs 'November of 2020')
17:00:31 02_merge INFO   VERSIONS cs10_05_4_smt_6: {'cs10_05_4_smt_6': 1, 'cs10_05_4_smt_6_v2': 1} | 2024 vs 2021: variable label differs ('CS10_05_4/October of 2023' vs 'October of 2020')
17:00:31 02_merge INFO   VERSIONS cs10_05_4_smt_7: {'cs10_05_4_smt_7': 1, 'cs10_05_4_smt_7_v2': 1} | 2024 vs 2021: variable label differs ('CS10_05_4/September of 2023' vs 'September of 2020')
17:00:31 02_merge INFO   VERSIONS cs10_05_4_smt_8: {'cs10_05_4_smt_8': 1, 'cs10_05_4_smt_8_v2': 1} | 2024 vs 2021: variable label differs ('CS10_05_4/August of 2023' vs 'August of 2020')
17:00:31 02_merge INFO   VERSIONS cs10_05_4_smt_9: {'cs10_05_4_smt_9': 1, 'cs10_05_4_smt_9_v2': 1} | 2024 vs 2021: variable label differs ('CS10_05_4/July of 2023' vs 'July of 2020')
17:00:31 02_merge INFO   VERSIONS cs11_04_3_smt_1: {'cs11_04_3_smt_1': 1, 'cs11_04_3_smt_1_v2': 1} | 2024 vs 2021: variable label differs ('CS11_04_3/Government' vs 'Government')
17:00:31 02_merge INFO   VERSIONS cs11_04_3_smt_2: {'cs11_04_3_smt_2': 1, 'cs11_04_3_smt_2_v2': 1} | 2024 vs 2021: variable label differs ('CS11_04_3/WFP' vs 'WFP')
17:00:31 02_merge INFO   VERSIONS cs11_04_3_smt_4: {'cs11_04_3_smt_4': 1, 'cs11_04_3_smt_4_v2': 1} | 2024 vs 2021: variable label differs ('CS11_04_3/NGO' vs 'NGO')
17:00:31 02_merge INFO   VERSIONS cs11_04_3_smt_6: {'cs11_04_3_smt_6': 1, 'cs11_04_3_smt_6_v2': 1} | 2024 vs 2021: variable label differs ('CS11_04_3/Community' vs 'Community')
17:00:31 02_merge INFO   VERSIONS cs11_04_3_smt_8: {'cs11_04_3_smt_8': 1, 'cs11_04_3_smt_8_v2': 1} | 2024 vs 2021: variable label differs ('CS11_04_3/Other' vs 'Other')
17:00:31 02_merge INFO   VERSIONS cs11_07_3_smt_1: {'cs11_07_3_smt_1': 1, 'cs11_07_3_smt_1_v2': 1} | 2024 vs 2021: variable label differs ('CS11_07_3/Government' vs 'Government')
17:00:31 02_merge INFO   VERSIONS cs11_07_3_smt_2: {'cs11_07_3_smt_2': 1, 'cs11_07_3_smt_2_v2': 1} | 2024 vs 2021: variable label differs ('CS11_07_3/WFP' vs 'WFP')
17:00:31 02_merge INFO   VERSIONS cs11_07_3_smt_4: {'cs11_07_3_smt_4': 1, 'cs11_07_3_smt_4_v2': 1} | 2024 vs 2021: variable label differs ('CS11_07_3/NGO' vs 'NGO')
17:00:31 02_merge INFO   VERSIONS cs11_07_3_smt_6: {'cs11_07_3_smt_6': 1, 'cs11_07_3_smt_6_v2': 1} | 2024 vs 2021: variable label differs ('CS11_07_3/Community' vs 'Community')
17:00:31 02_merge INFO   VERSIONS cs11_07_3_smt_8: {'cs11_07_3_smt_8': 1, 'cs11_07_3_smt_8_v2': 1} | 2024 vs 2021: variable label differs ('CS11_07_3/Other' vs 'Other')
17:00:31 02_merge INFO   VERSIONS cs5_03: {'cs5_03': 2, 'cs5_03_v2': 1} | 2021 vs 2018: value labels differ -- 2: 'Purchase with Government support' vs 'Exchange with farmers'; 3: 'Exchange with farmers' vs 'Gift from relatives/family'; 4: 'Gift from relatives/family' vs 'Reserved from  previous harvest' / 2024 vs 2018: value labels differ -- 2: 'Purchase with Government support' vs 'Exchange with farmers'; 3: 'Exchange with farmers' vs 'Gift from relatives/family'; 4: 'Gift from relatives/family' vs 'Reserved from  previous harvest'
17:00:31 02_merge INFO   VERSIONS cs5_04_2: {'cs5_04_2': 2, 'cs5_04_2_v2': 1} | 2024 vs 2018: variable label differs ('CS5_04_2 What quantity of your productio' vs 'What % of your  production for this crop')
17:00:31 02_merge INFO   VERSIONS cs5_05_2: {'cs5_05_2': 2, 'cs5_05_2_v2': 1} | 2021 vs 2018: value labels differ -- 2: 'Purchase with Government Contribution' vs 'Exchange with farmers'; 3: 'Exchange with farmers' vs 'Gift from relatives/family'; 4: 'Gift from relatives/family' vs 'received from NGOs, govt…' / 2024 vs 2018: value labels differ -- 2: 'Purchase with Government Contribution(Subsidie)' vs 'Exchange with farmers'; 3: 'Exchange with farmers' vs 'Gift from relatives/family'; 4: 'Gift from relatives/family' vs 'received from NGOs, govt…'
17:00:31 02_merge INFO   VERSIONS cs5_05_3: {'cs5_05_3': 2, 'cs5_05_3_v2': 1} | 2021 vs 2018: value labels differ -- 2: 'Purchase with Government Contribution' vs 'Exchange with farmers'; 3: 'Exchange with farmers' vs 'Gift from relatives/family'; 4: 'Gift from relatives/family' vs 'received from NGOs, govt…' / 2024 vs 2018: value labels differ -- 2: 'Purchase with Government Contribution(Subsidie)' vs 'Exchange with farmers'; 3: 'Exchange with farmers' vs 'Gift from relatives/family'; 4: 'Gift from relatives/family' vs 'received from NGOs, govt…'
17:00:32 02_merge INFO   VERSIONS ds11_04_3_smt_1: {'ds11_04_3_smt_1': 1, 'ds11_04_3_smt_1_v2': 1} | 2024 vs 2021: variable label differs ('DS11_04_3/Government' vs 'Government')
17:00:32 02_merge INFO   VERSIONS ds11_04_3_smt_2: {'ds11_04_3_smt_2': 1, 'ds11_04_3_smt_2_v2': 1} | 2024 vs 2021: variable label differs ('DS11_04_3/WFP' vs 'WFP')
17:00:32 02_merge INFO   VERSIONS ds11_04_3_smt_4: {'ds11_04_3_smt_4': 1, 'ds11_04_3_smt_4_v2': 1} | 2024 vs 2021: variable label differs ('DS11_04_3/NGO' vs 'NGO')
17:00:32 02_merge INFO   VERSIONS ds11_04_3_smt_6: {'ds11_04_3_smt_6': 1, 'ds11_04_3_smt_6_v2': 1} | 2024 vs 2021: variable label differs ('DS11_04_3/Community' vs 'Community')
17:00:32 02_merge INFO   VERSIONS ds11_04_3_smt_8: {'ds11_04_3_smt_8': 1, 'ds11_04_3_smt_8_v2': 1} | 2024 vs 2021: variable label differs ('DS11_04_3/Other' vs 'Other')
17:00:32 02_merge INFO   VERSIONS ds11_07_3_smt_1: {'ds11_07_3_smt_1': 1, 'ds11_07_3_smt_1_v2': 1} | 2024 vs 2021: variable label differs ('DS11_07_3/Government' vs 'Government')
17:00:32 02_merge INFO   VERSIONS ds11_07_3_smt_2: {'ds11_07_3_smt_2': 1, 'ds11_07_3_smt_2_v2': 1} | 2024 vs 2021: variable label differs ('DS11_07_3/WFP' vs 'WFP')
17:00:32 02_merge INFO   VERSIONS ds11_07_3_smt_4: {'ds11_07_3_smt_4': 1, 'ds11_07_3_smt_4_v2': 1} | 2024 vs 2021: variable label differs ('DS11_07_3/NGO' vs 'NGO')
17:00:32 02_merge INFO   VERSIONS ds11_07_3_smt_6: {'ds11_07_3_smt_6': 1, 'ds11_07_3_smt_6_v2': 1} | 2024 vs 2021: variable label differs ('DS11_07_3/Community' vs 'Community')
17:00:32 02_merge INFO   VERSIONS ds11_07_3_smt_8: {'ds11_07_3_smt_8': 1, 'ds11_07_3_smt_8_v2': 1} | 2024 vs 2021: variable label differs ('DS11_07_3/Other' vs 'Other')
17:00:32 02_merge INFO   VERSIONS emergency_coping: {'emergency_coping': 1, 'emergency_coping_v2': 1} | 2021 vs 2018: variable label differs ('did HH engage in emergency coping strate' vs 'Last 30 days, household was engaged in e')
17:00:32 02_merge INFO   VERSIONS es11_04_3_smt_1: {'es11_04_3_smt_1': 1, 'es11_04_3_smt_1_v2': 1} | 2024 vs 2021: variable label differs ('ES11_04_3/Government' vs 'Government')
17:00:32 02_merge INFO   VERSIONS es11_04_3_smt_2: {'es11_04_3_smt_2': 1, 'es11_04_3_smt_2_v2': 1} | 2024 vs 2021: variable label differs ('ES11_04_3/WFP' vs 'WFP')
17:00:32 02_merge INFO   VERSIONS es11_04_3_smt_4: {'es11_04_3_smt_4': 1, 'es11_04_3_smt_4_v2': 1} | 2024 vs 2021: variable label differs ('ES11_04_3/NGO' vs 'NGO')
17:00:32 02_merge INFO   VERSIONS es11_04_3_smt_6: {'es11_04_3_smt_6': 1, 'es11_04_3_smt_6_v2': 1} | 2024 vs 2021: variable label differs ('ES11_04_3/Community' vs 'Community')
17:00:32 02_merge INFO   VERSIONS es11_04_3_smt_8: {'es11_04_3_smt_8': 1, 'es11_04_3_smt_8_v2': 1} | 2024 vs 2021: variable label differs ('ES11_04_3/Other' vs 'Other')
17:00:32 02_merge INFO   VERSIONS es11_07_3_smt_1: {'es11_07_3_smt_1': 1, 'es11_07_3_smt_1_v2': 1} | 2024 vs 2021: variable label differs ('ES11_07_3/Government' vs 'Government')
17:00:32 02_merge INFO   VERSIONS es11_07_3_smt_2: {'es11_07_3_smt_2': 1, 'es11_07_3_smt_2_v2': 1} | 2024 vs 2021: variable label differs ('ES11_07_3/WFP' vs 'WFP')
17:00:32 02_merge INFO   VERSIONS es11_07_3_smt_4: {'es11_07_3_smt_4': 1, 'es11_07_3_smt_4_v2': 1} | 2024 vs 2021: variable label differs ('ES11_07_3/NGO' vs 'NGO')
17:00:32 02_merge INFO   VERSIONS es11_07_3_smt_6: {'es11_07_3_smt_6': 1, 'es11_07_3_smt_6_v2': 1} | 2024 vs 2021: variable label differs ('ES11_07_3/Community' vs 'Community')
17:00:32 02_merge INFO   VERSIONS es11_07_3_smt_8: {'es11_07_3_smt_8': 1, 'es11_07_3_smt_8_v2': 1} | 2024 vs 2021: variable label differs ('ES11_07_3/Other' vs 'Other')
17:00:32 02_merge INFO   VERSIONS fg_hironcat: {'fg_hironcat': 2, 'fg_hironcat_v2': 1} | 2021 vs 2018: variable label differs ('FG_HIronCategory' vs "Household's consumption of Iron rich foo") / 2024 vs 2018: variable label differs ('FG_HIronCategory' vs "Household's consumption of Iron rich foo")
17:00:32 02_merge INFO   VERSIONS fg_proteincat: {'fg_proteincat': 2, 'fg_proteincat_v2': 1} | 2021 vs 2018: variable label differs ('FG_ProteinCategory' vs "Household's consumption of  Protein rich") / 2024 vs 2018: variable label differs ('FG_ProteinCategory' vs "Household's consumption of  Protein rich")
17:00:32 02_merge INFO   VERSIONS fg_vitacat: {'fg_vitacat': 2, 'fg_vitacat_v2': 1} | 2021 vs 2018: variable label differs ('FG_VitACategory' vs "Household's consumption of Vitamin A ric") / 2024 vs 2018: variable label differs ('FG_VitACategory' vs "Household's consumption of Vitamin A ric")
17:00:32 02_merge INFO   VERSIONS fie: {'fie': 3, 'fie_v2': 1, 'fie_v3': 1} | 2015 vs 2012: variable label differs ('Monthly HH food item expenditures (cash ' vs 'Total monthly food expenditure') / 2018 vs 2012: variable label differs ('Household monthly food expenditures' vs 'Total monthly food expenditure')
17:00:32 02_merge INFO   VERSIONS fruit: {'fruit': 2, 'fruit_v2': 2} | 2021 vs 2015: variable label differs ('Fruit consumption in last 7 days' vs 'Number of days in a week fruits  were co') / 2024 vs 2015: variable label differs ('Fruit consunsumption in last 7 days' vs 'Number of days in a week fruits  were co')
17:00:32 02_merge INFO   VERSIONS fs11_04_3_smt_1: {'fs11_04_3_smt_1': 1, 'fs11_04_3_smt_1_v2': 1} | 2024 vs 2021: variable label differs ('FS11_04_3/Government' vs 'Government')
17:00:32 02_merge INFO   VERSIONS fs11_04_3_smt_2: {'fs11_04_3_smt_2': 1, 'fs11_04_3_smt_2_v2': 1} | 2024 vs 2021: variable label differs ('FS11_04_3/WFP' vs 'WFP')
17:00:32 02_merge INFO   VERSIONS fs11_04_3_smt_4: {'fs11_04_3_smt_4': 1, 'fs11_04_3_smt_4_v2': 1} | 2024 vs 2021: variable label differs ('FS11_04_3/NGO' vs 'NGO')
17:00:32 02_merge INFO   VERSIONS fs11_04_3_smt_6: {'fs11_04_3_smt_6': 1, 'fs11_04_3_smt_6_v2': 1} | 2024 vs 2021: variable label differs ('FS11_04_3/Community' vs 'Community')
17:00:32 02_merge INFO   VERSIONS fs11_04_3_smt_8: {'fs11_04_3_smt_8': 1, 'fs11_04_3_smt_8_v2': 1} | 2024 vs 2021: variable label differs ('FS11_04_3/Other' vs 'Other')
17:00:32 02_merge INFO   VERSIONS fs11_07_3_smt_1: {'fs11_07_3_smt_1': 1, 'fs11_07_3_smt_1_v2': 1} | 2024 vs 2021: variable label differs ('FS11_07_3/Government' vs 'Government')
17:00:32 02_merge INFO   VERSIONS fs11_07_3_smt_2: {'fs11_07_3_smt_2': 1, 'fs11_07_3_smt_2_v2': 1} | 2024 vs 2021: variable label differs ('FS11_07_3/WFP' vs 'WFP')
17:00:32 02_merge INFO   VERSIONS fs11_07_3_smt_4: {'fs11_07_3_smt_4': 1, 'fs11_07_3_smt_4_v2': 1} | 2024 vs 2021: variable label differs ('FS11_07_3/NGO' vs 'NGO')
17:00:32 02_merge INFO   VERSIONS fs11_07_3_smt_6: {'fs11_07_3_smt_6': 1, 'fs11_07_3_smt_6_v2': 1} | 2024 vs 2021: variable label differs ('FS11_07_3/Community' vs 'Community')
17:00:32 02_merge INFO   VERSIONS fs11_07_3_smt_8: {'fs11_07_3_smt_8': 1, 'fs11_07_3_smt_8_v2': 1} | 2024 vs 2021: variable label differs ('FS11_07_3/Other' vs 'Other')
17:00:32 02_merge INFO   VERSIONS fs_final: {'fs_final': 2, 'fs_final_v2': 2} | 2018 vs 2015: variable label differs ('Household food security situation' vs 'Final CARI food security index') / 2024 vs 2015: variable label differs ('Household food security' vs 'Final CARI food security index')
17:00:32 02_merge INFO   VERSIONS fs_final_lyr: {'fs_final_lyr': 1, 'fs_final_lyr_v2': 1} | 2018 vs 2015: variable label differs ('Household food security situation' vs 'Final CARI food security index')
17:00:32 02_merge INFO   VERSIONS gs11_07_3_smt_1: {'gs11_07_3_smt_1': 1, 'gs11_07_3_smt_1_v2': 1} | 2024 vs 2021: variable label differs ('GS11_07_3/Government' vs 'Government')
17:00:32 02_merge INFO   VERSIONS gs11_07_3_smt_2: {'gs11_07_3_smt_2': 1, 'gs11_07_3_smt_2_v2': 1} | 2024 vs 2021: variable label differs ('GS11_07_3/WFP' vs 'WFP')
17:00:32 02_merge INFO   VERSIONS gs11_07_3_smt_4: {'gs11_07_3_smt_4': 1, 'gs11_07_3_smt_4_v2': 1} | 2024 vs 2021: variable label differs ('GS11_07_3/NGO' vs 'NGO')
17:00:32 02_merge INFO   VERSIONS gs11_07_3_smt_6: {'gs11_07_3_smt_6': 1, 'gs11_07_3_smt_6_v2': 1} | 2024 vs 2021: variable label differs ('GS11_07_3/Community' vs 'Community')
17:00:32 02_merge INFO   VERSIONS gs11_07_3_smt_8: {'gs11_07_3_smt_8': 1, 'gs11_07_3_smt_8_v2': 1} | 2024 vs 2021: variable label differs ('GS11_07_3/Other' vs 'Other')
17:00:32 02_merge INFO   VERSIONS hs11_07_3_smt_1: {'hs11_07_3_smt_1': 1, 'hs11_07_3_smt_1_v2': 1} | 2024 vs 2021: variable label differs ('HS11_07_3/Government' vs 'Government')
17:00:32 02_merge INFO   VERSIONS hs11_07_3_smt_2: {'hs11_07_3_smt_2': 1, 'hs11_07_3_smt_2_v2': 1} | 2024 vs 2021: variable label differs ('HS11_07_3/WFP' vs 'WFP')
17:00:32 02_merge INFO   VERSIONS hs11_07_3_smt_4: {'hs11_07_3_smt_4': 1, 'hs11_07_3_smt_4_v2': 1} | 2024 vs 2021: variable label differs ('HS11_07_3/NGO' vs 'NGO')
17:00:32 02_merge INFO   VERSIONS hs11_07_3_smt_6: {'hs11_07_3_smt_6': 1, 'hs11_07_3_smt_6_v2': 1} | 2024 vs 2021: variable label differs ('HS11_07_3/Community' vs 'Community')
17:00:32 02_merge INFO   VERSIONS hs11_07_3_smt_8: {'hs11_07_3_smt_8': 1, 'hs11_07_3_smt_8_v2': 1} | 2024 vs 2021: variable label differs ('HS11_07_3/Other' vs 'Other')
17:00:32 02_merge INFO   VERSIONS id5: {'id5': 1, 'id5_v2': 1} | 2009 vs 2006: variable label differs ('Akagari' vs 'Old District')
17:00:32 02_merge INFO   VERSIONS id6: {'id6': 1, 'id6_v2': 1} | 2009 vs 2006: variable label differs ("Agapande k'ibarura" vs 'Secteur')
17:00:32 02_merge INFO   VERSIONS id7: {'id7': 1, 'id7_v2': 1} | 2009 vs 2006: variable label differs ("Numero y'urugo" vs 'Cellule')
17:00:32 02_merge INFO   VERSIONS id8: {'id8': 1, 'id8_v2': 1} | 2009 vs 2006: variable label differs ("Numero d'Agent de saisie" vs 'Enumeration Zone')
17:00:32 02_merge INFO   VERSIONS improved_floor: {'improved_floor': 1, 'improved_floor_v2': 1} | 2015 vs 2012: variable label differs ('improved floor (concrete/cement and clay' vs 'improved floor')
17:00:32 02_merge INFO   VERSIONS improved_toilet: {'improved_toilet': 1, 'improved_toilet_v2': 1} | 2015 vs 2012: variable label differs ('improved toilet (flush and pit Pit with ' vs 'improved toilet')
17:00:32 02_merge INFO   VERSIONS improved_wall: {'improved_wall': 1, 'improved_wall_v2': 1} | 2015 vs 2012: variable label differs ('improved wall (cement with mud/cement/fi' vs 'improved wall')
17:00:32 02_merge INFO   VERSIONS improved_water: {'improved_water': 1, 'improved_water_v2': 1} | 2015 vs 2012: variable label differs ('improved water (public/home tap and bore' vs 'improved water')
17:00:32 02_merge INFO   VERSIONS is11_07_3_smt_1: {'is11_07_3_smt_1': 1, 'is11_07_3_smt_1_v2': 1} | 2024 vs 2021: variable label differs ('IS11_07_3/Government' vs 'Government')
17:00:32 02_merge INFO   VERSIONS is11_07_3_smt_2: {'is11_07_3_smt_2': 1, 'is11_07_3_smt_2_v2': 1} | 2024 vs 2021: variable label differs ('IS11_07_3/WFP' vs 'WFP')
17:00:32 02_merge INFO   VERSIONS is11_07_3_smt_4: {'is11_07_3_smt_4': 1, 'is11_07_3_smt_4_v2': 1} | 2024 vs 2021: variable label differs ('IS11_07_3/NGO' vs 'NGO')
17:00:32 02_merge INFO   VERSIONS is11_07_3_smt_6: {'is11_07_3_smt_6': 1, 'is11_07_3_smt_6_v2': 1} | 2024 vs 2021: variable label differs ('IS11_07_3/Community' vs 'Community')
17:00:32 02_merge INFO   VERSIONS is11_07_3_smt_8: {'is11_07_3_smt_8': 1, 'is11_07_3_smt_8_v2': 1} | 2024 vs 2021: variable label differs ('IS11_07_3/Other' vs 'Other')
17:00:32 02_merge INFO   VERSIONS js11_07_3_smt_1: {'js11_07_3_smt_1': 1, 'js11_07_3_smt_1_v2': 1} | 2024 vs 2021: variable label differs ('JS11_07_3/Government' vs 'Government')
17:00:32 02_merge INFO   VERSIONS js11_07_3_smt_2: {'js11_07_3_smt_2': 1, 'js11_07_3_smt_2_v2': 1} | 2024 vs 2021: variable label differs ('JS11_07_3/WFP' vs 'WFP')
17:00:32 02_merge INFO   VERSIONS js11_07_3_smt_4: {'js11_07_3_smt_4': 1, 'js11_07_3_smt_4_v2': 1} | 2024 vs 2021: variable label differs ('JS11_07_3/NGO' vs 'NGO')
17:00:32 02_merge INFO   VERSIONS js11_07_3_smt_6: {'js11_07_3_smt_6': 1, 'js11_07_3_smt_6_v2': 1} | 2024 vs 2021: variable label differs ('JS11_07_3/Community' vs 'Community')
17:00:32 02_merge INFO   VERSIONS js11_07_3_smt_8: {'js11_07_3_smt_8': 1, 'js11_07_3_smt_8_v2': 1} | 2024 vs 2021: variable label differs ('JS11_07_3/Other' vs 'Other')
17:00:32 02_merge INFO   VERSIONS ks11_07_3_smt_1: {'ks11_07_3_smt_1': 1, 'ks11_07_3_smt_1_v2': 1} | 2024 vs 2021: variable label differs ('KS11_07_3/Government' vs 'Government')
17:00:32 02_merge INFO   VERSIONS ks11_07_3_smt_2: {'ks11_07_3_smt_2': 1, 'ks11_07_3_smt_2_v2': 1} | 2024 vs 2021: variable label differs ('KS11_07_3/WFP' vs 'WFP')
17:00:32 02_merge INFO   VERSIONS ks11_07_3_smt_4: {'ks11_07_3_smt_4': 1, 'ks11_07_3_smt_4_v2': 1} | 2024 vs 2021: variable label differs ('KS11_07_3/NGO' vs 'NGO')
17:00:32 02_merge INFO   VERSIONS ks11_07_3_smt_6: {'ks11_07_3_smt_6': 1, 'ks11_07_3_smt_6_v2': 1} | 2024 vs 2021: variable label differs ('KS11_07_3/Community' vs 'Community')
17:00:32 02_merge INFO   VERSIONS ks11_07_3_smt_8: {'ks11_07_3_smt_8': 1, 'ks11_07_3_smt_8_v2': 1} | 2024 vs 2021: variable label differs ('KS11_07_3/Other' vs 'Other')
17:00:32 02_merge INFO   VERSIONS ls11_07_3_smt_1: {'ls11_07_3_smt_1': 1, 'ls11_07_3_smt_1_v2': 1} | 2024 vs 2021: variable label differs ('LS11_07_3/Government' vs 'Government')
17:00:32 02_merge INFO   VERSIONS ls11_07_3_smt_2: {'ls11_07_3_smt_2': 1, 'ls11_07_3_smt_2_v2': 1} | 2024 vs 2021: variable label differs ('LS11_07_3/WFP' vs 'WFP')
17:00:32 02_merge INFO   VERSIONS ls11_07_3_smt_4: {'ls11_07_3_smt_4': 1, 'ls11_07_3_smt_4_v2': 1} | 2024 vs 2021: variable label differs ('LS11_07_3/NGO' vs 'NGO')
17:00:32 02_merge INFO   VERSIONS ls11_07_3_smt_6: {'ls11_07_3_smt_6': 1, 'ls11_07_3_smt_6_v2': 1} | 2024 vs 2021: variable label differs ('LS11_07_3/Community' vs 'Community')
17:00:32 02_merge INFO   VERSIONS ls11_07_3_smt_8: {'ls11_07_3_smt_8': 1, 'ls11_07_3_smt_8_v2': 1} | 2024 vs 2021: variable label differs ('LS11_07_3/Other' vs 'Other')
17:00:32 02_merge INFO   VERSIONS maize: {'maize': 1, 'maize_v2': 1} | 2012 vs 2006: variable label differs ('maize cultivated' vs 'Maize Monthly total')
17:00:32 02_merge INFO   VERSIONS max_coping_behaviour: {'max_coping_behaviour': 3, 'max_coping_behaviour_v2': 1} | 2024 vs 2015: variable label differs ('Maximum coping behaviour' vs 'Summary of asset depletion')
17:00:32 02_merge INFO   VERSIONS meat: {'meat': 2, 'meat_v2': 1, 'meat_v3': 1} | 2018 vs 2015: variable label differs ('Number of  days HH consumed Animal prote' vs 'Number of days in a week meat was consum') / 2021 vs 2015: variable label differs ('Meat consumption in last 7 days' vs 'Number of days in a week meat was consum')
17:00:32 02_merge INFO   VERSIONS milk: {'milk': 2, 'milk_v2': 2, 'milk_v3': 1, 'milk_v4': 1} | 2015 vs 2006: variable label differs ('Number of days in a week milk was consum' vs 'Milk Monthly total') / 2018 vs 2006: variable label differs ('Number of  days HH consumed Diary produc' vs 'Milk Monthly total')
17:00:32 02_merge INFO   VERSIONS ms11_07_3_smt_1: {'ms11_07_3_smt_1': 1, 'ms11_07_3_smt_1_v2': 1} | 2024 vs 2021: variable label differs ('MS11_07_3/Government' vs 'Government')
17:00:32 02_merge INFO   VERSIONS ms11_07_3_smt_2: {'ms11_07_3_smt_2': 1, 'ms11_07_3_smt_2_v2': 1} | 2024 vs 2021: variable label differs ('MS11_07_3/WFP' vs 'WFP')
17:00:32 02_merge INFO   VERSIONS ms11_07_3_smt_4: {'ms11_07_3_smt_4': 1, 'ms11_07_3_smt_4_v2': 1} | 2024 vs 2021: variable label differs ('MS11_07_3/NGO' vs 'NGO')
17:00:32 02_merge INFO   VERSIONS ms11_07_3_smt_6: {'ms11_07_3_smt_6': 1, 'ms11_07_3_smt_6_v2': 1} | 2024 vs 2021: variable label differs ('MS11_07_3/Community' vs 'Community')
17:00:32 02_merge INFO   VERSIONS ms11_07_3_smt_8: {'ms11_07_3_smt_8': 1, 'ms11_07_3_smt_8_v2': 1} | 2024 vs 2021: variable label differs ('MS11_07_3/Other' vs 'Other')
17:00:32 02_merge INFO   VERSIONS nfie: {'nfie': 3, 'nfie_v2': 1} | 2018 vs 2015: variable label differs ('Household monthly non-food expenditures' vs 'Monthly HH non food item expenditure (ac') / 2021 vs 2015: variable label differs ('Non food item expenditures' vs 'Monthly HH non food item expenditure (ac')
17:00:32 02_merge INFO   VERSIONS ns11_07_3_smt_1: {'ns11_07_3_smt_1': 1, 'ns11_07_3_smt_1_v2': 1} | 2024 vs 2021: variable label differs ('NS11_07_3/Government' vs 'Government')
17:00:32 02_merge INFO   VERSIONS ns11_07_3_smt_2: {'ns11_07_3_smt_2': 1, 'ns11_07_3_smt_2_v2': 1} | 2024 vs 2021: variable label differs ('NS11_07_3/WFP' vs 'WFP')
17:00:32 02_merge INFO   VERSIONS ns11_07_3_smt_4: {'ns11_07_3_smt_4': 1, 'ns11_07_3_smt_4_v2': 1} | 2024 vs 2021: variable label differs ('NS11_07_3/NGO' vs 'NGO')
17:00:32 02_merge INFO   VERSIONS ns11_07_3_smt_6: {'ns11_07_3_smt_6': 1, 'ns11_07_3_smt_6_v2': 1} | 2024 vs 2021: variable label differs ('NS11_07_3/Community' vs 'Community')
17:00:32 02_merge INFO   VERSIONS ns11_07_3_smt_8: {'ns11_07_3_smt_8': 1, 'ns11_07_3_smt_8_v2': 1} | 2024 vs 2021: variable label differs ('NS11_07_3/Other' vs 'Other')
17:00:32 02_merge INFO   VERSIONS oil: {'oil': 2, 'oil_v2': 2, 'oil_v3': 2} | 2015 vs 2006: variable label differs ('Number of days in a week oil was consume' vs 'Oil, fat and Butter Monthly total') / 2018 vs 2006: variable label differs ('Number of  days HH consumed Oils (last w' vs 'Oil, fat and Butter Monthly total')
17:00:33 02_merge INFO   VERSIONS rice: {'rice': 1, 'rice_v2': 1} | 2012 vs 2006: variable label differs ('rice cultivated' vs 'Rice Monthly total')
17:00:33 02_merge INFO   VERSIONS s0_e_livezone: {'s0_e_livezone': 1, 's0_e_livezone_v2': 1} | 2021 vs 2018: variable label differs ('S0_E_Livezone' vs 'Livelihood zones')
17:00:33 02_merge INFO   VERSIONS s10_01: {'s10_01': 2, 's10_01_v2': 1} | 2021 vs 2015: variable label differs ('In the last 12 months were there any spe' vs 'HH had food access problems during last ') / 2024 vs 2015: variable label differs ('S10_01 In the last 12 months were there ' vs 'HH had food access problems during last ')
17:00:33 02_merge INFO   VERSIONS s10_01_2: {'s10_01_2': 1, 's10_01_2_v2': 1} | 2024 vs 2021: 2021 is unlabelled and its values reach 13, beyond the labelled codes (1-12)
17:00:33 02_merge INFO   VERSIONS s10_01_2_smt_1: {'s10_01_2_smt_1': 1, 's10_01_2_smt_1_v2': 1} | 2024 vs 2021: variable label differs ('S10_01_2/March of 2024' vs 'March of 2021')
17:00:33 02_merge INFO   VERSIONS s10_01_2_smt_10: {'s10_01_2_smt_10': 1, 's10_01_2_smt_10_v2': 1} | 2024 vs 2021: variable label differs ('S10_01_2/June of 2023' vs 'June of 2020')
17:00:33 02_merge INFO   VERSIONS s10_01_2_smt_11: {'s10_01_2_smt_11': 1, 's10_01_2_smt_11_v2': 1} | 2024 vs 2021: variable label differs ('S10_01_2/May of 2023' vs 'May of 2020')
17:00:33 02_merge INFO   VERSIONS s10_01_2_smt_12: {'s10_01_2_smt_12': 1, 's10_01_2_smt_12_v2': 1} | 2024 vs 2021: variable label differs ('S10_01_2/April of 2023' vs 'April of 2020')
17:00:33 02_merge INFO   VERSIONS s10_01_2_smt_2: {'s10_01_2_smt_2': 1, 's10_01_2_smt_2_v2': 1} | 2024 vs 2021: variable label differs ('S10_01_2/February of 2024' vs 'February of 2021')
17:00:33 02_merge INFO   VERSIONS s10_01_2_smt_3: {'s10_01_2_smt_3': 1, 's10_01_2_smt_3_v2': 1} | 2024 vs 2021: variable label differs ('S10_01_2/January of 2024' vs 'January of 2021')
17:00:33 02_merge INFO   VERSIONS s10_01_2_smt_4: {'s10_01_2_smt_4': 1, 's10_01_2_smt_4_v2': 1} | 2024 vs 2021: variable label differs ('S10_01_2/December of 2023' vs 'December of 2020')
17:00:33 02_merge INFO   VERSIONS s10_01_2_smt_5: {'s10_01_2_smt_5': 1, 's10_01_2_smt_5_v2': 1} | 2024 vs 2021: variable label differs ('S10_01_2/November of 2023' vs 'November of 2020')
17:00:33 02_merge INFO   VERSIONS s10_01_2_smt_6: {'s10_01_2_smt_6': 1, 's10_01_2_smt_6_v2': 1} | 2024 vs 2021: variable label differs ('S10_01_2/October of 2023' vs 'October of 2020')
17:00:33 02_merge INFO   VERSIONS s10_01_2_smt_7: {'s10_01_2_smt_7': 1, 's10_01_2_smt_7_v2': 1} | 2024 vs 2021: variable label differs ('S10_01_2/September of 2023' vs 'September of 2020')
17:00:33 02_merge INFO   VERSIONS s10_01_2_smt_8: {'s10_01_2_smt_8': 1, 's10_01_2_smt_8_v2': 1} | 2024 vs 2021: variable label differs ('S10_01_2/August of 2023' vs 'August of 2020')
17:00:33 02_merge INFO   VERSIONS s10_01_2_smt_9: {'s10_01_2_smt_9': 1, 's10_01_2_smt_9_v2': 1} | 2024 vs 2021: variable label differs ('S10_01_2/July of 2023' vs 'July of 2020')
17:00:33 02_merge INFO   VERSIONS s10_03_smt_10: {'s10_03_smt_10': 1, 's10_03_smt_10_v2': 1} | 2024 vs 2021: variable label differs ('S10_03/Fires' vs 'Fires')
17:00:33 02_merge INFO   VERSIONS s10_03_smt_18: {'s10_03_smt_18': 1, 's10_03_smt_18_v2': 1} | 2024 vs 2021: variable label differs ('S10_03/earthquake' vs 'earthquake')
17:00:33 02_merge INFO   VERSIONS s10_03_smt_2: {'s10_03_smt_2': 1, 's10_03_smt_2_v2': 1} | 2024 vs 2021: variable label differs ('S10_03/Floods' vs 'Floods')
17:00:33 02_merge INFO   VERSIONS s10_03_smt_21: {'s10_03_smt_21': 1, 's10_03_smt_21_v2': 1} | 2024 vs 2021: variable label differs ('S10_03/Heavy rain' vs 'COVID-19')
17:00:33 02_merge INFO   VERSIONS s11_02: {'s11_02': 2, 's11_02_v2': 1, 's11_02_v3': 1} | 2021 vs 2015: variable label differs ('What kind of social protection program o' vs 'Household experienced shock during last ') / 2024 vs 2015: variable label differs ('S11_02 Did your household or one (or mor' vs 'Household experienced shock during last ')
17:00:33 02_merge INFO   VERSIONS s11_03: {'s11_03': 1, 's11_03_v2': 1} | 2024 vs 2021: variable label differs ('S11_03 What type of FOOD assistance was ' vs 'Did your household or one (or more) of i')
17:00:33 02_merge INFO   VERSIONS s11_05_0_2: {'s11_05_0_2': 1, 's11_05_0_2_v2': 1} | 2024 vs 2021: 2021 is unlabelled and its values reach 13, beyond the labelled codes (1-12)
17:00:33 02_merge INFO   VERSIONS s11_05_0_2_smt_1: {'s11_05_0_2_smt_1': 1, 's11_05_0_2_smt_1_v2': 1} | 2024 vs 2021: variable label differs ('S11_05_0_2/March of 2024' vs 'March of 2021')
17:00:33 02_merge INFO   VERSIONS s11_05_0_2_smt_10: {'s11_05_0_2_smt_10': 1, 's11_05_0_2_smt_10_v2': 1} | 2024 vs 2021: variable label differs ('S11_05_0_2/June of 2023' vs 'June of 2020')
17:00:33 02_merge INFO   VERSIONS s11_05_0_2_smt_11: {'s11_05_0_2_smt_11': 1, 's11_05_0_2_smt_11_v2': 1} | 2024 vs 2021: variable label differs ('S11_05_0_2/May of 2023' vs 'May of 2020')
17:00:33 02_merge INFO   VERSIONS s11_05_0_2_smt_12: {'s11_05_0_2_smt_12': 1, 's11_05_0_2_smt_12_v2': 1} | 2024 vs 2021: variable label differs ('S11_05_0_2/April of 2023' vs 'April of 2020')
17:00:33 02_merge INFO   VERSIONS s11_05_0_2_smt_2: {'s11_05_0_2_smt_2': 1, 's11_05_0_2_smt_2_v2': 1} | 2024 vs 2021: variable label differs ('S11_05_0_2/February of 2024' vs 'February of 2021')
17:00:33 02_merge INFO   VERSIONS s11_05_0_2_smt_3: {'s11_05_0_2_smt_3': 1, 's11_05_0_2_smt_3_v2': 1} | 2024 vs 2021: variable label differs ('S11_05_0_2/January of 2024' vs 'January of 2021')
17:00:33 02_merge INFO   VERSIONS s11_05_0_2_smt_4: {'s11_05_0_2_smt_4': 1, 's11_05_0_2_smt_4_v2': 1} | 2024 vs 2021: variable label differs ('S11_05_0_2/December of 2023' vs 'December of 2020')
17:00:33 02_merge INFO   VERSIONS s11_05_0_2_smt_5: {'s11_05_0_2_smt_5': 1, 's11_05_0_2_smt_5_v2': 1} | 2024 vs 2021: variable label differs ('S11_05_0_2/November of 2023' vs 'November of 2020')
17:00:33 02_merge INFO   VERSIONS s11_05_0_2_smt_6: {'s11_05_0_2_smt_6': 1, 's11_05_0_2_smt_6_v2': 1} | 2024 vs 2021: variable label differs ('S11_05_0_2/October of 2023' vs 'October of 2020')
17:00:33 02_merge INFO   VERSIONS s11_05_0_2_smt_7: {'s11_05_0_2_smt_7': 1, 's11_05_0_2_smt_7_v2': 1} | 2024 vs 2021: variable label differs ('S11_05_0_2/September of 2023' vs 'September of 2020')
17:00:33 02_merge INFO   VERSIONS s11_05_0_2_smt_8: {'s11_05_0_2_smt_8': 1, 's11_05_0_2_smt_8_v2': 1} | 2024 vs 2021: variable label differs ('S11_05_0_2/August of 2023' vs 'August of 2020')
17:00:33 02_merge INFO   VERSIONS s11_05_0_2_smt_9: {'s11_05_0_2_smt_9': 1, 's11_05_0_2_smt_9_v2': 1} | 2024 vs 2021: variable label differs ('S11_05_0_2/July of 2023' vs 'July of 2020')
17:00:33 02_merge INFO   VERSIONS s11_05_smt_11: {'s11_05_smt_11': 1, 's11_05_smt_11_v2': 1} | 2024 vs 2021: variable label differs ('S11_05/Others' vs 'Others')
17:00:33 02_merge INFO   VERSIONS s11_05_smt_88: {'s11_05_smt_88': 1, 's11_05_smt_88_v2': 1} | 2024 vs 2021: variable label differs ('S11_05/None' vs 'None')
17:00:33 02_merge INFO   VERSIONS s12_01: {'s12_01': 1, 's12_01_v2': 1} | 2018 vs 2015: variable label differs ('Household ubudehe category' vs 'Ubudehe profile (Old)')
17:00:33 02_merge INFO   VERSIONS s1_01: {'s1_01': 3, 's1_01_v2': 1} | 2018 vs 2015: variable label differs ('Household size' vs 'How many members does your household hav')
17:00:33 02_merge INFO   VERSIONS s1_01_10: {'s1_01_10': 3, 's1_01_10_v2': 1} | 2024 vs 2015: variable label differs ("S1_01_10 What's is [HH Head] marital sta" vs "What's is the head of household marital ")
17:00:33 02_merge INFO   VERSIONS s1_01_11: {'s1_01_11': 3, 's1_01_11_v2': 1} | 2018 vs 2015: variable label differs ("Household head's spouses" vs 'How many spouses or partners does the he')
17:00:33 02_merge INFO   VERSIONS s1_01_12: {'s1_01_12': 2, 's1_01_12_v2': 1} | 2021 vs 2015: variable label differs ('Is household head currently attending pr' vs 'Household with at least one child 7-14 y') / 2024 vs 2015: variable label differs ('S1_01_12 Is [HH Head] currently attendin' vs 'Household with at least one child 7-14 y')
17:00:33 02_merge INFO   VERSIONS s1_01_13: {'s1_01_13': 2, 's1_01_13_v2': 1} | 2021 vs 2015: variable label differs ('Did household head miss school for one w' vs 'At least one child missed school for one') / 2024 vs 2015: variable label differs ('S1_01_13 Did [HH Head] miss school for o' vs 'At least one child missed school for one')
17:00:33 02_merge INFO   VERSIONS s1_01_14_2: {'s1_01_14_2': 1, 's1_01_14_2_v2': 1} | 2021 vs 2015: variable label differs ('Please specify what other reasons of bei' vs 'Working for cash (either sent or chose t')
17:00:33 02_merge INFO   VERSIONS s1_01_14_smt_1: {'s1_01_14_smt_1': 1, 's1_01_14_smt_1_v2': 1} | 2024 vs 2021: variable label differs ('S1_01_14/Sickness' vs 'Sickness')
17:00:33 02_merge INFO   VERSIONS s1_01_14_smt_7: {'s1_01_14_smt_7': 1, 's1_01_14_smt_7_v2': 1} | 2024 vs 2021: variable label differs ('S1_01_14/Refused to go' vs 'Refused to go')
17:00:33 02_merge INFO   VERSIONS s1_01_15_smt_0: {'s1_01_15_smt_0': 1, 's1_01_15_smt_0_v2': 1} | 2024 vs 2021: variable label differs ('S1_01_15/None' vs 'None')
17:00:33 02_merge INFO   VERSIONS s1_01_15_smt_13: {'s1_01_15_smt_13': 1, 's1_01_15_smt_13_v2': 1} | 2024 vs 2021: variable label differs ('S1_01_15/Transport' vs 'Transport')
17:00:33 02_merge INFO   VERSIONS s1_01_15_smt_14: {'s1_01_15_smt_14': 1, 's1_01_15_smt_14_v2': 1} | 2024 vs 2021: variable label differs ('S1_01_15/Salaried' vs 'Salaried')
17:00:33 02_merge INFO   VERSIONS s1_01_15_smt_15: {'s1_01_15_smt_15': 1, 's1_01_15_smt_15_v2': 1} | 2024 vs 2021: variable label differs ('S1_01_15/Pension' vs 'Pension')
17:00:33 02_merge INFO   VERSIONS s1_01_15_smt_18: {'s1_01_15_smt_18': 1, 's1_01_15_smt_18_v2': 1} | 2024 vs 2021: variable label differs ('S1_01_15/Begging' vs 'Begging')
17:00:33 02_merge INFO   VERSIONS s1_01_15_smt_6: {'s1_01_15_smt_6': 1, 's1_01_15_smt_6_v2': 1} | 2024 vs 2021: variable label differs ('S1_01_15/Skilled Labour' vs 'Skilled Labour')
17:00:33 02_merge INFO   VERSIONS s1_01_16: {'s1_01_16': 2, 's1_01_16_v2': 1} | 2024 vs 2018: variable label differs ('S1_01_16 Is [HH Head] currently a member' vs "Household head's currently a member of a")
17:00:33 02_merge INFO   VERSIONS s1_01_16_2: {'s1_01_16_2': 2, 's1_01_16_2_v2': 1} | 2021 vs 2018: variable label differs ('Does household head hold any manegerial ' vs 'Household head holds a leadership role i') / 2024 vs 2018: variable label differs ('S1_01_16_2 Does [HH Head] hold any maneg' vs 'Household head holds a leadership role i')
17:00:33 02_merge INFO   VERSIONS s1_01_17: {'s1_01_17': 2, 's1_01_17_v2': 1} | 2021 vs 2018: variable label differs ('Does household head hold any managerial ' vs 'Household head holds a leadership role i') / 2024 vs 2018: variable label differs ('S1_01_17 Does [HH Head] hold any manager' vs 'Household head holds a leadership role i')
17:00:33 02_merge INFO   VERSIONS s1_01_3: {'s1_01_3': 3, 's1_01_3_v2': 1} | 2024 vs 2015: variable label differs ('S1_01_3 What is the gender of [HH Head]?' vs 'What is the gender of the head of househ')
17:00:33 02_merge INFO   VERSIONS s1_01_4: {'s1_01_4': 2, 's1_01_4_v2': 1, 's1_01_4_v3': 1} | 2018 vs 2015: variable label differs ("Household head's age" vs 'How old is the head of household') / 2024 vs 2015: variable label differs ('S1_01_4 How old is [HH Head]' vs 'How old is the head of household')
17:00:33 02_merge INFO   VERSIONS s1_01_5: {'s1_01_5': 1, 's1_01_5_v2': 1} | 2024 vs 2021: variable label differs ('S1_01_5 Does [HH Head] have birth card(V' vs "Household head's age in months")
17:00:33 02_merge INFO   VERSIONS s1_01_7: {'s1_01_7': 3, 's1_01_7_v2': 1} | 2018 vs 2015: variable label differs ("Household head's literacy level" vs 'Can head of household read and write?')
17:00:33 02_merge INFO   VERSIONS s1_01_9: {'s1_01_9': 2, 's1_01_9_v2': 1} | 2021 vs 2018: value labels differ -- 1: 'Yes' vs 'Disabled' / 2024 vs 2018: variable label differs ('S1_01_9 Does [HH Head] have any disabili' vs "Household head's disability status")
17:00:33 02_merge INFO   VERSIONS s2_01: {'s2_01': 1, 's2_01_v2': 1} | 2024 vs 2021: variable label differs ('S2_01 Roof' vs 'Roof')
17:00:33 02_merge INFO   VERSIONS s2_02: {'s2_02': 1, 's2_02_v2': 1, 's2_02_v3': 1} | 2021 vs 2018: variable label differs ('Floor' vs "Household house's floor structure") / 2024 vs 2018: variable label differs ('S2_02 Floor' vs "Household house's floor structure")
17:00:33 02_merge INFO   VERSIONS s2_03: {'s2_03': 1, 's2_03_v2': 1, 's2_03_v3': 1} | 2021 vs 2018: variable label differs ('Wall' vs "Household house's wall structure") / 2024 vs 2018: variable label differs ('S2_03 Wall' vs "Household house's wall structure")
17:00:33 02_merge INFO   VERSIONS s2_04: {'s2_04': 2, 's2_04_v2': 1} | 2024 vs 2015: variable label differs ('S2_04 Is the house your household is liv' vs 'Is the household living in umudugudu ‘ne')
17:00:33 02_merge INFO   VERSIONS s2_04_2: {'s2_04_2': 2, 's2_04_2_v2': 1} | 2021 vs 2015: variable label differs ('If YEs, Since how long have you been liv' vs 'Since when is your household living in "') / 2024 vs 2015: variable label differs ('S2_04_2 If YEs, Since how long have you ' vs 'Since when is your household living in "')
17:00:33 02_merge INFO   VERSIONS s2_06: {'s2_06': 3, 's2_06_v2': 1} | 2018 vs 2015: variable label differs ("Household house's sleeping rooms" vs 'How many sleeping rooms does the house y')
17:00:33 02_merge INFO   VERSIONS s2_07: {'s2_07': 2, 's2_07_v2': 1} | 2021 vs 2018: variable label differs ('What kind of toilet facility does your h' vs "Household's toilet facility") / 2024 vs 2018: variable label differs ('S2_07 What kind of toilet facility does ' vs "Household's toilet facility")
17:00:33 02_merge INFO   VERSIONS s2_07_2: {'s2_07_2': 3, 's2_07_2_v2': 1} | 2018 vs 2015: variable label differs ("Household's toilet facility alternative " vs 'If your household does not have its own ')
17:00:33 02_merge INFO   VERSIONS s2_07_3: {'s2_07_3': 3, 's2_07_3_v2': 1} | 2018 vs 2015: variable label differs ("Household's toilet facility is shared" vs 'Do you share the toilet facility with ot')
17:00:33 02_merge INFO   VERSIONS s2_08: {'s2_08': 2, 's2_08_v2': 1} | 2021 vs 2018: variable label differs ('What is the main source of lighting for ' vs "Household's main source of lighting") / 2024 vs 2018: variable label differs ('S2_08 What is the main source of lightin' vs "Household's main source of lighting")
17:00:33 02_merge INFO   VERSIONS s2_09: {'s2_09': 3, 's2_09_v2': 1} | 2018 vs 2015: variable label differs ("Household's most used cooking fuel" vs 'What fuel do you use most often for cook')
17:00:33 02_merge INFO   VERSIONS s2_09_2: {'s2_09_2': 1, 's2_09_2_v2': 1} | 2024 vs 2021: variable label differs ('S2_09_2 What the cooking facilities you ' vs 'Please specify what other ccooking energ')
17:00:33 02_merge INFO   VERSIONS s2_10_2: {'s2_10_2': 2, 's2_10_2_v2': 2} | 2018 vs 2015: variable label differs ('Household pays for water from the curren' vs 'Do you pay any money to access water fro') / 2024 vs 2015: variable label differs ('S2_10_2 Do your household pay for water ' vs 'Do you pay any money to access water fro')
17:00:33 02_merge INFO   VERSIONS s2_10_3: {'s2_10_3': 3, 's2_10_3_v2': 1} | 2018 vs 2015: variable label differs ("Household members' main transport mean t" vs 'How do you or your household members go ')
17:00:33 02_merge INFO   VERSIONS s2_10_4: {'s2_10_4': 2, 's2_10_4_v2': 1} | 2021 vs 2018: variable label differs ('How far is this main source of water (co' vs 'Distance from household to main source o') / 2024 vs 2018: variable label differs ('S2_10_4 How far is this main source of w' vs 'Distance from household to main source o')
17:00:33 02_merge INFO   VERSIONS s2_11: {'s2_11': 3, 's2_11_v2': 1} | 2018 vs 2015: variable label differs ('Household has an alternative source of w' vs 'Is there a time in the year when your ho')
17:00:33 02_merge INFO   VERSIONS s2_11_3: {'s2_11_3': 2, 's2_11_3_v2': 1} | 2021 vs 2018: variable label differs ('Does your household pay for this alterna' vs 'Household pays for water from the main a') / 2024 vs 2018: variable label differs ('S2_11_3 Does your household pay for this' vs 'Household pays for water from the main a')
17:00:33 02_merge INFO   VERSIONS s2_11_4: {'s2_11_4': 2, 's2_11_4_v2': 1} | 2021 vs 2018: variable label differs ('How do you or your household members go ' vs "Household members' main transport mean t") / 2024 vs 2018: variable label differs ('S2_11_4 How do you or your household mem' vs "Household members' main transport mean t")
17:00:33 02_merge INFO   VERSIONS s2_11_5: {'s2_11_5': 2, 's2_11_5_v2': 1} | 2021 vs 2018: variable label differs ('How far is this alternate source of wate' vs 'Distance from household to main alternat') / 2024 vs 2018: variable label differs ('S2_11_5 How far is this alternate source' vs 'Distance from household to main alternat')
17:00:33 02_merge INFO   VERSIONS s2_12: {'s2_12': 3, 's2_12_v2': 1} | 2018 vs 2015: variable label differs ("Household's main drinking water purifica" vs 'What does your household normally do to ')
17:00:33 02_merge INFO   VERSIONS s3_01: {'s3_01': 2, 's3_01_v2': 1} | 2021 vs 2015: variable label differs ('All activities reported by household mem' vs 'How many livelihood activities does your') / 2024 vs 2015: variable label differs ('S3_01 All activities reported by househo' vs 'How many livelihood activities does your')
17:00:33 02_merge INFO   VERSIONS s3_01_smt_0: {'s3_01_smt_0': 1, 's3_01_smt_0_v2': 1} | 2024 vs 2021: variable label differs ('S3_01/None' vs 'None')
17:00:33 02_merge INFO   VERSIONS s3_01_smt_13: {'s3_01_smt_13': 1, 's3_01_smt_13_v2': 1} | 2024 vs 2021: variable label differs ('S3_01/Transport' vs 'Transport')
17:00:33 02_merge INFO   VERSIONS s3_01_smt_14: {'s3_01_smt_14': 1, 's3_01_smt_14_v2': 1} | 2024 vs 2021: variable label differs ('S3_01/Salaried' vs 'Salaried')
17:00:33 02_merge INFO   VERSIONS s3_01_smt_15: {'s3_01_smt_15': 1, 's3_01_smt_15_v2': 1} | 2024 vs 2021: variable label differs ('S3_01/Pension' vs 'Pension')
17:00:33 02_merge INFO   VERSIONS s3_01_smt_18: {'s3_01_smt_18': 1, 's3_01_smt_18_v2': 1} | 2024 vs 2021: variable label differs ('S3_01/Begging' vs 'Begging')
17:00:33 02_merge INFO   VERSIONS s3_02_3_smt_1: {'s3_02_3_smt_1': 1, 's3_02_3_smt_1_v2': 1} | 2024 vs 2021: variable label differs ('S3_02_3/January' vs 'January')
17:00:33 02_merge INFO   VERSIONS s3_02_3_smt_10: {'s3_02_3_smt_10': 1, 's3_02_3_smt_10_v2': 1} | 2024 vs 2021: variable label differs ('S3_02_3/October' vs 'October')
17:00:33 02_merge INFO   VERSIONS s3_02_3_smt_11: {'s3_02_3_smt_11': 1, 's3_02_3_smt_11_v2': 1} | 2024 vs 2021: variable label differs ('S3_02_3/November' vs 'November')
17:00:33 02_merge INFO   VERSIONS s3_02_3_smt_12: {'s3_02_3_smt_12': 1, 's3_02_3_smt_12_v2': 1} | 2024 vs 2021: variable label differs ('S3_02_3/December' vs 'December')
17:00:33 02_merge INFO   VERSIONS s3_02_3_smt_13: {'s3_02_3_smt_13': 1, 's3_02_3_smt_13_v2': 1} | 2024 vs 2021: variable label differs ('S3_02_3/Random' vs 'Random')
17:00:33 02_merge INFO   VERSIONS s3_02_3_smt_2: {'s3_02_3_smt_2': 1, 's3_02_3_smt_2_v2': 1} | 2024 vs 2021: variable label differs ('S3_02_3/February' vs 'February')
17:00:33 02_merge INFO   VERSIONS s3_02_3_smt_3: {'s3_02_3_smt_3': 1, 's3_02_3_smt_3_v2': 1} | 2024 vs 2021: variable label differs ('S3_02_3/March' vs 'March')
17:00:33 02_merge INFO   VERSIONS s3_02_3_smt_4: {'s3_02_3_smt_4': 1, 's3_02_3_smt_4_v2': 1} | 2024 vs 2021: variable label differs ('S3_02_3/April' vs 'April')
17:00:33 02_merge INFO   VERSIONS s3_02_3_smt_5: {'s3_02_3_smt_5': 1, 's3_02_3_smt_5_v2': 1} | 2024 vs 2021: variable label differs ('S3_02_3/May' vs 'May')
17:00:33 02_merge INFO   VERSIONS s3_02_3_smt_6: {'s3_02_3_smt_6': 1, 's3_02_3_smt_6_v2': 1} | 2024 vs 2021: variable label differs ('S3_02_3/June' vs 'June')
17:00:33 02_merge INFO   VERSIONS s3_02_3_smt_7: {'s3_02_3_smt_7': 1, 's3_02_3_smt_7_v2': 1} | 2024 vs 2021: variable label differs ('S3_02_3/July' vs 'July')
17:00:33 02_merge INFO   VERSIONS s3_02_3_smt_8: {'s3_02_3_smt_8': 1, 's3_02_3_smt_8_v2': 1} | 2024 vs 2021: variable label differs ('S3_02_3/August' vs 'August')
17:00:33 02_merge INFO   VERSIONS s3_02_3_smt_9: {'s3_02_3_smt_9': 1, 's3_02_3_smt_9_v2': 1} | 2024 vs 2021: variable label differs ('S3_02_3/September' vs 'September')
17:00:33 02_merge INFO   VERSIONS s3_03_3_smt_1: {'s3_03_3_smt_1': 1, 's3_03_3_smt_1_v2': 1} | 2024 vs 2021: variable label differs ('S3_03_3/January' vs 'January')
17:00:33 02_merge INFO   VERSIONS s3_03_3_smt_10: {'s3_03_3_smt_10': 1, 's3_03_3_smt_10_v2': 1} | 2024 vs 2021: variable label differs ('S3_03_3/October' vs 'October')
17:00:33 02_merge INFO   VERSIONS s3_03_3_smt_11: {'s3_03_3_smt_11': 1, 's3_03_3_smt_11_v2': 1} | 2024 vs 2021: variable label differs ('S3_03_3/November' vs 'November')
17:00:33 02_merge INFO   VERSIONS s3_03_3_smt_12: {'s3_03_3_smt_12': 1, 's3_03_3_smt_12_v2': 1} | 2024 vs 2021: variable label differs ('S3_03_3/December' vs 'December')
17:00:33 02_merge INFO   VERSIONS s3_03_3_smt_13: {'s3_03_3_smt_13': 1, 's3_03_3_smt_13_v2': 1} | 2024 vs 2021: variable label differs ('S3_03_3/Random' vs 'Random')
17:00:33 02_merge INFO   VERSIONS s3_03_3_smt_2: {'s3_03_3_smt_2': 1, 's3_03_3_smt_2_v2': 1} | 2024 vs 2021: variable label differs ('S3_03_3/February' vs 'February')
17:00:33 02_merge INFO   VERSIONS s3_03_3_smt_3: {'s3_03_3_smt_3': 1, 's3_03_3_smt_3_v2': 1} | 2024 vs 2021: variable label differs ('S3_03_3/March' vs 'March')
17:00:33 02_merge INFO   VERSIONS s3_03_3_smt_4: {'s3_03_3_smt_4': 1, 's3_03_3_smt_4_v2': 1} | 2024 vs 2021: variable label differs ('S3_03_3/April' vs 'April')
17:00:33 02_merge INFO   VERSIONS s3_03_3_smt_5: {'s3_03_3_smt_5': 1, 's3_03_3_smt_5_v2': 1} | 2024 vs 2021: variable label differs ('S3_03_3/May' vs 'May')
17:00:33 02_merge INFO   VERSIONS s3_03_3_smt_6: {'s3_03_3_smt_6': 1, 's3_03_3_smt_6_v2': 1} | 2024 vs 2021: variable label differs ('S3_03_3/June' vs 'June')
17:00:33 02_merge INFO   VERSIONS s3_03_3_smt_7: {'s3_03_3_smt_7': 1, 's3_03_3_smt_7_v2': 1} | 2024 vs 2021: variable label differs ('S3_03_3/July' vs 'July')
17:00:33 02_merge INFO   VERSIONS s3_03_3_smt_8: {'s3_03_3_smt_8': 1, 's3_03_3_smt_8_v2': 1} | 2024 vs 2021: variable label differs ('S3_03_3/August' vs 'August')
17:00:33 02_merge INFO   VERSIONS s3_03_3_smt_9: {'s3_03_3_smt_9': 1, 's3_03_3_smt_9_v2': 1} | 2024 vs 2021: variable label differs ('S3_03_3/September' vs 'September')
17:00:33 02_merge INFO   VERSIONS s3_04_3_smt_1: {'s3_04_3_smt_1': 1, 's3_04_3_smt_1_v2': 1} | 2024 vs 2021: variable label differs ('S3_04_3/January' vs 'January')
17:00:33 02_merge INFO   VERSIONS s3_04_3_smt_10: {'s3_04_3_smt_10': 1, 's3_04_3_smt_10_v2': 1} | 2024 vs 2021: variable label differs ('S3_04_3/October' vs 'October')
17:00:33 02_merge INFO   VERSIONS s3_04_3_smt_11: {'s3_04_3_smt_11': 1, 's3_04_3_smt_11_v2': 1} | 2024 vs 2021: variable label differs ('S3_04_3/November' vs 'November')
17:00:33 02_merge INFO   VERSIONS s3_04_3_smt_12: {'s3_04_3_smt_12': 1, 's3_04_3_smt_12_v2': 1} | 2024 vs 2021: variable label differs ('S3_04_3/December' vs 'December')
17:00:33 02_merge INFO   VERSIONS s3_04_3_smt_13: {'s3_04_3_smt_13': 1, 's3_04_3_smt_13_v2': 1} | 2024 vs 2021: variable label differs ('S3_04_3/Random' vs 'Random')
17:00:33 02_merge INFO   VERSIONS s3_04_3_smt_2: {'s3_04_3_smt_2': 1, 's3_04_3_smt_2_v2': 1} | 2024 vs 2021: variable label differs ('S3_04_3/February' vs 'February')
17:00:33 02_merge INFO   VERSIONS s3_04_3_smt_3: {'s3_04_3_smt_3': 1, 's3_04_3_smt_3_v2': 1} | 2024 vs 2021: variable label differs ('S3_04_3/March' vs 'March')
17:00:33 02_merge INFO   VERSIONS s3_04_3_smt_4: {'s3_04_3_smt_4': 1, 's3_04_3_smt_4_v2': 1} | 2024 vs 2021: variable label differs ('S3_04_3/April' vs 'April')
17:00:33 02_merge INFO   VERSIONS s3_04_3_smt_5: {'s3_04_3_smt_5': 1, 's3_04_3_smt_5_v2': 1} | 2024 vs 2021: variable label differs ('S3_04_3/May' vs 'May')
17:00:33 02_merge INFO   VERSIONS s3_04_3_smt_6: {'s3_04_3_smt_6': 1, 's3_04_3_smt_6_v2': 1} | 2024 vs 2021: variable label differs ('S3_04_3/June' vs 'June')
17:00:33 02_merge INFO   VERSIONS s3_04_3_smt_7: {'s3_04_3_smt_7': 1, 's3_04_3_smt_7_v2': 1} | 2024 vs 2021: variable label differs ('S3_04_3/July' vs 'July')
17:00:33 02_merge INFO   VERSIONS s3_04_3_smt_8: {'s3_04_3_smt_8': 1, 's3_04_3_smt_8_v2': 1} | 2024 vs 2021: variable label differs ('S3_04_3/August' vs 'August')
17:00:33 02_merge INFO   VERSIONS s3_04_3_smt_9: {'s3_04_3_smt_9': 1, 's3_04_3_smt_9_v2': 1} | 2024 vs 2021: variable label differs ('S3_04_3/September' vs 'September')
17:00:33 02_merge INFO   VERSIONS s3_05: {'s3_05': 2, 's3_05_v2': 1} | 2021 vs 2018: variable label differs ('Approximately, how much money did your h' vs 'Household last month Income (in Rwf)') / 2024 vs 2018: variable label differs ('S3_05 Approximately, how much money did ' vs 'Household last month Income (in Rwf)')
17:00:33 02_merge INFO   VERSIONS s4_01_2: {'s4_01_2': 2, 's4_01_2_v2': 1, 's4_01_2_v3': 1} | 2018 vs 2015: variable label differs ('Size of household owned land' vs 'How big is that land that your household') / 2021 vs 2015: value labels differ -- 2: 'Between 1000 and 2000sqm (0.1 < 0.2 ha)' vs '0.1-0.19 ha'; 3: 'Between 2000 and 5000sqm (0.2 <0.5 ha)' vs '0.2-0.49 ha'; 4: 'Between 5000 and 10,000sqm (0.5 < 1ha)' vs '0.5-0.99 ha'
17:00:33 02_merge INFO   VERSIONS s4_02_1: {'s4_02_1': 2, 's4_02_1_v2': 1} | 2021 vs 2018: variable label differs ('Do you ever practice "share cropping" on' vs 'Household practices share cropping on ow') / 2024 vs 2018: variable label differs ('S4_02_1 Do you ever practice "share crop' vs 'Household practices share cropping on ow')
17:00:33 02_merge INFO   VERSIONS s4_02_2: {'s4_02_2': 2, 's4_02_2_v2': 1} | 2021 vs 2018: variable label differs ('Is "land consolidation program" applied ' vs "Part of household's land is under land c") / 2024 vs 2018: variable label differs ('S4_02_2 Is "land consolidation program" ' vs "Part of household's land is under land c")
17:00:33 02_merge INFO   VERSIONS s4_02_3: {'s4_02_3': 2, 's4_02_3_v2': 1} | 2024 vs 2018: variable label differs ('S4_02_3 Is the faming land that your hou' vs "Household's owned faming land is protect")
17:00:33 02_merge INFO   VERSIONS s4_03_2: {'s4_03_2': 2, 's4_03_2_v2': 1} | 2024 vs 2018: variable label differs ('S4_03_2 Are you currently growing any fo' vs 'Household currently grows some food in t')
17:00:33 02_merge INFO   VERSIONS s4_04_smt_1: {'s4_04_smt_1': 1, 's4_04_smt_1_v2': 1, 's4_04_smt_1_v3': 1} | 2021 vs 2018: variable label differs ('Hoe' vs 'Which of the following items does your h') / 2024 vs 2018: variable label differs ('S4_04/Hoe' vs 'Which of the following items does your h')
17:00:33 02_merge INFO   VERSIONS s4_04_smt_10: {'s4_04_smt_10': 2, 's4_04_smt_10_v2': 1} | 2021 vs 2018: variable label differs ('Sewing machine' vs 'Which of the following items does your h') / 2024 vs 2018: variable label differs ('S4_04/Sewing machine' vs 'Which of the following items does your h')
17:00:33 02_merge INFO   VERSIONS s4_04_smt_11: {'s4_04_smt_11': 2, 's4_04_smt_11_v2': 1} | 2021 vs 2018: variable label differs ('Ironing machine' vs 'Which of the following items does your h') / 2024 vs 2018: variable label differs ('S4_04/Ironing machine' vs 'Which of the following items does your h')
17:00:33 02_merge INFO   VERSIONS s4_04_smt_12: {'s4_04_smt_12': 2, 's4_04_smt_12_v2': 1} | 2021 vs 2018: variable label differs ('Radio (only)' vs 'Which of the following items does your h') / 2024 vs 2018: variable label differs ('S4_04/Radio (only)' vs 'Which of the following items does your h')
17:00:33 02_merge INFO   VERSIONS s4_04_smt_13: {'s4_04_smt_13': 2, 's4_04_smt_13_v2': 1} | 2021 vs 2018: variable label differs ('Tape/CD player' vs 'Which of the following items does your h') / 2024 vs 2018: variable label differs ('S4_04/Tape/CD player' vs 'Which of the following items does your h')
17:00:33 02_merge INFO   VERSIONS s4_04_smt_14: {'s4_04_smt_14': 1, 's4_04_smt_14_v2': 1, 's4_04_smt_14_v3': 1} | 2021 vs 2018: variable label differs ('Tv' vs 'Which of the following items does your h') / 2024 vs 2018: variable label differs ('S4_04/Tv' vs 'Which of the following items does your h')
17:00:33 02_merge INFO   VERSIONS s4_04_smt_15: {'s4_04_smt_15': 1, 's4_04_smt_15_v2': 1, 's4_04_smt_15_v3': 1} | 2021 vs 2018: variable label differs ('Fridge' vs 'Which of the following items does your h') / 2024 vs 2018: variable label differs ('S4_04/Fridge' vs 'Which of the following items does your h')
17:00:33 02_merge INFO   VERSIONS s4_04_smt_16: {'s4_04_smt_16': 2, 's4_04_smt_16_v2': 1} | 2021 vs 2018: variable label differs ('Cooker (gas or electrical)' vs 'Which of the following items does your h') / 2024 vs 2018: variable label differs ('S4_04/Cooker (gas or electrical)' vs 'Which of the following items does your h')
17:00:33 02_merge INFO   VERSIONS s4_04_smt_17: {'s4_04_smt_17': 2, 's4_04_smt_17_v2': 1} | 2021 vs 2018: variable label differs ('Mobile phone' vs 'Which of the following items does your h') / 2024 vs 2018: variable label differs ('S4_04/Mobile phone' vs 'Which of the following items does your h')
17:00:33 02_merge INFO   VERSIONS s4_04_smt_18: {'s4_04_smt_18': 2, 's4_04_smt_18_v2': 1} | 2021 vs 2018: variable label differs ('Living room suite (chairs/sofa)' vs 'Which of the following items does your h') / 2024 vs 2018: variable label differs ('S4_04/Living room suite (chairs/sofa)' vs 'Which of the following items does your h')
17:00:33 02_merge INFO   VERSIONS s4_04_smt_19: {'s4_04_smt_19': 1, 's4_04_smt_19_v2': 1, 's4_04_smt_19_v3': 1} | 2021 vs 2018: variable label differs ('Bed' vs 'Which of the following items does your h') / 2024 vs 2018: variable label differs ('S4_04/Bed' vs 'Which of the following items does your h')
17:00:33 02_merge INFO   VERSIONS s4_04_smt_2: {'s4_04_smt_2': 1, 's4_04_smt_2_v2': 1, 's4_04_smt_2_v3': 1} | 2021 vs 2018: variable label differs ('Shovel' vs 'Which of the following items does your h') / 2024 vs 2018: variable label differs ('S4_04/Shovel' vs 'Which of the following items does your h')
17:00:33 02_merge INFO   VERSIONS s4_04_smt_20: {'s4_04_smt_20': 1, 's4_04_smt_20_v2': 1, 's4_04_smt_20_v3': 1} | 2021 vs 2018: variable label differs ('Bicycle' vs 'Which of the following items does your h') / 2024 vs 2018: variable label differs ('S4_04/Bicycle' vs 'Which of the following items does your h')
17:00:33 02_merge INFO   VERSIONS s4_04_smt_21: {'s4_04_smt_21': 2, 's4_04_smt_21_v2': 1} | 2021 vs 2018: variable label differs ('Motorized Vehicle of any kind' vs 'Which of the following items does your h') / 2024 vs 2018: variable label differs ('S4_04/Motorized Vehicle of any kind' vs 'Which of the following items does your h')
17:00:33 02_merge INFO   VERSIONS s4_04_smt_22: {'s4_04_smt_22': 2, 's4_04_smt_22_v2': 1} | 2021 vs 2018: variable label differs ('Fishing boat / canoe' vs 'Which of the following items does your h') / 2024 vs 2018: variable label differs ('S4_04/Fishing boat / canoe' vs 'Which of the following items does your h')
17:00:33 02_merge INFO   VERSIONS s4_04_smt_3: {'s4_04_smt_3': 1, 's4_04_smt_3_v2': 1, 's4_04_smt_3_v3': 1} | 2021 vs 2018: variable label differs ('Rake' vs 'Which of the following items does your h') / 2024 vs 2018: variable label differs ('S4_04/Rake' vs 'Which of the following items does your h')
17:00:33 02_merge INFO   VERSIONS s4_04_smt_4: {'s4_04_smt_4': 1, 's4_04_smt_4_v2': 1, 's4_04_smt_4_v3': 1} | 2021 vs 2018: variable label differs ('Spade' vs 'Which of the following items does your h') / 2024 vs 2018: variable label differs ('S4_04/Spade' vs 'Which of the following items does your h')
17:00:33 02_merge INFO   VERSIONS s4_04_smt_5: {'s4_04_smt_5': 1, 's4_04_smt_5_v2': 1, 's4_04_smt_5_v3': 1} | 2021 vs 2018: variable label differs ('Pick' vs 'Which of the following items does your h') / 2024 vs 2018: variable label differs ('S4_04/Pick' vs 'Which of the following items does your h')
17:00:33 02_merge INFO   VERSIONS s4_04_smt_6: {'s4_04_smt_6': 2, 's4_04_smt_6_v2': 1} | 2021 vs 2018: variable label differs ('Wheel barrow' vs 'Which of the following items does your h') / 2024 vs 2018: variable label differs ('S4_04/Wheel barrow' vs 'Which of the following items does your h')
17:00:33 02_merge INFO   VERSIONS s4_04_smt_7: {'s4_04_smt_7': 2, 's4_04_smt_7_v2': 1} | 2021 vs 2018: variable label differs ('Plough/Ox Plough' vs 'Which of the following items does your h') / 2024 vs 2018: variable label differs ('S4_04/Plough/Ox Plough' vs 'Which of the following items does your h')
17:00:33 02_merge INFO   VERSIONS s4_04_smt_8: {'s4_04_smt_8': 2, 's4_04_smt_8_v2': 1} | 2021 vs 2018: variable label differs ('Grinding Mill' vs 'Which of the following items does your h') / 2024 vs 2018: variable label differs ('S4_04/Grinding Mill' vs 'Which of the following items does your h')
17:00:33 02_merge INFO   VERSIONS s4_04_smt_88: {'s4_04_smt_88': 1, 's4_04_smt_88_v2': 1} | 2024 vs 2021: variable label differs ('S4_04/None' vs 'None')
17:00:33 02_merge INFO   VERSIONS s4_04_smt_9: {'s4_04_smt_9': 2, 's4_04_smt_9_v2': 1} | 2021 vs 2018: variable label differs ('Oil press' vs 'Which of the following items does your h') / 2024 vs 2018: variable label differs ('S4_04/Oil press' vs 'Which of the following items does your h')
17:00:33 02_merge INFO   VERSIONS s4_05_smt_1: {'s4_05_smt_1': 1, 's4_05_smt_1_v2': 1, 's4_05_smt_1_v3': 1} | 2021 vs 2018: variable label differs ('Cattle' vs 'Household owns or manages  (Cattle)') / 2024 vs 2018: variable label differs ('S4_05/Cattle' vs 'Household owns or manages  (Cattle)')
17:00:33 02_merge INFO   VERSIONS s4_05_smt_2: {'s4_05_smt_2': 1, 's4_05_smt_2_v2': 1, 's4_05_smt_2_v3': 1} | 2021 vs 2018: variable label differs ('Goats' vs 'Household owns or manages  (Goats)') / 2024 vs 2018: variable label differs ('S4_05/Goats' vs 'Household owns or manages  (Goats)')
17:00:33 02_merge INFO   VERSIONS s4_05_smt_3: {'s4_05_smt_3': 1, 's4_05_smt_3_v2': 1, 's4_05_smt_3_v3': 1} | 2021 vs 2018: variable label differs ('Pigs' vs 'Household owns or manages  (Pigs)') / 2024 vs 2018: variable label differs ('S4_05/Pigs' vs 'Household owns or manages  (Pigs)')
17:00:33 02_merge INFO   VERSIONS s4_05_smt_4: {'s4_05_smt_4': 1, 's4_05_smt_4_v2': 1, 's4_05_smt_4_v3': 1} | 2021 vs 2018: variable label differs ('Sheep' vs 'Household owns or manages  (Sheep)') / 2024 vs 2018: variable label differs ('S4_05/Sheep' vs 'Household owns or manages  (Sheep)')
17:00:33 02_merge INFO   VERSIONS s4_05_smt_5: {'s4_05_smt_5': 1, 's4_05_smt_5_v2': 1, 's4_05_smt_5_v3': 1} | 2021 vs 2018: variable label differs ('Chicken' vs 'Household owns or manages  (Chicken)') / 2024 vs 2018: variable label differs ('S4_05/Chicken' vs 'Household owns or manages  (Chicken)')
17:00:33 02_merge INFO   VERSIONS s4_05_smt_6: {'s4_05_smt_6': 2, 's4_05_smt_6_v2': 1} | 2024 vs 2018: variable label differs ('S4_05/Ducks and other poultry' vs 'Household owns or manages  (Ducks and ot')
17:00:33 02_merge INFO   VERSIONS s4_05_smt_7: {'s4_05_smt_7': 1, 's4_05_smt_7_v2': 1, 's4_05_smt_7_v3': 1} | 2021 vs 2018: variable label differs ('Rabbits' vs 'Household owns or manages  (Rabbits)') / 2024 vs 2018: variable label differs ('S4_05/Rabbits' vs 'Household owns or manages  (Rabbits)')
17:00:33 02_merge INFO   VERSIONS s4_07: {'s4_07': 2, 's4_07_v2': 1} | 2021 vs 2018: variable label differs ('During the last month, did your househol' vs 'Last month, household consumed products ') / 2024 vs 2018: variable label differs ('S4_07 During the last 30 days, did your ' vs 'Last month, household consumed products ')
17:00:33 02_merge INFO   VERSIONS s4_08_2: {'s4_08_2': 2, 's4_08_2_v2': 1} | 2021 vs 2018: variable label differs ('During the last month, did your househol' vs 'Last month, household sold products from') / 2024 vs 2018: variable label differs ('S4_08_2 During the last month, did your ' vs 'Last month, household sold products from')
17:00:33 02_merge INFO   VERSIONS s4_09: {'s4_09': 3, 's4_09_v2': 1} | 2018 vs 2015: variable label differs ('During the last 12 months, which animal ' vs 'Does your household own or manage any fa') / 2021 vs 2015: variable label differs ('During the last 12 months, which animal ' vs 'Does your household own or manage any fa')
17:00:33 02_merge INFO   VERSIONS s4_09_2_smt_0: {'s4_09_2_smt_0': 1, 's4_09_2_smt_0_v2': 1} | 2024 vs 2021: variable label differs ('S4_09_2/None' vs 'None')
17:00:33 02_merge INFO   VERSIONS s4_09_2_smt_1: {'s4_09_2_smt_1': 1, 's4_09_2_smt_1_v2': 1, 's4_09_2_smt_1_v3': 1} | 2021 vs 2018: variable label differs ('Traitment of diseases' vs 'Last 12 months, household paid for anima') / 2024 vs 2018: variable label differs ('S4_09_2/Treatment of diseases' vs 'Last 12 months, household paid for anima')
17:00:33 02_merge INFO   VERSIONS s4_09_2_smt_2: {'s4_09_2_smt_2': 1, 's4_09_2_smt_2_v2': 1, 's4_09_2_smt_2_v3': 1} | 2021 vs 2018: variable label differs ('Vaccination' vs 'Last 12 months, household paid for anima') / 2024 vs 2018: variable label differs ('S4_09_2/Vaccination' vs 'Last 12 months, household paid for anima')
17:00:33 02_merge INFO   VERSIONS s4_09_2_smt_3: {'s4_09_2_smt_3': 2, 's4_09_2_smt_3_v2': 1} | 2021 vs 2018: variable label differs ('Artificial insemination' vs 'Last 12 months, household paid for anima') / 2024 vs 2018: variable label differs ('S4_09_2/Artificial insemination' vs 'Last 12 months, household paid for anima')
17:00:33 02_merge INFO   VERSIONS s4_09_2_smt_4: {'s4_09_2_smt_4': 2, 's4_09_2_smt_4_v2': 1} | 2021 vs 2018: variable label differs ('Heat synchronization and induction in ca' vs 'Last 12 months, household paid for anima') / 2024 vs 2018: variable label differs ('S4_09_2/Heat synchronization and inducti' vs 'Last 12 months, household paid for anima')
17:00:33 02_merge INFO   VERSIONS s4_09_2_smt_5: {'s4_09_2_smt_5': 2, 's4_09_2_smt_5_v2': 1} | 2021 vs 2018: variable label differs ('Pregnancy detection' vs 'Last 12 months, household paid for anima') / 2024 vs 2018: variable label differs ('S4_09_2/Pregnancy detection' vs 'Last 12 months, household paid for anima')
17:00:33 02_merge INFO   VERSIONS s4_09_smt_0: {'s4_09_smt_0': 1, 's4_09_smt_0_v2': 1} | 2024 vs 2021: variable label differs ('S4_09/None' vs 'None')
17:00:33 02_merge INFO   VERSIONS s4_09_smt_1: {'s4_09_smt_1': 1, 's4_09_smt_1_v2': 1, 's4_09_smt_1_v3': 1} | 2021 vs 2018: variable label differs ('Traitment of diseases' vs 'Last 12 months, household acquired anima') / 2024 vs 2018: variable label differs ('S4_09/Treatment of diseases' vs 'Last 12 months, household acquired anima')
17:00:33 02_merge INFO   VERSIONS s4_09_smt_2: {'s4_09_smt_2': 1, 's4_09_smt_2_v2': 1, 's4_09_smt_2_v3': 1} | 2021 vs 2018: variable label differs ('Vaccination' vs 'Last 12 months, household acquired anima') / 2024 vs 2018: variable label differs ('S4_09/Vaccination' vs 'Last 12 months, household acquired anima')
17:00:33 02_merge INFO   VERSIONS s4_09_smt_3: {'s4_09_smt_3': 2, 's4_09_smt_3_v2': 1} | 2021 vs 2018: variable label differs ('Artificial insemination' vs 'Last 12 months, household acquired anima') / 2024 vs 2018: variable label differs ('S4_09/Artificial insemination' vs 'Last 12 months, household acquired anima')
17:00:33 02_merge INFO   VERSIONS s4_09_smt_4: {'s4_09_smt_4': 2, 's4_09_smt_4_v2': 1} | 2021 vs 2018: variable label differs ('Heat synchronization and induction in ca' vs 'Last 12 months, household acquired anima') / 2024 vs 2018: variable label differs ('S4_09/Heat synchronization and induction' vs 'Last 12 months, household acquired anima')
17:00:33 02_merge INFO   VERSIONS s4_09_smt_5: {'s4_09_smt_5': 2, 's4_09_smt_5_v2': 1} | 2021 vs 2018: variable label differs ('Pregnancy detection' vs 'Last 12 months, household acquired anima') / 2024 vs 2018: variable label differs ('S4_09/Pregnancy detection' vs 'Last 12 months, household acquired anima')
17:00:33 02_merge INFO   VERSIONS s4_11_smt_1: {'s4_11_smt_1': 1, 's4_11_smt_1_v2': 1} | 2024 vs 2021: variable label differs ('S4_11/bicycle' vs 'bicycle')
17:00:33 02_merge INFO   VERSIONS s4_11_smt_2: {'s4_11_smt_2': 1, 's4_11_smt_2_v2': 1} | 2024 vs 2021: variable label differs ('S4_11/moto' vs 'moto')
17:00:33 02_merge INFO   VERSIONS s4_11_smt_3: {'s4_11_smt_3': 1, 's4_11_smt_3_v2': 1} | 2024 vs 2021: variable label differs ('S4_11/car' vs 'car')
17:00:33 02_merge INFO   VERSIONS s4_11_smt_4: {'s4_11_smt_4': 1, 's4_11_smt_4_v2': 1} | 2024 vs 2021: variable label differs ('S4_11/truck' vs 'truck')
17:00:33 02_merge INFO   VERSIONS s4_11_smt_6: {'s4_11_smt_6': 1, 's4_11_smt_6_v2': 1} | 2024 vs 2021: variable label differs ('S4_11/None' vs 'None')
17:00:33 02_merge INFO   VERSIONS s4_11_smt_7: {'s4_11_smt_7': 1, 's4_11_smt_7_v2': 1} | 2024 vs 2021: variable label differs ('S4_11/Others' vs 'Others')
17:00:33 02_merge INFO   VERSIONS s5_01: {'s5_01': 2, 's5_01_v2': 1} | 2021 vs 2015: variable label differs ('Which crops does your household usually ' vs 'Is any member of your household a member') / 2024 vs 2015: variable label differs ('S5_01 Which crops does your household us' vs 'Is any member of your household a member')
17:00:33 02_merge INFO   VERSIONS s5_01_smt_11: {'s5_01_smt_11': 1, 's5_01_smt_11_v2': 1} | 2024 vs 2021: variable label differs ('S5_01/Wheat' vs 'Wheat')
17:00:33 02_merge INFO   VERSIONS s5_01_smt_12: {'s5_01_smt_12': 1, 's5_01_smt_12_v2': 1} | 2024 vs 2021: variable label differs ('S5_01/Maize' vs 'Maize')
17:00:33 02_merge INFO   VERSIONS s5_01_smt_13: {'s5_01_smt_13': 1, 's5_01_smt_13_v2': 1} | 2024 vs 2021: variable label differs ('S5_01/Sorghum' vs 'Sorghum')
17:00:33 02_merge INFO   VERSIONS s5_01_smt_14: {'s5_01_smt_14': 1, 's5_01_smt_14_v2': 1} | 2024 vs 2021: variable label differs ('S5_01/Rice' vs 'Rice')
17:00:33 02_merge INFO   VERSIONS s5_01_smt_23: {'s5_01_smt_23': 1, 's5_01_smt_23_v2': 1} | 2024 vs 2021: variable label differs ('S5_01/Cassava' vs 'Cassava')
17:00:33 02_merge INFO   VERSIONS s5_01_smt_24: {'s5_01_smt_24': 1, 's5_01_smt_24_v2': 1} | 2024 vs 2021: variable label differs ('S5_01/Taro' vs 'Taro')
17:00:33 02_merge INFO   VERSIONS s5_01_smt_25: {'s5_01_smt_25': 1, 's5_01_smt_25_v2': 1} | 2024 vs 2021: variable label differs ('S5_01/Yam' vs 'Yam')
17:00:33 02_merge INFO   VERSIONS s5_01_smt_31: {'s5_01_smt_31': 1, 's5_01_smt_31_v2': 1} | 2024 vs 2021: variable label differs ('S5_01/Tomato' vs 'Tomato')
17:00:33 02_merge INFO   VERSIONS s5_01_smt_32: {'s5_01_smt_32': 1, 's5_01_smt_32_v2': 1} | 2024 vs 2021: variable label differs ('S5_01/Cabbage' vs 'Cabbage')
17:00:33 02_merge INFO   VERSIONS s5_01_smt_44: {'s5_01_smt_44': 1, 's5_01_smt_44_v2': 1} | 2024 vs 2021: variable label differs ('S5_01/Pineapple' vs 'Pineapple')
17:00:33 02_merge INFO   VERSIONS s5_01_smt_51: {'s5_01_smt_51': 1, 's5_01_smt_51_v2': 1} | 2024 vs 2021: variable label differs ('S5_01/Beans' vs 'Beans')
17:00:33 02_merge INFO   VERSIONS s5_01_smt_52: {'s5_01_smt_52': 1, 's5_01_smt_52_v2': 1} | 2024 vs 2021: variable label differs ('S5_01/Peas' vs 'Peas')
17:00:33 02_merge INFO   VERSIONS s5_01_smt_53: {'s5_01_smt_53': 1, 's5_01_smt_53_v2': 1} | 2024 vs 2021: variable label differs ('S5_01/Soya' vs 'Soya')
17:00:34 02_merge INFO   VERSIONS s5_01_smt_61: {'s5_01_smt_61': 1, 's5_01_smt_61_v2': 1} | 2024 vs 2021: variable label differs ('S5_01/Tea' vs 'Tea')
17:00:34 02_merge INFO   VERSIONS s5_01_smt_62: {'s5_01_smt_62': 1, 's5_01_smt_62_v2': 1} | 2024 vs 2021: variable label differs ('S5_01/Coffee' vs 'Coffee')
17:00:34 02_merge INFO   VERSIONS s5_01_smt_63: {'s5_01_smt_63': 1, 's5_01_smt_63_v2': 1} | 2024 vs 2021: variable label differs ('S5_01/Tobacco' vs 'Tobacco')
17:00:34 02_merge INFO   VERSIONS s5_03: {'s5_03': 2, 's5_03_v2': 1, 's5_03_v3': 1} | 2018 vs 2015: variable label differs ('Season 2018A land access (owned)' vs 'Is any of the farming land that your hou') / 2021 vs 2015: variable label differs ('household owned' vs 'Is any of the farming land that your hou')
17:00:34 02_merge INFO   VERSIONS s5_03_2: {'s5_03_2': 2, 's5_03_2_v2': 1, 's5_03_2_v3': 1} | 2018 vs 2015: variable label differs ('Season 2018A land access (rented/leased ' vs 'If yes how much % of the land you farm i') / 2021 vs 2015: variable label differs ('rented (paid in cash or shared cropping)' vs 'If yes how much % of the land you farm i')
17:00:34 02_merge INFO   VERSIONS s5_03_3: {'s5_03_3': 2, 's5_03_3_v2': 1} | 2021 vs 2018: variable label differs ("others' land freely accessed" vs 'Season 2018A land access (other or free ') / 2024 vs 2018: variable label differs ("S5_03_3 others' land freely accessed" vs 'Season 2018A land access (other or free ')
17:00:34 02_merge INFO   VERSIONS s5_04: {'s5_04': 3, 's5_04_v2': 1} | 2018 vs 2015: variable label differs ('Has your household had access to agricul' vs 'Is your household currently renting in a') / 2021 vs 2015: variable label differs ('Has your household had access to extensi' vs 'Is your household currently renting in a')
17:00:34 02_merge INFO   VERSIONS s5_05: {'s5_05': 3, 's5_05_v2': 1} | 2018 vs 2015: variable label differs ('Has your household received weather and ' vs 'Is you household currently farming any l') / 2021 vs 2015: variable label differs ('Has your household received weather and ' vs 'Is you household currently farming any l')
17:00:34 02_merge INFO   VERSIONS s5_06: {'s5_06': 3, 's5_06_v2': 1} | 2018 vs 2015: variable label differs ('What storage facility does your househol' vs 'Did your household use fertilizer and/or') / 2021 vs 2015: variable label differs ('What storage facility does your househol' vs 'Did your household use fertilizer and/or')
17:00:34 02_merge INFO   VERSIONS s6_03_2: {'s6_03_2': 2, 's6_03_2_v2': 1} | 2021 vs 2018: value labels differ -- 1: 'Insufficient income' vs 'Bad credit'; 3: 'Problems related to debts history' vs 'Other reasons' / 2024 vs 2018: value labels differ -- 1: 'Insufficient income' vs 'Bad credit'; 3: 'Problems related to debts history' vs 'Other reasons'
17:00:34 02_merge INFO   VERSIONS s6_04_smt_1: {'s6_04_smt_1': 1, 's6_04_smt_1_v2': 1} | 2021 vs 2018: variable label differs ('Education' vs 'What was the main use of the largest loa')
17:00:34 02_merge INFO   VERSIONS s6_04_smt_10: {'s6_04_smt_10': 1, 's6_04_smt_10_v2': 1} | 2021 vs 2018: variable label differs ('House purchase or construction' vs 'What was the main use of the largest loa')
17:00:34 02_merge INFO   VERSIONS s6_04_smt_11: {'s6_04_smt_11': 1, 's6_04_smt_11_v2': 1} | 2021 vs 2018: variable label differs ('Medicines for chronically ill family mem' vs 'What was the main use of the largest loa')
17:00:34 02_merge INFO   VERSIONS s6_04_smt_12: {'s6_04_smt_12': 1, 's6_04_smt_12_v2': 1} | 2021 vs 2018: variable label differs ('Home improvement' vs 'What was the main use of the largest loa')
17:00:34 02_merge INFO   VERSIONS s6_04_smt_2: {'s6_04_smt_2': 1, 's6_04_smt_2_v2': 1} | 2021 vs 2018: variable label differs ('Agricultural and livestock activities (c' vs 'What was the main use of the largest loa')
17:00:34 02_merge INFO   VERSIONS s6_04_smt_3: {'s6_04_smt_3': 1, 's6_04_smt_3_v2': 1} | 2021 vs 2018: variable label differs ('Food purchases' vs 'What was the main use of the largest loa')
17:00:34 02_merge INFO   VERSIONS s6_04_smt_4: {'s6_04_smt_4': 1, 's6_04_smt_4_v2': 1} | 2021 vs 2018: variable label differs ('Construction other than house' vs 'What was the main use of the largest loa')
17:00:34 02_merge INFO   VERSIONS s6_04_smt_5: {'s6_04_smt_5': 1, 's6_04_smt_5_v2': 1} | 2021 vs 2018: variable label differs ('Health emergency' vs 'What was the main use of the largest loa')
17:00:34 02_merge INFO   VERSIONS s6_04_smt_6: {'s6_04_smt_6': 1, 's6_04_smt_6_v2': 1} | 2021 vs 2018: variable label differs ('Business investment' vs 'What was the main use of the largest loa')
17:00:34 02_merge INFO   VERSIONS s6_04_smt_7: {'s6_04_smt_7': 1, 's6_04_smt_7_v2': 1} | 2021 vs 2018: variable label differs ('Bride price / Wedding and parties' vs 'What was the main use of the largest loa')
17:00:34 02_merge INFO   VERSIONS s6_04_smt_8: {'s6_04_smt_8': 1, 's6_04_smt_8_v2': 1} | 2021 vs 2018: variable label differs ('Land purchase' vs 'What was the main use of the largest loa')
17:00:34 02_merge INFO   VERSIONS s6_04_smt_9: {'s6_04_smt_9': 1, 's6_04_smt_9_v2': 1} | 2021 vs 2018: variable label differs ('Funeral' vs 'What was the main use of the largest loa')
17:00:34 02_merge INFO   VERSIONS s7_01: {'s7_01': 2, 's7_01_v2': 1} | 2021 vs 2015: variable label differs ('During the past 30 days, did your househ' vs 'Have you or any household member request') / 2024 vs 2015: variable label differs ('S7_01 During the past 30 days, did your ' vs 'Have you or any household member request')
17:00:34 02_merge INFO   VERSIONS s7_01_00_smt_2: {'s7_01_00_smt_2': 1, 's7_01_00_smt_2_v2': 1} | 2024 vs 2021: variable label differs ('S7_01_00/Legumes & Pulses(beans, peas, d' vs 'Legumes / nuts')
17:00:34 02_merge INFO   VERSIONS s7_01_00_smt_3: {'s7_01_00_smt_3': 1, 's7_01_00_smt_3_v2': 1} | 2024 vs 2021: variable label differs ('S7_01_00/Vegetables' vs 'Vegetables')
17:00:34 02_merge INFO   VERSIONS s7_01_00_smt_4: {'s7_01_00_smt_4': 1, 's7_01_00_smt_4_v2': 1} | 2024 vs 2021: variable label differs ('S7_01_00/Fruits' vs 'Fruits')
17:00:34 02_merge INFO   VERSIONS s7_01_00_smt_8: {'s7_01_00_smt_8': 1, 's7_01_00_smt_8_v2': 1} | 2024 vs 2021: variable label differs ('S7_01_00/Sugar, or sweets' vs 'Sugar, or sweets')
17:00:34 02_merge INFO   VERSIONS s7_01_00_smt_9: {'s7_01_00_smt_9': 1, 's7_01_00_smt_9_v2': 1} | 2024 vs 2021: variable label differs ('S7_01_00/Condiments / Spices' vs 'Condiments / Spices')
17:00:34 02_merge INFO   VERSIONS s8_04: {'s8_04': 1, 's8_04_v2': 1} | 2024 vs 2021: value labels differ -- 2: 'Gleaning' vs 'Fishing / Hunting'
17:00:34 02_merge INFO   VERSIONS s8_05_3: {'s8_05_3': 1, 's8_05_3_v2': 1} | 2024 vs 2021: value labels differ -- 2: 'Gleaning' vs 'Fishing / Hunting'
17:00:34 02_merge INFO   VERSIONS s8_06_3: {'s8_06_3': 1, 's8_06_3_v2': 1} | 2024 vs 2021: value labels differ -- 2: 'Gleaning' vs 'Fishing / Hunting'
17:00:34 02_merge INFO   VERSIONS s8_06_smt_1: {'s8_06_smt_1': 1, 's8_06_smt_1_v2': 1} | 2024 vs 2021: variable label differs ('S8_06/Amaranthus' vs 'Amaranthus')
17:00:34 02_merge INFO   VERSIONS s8_06_smt_2: {'s8_06_smt_2': 1, 's8_06_smt_2_v2': 1} | 2024 vs 2021: variable label differs ('S8_06/Carrot' vs 'Carrot')
17:00:34 02_merge INFO   VERSIONS s8_06_smt_3: {'s8_06_smt_3': 1, 's8_06_smt_3_v2': 1} | 2024 vs 2021: variable label differs ('S8_06/Spinach' vs 'Spinach')
17:00:34 02_merge INFO   VERSIONS s8_06_smt_6: {'s8_06_smt_6': 1, 's8_06_smt_6_v2': 1} | 2024 vs 2021: variable label differs ('S8_06/Eggplant' vs 'Black eggplant')
17:00:34 02_merge INFO   VERSIONS s8_06_smt_7: {'s8_06_smt_7': 1, 's8_06_smt_7_v2': 1} | 2024 vs 2021: variable label differs ('S8_06/Mushroom' vs 'Mushroom')
17:00:34 02_merge INFO   VERSIONS s8_06_smt_8: {'s8_06_smt_8': 1, 's8_06_smt_8_v2': 1} | 2024 vs 2021: variable label differs ('S8_06/Pumpkins' vs 'Pumpkins')
17:00:34 02_merge INFO   VERSIONS s9_01: {'s9_01': 3, 's9_01_v2': 1} | 2018 vs 2015: variable label differs ('In the last 7 days, have there been time' vs 'Yesterday, how many times did the adults') / 2021 vs 2015: variable label differs ('In the last 7 days, have there been time' vs 'Yesterday, how many times did the adults')
17:00:34 02_merge INFO   VERSIONS s9_01_2: {'s9_01_2': 3, 's9_01_2_v2': 1} | 2018 vs 2015: variable label differs ('What caused the food shortage that you e' vs 'Is this usual for adults at this time of') / 2021 vs 2015: variable label differs ('What caused the food shortage that you e' vs 'Is this usual for adults at this time of')
17:00:34 02_merge INFO   VERSIONS s_fie: {'s_fie': 3, 's_fie_v2': 1} | 2018 vs 2015: variable label differs ('Share of household food expenditure' vs 'Share food expenditure (cash and non-cah')
17:00:34 02_merge INFO   VERSIONS shr_aid: {'shr_aid': 1, 'shr_aid_v2': 1} | 2018 vs 2015: variable label differs ('Food from aid (civil society, NGOs, gove' vs 'Food source: share from aid')
17:00:34 02_merge INFO   VERSIONS starch: {'starch': 2, 'starch_v2': 1, 'starch_v3': 1} | 2018 vs 2015: variable label differs ('Number of  days HH consumed Tubers, Root' vs 'Number of days in a week starches were c') / 2021 vs 2015: variable label differs ('Starch consumption in last 7 days' vs 'Number of days in a week starches were c')
17:00:34 02_merge INFO   VERSIONS stress_coping: {'stress_coping': 1, 'stress_coping_v2': 1} | 2021 vs 2018: variable label differs ('did HH engage in stress coping strategie' vs 'Last 30 days, household was engaged in s')
17:00:34 02_merge INFO   VERSIONS sugar: {'sugar': 2, 'sugar_v2': 2, 'sugar_v3': 2} | 2015 vs 2006: variable label differs ('Number of days in a week sugar consumed' vs 'Sugar Monthly total') / 2018 vs 2006: variable label differs ('Number of  days HH consumed Sugars (last' vs 'Sugar Monthly total')
17:00:34 02_merge INFO   VERSIONS tlu: {'tlu': 1, 'tlu_v2': 1} | 2024 vs 2015: variable label differs ('Tropical Livestock Unit' vs 'Tropical Livesttock Unit (TLU)')
17:00:34 02_merge INFO   VERSIONS ubudehe: {'ubudehe': 1, 'ubudehe_v2': 1} | 2021 vs 2018: variable label differs ('Ubudehe' vs 'Household ubudehe category')
17:00:34 02_merge INFO   VERSIONS vegetables: {'vegetables': 2, 'vegetables_v2': 2} | 2021 vs 2015: variable label differs ('Vegetables consumption in last 7 days' vs 'Number of days in a week vegetables were') / 2024 vs 2015: variable label differs ('Vegetables consunsumption in last 7 days' vs 'Number of days in a week vegetables were')
17:00:34 02_merge INFO   86 variables with codes observed outside their own value labels (stale labels)
17:00:35 02_merge WARNING type conflict s0_b_date: numeric in some waves, free text in others -> kept as text
17:00:35 02_merge WARNING type conflict s4_09: numeric in some waves, free text in others -> kept as text
17:00:35 02_merge WARNING type conflict s4_09_2: numeric in some waves, free text in others -> kept as text
17:00:35 02_merge WARNING type conflict s5_06: numeric in some waves, free text in others -> kept as text
17:00:35 02_merge WARNING type conflict s6_04: numeric in some waves, free text in others -> kept as text
17:00:35 02_merge WARNING type conflict s9_01_3: numeric in some waves, free text in others -> kept as text
17:00:35 02_merge WARNING type conflict s3_01: numeric in some waves, free text in others -> kept as text
17:00:35 02_merge WARNING type conflict s3_02_3: numeric in some waves, free text in others -> kept as text
17:00:35 02_merge WARNING type conflict s3_03_3: numeric in some waves, free text in others -> kept as text
17:00:35 02_merge WARNING type conflict s3_04_3: numeric in some waves, free text in others -> kept as text
17:00:35 02_merge WARNING type conflict s4_04: numeric in some waves, free text in others -> kept as text
17:00:35 02_merge WARNING type conflict s4_05: numeric in some waves, free text in others -> kept as text
17:00:35 02_merge WARNING type conflict s4_11: numeric in some waves, free text in others -> kept as text
17:00:35 02_merge WARNING type conflict s5_01: numeric in some waves, free text in others -> kept as text
17:00:35 02_merge WARNING type conflict s7_01_00: numeric in some waves, free text in others -> kept as text
17:00:35 02_merge WARNING type conflict s8_06: numeric in some waves, free text in others -> kept as text
17:00:35 02_merge WARNING type conflict s10_03: numeric in some waves, free text in others -> kept as text
17:00:35 02_merge WARNING type conflict as10_05_6: numeric in some waves, free text in others -> kept as text
17:00:35 02_merge WARNING type conflict bs10_05_6: numeric in some waves, free text in others -> kept as text
17:00:35 02_merge WARNING type conflict cs10_05_6: numeric in some waves, free text in others -> kept as text
17:00:35 02_merge WARNING type conflict as11_04_3: numeric in some waves, free text in others -> kept as text
17:00:35 02_merge WARNING type conflict cs11_04_3: numeric in some waves, free text in others -> kept as text
17:00:35 02_merge WARNING type conflict es11_04_3: numeric in some waves, free text in others -> kept as text
17:00:35 02_merge WARNING type conflict fs11_04_3: numeric in some waves, free text in others -> kept as text
17:00:35 02_merge WARNING type conflict s11_05: numeric in some waves, free text in others -> kept as text
17:00:35 02_merge WARNING type conflict s11_07: numeric in some waves, free text in others -> kept as text
17:00:35 02_merge INFO type conflict bs11_07_3: numeric in some waves, numeric-looking text in others -> numeric
17:00:35 02_merge INFO type conflict bs11_07_3_smt_3: numeric in some waves, numeric-looking text in others -> numeric
17:00:35 02_merge INFO type conflict bs11_07_3_smt_5: numeric in some waves, numeric-looking text in others -> numeric
17:00:35 02_merge INFO type conflict bs11_07_3_smt_7: numeric in some waves, numeric-looking text in others -> numeric
17:00:35 02_merge INFO type conflict bs11_07_3_smt_88: numeric in some waves, numeric-looking text in others -> numeric
17:00:35 02_merge WARNING type conflict js11_07_3: numeric in some waves, free text in others -> kept as text
17:00:35 02_merge WARNING type conflict ks11_07_3: numeric in some waves, free text in others -> kept as text
17:00:35 02_merge WARNING type conflict ls11_07_3: numeric in some waves, free text in others -> kept as text
17:00:35 02_merge WARNING type conflict ms11_07_3: numeric in some waves, free text in others -> kept as text
17:00:36 02_merge WARNING type conflict ns11_07_3: numeric in some waves, free text in others -> kept as text
17:00:58 02_merge INFO PASS  CFSVA_pooled_household.dta: pooled rows == sum of wave rows
17:00:58 02_merge INFO PASS  CFSVA_pooled_household.dta: 2006 sum wt preserved
17:00:58 02_merge INFO PASS  CFSVA_pooled_household.dta: 2012 sum wt preserved
17:00:58 02_merge INFO PASS  CFSVA_pooled_household.dta: 2015 sum wt preserved
17:00:58 02_merge INFO PASS  CFSVA_pooled_household.dta: 2018 sum wt preserved
17:00:58 02_merge INFO PASS  CFSVA_pooled_household.dta: 2021 sum wt preserved
17:00:58 02_merge INFO PASS  CFSVA_pooled_household.dta: 2024 sum wt preserved
17:01:20 02_merge INFO value labels on cfsva_village truncated to 8 chars each (14837 codes, 111242 chars shipped)
17:01:20 02_merge WARNING value labels on cfsva_village dropped (too many codes)
17:01:41 02_merge INFO wrote CFSVA_pooled_household.dta  (50,890 rows x 4825 vars, 663.7 MB)
17:01:42 02_merge INFO ---------------- CFSVA_pooled_woman.dta (['2006', '2009', '2012', '2015', '2024'])
17:01:42 02_merge INFO   loaded 2006       CFSVA_2006_woman_clean.dta                                  3,671 rows x   43
17:01:42 02_merge INFO   loaded 2009       CFSVA_2009_woman_clean.dta                                  6,252 rows x   35
17:01:43 02_merge INFO   loaded 2012       CFSVA_2012_woman_clean.dta                                  7,456 rows x  626
17:01:43 02_merge INFO   loaded 2015       CFSVA_2015_woman_clean.dta                                  6,768 rows x   70
17:01:43 02_merge INFO   loaded 2024       CFSVA_2024_woman_clean.dta                                  6,891 rows x   76
17:01:43 02_merge INFO   VERSIONS filter__: {'filter__': 1, 'filter___v2': 1} | 2015 vs 2012: variable label differs ('S13_03_2 = 1 or S13_03_2 =2 (FILTER)' vs 'Q102_07>2 AND Q102_07<>5 (FILTER)')
17:01:43 02_merge INFO   VERSIONS id5: {'id5': 1, 'id5_v2': 1} | 2009 vs 2006: variable label differs ('Akagari' vs 'District')
17:01:43 02_merge INFO   VERSIONS id6: {'id6': 1, 'id6_v2': 1} | 2009 vs 2006: variable label differs ("Agapande k'ibarura" vs 'Secteur')
17:01:43 02_merge INFO   VERSIONS id7: {'id7': 1, 'id7_v2': 1} | 2009 vs 2006: variable label differs ("Numero y'urugo" vs 'Cellule')
17:01:43 02_merge INFO   119 variables with codes observed outside their own value labels (stale labels)
17:01:45 02_merge INFO PASS  CFSVA_pooled_woman.dta: pooled rows == sum of wave rows
17:01:45 02_merge INFO PASS  CFSVA_pooled_woman.dta: 2006 sum wt preserved
17:01:45 02_merge INFO PASS  CFSVA_pooled_woman.dta: 2012 sum wt preserved
17:01:45 02_merge INFO PASS  CFSVA_pooled_woman.dta: 2015 sum wt preserved
17:01:45 02_merge INFO PASS  CFSVA_pooled_woman.dta: 2024 sum wt preserved
17:01:46 02_merge INFO   CFSVA_pooled_woman.dta: 8 exact duplicate rows dropped (duplicates drop, all variables): {'2006': 8}
17:01:57 02_merge INFO value labels on cfsva_village truncated to 8 chars each (14837 codes, 111242 chars shipped)
17:01:57 02_merge WARNING value labels on cfsva_village dropped (too many codes)
17:01:58 02_merge INFO wrote CFSVA_pooled_woman.dta  (31,030 rows x 813 vars, 49.6 MB)
17:01:58 02_merge INFO ---------------- CFSVA_pooled_child.dta (['2006', '2009', '2012', '2015', '2018', '2021', '2024'])
17:01:58 02_merge INFO   loaded 2006       CFSVA_2006_child_clean.dta                                  2,059 rows x   54
17:01:58 02_merge INFO   loaded 2009       CFSVA_2009_child_clean.dta                                  7,819 rows x   50
17:01:59 02_merge INFO   loaded 2012       CFSVA_2012_child_clean.dta                                  4,601 rows x  768
17:01:59 02_merge INFO   loaded 2015       CFSVA_2015_child_clean.dta                                  4,058 rows x  184
17:02:00 02_merge INFO   loaded 2018       CFSVA_2018_child_clean.dta                                  6,736 rows x  223
17:02:00 02_merge INFO   loaded 2021       CFSVA_2021_child_clean.dta                                  5,776 rows x  125
17:02:00 02_merge INFO   loaded 2024       CFSVA_2024_child_clean.dta                                  4,715 rows x  112
17:02:00 02_merge INFO   VERSIONS child_age_groups: {'child_age_groups': 1, 'child_age_groups_v2': 1} | 2015 vs 2012: 2012 is unlabelled and its values reach 6, beyond the labelled codes (1-5)
17:02:00 02_merge INFO   VERSIONS filter__: {'filter__': 1, 'filter___v2': 1} | 2015 vs 2012: variable label differs ('S0_C_Prov  > 1 and Urban >1 (FILTER)' vs 'MONTHS_NEW>5.99 and MONTHS_NEW<24 (FILTE')
17:02:00 02_merge INFO   VERSIONS fs_final: {'fs_final': 1, 'fs_final_v2': 1} | 2018 vs 2015: variable label differs ('Household food security situation' vs 'Final CARI food security index')
17:02:00 02_merge INFO   VERSIONS hazwho: {'hazwho': 1, 'hazwho_v2': 1} | 2015 vs 2012: variable label differs ('Height for Age Z-Score [WHO]' vs 'HAZ-WHO')
17:02:00 02_merge INFO   VERSIONS ms13_17: {'ms13_17': 1, 'ms13_17_v2': 1} | 2021 vs 2018: variable label differs ('. Has the frequency of food consumption ' vs 'Vitamin A-rich fruits\xa0(Ripe mango, ripe ')
17:02:00 02_merge INFO   VERSIONS muac: {'muac': 2, 'muac_v2': 1} | 2021 vs 2012: variable label differs ('Child MUAC in milmeters' vs 'Child MUAC (in mm, corrected)') / 2024 vs 2012: variable label differs ('muac Child MUAC in milmeters' vs 'Child MUAC (in mm, corrected)')
17:02:00 02_merge INFO   VERSIONS muac_cat: {'muac_cat': 1, 'muac_cat_v2': 1} | 2021 vs 2018: variable label differs ('MUAC_Cat' vs "Mother's  MUAC in mm (categories)")
17:02:00 02_merge INFO   VERSIONS s13_01: {'s13_01': 2, 's13_01_v2': 1} | 2021 vs 2015: variable label differs ('Child index from demograpy section' vs 'How many women between 15 and 49 years o') / 2024 vs 2015: variable label differs ('S13_01 Child index from demograpy sectio' vs 'How many women between 15 and 49 years o')
17:02:00 02_merge INFO   VERSIONS s13_01_2: {'s13_01_2': 1, 's13_01_2_v2': 1} | 2024 vs 2021: variable label differs ("S13_01_2 Child's name" vs "Child's name")
17:02:00 02_merge INFO   VERSIONS s13_01_3: {'s13_01_3': 2, 's13_01_3_v2': 1} | 2021 vs 2018: variable label differs ('Child date of birth' vs "Woman's age") / 2024 vs 2018: variable label differs ('S13_01_3 Child date of birth' vs "Woman's age")
17:02:00 02_merge INFO   VERSIONS s13_01_4: {'s13_01_4': 2, 's13_01_4_v2': 1} | 2021 vs 2018: variable label differs ('Child age in months' vs "Woman's literacy level") / 2024 vs 2018: variable label differs ('S13_01_4 Child age in months' vs "Woman's literacy level")
17:02:00 02_merge INFO   VERSIONS s13_01_5: {'s13_01_5': 2, 's13_01_5_v2': 1} | 2021 vs 2018: variable label differs ('Child sex' vs "Woman's education level") / 2024 vs 2018: variable label differs ('S13_01_5 Child sex' vs "Woman's education level")
17:02:00 02_merge INFO   VERSIONS s13_02: {'s13_02': 2, 's13_02_v2': 1} | 2021 vs 2018: variable label differs ('Primary Caregiver of Child' vs 'Is [woman name] currently present for in') / 2024 vs 2018: variable label differs ('S13_02 Primary Caregiver of Child' vs 'Is [woman name] currently present for in')
17:02:00 02_merge INFO   VERSIONS s13_03: {'s13_03': 2, 's13_03_v2': 1} | 2021 vs 2018: variable label differs ("Respondent's relationship with child?" vs 'Are you currently using any contraceptiv') / 2024 vs 2018: variable label differs ("S13_03 Respondent's relationship with ch" vs 'Are you currently using any contraceptiv')
17:02:00 02_merge INFO   VERSIONS s13_04: {'s13_04': 1, 's13_04_v2': 1} | 2021 vs 2018: variable label differs ("Child's mother" vs 'Have you ever been pregnant and gave bir')
17:02:00 02_merge INFO   VERSIONS s13_05: {'s13_05': 1, 's13_05_v2': 1, 's13_05_v3': 1} | 2021 vs 2018: variable label differs ('Is [Name] currently present for intervie' vs 'Are you currently pregnant or breastfeed') / 2024 vs 2018: variable label differs ('S13_05 Is [CHILD_NAME] currently present' vs 'Are you currently pregnant or breastfeed')
17:02:00 02_merge INFO   VERSIONS s13_05_2: {'s13_05_2': 1, 's13_05_2_v2': 1} | 2018 vs 2015: variable label differs ('Are you enrolled in the shisha kibondo /' vs 'What do you use to wash your hands after')
17:02:00 02_merge INFO   VERSIONS s13_06: {'s13_06': 2, 's13_06_v2': 1, 's13_06_v3': 1} | 2018 vs 2015: variable label differs ('During your last pregnancy, have you eve' vs 'Does the woman presen any disability the') / 2021 vs 2015: variable label differs ('When born, how big in Kg was [Name], ref' vs 'Does the woman presen any disability the')
17:02:00 02_merge INFO   VERSIONS s13_07: {'s13_07': 2, 's13_07_v2': 1} | 2021 vs 2018: variable label differs ('Since September 2020 (last 6 months), ha' vs 'During the first 6 weeks that s/he was b') / 2024 vs 2018: variable label differs ('S13_07 Since September 2023 (last 6 mont' vs 'During the first 6 weeks that s/he was b')
17:02:00 02_merge INFO   VERSIONS s13_08: {'s13_08': 2, 's13_08_v2': 1} | 2021 vs 2018: variable label differs ('During last six months, did [Name] recei' vs 'Did you see anyone for antenatal care fo') / 2024 vs 2018: variable label differs ('S13_08 During last six months, did [CHIL' vs 'Did you see anyone for antenatal care fo')
17:02:00 02_merge INFO   VERSIONS s13_09: {'s13_09': 2, 's13_09_v2': 1} | 2021 vs 2018: variable label differs ('Has [Name] had illness with fever during' vs 'How many antenatal care visits did you a') / 2024 vs 2018: variable label differs ('S13_09 Has [CHILD_NAME] had illness with' vs 'How many antenatal care visits did you a')
17:02:00 02_merge INFO   VERSIONS s13_10: {'s13_10': 2, 's13_10_v2': 1} | 2021 vs 2018: variable label differs ('Has [Name] had illness with cough during' vs 'During your recent pregnancy, did you ta') / 2024 vs 2018: variable label differs ('S13_10 Has [CHILD_NAME] had illness with' vs 'During your recent pregnancy, did you ta')
17:02:00 02_merge INFO   VERSIONS s13_11: {'s13_11': 2, 's13_11_v2': 1} | 2021 vs 2018: variable label differs ('Has [Name] had illness with diarrhea dur' vs 'Have you ever received any counselling o') / 2024 vs 2018: variable label differs ('S13_11 Has [CHILD_NAME] had illness with' vs 'Have you ever received any counselling o')
17:02:00 02_merge INFO   VERSIONS s13_11_2: {'s13_11_2': 2, 's13_11_2_v2': 1} | 2021 vs 2018: variable label differs ('During the last 2 weeks when [Name] had ' vs 'Who provided this counseling or educatio') / 2024 vs 2018: variable label differs ('S13_11_2 During the last 2 weeks when [C' vs 'Who provided this counseling or educatio')
17:02:00 02_merge INFO   VERSIONS s13_11_2_smt_1: {'s13_11_2_smt_1': 1, 's13_11_2_smt_1_v2': 1} | 2024 vs 2021: variable label differs ('S13_11_2/Was given more drinks' vs 'During the last 2 weeks when [Name] had ')
17:02:00 02_merge INFO   VERSIONS s13_11_2_smt_2: {'s13_11_2_smt_2': 1, 's13_11_2_smt_2_v2': 1} | 2024 vs 2021: variable label differs ('S13_11_2/Was given more food' vs 'During the last 2 weeks when [Name] had ')
17:02:00 02_merge INFO   VERSIONS s13_11_2_smt_3: {'s13_11_2_smt_3': 1, 's13_11_2_smt_3_v2': 1} | 2024 vs 2021: variable label differs ('S13_11_2/Was frequently breastfed' vs 'During the last 2 weeks when [Name] had ')
17:02:00 02_merge INFO   VERSIONS s13_11_2_smt_4: {'s13_11_2_smt_4': 1, 's13_11_2_smt_4_v2': 1} | 2024 vs 2021: variable label differs ('S13_11_2/Was given clean safe drinking w' vs 'During the last 2 weeks when [Name] had ')
17:02:00 02_merge INFO   VERSIONS s13_11_2_smt_5: {'s13_11_2_smt_5': 1, 's13_11_2_smt_5_v2': 1} | 2024 vs 2021: variable label differs ('S13_11_2/Was given RUTF' vs 'During the last 2 weeks when [Name] had ')
17:02:00 02_merge INFO   VERSIONS s13_11_2_smt_6: {'s13_11_2_smt_6': 1, 's13_11_2_smt_6_v2': 1} | 2024 vs 2021: variable label differs ('S13_11_2/Was given homemade or packaged ' vs 'During the last 2 weeks when [Name] had ')
17:02:00 02_merge INFO   VERSIONS s13_11_2_smt_7: {'s13_11_2_smt_7': 1, 's13_11_2_smt_7_v2': 1} | 2024 vs 2021: variable label differs ('S13_11_2/Was zinc supplement given along' vs 'During the last 2 weeks when [Name] had ')
17:02:00 02_merge INFO   VERSIONS s13_11_2_smt_8: {'s13_11_2_smt_8': 1, 's13_11_2_smt_8_v2': 1} | 2024 vs 2021: variable label differs ('S13_11_2/Was given other diarrhea treatm' vs 'During the last 2 weeks when [Name] had ')
17:02:00 02_merge INFO   VERSIONS s13_11_2_smt_88: {'s13_11_2_smt_88': 1, 's13_11_2_smt_88_v2': 1} | 2024 vs 2021: variable label differs ('S13_11_2/Nothing was done' vs 'During the last 2 weeks when [Name] had ')
17:02:00 02_merge INFO   VERSIONS s13_12: {'s13_12': 2, 's13_12_v2': 1} | 2021 vs 2018: variable label differs ('During last two weeks when [Name] was si' vs 'Did you sleep under a mosquito net last ') / 2024 vs 2018: variable label differs ('S13_12 During last two weeks when [CHILD' vs 'Did you sleep under a mosquito net last ')
17:02:00 02_merge INFO   VERSIONS s13_13: {'s13_13': 2, 's13_13_v2': 1} | 2021 vs 2018: variable label differs ('Does [Name] have his/her hands washed be' vs 'Have you ever been ill during the last t') / 2024 vs 2018: variable label differs ('S13_13 Does [CHILD_NAME] have his/her ha' vs 'Have you ever been ill during the last t')
17:02:00 02_merge INFO   VERSIONS s13_14: {'s13_14': 2, 's13_14_v2': 1} | 2021 vs 2018: variable label differs ('Did [Name] sleep under a mosquito net la' vs 'Tell me all the times you wash hands') / 2024 vs 2018: variable label differs ('S13_14 Did [CHILD_NAME] sleep under a mo' vs 'Tell me all the times you wash hands')
17:02:00 02_merge INFO   VERSIONS s13_20_smt_0: {'s13_20_smt_0': 1, 's13_20_smt_0_v2': 1} | 2024 vs 2021: variable label differs ('S13_20/None' vs 'Does [child name] present any disability')
17:02:00 02_merge INFO   VERSIONS s13_20_smt_1: {'s13_20_smt_1': 1, 's13_20_smt_1_v2': 1} | 2024 vs 2021: variable label differs ("S13_20/Can't measure Odema" vs 'Does [child name] present any disability')
17:02:00 02_merge INFO   VERSIONS s13_20_smt_2: {'s13_20_smt_2': 1, 's13_20_smt_2_v2': 1} | 2024 vs 2021: variable label differs ("S13_20/Can't measure weight" vs 'Does [child name] present any disability')
17:02:00 02_merge INFO   VERSIONS s13_20_smt_3: {'s13_20_smt_3': 1, 's13_20_smt_3_v2': 1} | 2024 vs 2021: variable label differs ("S13_20/Can't measure height" vs 'Does [child name] present any disability')
17:02:00 02_merge INFO   VERSIONS s13_20_smt_4: {'s13_20_smt_4': 1, 's13_20_smt_4_v2': 1} | 2024 vs 2021: variable label differs ("S13_20/Can't measure MUAC" vs 'Does [child name] present any disability')
17:02:00 02_merge INFO   VERSIONS s14_01: {'s14_01': 1, 's14_01_v2': 1} | 2018 vs 2015: variable label differs ('Child index from demograpy section' vs 'How many children under 5 years old (6 -')
17:02:00 02_merge INFO   VERSIONS s14_02: {'s14_02': 1, 's14_02_v2': 1} | 2018 vs 2015: variable label differs ('Primary Caregiver of Child' vs 'Child name')
17:02:00 02_merge INFO   VERSIONS s14_03: {'s14_03': 1, 's14_03_v2': 1} | 2018 vs 2015: variable label differs ("Respondent's relationship with child?" vs 'Since born, was [child name] ever breast')
17:02:00 02_merge INFO   VERSIONS s14_05: {'s14_05': 1, 's14_05_v2': 1} | 2018 vs 2015: variable label differs ('Is [child name] currently present for in' vs 'Was [child name] ill during last two wee')
17:02:00 02_merge INFO   VERSIONS s14_06: {'s14_06': 1, 's14_06_v2': 1} | 2018 vs 2015: variable label differs ('When born, how big in Kg was [child name' vs 'Does [child name] feed him/herself?')
17:02:00 02_merge INFO   VERSIONS s14_07: {'s14_07': 1, 's14_07_v2': 1} | 2018 vs 2015: variable label differs ('Since September 2017 (last 6 months), ha' vs 'Yesterday, during day or night was [chil')
17:02:00 02_merge INFO   VERSIONS s14_08: {'s14_08': 1, 's14_08_v2': 1} | 2018 vs 2015: variable label differs ('During last six months, did [child name]' vs 'Did [child name] start eating any solid/')
17:02:00 02_merge INFO   VERSIONS s14_09: {'s14_09': 1, 's14_09_v2': 1} | 2018 vs 2015: variable label differs ('Has [child name] had illness with fever ' vs 'Yesteday, during day or night how many t')
17:02:00 02_merge INFO   VERSIONS s14_10: {'s14_10': 1, 's14_10_v2': 1} | 2018 vs 2015: variable label differs ('Has [child name] had illness with cough ' vs 'Is [child name] enrolled in any  supplem')
17:02:00 02_merge INFO   VERSIONS s14_11: {'s14_11': 1, 's14_11_v2': 1} | 2018 vs 2015: variable label differs ('Has [child name] had illness with diarrh' vs 'Does [child name] present billateral pit')
17:02:00 02_merge INFO   VERSIONS stunted: {'stunted': 1, 'stunted_v2': 1} | 2015 vs 2012: variable label differs ('Prevalence of stunting' vs 'Stunted')
17:02:00 02_merge INFO   VERSIONS stunting: {'stunting': 1, 'stunting_v2': 1} | 2024 vs 2021: variable label differs ('stunted Stunting results' vs 'Stunting')
17:02:00 02_merge INFO   VERSIONS underweight: {'underweight': 2, 'underweight_v2': 1, 'underweight_v3': 1} | 2015 vs 2012: value labels differ -- 0: 'Normal' vs 'Not underweight'; 1: 'Moderate' vs 'Moderately underweight'; 2: 'Severe' vs 'Severely underweight' / 2021 vs 2012: value labels differ -- 0: 'Normal' vs 'Not underweight'
17:02:00 02_merge INFO   VERSIONS wasted: {'wasted': 1, 'wasted_v2': 1} | 2015 vs 2012: variable label differs ('Prevalence of global acute malnutrition' vs 'Wasted')
17:02:00 02_merge INFO   VERSIONS wasting: {'wasting': 1, 'wasting_v2': 1} | 2024 vs 2021: variable label differs ('wasted Wasting results' vs 'Wasting')
17:02:00 02_merge INFO   VERSIONS wazwho: {'wazwho': 1, 'wazwho_v2': 1} | 2015 vs 2012: variable label differs ('Weight for Age Z-Score [WHO]' vs 'WAZ-WHO')
17:02:00 02_merge INFO   VERSIONS whzwho: {'whzwho': 1, 'whzwho_v2': 1} | 2015 vs 2012: variable label differs ('Weigt for Height Z-Score [WHO]' vs 'WHZ-WHO')
17:02:00 02_merge INFO   109 variables with codes observed outside their own value labels (stale labels)
17:02:01 02_merge WARNING type conflict s13_01_3: numeric in some waves, free text in others -> kept as text
17:02:01 02_merge WARNING type conflict s13_20: numeric in some waves, free text in others -> kept as text
17:02:05 02_merge INFO PASS  CFSVA_pooled_child.dta: pooled rows == sum of wave rows
17:02:05 02_merge INFO PASS  CFSVA_pooled_child.dta: 2006 sum wt preserved
17:02:05 02_merge INFO PASS  CFSVA_pooled_child.dta: 2012 sum wt preserved
17:02:05 02_merge INFO PASS  CFSVA_pooled_child.dta: 2015 sum wt preserved
17:02:05 02_merge INFO PASS  CFSVA_pooled_child.dta: 2018 sum wt preserved
17:02:05 02_merge INFO PASS  CFSVA_pooled_child.dta: 2021 sum wt preserved
17:02:05 02_merge INFO PASS  CFSVA_pooled_child.dta: 2024 sum wt preserved
17:02:05 02_merge INFO   CFSVA_pooled_child.dta: 1 exact duplicate rows dropped (duplicates drop, all variables): {'2009': 1}
17:02:18 02_merge INFO value labels on cfsva_village_2012 truncated to 8 chars each (14837 codes, 111242 chars shipped)
17:02:18 02_merge WARNING value labels on cfsva_village_2012 dropped (too many codes)
17:02:20 02_merge INFO wrote CFSVA_pooled_child.dta  (35,763 rows x 1388 vars, 114.8 MB)
17:02:20 02_merge INFO ---------------- CFSVA_pooled_village.dta (['2009', '2012', '2015', '2018', '2021'])
17:02:20 02_merge INFO   loaded 2009       CFSVA_2009_village_clean.dta                                  427 rows x   28
17:02:21 02_merge INFO   loaded 2012       CFSVA_2012_village_clean.dta                                  748 rows x  253
17:02:21 02_merge INFO   loaded 2015       CFSVA_2015_village_clean.dta                                  750 rows x   24
17:02:21 02_merge INFO   loaded 2018       CFSVA_2018_village_clean.dta                                  987 rows x  167
17:02:21 02_merge INFO   loaded 2021       CFSVA_2021_village_clean.dta                                  900 rows x  168
17:02:21 02_merge INFO   VERSIONS s2_03_smt_4: {'s2_03_smt_4': 1, 's2_03_smt_4_v2': 1} | 2021 vs 2018: variable label differs ('Does any of the following safetynets sch' vs 'Ubudehe credit scheme/loan (individual o')
17:02:21 02_merge INFO   VERSIONS s4_02_5_smt_1: {'s4_02_5_smt_1': 1, 's4_02_5_smt_1_v2': 1} | 2021 vs 2018: variable label differs ('If no, which months is it not accessible' vs "January (which months of the year isn't ")
17:02:21 02_merge INFO   VERSIONS s4_02_5_smt_10: {'s4_02_5_smt_10': 1, 's4_02_5_smt_10_v2': 1} | 2021 vs 2018: variable label differs ('If no, which months is it not accessible' vs "October (which months of the year isn't ")
17:02:21 02_merge INFO   VERSIONS s4_02_5_smt_11: {'s4_02_5_smt_11': 1, 's4_02_5_smt_11_v2': 1} | 2021 vs 2018: variable label differs ('If no, which months is it not accessible' vs "November (which months of the year isn't")
17:02:21 02_merge INFO   VERSIONS s4_02_5_smt_12: {'s4_02_5_smt_12': 1, 's4_02_5_smt_12_v2': 1} | 2021 vs 2018: variable label differs ('If no, which months is it not accessible' vs "December (which months of the year isn't")
17:02:21 02_merge INFO   VERSIONS s4_02_5_smt_2: {'s4_02_5_smt_2': 1, 's4_02_5_smt_2_v2': 1} | 2021 vs 2018: variable label differs ('If no, which months is it not accessible' vs "February (which months of the year isn't")
17:02:21 02_merge INFO   VERSIONS s4_02_5_smt_3: {'s4_02_5_smt_3': 1, 's4_02_5_smt_3_v2': 1} | 2021 vs 2018: variable label differs ('If no, which months is it not accessible' vs "March (which months of the year isn't th")
17:02:21 02_merge INFO   VERSIONS s4_02_5_smt_4: {'s4_02_5_smt_4': 1, 's4_02_5_smt_4_v2': 1} | 2021 vs 2018: variable label differs ('If no, which months is it not accessible' vs "April (which months of the year isn't th")
17:02:21 02_merge INFO   VERSIONS s4_02_5_smt_5: {'s4_02_5_smt_5': 1, 's4_02_5_smt_5_v2': 1} | 2021 vs 2018: variable label differs ('If no, which months is it not accessible' vs "May (which months of the year isn't the ")
17:02:21 02_merge INFO   VERSIONS s4_02_5_smt_6: {'s4_02_5_smt_6': 1, 's4_02_5_smt_6_v2': 1} | 2021 vs 2018: variable label differs ('If no, which months is it not accessible' vs "June (which months of the year isn't the")
17:02:21 02_merge INFO   VERSIONS s4_02_5_smt_7: {'s4_02_5_smt_7': 1, 's4_02_5_smt_7_v2': 1} | 2021 vs 2018: variable label differs ('If no, which months is it not accessible' vs "July (which months of the year isn't the")
17:02:21 02_merge INFO   VERSIONS s4_02_5_smt_8: {'s4_02_5_smt_8': 1, 's4_02_5_smt_8_v2': 1} | 2021 vs 2018: variable label differs ('If no, which months is it not accessible' vs "August (which months of the year isn't t")
17:02:21 02_merge INFO   VERSIONS s4_02_5_smt_9: {'s4_02_5_smt_9': 1, 's4_02_5_smt_9_v2': 1} | 2021 vs 2018: variable label differs ('If no, which months is it not accessible' vs "September (which months of the year isn'")
17:02:21 02_merge INFO   VERSIONS s4_02_6_smt_1: {'s4_02_6_smt_1': 1, 's4_02_6_smt_1_v2': 1} | 2021 vs 2018: variable label differs ('What are the main challenges your commun' vs 'Low production from last season (What ar')
17:02:21 02_merge INFO   VERSIONS s4_02_6_smt_2: {'s4_02_6_smt_2': 1, 's4_02_6_smt_2_v2': 1} | 2021 vs 2018: variable label differs ('What are the main challenges your commun' vs 'Not enough supply (not enough food avail')
17:02:21 02_merge INFO   VERSIONS s4_02_6_smt_3: {'s4_02_6_smt_3': 1, 's4_02_6_smt_3_v2': 1} | 2021 vs 2018: variable label differs ('What are the main challenges your commun' vs "Not enough demand (can't sell crops at m")
17:02:21 02_merge INFO   VERSIONS s4_02_6_smt_4: {'s4_02_6_smt_4': 1, 's4_02_6_smt_4_v2': 1} | 2021 vs 2018: variable label differs ('What are the main challenges your commun' vs 'Loss/reduction of employment of  househo')
17:02:21 02_merge INFO   VERSIONS s4_02_6_smt_5: {'s4_02_6_smt_5': 1, 's4_02_6_smt_5_v2': 1} | 2021 vs 2018: variable label differs ('What are the main challenges your commun' vs 'Reduction of income of household members')
17:02:21 02_merge INFO   VERSIONS s4_02_6_smt_6: {'s4_02_6_smt_6': 1, 's4_02_6_smt_6_v2': 1} | 2021 vs 2018: variable label differs ('What are the main challenges your commun' vs 'High market prices for non-food items (W')
17:02:21 02_merge INFO   VERSIONS s4_02_6_smt_7: {'s4_02_6_smt_7': 1, 's4_02_6_smt_7_v2': 1} | 2021 vs 2018: variable label differs ('What are the main challenges your commun' vs 'Unusually high food prices (What are the')
17:02:21 02_merge INFO   VERSIONS s4_02_6_smt_8: {'s4_02_6_smt_8': 1, 's4_02_6_smt_8_v2': 1} | 2021 vs 2018: variable label differs ('What are the main challenges your commun' vs 'Insecurity/unrest/Violence (What are the')
17:02:21 02_merge INFO   VERSIONS s4_02_6_smt_9: {'s4_02_6_smt_9': 1, 's4_02_6_smt_9_v2': 1} | 2021 vs 2018: variable label differs ('What are the main challenges your commun' vs 'Market too far (What are the main challe')
17:02:21 02_merge INFO   VERSIONS s5_04_smt_1: {'s5_04_smt_1': 1, 's5_04_smt_1_v2': 1} | 2021 vs 2018: variable label differs ('Three most consumed pulses and legumes -' vs 'Tomato (village most consumed vegetables')
17:02:21 02_merge INFO   VERSIONS s5_04_smt_2: {'s5_04_smt_2': 1, 's5_04_smt_2_v2': 1} | 2021 vs 2018: variable label differs ('Three most consumed pulses and legumes -' vs 'Cabbage (village most consumed vegetable')
17:02:21 02_merge INFO   VERSIONS s5_04_smt_3: {'s5_04_smt_3': 1, 's5_04_smt_3_v2': 1} | 2021 vs 2018: variable label differs ('Three most consumed pulses and legumes -' vs 'Amaranthes  (village most consumed veget')
17:02:21 02_merge INFO   VERSIONS s8_01_2_smt_1: {'s8_01_2_smt_1': 1, 's8_01_2_smt_1_v2': 1} | 2021 vs 2018: variable label differs ('Based on severity, what are the main sho' vs 'Drought/irregular rains, prolonged dry s')
17:02:21 02_merge INFO   VERSIONS s8_01_2_smt_11: {'s8_01_2_smt_11': 1, 's8_01_2_smt_11_v2': 1} | 2021 vs 2018: variable label differs ('Based on severity, what are the main sho' vs 'Serious illness or accident of household')
17:02:21 02_merge INFO   VERSIONS s8_01_2_smt_12: {'s8_01_2_smt_12': 1, 's8_01_2_smt_12_v2': 1} | 2021 vs 2018: variable label differs ('Based on severity, what are the main sho' vs 'Death  of the Head of the household (wha')
17:02:21 02_merge INFO   VERSIONS s8_01_2_smt_13: {'s8_01_2_smt_13': 1, 's8_01_2_smt_13_v2': 1} | 2021 vs 2018: variable label differs ('Based on severity, what are the main sho' vs 'Death a working household member (what a')
17:02:21 02_merge INFO   VERSIONS s8_01_2_smt_14: {'s8_01_2_smt_14': 1, 's8_01_2_smt_14_v2': 1} | 2021 vs 2018: variable label differs ('Based on severity, what are the main sho' vs 'Death of other household member (what ar')
17:02:21 02_merge INFO   VERSIONS s8_01_2_smt_15: {'s8_01_2_smt_15': 1, 's8_01_2_smt_15_v2': 1} | 2021 vs 2018: variable label differs ('Based on severity, what are the main sho' vs 'Theft of productive resources (what are ')
17:02:21 02_merge INFO   VERSIONS s8_01_2_smt_3: {'s8_01_2_smt_3': 1, 's8_01_2_smt_3_v2': 1} | 2021 vs 2018: variable label differs ('Based on severity, what are the main sho' vs 'Landslides and Mudslides (what are the m')
17:02:21 02_merge INFO   VERSIONS s8_01_2_smt_4: {'s8_01_2_smt_4': 1, 's8_01_2_smt_4_v2': 1} | 2021 vs 2018: variable label differs ('Based on severity, what are the main sho' vs 'Unusually high level of crop pests & dis')
17:02:21 02_merge INFO   VERSIONS s8_01_2_smt_5: {'s8_01_2_smt_5': 1, 's8_01_2_smt_5_v2': 1} | 2021 vs 2018: variable label differs ('Based on severity, what are the main sho' vs 'Unusually high level of livestock diseas')
17:02:21 02_merge INFO   VERSIONS s8_01_2_smt_6: {'s8_01_2_smt_6': 1, 's8_01_2_smt_6_v2': 1} | 2021 vs 2018: variable label differs ('Based on severity, what are the main sho' vs 'Unusually high level of human disease/EP')
17:02:21 02_merge INFO   VERSIONS s8_01_2_smt_7: {'s8_01_2_smt_7': 1, 's8_01_2_smt_7_v2': 1} | 2021 vs 2018: variable label differs ('Based on severity, what are the main sho' vs 'Unusually high prices for food (what are')
17:02:21 02_merge INFO   VERSIONS s8_01_2_smt_8: {'s8_01_2_smt_8': 1, 's8_01_2_smt_8_v2': 1} | 2021 vs 2018: variable label differs ('Based on severity, what are the main sho' vs 'Unusually high cost of agric. inputs (se')
17:02:21 02_merge INFO   VERSIONS s8_01_2_smt_9: {'s8_01_2_smt_9': 1, 's8_01_2_smt_9_v2': 1} | 2021 vs 2018: variable label differs ('Based on severity, what are the main sho' vs 'Loss or reduced employment/Income for a ')
17:02:21 02_merge INFO   VERSIONS s8_02_smt_1: {'s8_02_smt_1': 1, 's8_02_smt_1_v2': 1} | 2021 vs 2018: variable label differs ('What are the major community development' vs 'Low production from last season (What ar')
17:02:21 02_merge INFO   VERSIONS s8_02_smt_2: {'s8_02_smt_2': 1, 's8_02_smt_2_v2': 1} | 2021 vs 2018: variable label differs ('What are the major community development' vs 'Not enough supply (not enough food avail')
17:02:21 02_merge INFO   VERSIONS s8_02_smt_3: {'s8_02_smt_3': 1, 's8_02_smt_3_v2': 1} | 2021 vs 2018: variable label differs ('What are the major community development' vs "Not enough demand (can't sell crops at m")
17:02:21 02_merge INFO   VERSIONS s8_02_smt_4: {'s8_02_smt_4': 1, 's8_02_smt_4_v2': 1} | 2021 vs 2018: variable label differs ('What are the major community development' vs 'Loss/reduction of employment of  househo')
17:02:21 02_merge INFO   VERSIONS s8_02_smt_5: {'s8_02_smt_5': 1, 's8_02_smt_5_v2': 1} | 2021 vs 2018: variable label differs ('What are the major community development' vs 'Reduction of income of household members')
17:02:21 02_merge INFO   VERSIONS s8_02_smt_6: {'s8_02_smt_6': 1, 's8_02_smt_6_v2': 1} | 2021 vs 2018: variable label differs ('What are the major community development' vs 'High market prices for non-food items (W')
17:02:21 02_merge INFO   VERSIONS s8_02_smt_7: {'s8_02_smt_7': 1, 's8_02_smt_7_v2': 1} | 2021 vs 2018: variable label differs ('What are the major community development' vs 'Unusually high food prices (What are the')
17:02:21 02_merge INFO   VERSIONS s8_02_smt_8: {'s8_02_smt_8': 1, 's8_02_smt_8_v2': 1} | 2021 vs 2018: variable label differs ('What are the major community development' vs 'Insecurity/unrest/Violence (What are the')
17:02:21 02_merge INFO   5 variables with codes observed outside their own value labels (stale labels)
17:02:21 02_merge WARNING type conflict s2_03: numeric in some waves, free text in others -> kept as text
17:02:21 02_merge WARNING type conflict s4_02_5: numeric in some waves, free text in others -> kept as text
17:02:21 02_merge WARNING type conflict s4_02_6: numeric in some waves, free text in others -> kept as text
17:02:21 02_merge WARNING type conflict s5_01: numeric in some waves, free text in others -> kept as text
17:02:21 02_merge WARNING type conflict s5_02: numeric in some waves, free text in others -> kept as text
17:02:21 02_merge WARNING type conflict s5_03: numeric in some waves, free text in others -> kept as text
17:02:21 02_merge WARNING type conflict s5_04: numeric in some waves, free text in others -> kept as text
17:02:21 02_merge WARNING type conflict s7_01_2: numeric in some waves, free text in others -> kept as text
17:02:21 02_merge WARNING type conflict s8_01_2: numeric in some waves, free text in others -> kept as text
17:02:21 02_merge WARNING type conflict s8_02: numeric in some waves, free text in others -> kept as text
17:02:21 02_merge INFO PASS  CFSVA_pooled_village.dta: pooled rows == sum of wave rows
17:02:23 02_merge INFO wrote CFSVA_pooled_village.dta  (3,812 rows x 508 vars, 7.0 MB)
17:02:23 02_merge INFO all hard checks passed (0 soft warnings)
17:02:23 02_merge INFO 02_merge done
17:02:23 03_checks INFO ==== 03_checks | run 20260906-165858 | python 3.13.5 | pandas 2.2.3 | pyreadstat 1.3.4
17:02:26 03_checks INFO 
# CFSVA checks report

Generated by 03_checks.py.

## A. Pooled files vs per-wave cleaned files

| section | statistic | Python | reference | result |
|---|---|---:|---:|---|
| A | exact duplicate rows dropped before saving the pooled files (Matteo's rule; all files; informational) | 9 |  | n/a |
| A | 2006 household rows | 2,783 | 2,783 | PASS |
| A | 2006 household sum wt | 2,783 | 2,783 | PASS |
| A | 2009 household rows | 5,400 | 5,400 | PASS |
| A | 2012 household rows | 7,498 | 7,498 | PASS |
| A | 2012 household sum wt | 2,178,420 | 2,178,420 | PASS |
| A | 2015 household rows | 7,500 | 7,500 | PASS |
| A | 2015 household sum wt | 3,320,030 | 3,320,030 | PASS |
| A | 2018 household rows | 9,709 | 9,709 | PASS |
| A | 2018 household sum wt | 2,503,004 | 2,503,004 | PASS |
| A | 2021 household rows | 9,000 | 9,000 | PASS |
| A | 2021 household sum wt | 2,596,016 | 2,596,016 | PASS |
| A | 2024 household rows | 9,000 | 9,000 | PASS |
| A | 2024 household sum wt | 3,376,032 | 3,376,032 | PASS |
| A | 2006 woman rows (+8 exact duplicates dropped) | 3,663 | 3,663 | PASS |
| A | 2006 woman sum wt | 3,677 | 3,677 | PASS |
| A | 2009 woman rows | 6,252 | 6,252 | PASS |
| A | 2012 woman rows | 7,456 | 7,456 | PASS |
| A | 2012 woman sum wt | 2,155,073 | 2,155,073 | PASS |
| A | 2015 woman rows | 6,768 | 6,768 | PASS |
| A | 2015 woman sum wt | 3,071,978 | 3,071,978 | PASS |
| A | 2024 woman rows | 6,891 | 6,891 | PASS |
| A | 2024 woman sum wt | 2,614,983 | 2,614,983 | PASS |
| A | 2006 child rows | 2,059 | 2,059 | PASS |
| A | 2006 child sum wt | 2,042 | 2,042 | PASS |
| A | 2009 child rows (+1 exact duplicates dropped) | 7,818 | 7,818 | PASS |
| A | 2012 child rows | 4,601 | 4,601 | PASS |
| A | 2012 child sum wt | 1,351,264 | 1,351,264 | PASS |
| A | 2015 child rows | 4,058 | 4,058 | PASS |
| A | 2015 child sum wt | 1,783,073 | 1,783,073 | PASS |
| A | 2018 child rows | 6,736 | 6,736 | PASS |
| A | 2018 child sum wt | 1,766,004 | 1,766,004 | PASS |
| A | 2021 child rows | 5,776 | 5,776 | PASS |
| A | 2021 child sum wt | 1,686,666 | 1,686,666 | PASS |
| A | 2024 child rows | 4,715 | 4,715 | PASS |
| A | 2024 child sum wt | 1,778,905 | 1,778,905 | PASS |
| A | 2009 village rows | 427 | 427 | PASS |
| A | 2012 village rows | 748 | 748 | PASS |
| A | 2015 village rows | 750 | 750 | PASS |
| A | 2018 village rows | 987 | 987 | PASS |
| A | 2021 village rows | 900 | 900 | PASS |

## B. Stata 17 recomputation (household file)

| section | statistic | Python | Stata | result |
|---|---|---:|---:|---|
| B | 2006 households | 2,783 | 2,783 | PASS |
| B | 2006 districts | 29 | 29 | PASS |
| B | 2006 sum wt | 2,783 | 2,783 | PASS |
| B | 2009 households | 5,400 | 5,400 | PASS |
| B | 2009 districts | 27 | 27 | PASS |
| B | 2012 households | 7,498 | 7,498 | PASS |
| B | 2012 districts | 30 | 30 | PASS |
| B | 2012 sum wt | 2,178,420 | 2,178,420 | PASS |
| B | 2015 households | 7,500 | 7,500 | PASS |
| B | 2015 districts | 30 | 30 | PASS |
| B | 2015 sum wt | 3,320,030 | 3,320,030 | PASS |
| B | 2018 households | 9,709 | 9,709 | PASS |
| B | 2018 districts | 30 | 30 | PASS |
| B | 2018 sum wt | 2,503,004 | 2,503,004 | PASS |
| B | 2021 households | 9,000 | 9,000 | PASS |
| B | 2021 districts | 30 | 30 | PASS |
| B | 2021 sum wt | 2,596,016 | 2,596,016 | PASS |
| B | 2024 households | 9,000 | 9,000 | PASS |
| B | 2024 districts | 30 | 30 | PASS |
| B | 2024 sum wt | 3,376,032 | 3,376,032 | PASS |

## C. Geography completeness (household file)

| section | statistic | Python | reference | result |
|---|---|---:|---:|---|
| C | 2012 households vs methodology annex (7,498) | 7,498 | 7,498 | PASS |
| C | 2015 households vs methodology annex (7,500) | 7,500 | 7,500 | PASS |
| C | 2021 households vs methodology annex (9,000) | 9,000 | 9,000 | PASS |
| C | 2024 households vs methodology annex (9,000) | 9,000 | 9,000 | PASS |
| C | 2018 households vs the final report (9,709 interviewed; the annex target was 9,000) | 9,709 | 9,709 | PASS |
| C | 2015 woman records vs methodology annex (6,768) | 6,768 | 6,768 | PASS |
| C | 2012 village records vs methodology annex (748) | 748 | 748 | PASS |
| C | 2018 village records in the shipped file (annex says 749; informational) | 987 |  | n/a |
| C | 2015 village records vs methodology annex (750) | 750 | 750 | PASS |
| C | 2018 village records in the shipped file (annex says 749; informational) | 987 |  | n/a |
| C | 2021 village records vs methodology annex (900) | 900 | 900 | PASS |
| C | 2018 village records in the shipped file (annex says 749; informational) | 987 |  | n/a |
| C | 2006 districts present (survey coverage) | 29 | 29 | PASS |
| C | 2006 rows with district | 2,783 | 2,783 | PASS |
| C | 2009 districts present (survey coverage) | 27 | 27 | PASS |
| C | 2009 rows with district | 5,400 | 5,400 | PASS |
| C | 2012 districts present (survey coverage) | 30 | 30 | PASS |
| C | 2012 rows with district | 7,498 | 7,498 | PASS |
| C | 2015 districts present (survey coverage) | 30 | 30 | PASS |
| C | 2015 rows with district | 7,500 | 7,500 | PASS |
| C | 2018 districts present (survey coverage) | 30 | 30 | PASS |
| C | 2018 rows with district | 9,709 | 9,709 | PASS |
| C | 2021 districts present (survey coverage) | 30 | 30 | PASS |
| C | 2021 rows with district | 9,000 | 9,000 | PASS |
| C | 2024 districts present (survey coverage) | 30 | 30 | PASS |
| C | 2024 rows with district | 9,000 | 9,000 | PASS |

## D. Keys and identities

| section | statistic | Python | reference | result |
|---|---|---:|---:|---|
| D | 2006 households with a cluster id (must be all) | 2,783 | 2,783 | PASS |
| D | 2009 households with a cluster id (must be all) | 5,400 | 5,400 | PASS |
| D | 2012 households with a cluster id (must be all) | 7,498 | 7,498 | PASS |
| D | 2015 households with a cluster id (must be all) | 7,500 | 7,500 | PASS |
| D | 2018 households with a cluster id (no PSU in the public file; informational) | 0 |  | n/a |
| D | 2021 households with a cluster id (no PSU in the public file; informational) | 0 |  | n/a |
| D | 2024 households with a cluster id (no PSU in the public file; informational) | 0 |  | n/a |
| D | 2009 distinct clusters = enumeration zones (province-district-zone composite; report: 450, one 24-household zone) | 449 | 449 | PASS |
| D | 2012 distinct clusters = villages (vill_id) | 750 | 750 | PASS |
| D | 2015 distinct clusters = reconstructed villages (25 per district x 30) | 750 | 750 | PASS |
| D | 2015 reconstructed villages: households per village = 10 (number of villages with another size) | 0 | 0 | PASS |
| D | 2012 urban == 1 (NISR urban_new: 990) | 990 | 990 | PASS |
| D | 2012 urban == 2 (6,508) | 6,508 | 6,508 | PASS |
| D | 2012 urban missing | 0 | 0 | PASS |
| D | 2006 woman rows whose household id is in the household file (share x 1000; must be >= 900; 2012 children link at 93.9% as shipped) | 1,000 | 1,000 | PASS |
| D | 2009 woman rows whose household id is in the household file (share x 1000; must be >= 900; 2012 children link at 93.9% as shipped) | 1,000 | 1,000 | PASS |
| D | 2012 woman rows whose household id is in the household file (share x 1000; must be >= 900; 2012 children link at 93.9% as shipped) | 1,000 | 1,000 | PASS |
| D | 2015 woman rows carrying a household id (must be 0: nutrition-form ids only) | 0 | 0 | PASS |
| D | 2024 woman rows whose household id is in the household file (share x 1000; must be >= 900; 2012 children link at 93.9% as shipped) | 1,000 | 1,000 | PASS |
| D | 2006 child rows whose household id is in the household file (share x 1000; must be >= 900; 2012 children link at 93.9% as shipped) | 1,000 | 1,000 | PASS |
| D | 2009 child rows whose household id is in the household file (share x 1000; must be >= 900; 2012 children link at 93.9% as shipped) | 1,000 | 1,000 | PASS |
| D | 2012 child rows whose household id is in the household file (share x 1000; must be >= 900; 2012 children link at 93.9% as shipped) | 939 | 1,000 | PASS |
| D | 2015 child rows carrying a household id (must be 0: nutrition-form ids only) | 0 | 0 | PASS |
| D | 2018 child rows whose household id is in the household file (share x 1000; must be >= 900; 2012 children link at 93.9% as shipped) | 1,000 | 1,000 | PASS |
| D | 2021 child rows whose household id is in the household file (share x 1000; must be >= 900; 2012 children link at 93.9% as shipped) | 1,000 | 1,000 | PASS |
| D | 2024 child rows whose household id is in the household file (share x 1000; must be >= 900; 2012 children link at 93.9% as shipped) | 1,000 | 1,000 | PASS |

## E. Cross-wave coding compatibility within pooled columns (all pooled files)

| section | statistic | Python | reference | result |
|---|---|---:|---:|---|
| E | pooled columns holding waves with incompatible value-label texts for the same code (must be 0) | 0 | 0 | PASS |
| E | variables split into versions, all pooled files (informational) | 531 |  | n/a |
| E | of which because of value labels or unlabelled ranges (informational) | 25 |  | n/a |
| E | variables with codes observed outside their own wave's value labels -- stale labels (informational) | 319 |  | n/a |

**All checks passed.**
17:02:26 03_checks INFO 03_checks done
17:02:27 04_codebook INFO ==== 04_codebook | run 20260906-165858 | python 3.13.5 | pandas 2.2.3 | pyreadstat 1.3.4
17:03:30 04_codebook INFO wrote /Users/matteo/Library/CloudStorage/Dropbox/1-Ongoing Projects/Rwanda - TRS/data/Publicly-Available-NISR/Food-Security-CFSVAN/CODEBOOK_CFSVA.xlsx (4 final-dataset sheets, 0 module files in one sheet, 17816 value-label rows)
17:03:31 04_codebook INFO README.txt updated (/Users/matteo/Library/CloudStorage/Dropbox/1-Ongoing Projects/Rwanda - TRS/data/Publicly-Available-NISR/Food-Security-CFSVAN/README.txt)
